Datetime,Country,Event,URL,Actual,Previous,Consensus,Forecast
2025-09-25 03:35:00,JP,40-Year JGB Auction,https://tradingeconomics.com/japan/40-year-bond-yield,3.300%,3.375%,,
2025-09-25 04:00:00,EU,New Car Registrations YoY,https://tradingeconomics.com/european-union/car-registrations,5.3%,7.4%,,9.1%
2025-09-25 05:00:00,SG,6-Month T-Bill Auction,https://tradingeconomics.com/singapore/6-month-bill-yield,1.44%,1.38%,,
2025-09-25 06:00:00,DE,GfK Consumer Confidence,https://tradingeconomics.com/germany/consumer-confidence,-22.3,-23.5,-23.3,-23
2025-09-25 06:00:00,SA,Balance of Trade,https://tradingeconomics.com/saudi-arabia/balance-of-trade,SAR26.9B,SAR19.5B,,SAR20.0B
2025-09-25 06:00:00,SA,Exports,https://tradingeconomics.com/saudi-arabia/exports,SAR102.4B,SAR92.3B,,SAR94.0B
2025-09-25 06:00:00,SA,Imports,https://tradingeconomics.com/saudi-arabia/imports,SAR75.5B,SAR72.8B,,SAR74.0B
2025-09-25 06:45:00,FR,Consumer Confidence,https://tradingeconomics.com/france/consumer-confidence,87,87,87,86
2025-09-25 08:00:00,EA,Loans to Companies YoY,https://tradingeconomics.com/euro-area/loans-to-private-sector,3%,2.8%,,2.9%
2025-09-25 08:00:00,EA,Loans to Households YoY,https://tradingeconomics.com/euro-area/loan-growth,2.5%,2.4%,2.3%,2.4%
2025-09-25 08:00:00,EA,M3 Money Supply YoY,https://tradingeconomics.com/euro-area/money-supply-m3,2.9%,3.4%,3.3%,3.4%
2025-09-25 08:00:00,ZA,Consumer Confidence,https://tradingeconomics.com/south-africa/consumer-confidence,-13,-10,,-7
2025-09-25 09:00:00,GB,,https://tradingeconomics.com,4.584%,4.553%,,
2025-09-25 09:10:00,IT,6-Month BOT Auction,https://tradingeconomics.com/italy/6-month-bill-yield,2.044%,2.012%,,
2025-09-25 09:30:00,ZA,PPI MoM,https://tradingeconomics.com/south-africa/producer-price-inflation-mom,0.3%,0.7%,,-0.3%
2025-09-25 09:30:00,ZA,PPI YoY,https://tradingeconomics.com/south-africa/producer-prices-change,2.1%,1.5%,1.8%,1.3%
2025-09-25 10:00:00,GB,CBI Distributive Trades,https://tradingeconomics.com/united-kingdom/cbi-distributive-trades,-29,-32,-26,-28
2025-09-25 10:00:00,GB,,https://tradingeconomics.com,4.978%,3.981%,,
2025-09-25 11:30:00,TR,Foreign Exchange Reserves,https://tradingeconomics.com/turkey/foreign-exchange-reserves,$85.1B,$84.5B,,
2025-09-25 12:00:00,BR,IPCA mid-month CPI MoM,https://tradingeconomics.com/brazil/mid-month-inflation-rate-mom,0.48%,-0.14%,0.51%,0.4%
2025-09-25 12:00:00,BR,IPCA mid-month CPI YoY,https://tradingeconomics.com/brazil/mid-month-inflation-rate-yoy,5.32%,4.95%,5.36%,5.1%
2025-09-25 12:20:00,US,Fed Goolsbee Speech,https://tradingeconomics.com/united-states/interest-rate,,,,
2025-09-25 12:30:00,CA,Average Weekly Earnings YoY,https://tradingeconomics.com/canada/wage-growth,3.3%,3.59%,,3.6%
2025-09-25 12:30:00,US,Durable Goods Orders MoM,https://tradingeconomics.com/united-states/durable-goods-orders,2.9%,-2.7%,-0.5%,-0.7%
2025-09-25 12:30:00,US,GDP Growth Rate QoQ Final,https://tradingeconomics.com/united-states/gdp-growth,3.8%,-0.6%,3.3%,3.3%
2025-09-25 12:30:00,US,Durable Goods Orders Ex Transp MoM,https://tradingeconomics.com/united-states/durable-goods-orders-ex-transportation,0.4%,1%,0%,0.0%
2025-09-25 12:30:00,US,GDP Price Index QoQ Final,https://tradingeconomics.com/united-states/gdp-deflator,2.1%,3.6%,2%,2.0%
2025-09-25 12:30:00,US,Goods Trade Balance Adv,https://tradingeconomics.com/united-states/goods-trade-balance,$-85.5B,$-102.8B,$-95.65B,$-93.0B
2025-09-25 12:30:00,US,Initial Jobless Claims,https://tradingeconomics.com/united-states/jobless-claims,218K,232K,235K,240.0K
2025-09-25 12:30:00,US,Retail Inventories Ex Autos MoM Adv,https://tradingeconomics.com/united-states/retail-inventories-ex-autos,0.3%,0.2%,,-0.2%
2025-09-25 12:30:00,US,Wholesale Inventories MoM Adv,https://tradingeconomics.com/united-states/wholesale-inventories,-0.2%,0%,0.1%,-0.1%
2025-09-25 12:30:00,US,Continuing Jobless Claims,https://tradingeconomics.com/united-states/continuing-jobless-claims,1926K,1928K,1930K,1925.0K
2025-09-25 12:30:00,US,Core PCE Prices QoQ Final,https://tradingeconomics.com/united-states/core-pce-prices-qoq,2.6%,3.3%,2.5%,2.5%
2025-09-25 12:30:00,US,Corporate Profits QoQ Final,https://tradingeconomics.com/united-states/corporate-profits,0.2%,-0.6%,2%,2.0%
2025-09-25 12:30:00,US,Durable Goods Orders ex Defense MoM,https://tradingeconomics.com/united-states/durable-goods-orders-ex-defense,1.9%,-2.3%,,-0.4%
2025-09-25 12:30:00,US,GDP Sales QoQ Final,https://tradingeconomics.com/united-states/gdp-sales-qoq,7.5%,-3.2%,6.8%,6.8%
2025-09-25 12:30:00,US,Jobless Claims 4-week Average,https://tradingeconomics.com/united-states/jobless-claims-4-week-average,237.5K,240.25K,,242.75K
2025-09-25 12:30:00,US,Non Defense Goods Orders Ex Air,https://tradingeconomics.com/united-states/non-defense-capital-goods-orders-ex-aircraft,0.6%,0.8%,-0.1%,0.2%
2025-09-25 12:30:00,US,PCE Prices QoQ Final,https://tradingeconomics.com/united-states/pce-prices-qoq,2.1%,3.4%,2%,2.0%
2025-09-25 12:30:00,US,Real Consumer Spending QoQ Final,https://tradingeconomics.com/united-states/real-consumer-spending,2.5%,0.6%,1.6%,1.6%
2025-09-25 13:00:00,US,Fed Williams Speech,https://tradingeconomics.com/united-states/interest-rate,,,,
2025-09-25 13:45:00,US,Existing Home Sales,https://tradingeconomics.com/united-states/existing-home-sales,4M,4.01M,3.96M,4.0M
2025-09-25 13:45:00,US,Existing Home Sales MoM,https://tradingeconomics.com/united-states/existing-home-sales-mom,-0.2%,2%,,-0.2%
2025-09-25 14:00:00,US,Fed Bowman Speech,https://tradingeconomics.com/united-states/interest-rate,,,,
2025-09-25 14:30:00,US,EIA Natural Gas Stocks Change,https://tradingeconomics.com/united-states/natural-gas-stocks-change,75Bcf,90Bcf,75Bcf,
2025-09-25 15:00:00,US,Kansas Fed Composite Index,https://tradingeconomics.com/united-states/kansas-fed-composite-index,4,1,,-2
2025-09-25 15:00:00,US,Kansas Fed Manufacturing Index,https://tradingeconomics.com/united-states/kansas-fed-manufacturing-index,4,0,,-5
2025-09-25 15:30:00,US,4-Week Bill Auction,https://tradingeconomics.com/united-states/4-week-bill-yield,4.080%,4.040%,,
2025-09-25 15:30:00,US,8-Week Bill Auction,https://tradingeconomics.com/united-states/8-week-bill-yield,4.000%,3.965%,,
2025-09-25 16:00:00,CA,30-Year Bond Auction,https://tradingeconomics.com/canada/30-year-bond-yield,,3.911%,,
2025-09-25 16:00:00,US,15-Year Mortgage Rate,https://tradingeconomics.com/united-states/15-year-mortgage-rate,,5.41%,,
2025-09-25 16:00:00,US,30-Year Mortgage Rate,https://tradingeconomics.com/united-states/30-year-mortgage-rate,,6.26%,,
2025-09-25 17:00:00,US,Fed Barr Speech,https://tradingeconomics.com/united-states/interest-rate,,,,
2025-09-25 17:00:00,US,7-Year Note Auction,https://tradingeconomics.com/united-states/7-year-note-yield,,3.925%,,
2025-09-25 19:00:00,MX,Interest Rate Decision,https://tradingeconomics.com/mexico/interest-rate,,7.75%,7.5%,7.5%
2025-09-25 19:30:00,US,Fed Daly Speech,https://tradingeconomics.com/united-states/interest-rate,,,,
2025-09-25 20:30:00,US,Fed Balance Sheet,https://tradingeconomics.com/united-states/central-bank-balance-sheet,,$6.61T,,
2025-09-25 21:00:00,KR,Business Confidence,https://tradingeconomics.com/south-korea/business-confidence,,70,,72
2025-09-25 23:30:00,JP,Tokyo Core CPI YoY,https://tradingeconomics.com/japan/tokyo-core-cpi,,2.5%,2.8%,2.9%
2025-09-25 23:30:00,JP,Tokyo CPI Ex Food and Energy YoY,https://tradingeconomics.com/japan/tokyo-cpi-ex-food-and-energy,,3%,,3.3%
2025-09-25 23:30:00,JP,Tokyo CPI YoY,https://tradingeconomics.com/japan/tokyo-cpi,,2.6%,,2.9%
2025-09-25 23:50:00,JP,Foreign Bond Investment,https://tradingeconomics.com/japan/foreign-bond-investment,,1478.5B,,
2025-09-25 23:50:00,JP,Stock Investment by Foreigners,https://tradingeconomics.com/japan/foreign-stock-investment,,-2034B,,
,US,,https://tradingeconomics.com,,,,
2025-09-26 03:35:00,JP,3-Month Bill Auction,https://tradingeconomics.com/japan/3-month-bill-yield,,0.4569%,,
2025-09-26 05:00:00,SG,Industrial Production MoM,https://tradingeconomics.com/singapore/industrial-production-mom,,8.2%,-4.6%,-2.0%
2025-09-26 05:00:00,SG,Industrial Production YoY,https://tradingeconomics.com/singapore/industrial-production,,7.1%,-2.5%,-2.0%
2025-09-26 05:30:00,JP,BoJ Noguchi Speech,https://tradingeconomics.com/japan/interest-rate,,,,
2025-09-26 07:00:00,ES,GDP Growth Rate QoQ Final,https://tradingeconomics.com/spain/gdp-growth,,0.6%,0.7%,0.7%
2025-09-26 07:00:00,ES,GDP Growth Rate YoY Final,https://tradingeconomics.com/spain/gdp-growth-annual,,2.8%,2.8%,2.8%
2025-09-26 08:00:00,IT,Business Confidence,https://tradingeconomics.com/italy/business-confidence,,87.4,87.5,87
2025-09-26 08:00:00,IT,Consumer Confidence,https://tradingeconomics.com/italy/consumer-confidence,,96.2,96.5,96
2025-09-26 09:10:00,IT,10-Year BTP Auction,https://tradingeconomics.com/italy/government-bond-yield,,3.58%,,
2025-09-26 09:10:00,IT,5-Year BTP Auction,https://tradingeconomics.com/italy/5-year-note-yield,,2.80%,,
2025-09-26 09:30:00,EA,ECB President Lagarde Speech,https://tradingeconomics.com/euro-area/interest-rate,,,,
2025-09-26 10:00:00,FR,Unemployment Benefit Claims,https://tradingeconomics.com/france/initial-jobless-claims,,52.9K,,25.1K
2025-09-26 10:00:00,FR,Jobseekers Total,https://tradingeconomics.com/france/unemployed-persons,,3033.5K,,3058.6K
2025-09-26 11:30:00,BR,Current Account,https://tradingeconomics.com/brazil/current-account,,$-7.07B,$-5.5B,$-6.5B
2025-09-26 11:30:00,BR,Foreign Direct Investment,https://tradingeconomics.com/brazil/foreign-direct-investment,,$8.32B,$6.2B,$5.6B
2025-09-26 11:30:00,IN,Bank Loan Growth YoY,https://tradingeconomics.com/india/loan-growth,,10.0%,,
2025-09-26 11:30:00,IN,Deposit Growth YoY,https://tradingeconomics.com/india/deposit-growth,,10.2%,,
2025-09-26 11:30:00,IN,Foreign Exchange Reserves,https://tradingeconomics.com/india/foreign-exchange-reserves,,$702.97B,,
2025-09-26 12:00:00,MX,Balance of Trade,https://tradingeconomics.com/mexico/balance-of-trade,,$-0.017B,$-1.2B,$-0.1B
2025-09-26 12:00:00,US,Fed Hammack Speech,https://tradingeconomics.com/united-states/interest-rate,,,,
2025-09-26 12:30:00,CA,GDP MoM,https://tradingeconomics.com/canada/monthly-gdp-mom,,-0.1%,0.1%,0.1%
2025-09-26 12:30:00,CA,GDP MoM Prel,https://tradingeconomics.com/canada/monthly-gdp-mom,,,,0.2%
2025-09-26 12:30:00,CA,Wholesale Sales MoM Prel,https://tradingeconomics.com/canada/wholesale-sales,,1.2%,,0.7%
2025-09-26 12:30:00,US,Core PCE Price Index MoM,https://tradingeconomics.com/united-states/core-pce-price-index-mom,,0.3%,0.2%,0.3%
2025-09-26 12:30:00,US,Personal Income MoM,https://tradingeconomics.com/united-states/personal-income,,0.4%,0.3%,0.3%
2025-09-26 12:30:00,US,Personal Spending MoM,https://tradingeconomics.com/united-states/personal-spending,,0.5%,0.5%,0.3%
2025-09-26 12:30:00,US,PCE Price Index MoM,https://tradingeconomics.com/united-states/pce-price-index-monthly-change,,0.2%,0.3%,0.3%
2025-09-26 12:30:00,US,PCE Price Index YoY,https://tradingeconomics.com/united-states/pce-price-index-annual-change,,2.6%,2.7%,2.8%
2025-09-26 12:30:00,US,Core PCE Price Index YoY,https://tradingeconomics.com/united-states/core-pce-price-index-annual-change,,2.9%,2.9%,3.0%
2025-09-26 13:00:00,US,Fed Barkin Speech,https://tradingeconomics.com/united-states/interest-rate,,,,
2025-09-26 14:00:00,US,Michigan Consumer Sentiment Final,https://tradingeconomics.com/united-states/consumer-confidence,,58.2,55.4,55.4
2025-09-26 14:00:00,US,Michigan 5 Year Inflation Expectations Final,https://tradingeconomics.com/united-states/michigan-5-year-inflation-expectations,,3.5%,3.9%,3.9%
2025-09-26 14:00:00,US,Michigan Consumer Expectations Final,https://tradingeconomics.com/united-states/michigan-consumer-expectations,,55.9,,51.8
2025-09-26 14:00:00,US,Michigan Current Conditions Final,https://tradingeconomics.com/united-states/michigan-current-economic-conditions,,61.7,,61.2
2025-09-26 14:00:00,US,Michigan Inflation Expectations Final,https://tradingeconomics.com/united-states/michigan-inflation-expectations,,4.8%,4.8%,4.8%
2025-09-26 15:00:00,CA,Budget Balance,https://tradingeconomics.com/canada/government-budget-value,,C$3.63B,,C$0.5B
2025-09-26 17:00:00,US,Fed Bowman Speech,https://tradingeconomics.com/united-states/interest-rate,,,,
2025-09-26 17:00:00,US,Baker Hughes Oil Rig Count,https://tradingeconomics.com/united-states/crude-oil-rigs,,418,,
2025-09-26 17:00:00,US,Baker Hughes Total Rigs Count,https://tradingeconomics.com/united-states/total-rigs,,542,,
2025-09-26 17:30:00,US,Fed Musalem Speech,https://tradingeconomics.com/united-states/interest-rate,,,,
2025-09-26 22:00:00,US,Fed Bostic Speech,https://tradingeconomics.com/united-states/interest-rate,,,,
,EA,ECB Consumer Inflation Expectations,https://tradingeconomics.com/euro-area/inflation-expectations,,2.6%,,2.6%
2025-09-27 01:30:00,CN,Industrial Profits (YTD) YoY,https://tradingeconomics.com/china/corporate-profits,,1.7%,,1.9%
,SA,M3 Money Supply YoY,https://tradingeconomics.com/saudi-arabia/money-supply-m3,,8.4%,,
,SA,Private Bank Lending YoY,https://tradingeconomics.com/saudi-arabia/loan-growth,,13.7%,,13.5%
2025-09-29 02:30:00,KR,2-Year KTB Auction,https://tradingeconomics.com/south-korea/2-year-note-yield,,2.365%,,
2025-09-29 03:35:00,JP,,https://tradingeconomics.com,,,,
2025-09-29 05:00:00,JP,Coincident Index Final,https://tradingeconomics.com/japan/coincident-index,,116.7,,113.3
2025-09-29 05:00:00,JP,Leading Economic Index Final,https://tradingeconomics.com/japan/leading-economic-index,,105.1,105.9,105.9
2025-09-29 05:00:00,SG,Export Prices YoY,https://tradingeconomics.com/singapore/export-prices-yoy,,-8.0%,,-7.3%
2025-09-29 05:00:00,SG,Import Prices YoY,https://tradingeconomics.com/singapore/import-prices-yoy,,-6.1%,,-5.9%
2025-09-29 05:00:00,SG,PPI YoY,https://tradingeconomics.com/singapore/producer-prices-change,,-2.4%,,-1.0%
2025-09-29 07:00:00,ES,Inflation Rate MoM Prel,https://tradingeconomics.com/spain/inflation-rate-mom,,0%,,-0.7%
2025-09-29 07:00:00,ES,Inflation Rate YoY Prel,https://tradingeconomics.com/spain/inflation-cpi,,2.7%,,2.6%
2025-09-29 07:00:00,ES,Core Inflation Rate YoY Prel,https://tradingeconomics.com/spain/core-inflation-rate,,2.4%,,2.3%
2025-09-29 07:00:00,ES,Harmonised Inflation Rate MoM Prel,https://tradingeconomics.com/spain/harmonised-inflation-rate-mom,,0%,,-0.2%
2025-09-29 07:00:00,ES,Harmonised Inflation Rate YoY Prel,https://tradingeconomics.com/spain/harmonised-inflation-rate-yoy,,2.7%,,2.6%
2025-09-29 07:00:00,ES,Retail Sales MoM,https://tradingeconomics.com/spain/retail-sales,,-0.4%,,
2025-09-29 07:00:00,ES,Retail Sales YoY,https://tradingeconomics.com/spain/retail-sales-annual,,4.7%,,
2025-09-29 07:00:00,TR,Economic Confidence Index,https://tradingeconomics.com/turkey/economic-optimism-index,,97.9,,95
2025-09-29 08:30:00,GB,BoE Consumer Credit,https://tradingeconomics.com/united-kingdom/consumer-credit,,1.622B,,
2025-09-29 08:30:00,GB,Mortgage Approvals,https://tradingeconomics.com/united-kingdom/mortgage-approvals,,65.35K,,64.5K
2025-09-29 08:30:00,GB,Mortgage Lending,https://tradingeconomics.com/united-kingdom/home-loans,,4.52B,,4.0B
2025-09-29 08:30:00,GB,M4 Money Supply MoM,https://tradingeconomics.com/united-kingdom/money-supply-m4,,0.1%,,
2025-09-29 08:30:00,GB,Net Lending to Individuals MoM,https://tradingeconomics.com/united-kingdom/net-lending-to-individuals-mom,,6.14B,,
2025-09-29 09:00:00,EA,Economic Sentiment,https://tradingeconomics.com/euro-area/economic-optimism-index,,95.2,,95.1
2025-09-29 09:00:00,EA,Consumer Confidence Final,https://tradingeconomics.com/euro-area/consumer-confidence,,-15.5,-14.9,-14.9
2025-09-29 09:00:00,EA,Consumer Inflation Expectations,https://tradingeconomics.com/euro-area/consumer-confidence-price-trends,,25.9,,24
2025-09-29 09:00:00,EA,Industrial Sentiment,https://tradingeconomics.com/euro-area/industrial-sentiment,,-10.3,,-10
2025-09-29 09:00:00,EA,Selling Price Expectations,https://tradingeconomics.com/euro-area/selling-price-expectations,,6.7,,8
2025-09-29 09:00:00,EA,Services Sentiment,https://tradingeconomics.com/euro-area/services-sentiment,,3.6,,2
2025-09-29 10:30:00,IN,Industrial Production YoY,https://tradingeconomics.com/india/industrial-production,,3.5%,,2.9%
2025-09-29 10:30:00,IN,Manufacturing Production YoY,https://tradingeconomics.com/india/manufacturing-production,,5.4%,,5.0%
2025-09-29 11:00:00,BR,IGP-M Inflation MoM,https://tradingeconomics.com/brazil/igp-m-inflation-mom,,0.36%,,0.1%
2025-09-29 11:00:00,ES,Business Confidence,https://tradingeconomics.com/spain/business-confidence,,-6.7,,-6
2025-09-29 11:30:00,BR,Bank Lending MoM,https://tradingeconomics.com/brazil/loan-growth,,0.4%,,0.3%
2025-09-29 12:00:00,MX,Unemployment Rate,https://tradingeconomics.com/mexico/unemployment-rate,,2.8%,,2.8%
2025-09-29 12:00:00,US,Fed Hammack Speech,https://tradingeconomics.com/united-states/interest-rate,,,,
2025-09-29 13:00:00,FR,12-Month BTF Auction,https://tradingeconomics.com/france/52-week-bill-yield,,2.048%,,
2025-09-29 13:00:00,FR,3-Month BTF Auction,https://tradingeconomics.com/france/3-month-bill-yield,,2.007%,,
2025-09-29 13:00:00,FR,6-Month BTF Auction,https://tradingeconomics.com/france/6-month-bill-yield,,2.027%,,
2025-09-29 14:00:00,US,Pending Home Sales MoM,https://tradingeconomics.com/united-states/pending-home-sales-mom,,-0.4%,,1.7%
2025-09-29 14:00:00,US,Pending Home Sales YoY,https://tradingeconomics.com/united-states/pending-home-sales,,0.7%,,1.9%
2025-09-29 14:30:00,US,Dallas Fed Manufacturing Index,https://tradingeconomics.com/united-states/dallas-fed-manufacturing-index,,-1.8,,-7
2025-09-29 15:30:00,US,3-Month Bill Auction,https://tradingeconomics.com/united-states/3-month-bill-yield,,3.860%,,
2025-09-29 15:30:00,US,6-Month Bill Auction,https://tradingeconomics.com/united-states/6-month-bill-yield,,3.705%,,
2025-09-29 19:00:00,AR,Current Account,https://tradingeconomics.com/argentina/current-account,,$-5191M,,$720.0M
2025-09-29 23:00:00,KR,Industrial Production MoM,https://tradingeconomics.com/south-korea/industrial-production-mom,,0.3%,,0.5%
2025-09-29 23:00:00,KR,Industrial Production YoY,https://tradingeconomics.com/south-korea/industrial-production,,5%,,5.3%
2025-09-29 23:00:00,KR,Retail Sales MoM,https://tradingeconomics.com/south-korea/retail-sales,,2.5%,,0.3%
2025-09-29 23:50:00,JP,BoJ Summary of Opinions,https://tradingeconomics.com/japan/interest-rate,,,,
2025-09-29 23:50:00,JP,Industrial Production MoM Prel,https://tradingeconomics.com/japan/industrial-production-mom,,-1.2%,,0.8%
2025-09-29 23:50:00,JP,Retail Sales YoY,https://tradingeconomics.com/japan/retail-sales-annual,,0.3%,,0.5%
2025-09-29 23:50:00,JP,Industrial Production YoY Prel,https://tradingeconomics.com/japan/industrial-production,,-0.4%,,0.2%
2025-09-29 23:50:00,JP,Retail Sales MoM,https://tradingeconomics.com/japan/retail-sales,,-1.6%,,1.0%
,BR,BCB Focus Market Readout,https://tradingeconomics.com/brazil/interest-rate,,,,
,BR,Net Payrolls,https://tradingeconomics.com/brazil/non-farm-payrolls,,129.78K,,205.0K
2025-09-30 01:30:00,AU,Building Permits MoM Prel,https://tradingeconomics.com/australia/building-permits-mom,,-8.2%,-5.5%,6.5%
2025-09-30 01:30:00,AU,Housing Credit MoM,https://tradingeconomics.com/australia/housing-credit,,0.5%,,0.5%
2025-09-30 01:30:00,AU,Private House Approvals MoM Prel,https://tradingeconomics.com/australia/private-house-approvals-,,1.1%,,0.5%
2025-09-30 01:30:00,AU,Private Sector Credit MoM,https://tradingeconomics.com/australia/private-sector-credit,,0.7%,,0.6%
2025-09-30 01:30:00,AU,Private Sector Credit YoY,https://tradingeconomics.com/australia/loan-growth,,7.2%,,7.0%
2025-09-30 01:30:00,CN,NBS Manufacturing PMI,https://tradingeconomics.com/china/business-confidence,,49.4,,49.9
2025-09-30 01:30:00,CN,NBS Non Manufacturing PMI,https://tradingeconomics.com/china/non-manufacturing-pmi,,50.3,,50.7
2025-09-30 01:30:00,CN,NBS General PMI,https://tradingeconomics.com/china/nbs-general-pmi,,50.5,,50.8
2025-09-30 01:45:00,CN,RatingDog Manufacturing PMI,https://tradingeconomics.com/china/manufacturing-pmi,,50.5,,50.8
2025-09-30 01:45:00,CN,RatingDog Services PMI,https://tradingeconomics.com/china/services-pmi,,53.0,,53.3
2025-09-30 01:45:00,CN,RatingDog Composite PMI,https://tradingeconomics.com/china/composite-pmi,,51.9,,52
2025-09-30 02:00:00,SG,Bank Lending,https://tradingeconomics.com/singapore/loans-to-private-sector,,S$854.0B,,S$855.0B
2025-09-30 02:30:00,KR,30-Year KTB Auction,https://tradingeconomics.com/south-korea/30-year-bond-yield,,2.780%,,
2025-09-30 03:35:00,JP,2-Year JGB Auction,https://tradingeconomics.com/japan/2-year-note-yield,,0.863%,,
2025-09-30 04:30:00,AU,RBA Interest Rate Decision,https://tradingeconomics.com/australia/interest-rate,,3.6%,3.6%,3.6%
2025-09-30 05:00:00,JP,Housing Starts YoY,https://tradingeconomics.com/japan/housing-starts-yoy,,-9.7%,,-6.0%
2025-09-30 05:00:00,JP,Construction Orders YoY,https://tradingeconomics.com/japan/construction-orders,,-19%,,-3.0%
2025-09-30 05:00:00,SG,MAS 12-Week Bill Auction,https://tradingeconomics.com/singapore/3-month-bill-yield,,1.42%,,
2025-09-30 05:00:00,SG,MAS 4-Week Bill Auction,https://tradingeconomics.com/singapore/1-month-bill-yield,,1.45%,,
2025-09-30 05:30:00,AU,RBA Press Conference,https://tradingeconomics.com/australia/interest-rate,,,,
2025-09-30 06:00:00,DE,Retail Sales MoM,https://tradingeconomics.com/germany/retail-sales,,-1.5%,,0.9%
2025-09-30 06:00:00,DE,Retail Sales YoY,https://tradingeconomics.com/germany/retail-sales-annual,,1.9%,,2.2%
2025-09-30 06:00:00,DE,Import Prices MoM,https://tradingeconomics.com/germany/import-prices-mom,,-0.4%,,-0.3%
2025-09-30 06:00:00,DE,Import Prices YoY,https://tradingeconomics.com/germany/import-prices-yoy,,-1.4%,,-1.3%
2025-09-30 06:00:00,ZA,M3 Money Supply YoY,https://tradingeconomics.com/south-africa/money-supply-m3,,6.75%,,
2025-09-30 06:00:00,ZA,Private Sector Credit YoY,https://tradingeconomics.com/south-africa/private-sector-credit,,5.84%,,
2025-09-30 06:00:00,GB,Current Account,https://tradingeconomics.com/united-kingdom/current-account,,-23.5B,,-20.2B
2025-09-30 06:00:00,GB,Business Investment QoQ Final,https://tradingeconomics.com/united-kingdom/private-investment,,3.9%,-4%,
2025-09-30 06:00:00,GB,Business Investment YoY Final,https://tradingeconomics.com/united-kingdom/private-investment,,6.1%,0.1%,
2025-09-30 06:00:00,GB,GDP Growth Rate QoQ Final,https://tradingeconomics.com/united-kingdom/gdp-growth,,0.7%,0.3%,0.3%
2025-09-30 06:00:00,GB,GDP Growth Rate YoY Final,https://tradingeconomics.com/united-kingdom/gdp-growth-annual,,1.3%,1.2%,1.2%
2025-09-30 06:45:00,FR,Inflation Rate YoY Prel,https://tradingeconomics.com/france/inflation-cpi,,0.9%,,1.0%
2025-09-30 06:45:00,FR,Inflation Rate MoM Prel,https://tradingeconomics.com/france/inflation-rate-mom,,0.4%,,-1.1%
2025-09-30 06:45:00,FR,Harmonised Inflation Rate MoM Prel,https://tradingeconomics.com/france/harmonised-inflation-rate-mom,,0.5%,,-1.2%
2025-09-30 06:45:00,FR,Harmonised Inflation Rate YoY Prel,https://tradingeconomics.com/france/harmonised-inflation-rate-yoy,,0.8%,,0.9%
2025-09-30 06:45:00,FR,Household Consumption MoM,https://tradingeconomics.com/france/personal-spending,,-0.3%,,0.2%
2025-09-30 06:45:00,FR,PPI MoM,https://tradingeconomics.com/france/producer-price-inflation-mom,,0.4%,,0.3%
2025-09-30 06:45:00,FR,PPI YoY,https://tradingeconomics.com/france/producer-prices-change,,0.4%,,0.5%
2025-09-30 07:00:00,TR,Balance of Trade Final,https://tradingeconomics.com/turkey/balance-of-trade,,$-6.4B,,$-4.2B
2025-09-30 07:00:00,TR,Unemployment Rate,https://tradingeconomics.com/turkey/unemployment-rate,,8.0%,,
2025-09-30 07:00:00,TR,Exports Final,https://tradingeconomics.com/turkey/exports,,$24.9B,$21.8B,$21.8B
2025-09-30 07:00:00,TR,Imports Final,https://tradingeconomics.com/turkey/imports,,$31.4B,,$25.96B
2025-09-30 07:00:00,TR,Participation Rate,https://tradingeconomics.com/turkey/labor-force-participation-rate,,53.3%,,
2025-09-30 07:55:00,DE,Unemployed Persons,https://tradingeconomics.com/germany/unemployed-persons,,2.957M,,2.95M
2025-09-30 07:55:00,DE,Unemployment Change,https://tradingeconomics.com/germany/unemployment-change,,-9K,,-7.0K
2025-09-30 07:55:00,DE,Unemployment Rate,https://tradingeconomics.com/germany/unemployment-rate,,6.3%,,6.4%
2025-09-30 08:00:00,DE,Baden Wuerttemberg CPI MoM,https://tradingeconomics.com/germany/baden-wuerttemberg-cpi-yoy,,-0.1%,,
2025-09-30 08:00:00,DE,Baden Wuerttemberg CPI YoY,https://tradingeconomics.com/germany/baden-wuerttemberg-cpi-yoy,,2.5%,,
2025-09-30 08:00:00,DE,Bavaria CPI MoM,https://tradingeconomics.com/germany/bavaria-cpi-yoy,,0.1%,,
2025-09-30 08:00:00,DE,Bavaria CPI YoY,https://tradingeconomics.com/germany/bavaria-cpi-yoy,,2.1%,,
2025-09-30 08:00:00,DE,Brandenburg CPI MoM,https://tradingeconomics.com/germany/brandenburg-cpi-yoy,,0.0%,,
2025-09-30 08:00:00,DE,Brandenburg CPI YoY,https://tradingeconomics.com/germany/brandenburg-cpi-yoy,,2.5%,,
2025-09-30 08:00:00,DE,Hesse CPI MoM,https://tradingeconomics.com/germany/hesse-cpi-yoy,,0%,,
2025-09-30 08:00:00,DE,Hesse CPI YoY,https://tradingeconomics.com/germany/hesse-cpi-yoy,,2.4%,,
2025-09-30 08:00:00,DE,North Rhine Westphalia CPI MoM,https://tradingeconomics.com/germany/north-rhine-westphalia-cpi-yoy,,0.1%,,
2025-09-30 08:00:00,DE,North Rhine Westphalia CPI YoY,https://tradingeconomics.com/germany/north-rhine-westphalia-cpi-yoy,,2%,,
2025-09-30 08:00:00,DE,Saxony CPI MoM,https://tradingeconomics.com/germany/saxony-cpi-yoy,,0%,,
2025-09-30 08:00:00,DE,Saxony CPI YoY,https://tradingeconomics.com/germany/saxony-cpi-yoy,,2.2%,,
2025-09-30 08:00:00,IT,PPI MoM,https://tradingeconomics.com/italy/producer-price-inflation-mom,,0.5%,,0.4%
2025-09-30 08:00:00,IT,PPI YoY,https://tradingeconomics.com/italy/producer-prices-change,,1.6%,,1.3%
2025-09-30 08:30:00,ES,Current Account,https://tradingeconomics.com/spain/current-account,,5.03B,,
2025-09-30 09:00:00,CN,Current Account Final,https://tradingeconomics.com/china/current-account,,$165.4B,,$135.1B
2025-09-30 09:00:00,IT,Inflation Rate YoY Prel,https://tradingeconomics.com/italy/inflation-cpi,,1.6%,,1.7%
2025-09-30 09:00:00,IT,Inflation Rate MoM Prel,https://tradingeconomics.com/italy/inflation-rate-mom,,0.1%,,-0.1%
2025-09-30 09:00:00,IT,Harmonised Inflation Rate MoM Prel,https://tradingeconomics.com/italy/harmonised-inflation-rate-mom,,-0.2%,,1.2%
2025-09-30 09:00:00,IT,Harmonised Inflation Rate YoY Prel,https://tradingeconomics.com/italy/harmonised-inflation-rate-yoy,,1.6%,,1.7%
2025-09-30 10:00:00,IT,Industrial Sales MoM,https://tradingeconomics.com/italy/manufacturing-sales,,1.2%,,0.3%
2025-09-30 10:00:00,IT,Industrial Sales YoY,https://tradingeconomics.com/italy/manufacturing-sales,,0.3%,,1.1%
2025-09-30 10:30:00,IN,Government Budget Value,https://tradingeconomics.com/india/government-budget-value,,INR-4684.2B,,INR -5500.0B
2025-09-30 11:30:00,BR,Gross Debt to GDP,https://tradingeconomics.com/brazil/gross-debt-to-gdp-,,77.6%,,77.5%
2025-09-30 11:30:00,BR,Nominal Budget Balance,https://tradingeconomics.com/brazil/government-budget-value,,BRL-175.576B,,BRL-110.0B
2025-09-30 12:00:00,BR,Unemployment Rate,https://tradingeconomics.com/brazil/unemployment-rate,,5.6%,,5.6%
2025-09-30 12:00:00,DE,Inflation Rate YoY Prel,https://tradingeconomics.com/germany/inflation-cpi,,2.2%,,2.3%
2025-09-30 12:00:00,DE,Inflation Rate MoM Prel,https://tradingeconomics.com/germany/inflation-rate-mom,,0.1%,,0.1%
2025-09-30 12:00:00,DE,Harmonised Inflation Rate MoM Prel,https://tradingeconomics.com/germany/harmonised-inflation-rate-mom,,0.1%,,0.0%
2025-09-30 12:00:00,DE,Harmonised Inflation Rate YoY Prel,https://tradingeconomics.com/germany/harmonised-inflation-rate-yoy,,2.1%,,2.2%
2025-09-30 12:00:00,IN,External Debt,https://tradingeconomics.com/india/external-debt,,$736.3B,,$744.0B
2025-09-30 12:00:00,ZA,Balance of Trade,https://tradingeconomics.com/south-africa/balance-of-trade,,ZAR20.29B,,
2025-09-30 12:55:00,US,Redbook YoY,https://tradingeconomics.com/united-states/redbook-index,,5.7%,,
2025-09-30 13:00:00,US,S&P/Case-Shiller Home Price YoY,https://tradingeconomics.com/united-states/case-shiller-home-price-index-yoy,,2.1%,,1.9%
2025-09-30 13:00:00,US,House Price Index,https://tradingeconomics.com/united-states/housing-index,,433.8,,433.6
2025-09-30 13:00:00,US,House Price Index MoM,https://tradingeconomics.com/united-states/house-price-index-mom,,-0.2%,,-0.1%
2025-09-30 13:00:00,US,House Price Index YoY,https://tradingeconomics.com/united-states/house-price-index-yoy,,2.6%,,1.9%
2025-09-30 13:00:00,US,S&P/Case-Shiller Home Price MoM,https://tradingeconomics.com/united-states/case-shiller-home-price-index-mom,,0.0%,,-0.1%
2025-09-30 13:45:00,US,Chicago PMI,https://tradingeconomics.com/united-states/chicago-pmi,,41.5,,41
2025-09-30 14:00:00,US,JOLTs Job Openings,https://tradingeconomics.com/united-states/job-offers,,7.181M,,7.1M
2025-09-30 14:00:00,US,,https://tradingeconomics.com,,97.4,96,95
2025-09-30 14:00:00,US,JOLTs Job Quits,https://tradingeconomics.com/united-states/job-quits,,3.208M,,3.18M
2025-09-30 14:30:00,US,Dallas Fed Services Index,https://tradingeconomics.com/united-states/dallas-fed-services-index,,6.8,,4
2025-09-30 14:30:00,US,Dallas Fed Services Revenues Index,https://tradingeconomics.com/united-states/dallas-fed-services-revenues-index,,8.6,,5
2025-09-30 15:30:00,US,52-Week Bill Auction,https://tradingeconomics.com/united-states/52-week-bill-yield,,3.660%,,
2025-09-30 16:00:00,US,Quarterly Grain Stocks - Corn,https://tradingeconomics.com/united-states/grain-stocks-corn,,4.64B,,
2025-09-30 16:00:00,US,Quarterly Grain Stocks - Soy,https://tradingeconomics.com/united-states/grain-stocks-soy,,1.02B,,
2025-09-30 16:00:00,US,Quarterly Grain Stocks - Wheat,https://tradingeconomics.com/united-states/grain-stocks-wheat,,0.85B,,
2025-09-30 17:00:00,US,Fed Goolsbee Speech,https://tradingeconomics.com/united-states/interest-rate,,,,
2025-09-30 20:30:00,US,API Crude Oil Stock Change,https://tradingeconomics.com/united-states/api-crude-oil-stock-change,,-3.821M,,
2025-09-30 23:00:00,AU,Ai Group Industry Index,https://tradingeconomics.com/australia/industry-index,,-13.9,,-15
2025-09-30 23:00:00,AU,Ai Group Construction Index,https://tradingeconomics.com/australia/industry-index-construction,,1.0,,1.3
2025-09-30 23:00:00,AU,Ai Group Manufacturing Index,https://tradingeconomics.com/australia/industry-index-manufacturing,,-20.9,,-22
2025-09-30 23:00:00,AU,S&P Global Manufacturing PMI Final,https://tradingeconomics.com/australia/manufacturing-pmi,,53.0,51.6,51.6
2025-09-30 23:50:00,JP,Tankan Large Manufacturers Index,https://tradingeconomics.com/japan/business-confidence,,13,,15
2025-09-30 23:50:00,JP,Tankan Large All Industry Capex,https://tradingeconomics.com/japan/tankan-large-all-industry-capex,,11.5%,,5.0%
2025-09-30 23:50:00,JP,Tankan Large Manufacturing Outlook,https://tradingeconomics.com/japan/tankan-large-manufacturing-outlook,,12,,16
2025-09-30 23:50:00,JP,Tankan Large Non-Manufacturing Index,https://tradingeconomics.com/japan/non-manufacturing-pmi,,34,,40
2025-09-30 23:50:00,JP,Tankan Non-Manufacturing Outlook,https://tradingeconomics.com/japan/tankan-non-manufacturing-outlook,,27,,26
2025-09-30 23:50:00,JP,Tankan Small Manufacturers Index,https://tradingeconomics.com/japan/small-business-sentiment,,1,,1
,SA,Unemployment Rate,https://tradingeconomics.com/saudi-arabia/unemployment-rate,,2.8%,,2.60%
,ZA,Budget Balance,https://tradingeconomics.com/south-africa/government-budget-value,,ZAR-150.85B,,
,AU,Cotality Dwelling Prices MoM,https://tradingeconomics.com/australia/corelogic-dwelling-prices-mom,,0.8%,,0.3%
,RU,M2 Money Supply YoY,https://tradingeconomics.com/russia/money-supply-m2,,15%,,15.0%
,MX,Fiscal Balance,https://tradingeconomics.com/mexico/government-budget-value,,MXN-519.57B,,MXN-450.0B
2025-10-01 00:00:00,KR,Exports YoY,https://tradingeconomics.com/south-korea/exports-yoy,,1.3%,,
2025-10-01 00:00:00,KR,Balance of Trade,https://tradingeconomics.com/south-korea/balance-of-trade,,$6.51B,,$ 8.2B
2025-10-01 00:00:00,KR,Imports YoY,https://tradingeconomics.com/south-korea/imports-yoy,,-4%,,
2025-10-01 00:30:00,ID,S&P Global Manufacturing PMI,https://tradingeconomics.com/indonesia/manufacturing-pmi,,51.5,,52
2025-10-01 00:30:00,JP,S&P Global Manufacturing PMI Final,https://tradingeconomics.com/japan/manufacturing-pmi,,49.7,48.4,48.4
2025-10-01 00:30:00,KR,S&P Global Manufacturing PMI,https://tradingeconomics.com/south-korea/manufacturing-pmi,,48.3,,49.7
2025-10-01 01:30:00,AU,RBA Chart Pack,https://tradingeconomics.com/australia/interest-rate,,,,
2025-10-01 04:00:00,ID,Balance of Trade,https://tradingeconomics.com/indonesia/balance-of-trade,,$4.18B,,$ 3.9B
2025-10-01 04:00:00,ID,Inflation Rate YoY,https://tradingeconomics.com/indonesia/inflation-cpi,,2.31%,,2.6%
2025-10-01 04:00:00,ID,Core Inflation Rate YoY,https://tradingeconomics.com/indonesia/core-inflation-rate,,2.17%,,2.2%
2025-10-01 04:00:00,ID,Exports YoY,https://tradingeconomics.com/indonesia/exports-yoy,,9.86%,,
2025-10-01 04:00:00,ID,Imports YoY,https://tradingeconomics.com/indonesia/imports-yoy,,-5.86%,,
2025-10-01 04:00:00,ID,Inflation Rate MoM,https://tradingeconomics.com/indonesia/inflation-rate-mom,,-0.08%,,-0.1%
2025-10-01 04:00:00,ID,Tourist Arrivals YoY,https://tradingeconomics.com/indonesia/tourist-arrivals,,13.01%,,
2025-10-01 04:30:00,IN,RBI Interest Rate Decision,https://tradingeconomics.com/india/interest-rate,,5.5%,5.5%,5.5%
2025-10-01 04:30:00,IN,Cash Reserve Ratio,https://tradingeconomics.com/india/cash-reserve-ratio,,3.75%,,3.5%
2025-10-01 05:00:00,IN,HSBC Manufacturing PMI Final,https://tradingeconomics.com/india/manufacturing-pmi,,59.3,58.5,58.5
2025-10-01 06:00:00,RU,S&P Global Manufacturing PMI,https://tradingeconomics.com/russia/manufacturing-pmi,,48.7,,46
2025-10-01 06:00:00,GB,Nationwide Housing Prices MoM,https://tradingeconomics.com/united-kingdom/nationwide-housing-prices-mom,,-0.1%,,0.6%
2025-10-01 06:00:00,GB,Nationwide Housing Prices YoY,https://tradingeconomics.com/united-kingdom/nationwide-housing-prices-yoy,,2.1%,,4.1%
2025-10-01 06:30:00,AU,Commodity Prices YoY,https://tradingeconomics.com/australia/commodity-prices-yoy,,-4.3%,,-4.5%
2025-10-01 07:00:00,TR,Istanbul Chamber of Industry Manufacturing PMI,https://tradingeconomics.com/turkey/manufacturing-pmi,,47.30,,48
2025-10-01 07:15:00,ES,HCOB Manufacturing PMI,https://tradingeconomics.com/spain/manufacturing-pmi,,54.3,,54
2025-10-01 07:45:00,IT,HCOB Manufacturing PMI,https://tradingeconomics.com/italy/manufacturing-pmi,,50.4,,50
2025-10-01 07:50:00,FR,HCOB Manufacturing PMI Final,https://tradingeconomics.com/france/manufacturing-pmi,,50.4,48.1,48.1
2025-10-01 07:55:00,DE,HCOB Manufacturing PMI Final,https://tradingeconomics.com/germany/manufacturing-pmi,,49.8,48.5,48.5
2025-10-01 08:00:00,EA,HCOB Manufacturing PMI Final,https://tradingeconomics.com/euro-area/manufacturing-pmi,,50.7,49.5,49.5
2025-10-01 08:30:00,GB,S&P Global Manufacturing PMI Final,https://tradingeconomics.com/united-kingdom/manufacturing-pmi,,47.0,46.2,46.2
2025-10-01 09:00:00,EA,Inflation Rate YoY Flash,https://tradingeconomics.com/euro-area/inflation-cpi,,2%,,2.2%
2025-10-01 09:00:00,EA,Core Inflation Rate YoY Flash,https://tradingeconomics.com/euro-area/core-inflation-rate,,2.3%,,2.3%
2025-10-01 09:00:00,EA,Inflation Rate MoM Flash,https://tradingeconomics.com/euro-area/inflation-rate-mom,,0.1%,,0.1%
2025-10-01 09:00:00,EA,CPI Flash,https://tradingeconomics.com/euro-area/consumer-price-index-cpi,,129.31,,129.4
2025-10-01 09:00:00,ZA,ABSA Manufacturing PMI,https://tradingeconomics.com/south-africa/manufacturing-pmi,,49.5,,50.7
2025-10-01 09:00:00,GB,,https://tradingeconomics.com,,,,
2025-10-01 09:30:00,DE,10-Year Bund Auction,https://tradingeconomics.com/germany/government-bond-yield,,2.77%,,
2025-10-01 10:10:00,EU,,https://tradingeconomics.com,,,,
2025-10-01 11:00:00,US,MBA 30-Year Mortgage Rate,https://tradingeconomics.com/united-states/mortgage-rate,,6.34%,,
2025-10-01 11:00:00,US,MBA Mortgage Applications,https://tradingeconomics.com/united-states/mortgage-applications,,0.6%,,
2025-10-01 11:00:00,US,MBA Mortgage Market Index,https://tradingeconomics.com/united-states/mba-mortgage-market-index,,388.3,,
2025-10-01 11:00:00,US,MBA Mortgage Refinance Index,https://tradingeconomics.com/united-states/mba-mortgage-refinance-index,,1609.8,,
2025-10-01 11:00:00,US,MBA Purchase Index,https://tradingeconomics.com/united-states/mba-purchase-index,,174.5,,
2025-10-01 11:30:00,IN,M3 Money Supply YoY,https://tradingeconomics.com/india/money-supply-m3,,9.5%,,
2025-10-01 12:00:00,MX,Business Confidence,https://tradingeconomics.com/mexico/business-confidence,,49.4,,51.4
2025-10-01 12:15:00,US,ADP Employment Change,https://tradingeconomics.com/united-states/adp-employment-change,,54K,,40.0K
2025-10-01 13:00:00,BR,S&P Global Manufacturing PMI,https://tradingeconomics.com/brazil/manufacturing-pmi,,47.7,,47.2
2025-10-01 13:30:00,CA,S&P Global Manufacturing PMI,https://tradingeconomics.com/canada/manufacturing-pmi,,48.3,,48
2025-10-01 13:45:00,US,S&P Global Manufacturing PMI Final,https://tradingeconomics.com/united-states/manufacturing-pmi,,53.0,52,52
2025-10-01 14:00:00,US,ISM Manufacturing PMI,https://tradingeconomics.com/united-states/business-confidence,,48.7,,49
2025-10-01 14:00:00,US,ISM Manufacturing Employment,https://tradingeconomics.com/united-states/ism-manufacturing-employment,,43.8,,44
2025-10-01 14:00:00,US,Construction Spending MoM,https://tradingeconomics.com/united-states/construction-spending,,-0.1%,,0.1%
2025-10-01 14:00:00,US,ISM Manufacturing New Orders,https://tradingeconomics.com/united-states/ism-manufacturing-new-orders,,51.4,,51.5
2025-10-01 14:00:00,US,ISM Manufacturing Prices,https://tradingeconomics.com/united-states/ism-manufacturing-prices,,63.7,,63.6
2025-10-01 14:30:00,US,EIA Crude Oil Stocks Change,https://tradingeconomics.com/united-states/crude-oil-stocks-change,,-0.607M,,
2025-10-01 14:30:00,US,EIA Gasoline Stocks Change,https://tradingeconomics.com/united-states/gasoline-stocks-change,,-1.08M,,
2025-10-01 14:30:00,US,EIA Crude Oil Imports Change,https://tradingeconomics.com/united-states/crude-oil-imports,,1.596M,,
2025-10-01 14:30:00,US,EIA Cushing Crude Oil Stocks Change,https://tradingeconomics.com/united-states/cushing-crude-oil-stocks,,0.177M,,
2025-10-01 14:30:00,US,EIA Distillate Fuel Production Change,https://tradingeconomics.com/united-states/distillate-fuel-production,,0.029M,,
2025-10-01 14:30:00,US,EIA Distillate Stocks Change,https://tradingeconomics.com/united-states/distillate-stocks,,-1.685M,,
2025-10-01 14:30:00,US,EIA Gasoline Production Change,https://tradingeconomics.com/united-states/gasoline-production,,0.3M,,
2025-10-01 14:30:00,US,EIA Heating Oil Stocks Change,https://tradingeconomics.com/united-states/heating-oil-stocks,,-0.189M,,
2025-10-01 14:30:00,US,EIA Refinery Crude Runs Change,https://tradingeconomics.com/united-states/refinery-crude-runs,,0.052M,,
2025-10-01 15:00:00,MX,S&P Global Manufacturing PMI,https://tradingeconomics.com/mexico/manufacturing-pmi,,50.20,,50.3
2025-10-01 15:30:00,US,17-Week Bill Auction,https://tradingeconomics.com/united-states/17-week-bill-yield,,3.805%,,
2025-10-01 16:00:00,CA,5-Year Bond Auction,https://tradingeconomics.com/canada/5-year-note-yield,,2.921%,,
2025-10-01 16:00:00,RU,Business Confidence,https://tradingeconomics.com/russia/business-confidence,,-0.4,,-2
2025-10-01 16:00:00,RU,Real Wage Growth YoY,https://tradingeconomics.com/russia/wage-growth,,5.1%,,
2025-10-01 16:00:00,RU,Retail Sales YoY,https://tradingeconomics.com/russia/retail-sales-annual,,2%,,
2025-10-01 17:00:00,RU,Unemployment Rate,https://tradingeconomics.com/russia/unemployment-rate,,2.2%,,2.2%
2025-10-01 23:00:00,KR,Inflation Rate YoY,https://tradingeconomics.com/south-korea/inflation-cpi,,1.7%,,1.8%
2025-10-01 23:00:00,KR,Current Account,https://tradingeconomics.com/south-korea/current-account,,$10.78B,,
2025-10-01 23:00:00,KR,Inflation Rate MoM,https://tradingeconomics.com/south-korea/inflation-rate-mom,,-0.1%,,0.3%
2025-10-01 23:50:00,JP,Foreign Bond Investment,https://tradingeconomics.com/japan/foreign-bond-investment,,,,
2025-10-01 23:50:00,JP,Stock Investment by Foreigners,https://tradingeconomics.com/japan/foreign-stock-investment,,,,
,MX,Foreign Exchange Reserves,https://tradingeconomics.com/mexico/foreign-exchange-reserves,,$244.4B,,$245.0B
,ES,New Car Sales YoY,https://tradingeconomics.com/spain/total-vehicle-sales,,17.2%,,
,US,LMI Logistics Managers Index,https://tradingeconomics.com/united-states/lmi-logistics-managers-index-current,,59.3,,
,ZA,Total New Vehicle Sales,https://tradingeconomics.com/south-africa/total-vehicle-sales,,51.88K,,45K
,IT,New Car Registrations YoY,https://tradingeconomics.com/italy/new-passenger-car-registrations-yoy,,-2.7%,,-0.5%
2025-10-02 00:00:00,SG,URA Property Index QoQ Prel,https://tradingeconomics.com/singapore/house-price-index-mom,,1%,,0.8%
2025-10-02 01:30:00,AU,Balance of Trade,https://tradingeconomics.com/australia/balance-of-trade,,A$7.310B,,A$7.1B
2025-10-02 01:30:00,AU,RBA Financial Stability Review,https://tradingeconomics.com/australia/interest-rate,,,,
2025-10-02 01:30:00,AU,Exports MoM,https://tradingeconomics.com/australia/exports,,3.3%,,
2025-10-02 01:30:00,AU,Household Spending MoM,https://tradingeconomics.com/australia/household-spending-mom,,0.5%,,0.3%
2025-10-02 01:30:00,AU,Household Spending YoY,https://tradingeconomics.com/australia/household-spending,,5.1%,,5.3%
2025-10-02 01:30:00,AU,Imports MoM,https://tradingeconomics.com/australia/imports,,-1.3%,,
2025-10-02 02:30:00,KR,,https://tradingeconomics.com,,0.460%,,
2025-10-02 05:00:00,JP,Consumer Confidence,https://tradingeconomics.com/japan/consumer-confidence,,34.9,,37.5
2025-10-02 06:45:00,FR,Budget Balance,https://tradingeconomics.com/france/government-budget-value,,-142B,,
2025-10-02 07:00:00,ES,Unemployment Change,https://tradingeconomics.com/spain/unemployment-change,,21.9K,,5.1K
2025-10-02 07:00:00,ES,Tourist Arrivals YoY,https://tradingeconomics.com/spain/tourist-arrivals,,1.6%,,
2025-10-02 08:00:00,BR,IPC-Fipe Inflation MoM,https://tradingeconomics.com/brazil/ipc-fipe-inflation-mom,,0.04%,,0.2%
2025-10-02 08:00:00,IT,Unemployment Rate,https://tradingeconomics.com/italy/unemployment-rate,,6.0%,,6.1%
2025-10-02 08:30:00,GB,DMP 1Y CPI Expectations,https://tradingeconomics.com/united-kingdom/dmp-1y-cpi-expectations,,3.4%,,
2025-10-02 08:30:00,GB,DMP 3M Output Price Expectations,https://tradingeconomics.com/united-kingdom/dmp-3m-output-price-expectations,,3.7%,,
2025-10-02 08:40:00,ES,,https://tradingeconomics.com,,,,
2025-10-02 09:00:00,EA,Unemployment Rate,https://tradingeconomics.com/euro-area/unemployment-rate,,6.2%,,6.2%
2025-10-02 09:00:00,FR,,https://tradingeconomics.com,,,,
2025-10-02 09:00:00,GB,Treasury Gilt 2035 Auction,https://tradingeconomics.com/united-kingdom/government-bond-yield,,4.522%,,
2025-10-02 11:30:00,TR,Foreign Exchange Reserves,https://tradingeconomics.com/turkey/foreign-exchange-reserves,,$85.1B,,
2025-10-02 11:30:00,US,Challenger Job Cuts,https://tradingeconomics.com/united-states/challenger-job-cuts,,85.979K,,150.0K
2025-10-02 12:30:00,US,Initial Jobless Claims,https://tradingeconomics.com/united-states/jobless-claims,,,,
2025-10-02 12:30:00,US,Continuing Jobless Claims,https://tradingeconomics.com/united-states/continuing-jobless-claims,,1926K,,
2025-10-02 12:30:00,US,Jobless Claims 4-week Average,https://tradingeconomics.com/united-states/jobless-claims-4-week-average,,,,
2025-10-02 13:00:00,SG,SIPMM Manufacturing PMI,https://tradingeconomics.com/singapore/manufacturing-pmi,,50.0,,51.4
2025-10-02 14:00:00,US,Factory Orders MoM,https://tradingeconomics.com/united-states/factory-orders,,-1.3%,,-0.4%
2025-10-02 14:00:00,US,Factory Orders ex Transportation,https://tradingeconomics.com/united-states/factory-orders-ex-transportation,,0.6%,,-0.1%
2025-10-02 14:30:00,US,EIA Natural Gas Stocks Change,https://tradingeconomics.com/united-states/natural-gas-stocks-change,,75Bcf,,
2025-10-02 15:30:00,US,4-Week Bill Auction,https://tradingeconomics.com/united-states/4-week-bill-yield,,4.080%,,
2025-10-02 15:30:00,US,8-Week Bill Auction,https://tradingeconomics.com/united-states/8-week-bill-yield,,4.000%,,
2025-10-02 16:00:00,US,15-Year Mortgage Rate,https://tradingeconomics.com/united-states/15-year-mortgage-rate,,,,
2025-10-02 16:00:00,US,30-Year Mortgage Rate,https://tradingeconomics.com/united-states/30-year-mortgage-rate,,,,
2025-10-02 20:30:00,US,Fed Balance Sheet,https://tradingeconomics.com/united-states/central-bank-balance-sheet,,,,$ 6.8T
2025-10-02 23:00:00,AU,S&P Global Composite PMI Final,https://tradingeconomics.com/australia/composite-pmi,,55.5,,52.1
2025-10-02 23:00:00,AU,S&P Global Services PMI Final,https://tradingeconomics.com/australia/services-pmi,,55.8,52.0,52
2025-10-02 23:30:00,JP,Unemployment Rate,https://tradingeconomics.com/japan/unemployment-rate,,2.3%,,2.4%
2025-10-02 23:30:00,JP,Jobs/applications ratio,https://tradingeconomics.com/japan/jobs-to-applications-ratio,,1.22,,
,US,Total Vehicle Sales,https://tradingeconomics.com/united-states/total-vehicle-sales,,16.1M,,
,RU,GDP YoY,https://tradingeconomics.com/russia/monthly-gdp-yoy,,0.4%,,1.3%
,AR,Tax Revenue,https://tradingeconomics.com/argentina/tax-revenue,,ARS15359B,,
2025-10-03 00:30:00,JP,S&P Global Composite PMI Final,https://tradingeconomics.com/japan/composite-pmi,,52.0,51.10%,51.1
2025-10-03 00:30:00,JP,S&P Global Services PMI Final,https://tradingeconomics.com/japan/services-pmi,,53.1,53.0,53.0
2025-10-03 00:30:00,SG,S&P Global PMI,https://tradingeconomics.com/singapore/composite-pmi,,51.2,,51.5
2025-10-03 05:00:00,SG,Retail Sales MoM,https://tradingeconomics.com/singapore/retail-sales,,4.1%,,-0.8%
2025-10-03 05:00:00,SG,Retail Sales YoY,https://tradingeconomics.com/singapore/retail-sales-annual,,4.8%,,2.5%
2025-10-03 06:00:00,RU,S&P Global Composite PMI,https://tradingeconomics.com/russia/composite-pmi,,49.1,,47.3
2025-10-03 06:00:00,RU,S&P Global Services PMI,https://tradingeconomics.com/russia/services-pmi,,50.0,,48
2025-10-03 06:45:00,FR,Industrial Production MoM,https://tradingeconomics.com/france/industrial-production-mom,,-1.1%,,
2025-10-03 07:00:00,TR,Inflation Rate MoM,https://tradingeconomics.com/turkey/inflation-rate-mom,,2.04%,,2.5%
2025-10-03 07:00:00,TR,Inflation Rate YoY,https://tradingeconomics.com/turkey/inflation-cpi,,32.95%,,32%
2025-10-03 07:00:00,TR,PPI MoM,https://tradingeconomics.com/turkey/producer-price-inflation-mom,,2.48%,,0.7%
2025-10-03 07:00:00,TR,PPI YoY,https://tradingeconomics.com/turkey/producer-prices-change,,25.16%,,25.0%
2025-10-03 07:15:00,ZA,S&P Global PMI,https://tradingeconomics.com/south-africa/composite-pmi,,50.1,,51
2025-10-03 07:15:00,ES,HCOB Services PMI,https://tradingeconomics.com/spain/services-pmi,,53.2,,52.6
2025-10-03 07:15:00,ES,HCOB Composite PMI,https://tradingeconomics.com/spain/composite-pmi,,53.7,,54.0
2025-10-03 07:45:00,IT,HCOB Services PMI,https://tradingeconomics.com/italy/services-pmi,,51.5,,50.9
2025-10-03 07:45:00,IT,HCOB Composite PMI,https://tradingeconomics.com/italy/composite-pmi,,51.7,,50.7
2025-10-03 07:50:00,FR,HCOB Composite PMI Final,https://tradingeconomics.com/france/composite-pmi,,49.8,48.4,48.4
2025-10-03 07:50:00,FR,HCOB Services PMI Final,https://tradingeconomics.com/france/services-pmi,,49.8,48.9,48.9
2025-10-03 07:55:00,DE,HCOB Composite PMI Final,https://tradingeconomics.com/germany/composite-pmi,,50.5,52.4,52.4
2025-10-03 07:55:00,DE,HCOB Services PMI Final,https://tradingeconomics.com/germany/services-pmi,,49.3,52.5,52.5
2025-10-03 08:00:00,EA,HCOB Composite PMI Final,https://tradingeconomics.com/euro-area/composite-pmi,,51,51.2,51.2
2025-10-03 08:00:00,EA,HCOB Services PMI Final,https://tradingeconomics.com/euro-area/services-pmi,,50.5,51.4,51.4
2025-10-03 08:00:00,IT,Retail Sales MoM,https://tradingeconomics.com/italy/retail-sales,,0.0%,,
2025-10-03 08:00:00,IT,Retail Sales YoY,https://tradingeconomics.com/italy/retail-sales-annual,,1.8%,,
2025-10-03 08:00:00,WL,FAO Food Price Index,https://tradingeconomics.com/world/food-price-index,,130.1,,
2025-10-03 08:30:00,GB,S&P Global Composite PMI Final,https://tradingeconomics.com/united-kingdom/composite-pmi,,53.5,51.0,51.0
2025-10-03 08:30:00,GB,S&P Global Services PMI Final,https://tradingeconomics.com/united-kingdom/services-pmi,,54.2,51.9,51.9
2025-10-03 09:00:00,EA,PPI MoM,https://tradingeconomics.com/euro-area/producer-price-inflation-mom,,0.4%,,0.4%
2025-10-03 09:00:00,EA,PPI YoY,https://tradingeconomics.com/euro-area/producer-prices-change,,0.2%,,0.1%
2025-10-03 11:30:00,IN,Foreign Exchange Reserves,https://tradingeconomics.com/india/foreign-exchange-reserves,,,,
2025-10-03 12:00:00,BR,Industrial Production MoM,https://tradingeconomics.com/brazil/industrial-production-mom,,-0.2%,,-0.1%
2025-10-03 12:00:00,BR,Industrial Production YoY,https://tradingeconomics.com/brazil/industrial-production,,0.2%,,1.4%
2025-10-03 12:00:00,MX,Gross Fixed Investment MoM,https://tradingeconomics.com/mexico/private-investment,,-1.4%,,-0.5%
2025-10-03 12:00:00,MX,Gross Fixed Investment YoY,https://tradingeconomics.com/mexico/private-investment,,-6.4%,,-9.0%
2025-10-03 12:30:00,US,Non Farm Payrolls,https://tradingeconomics.com/united-states/non-farm-payrolls,,22K,,70.0K
2025-10-03 12:30:00,US,Unemployment Rate,https://tradingeconomics.com/united-states/unemployment-rate,,4.3%,,4.3%
2025-10-03 12:30:00,US,Average Hourly Earnings MoM,https://tradingeconomics.com/united-states/average-hourly-earnings,,0.3%,,0.2%
2025-10-03 12:30:00,US,Average Hourly Earnings YoY,https://tradingeconomics.com/united-states/average-hourly-earnings-yoy,,3.7%,,3.7%
2025-10-03 12:30:00,US,Participation Rate,https://tradingeconomics.com/united-states/labor-force-participation-rate,,62.3%,,62.3%
2025-10-03 12:30:00,US,Average Weekly Hours,https://tradingeconomics.com/united-states/average-weekly-hours,,34.2,,34.2
2025-10-03 12:30:00,US,Government Payrolls,https://tradingeconomics.com/united-states/government-payrolls,,-16K,,-10.0K
2025-10-03 12:30:00,US,Manufacturing Payrolls,https://tradingeconomics.com/united-states/manufacturing-payrolls,,-12K,,9.0K
2025-10-03 12:30:00,US,Nonfarm Payrolls Private,https://tradingeconomics.com/united-states/nonfarm-payrolls-private,,38K,,80.0K
2025-10-03 12:30:00,US,U-6 Unemployment Rate,https://tradingeconomics.com/united-states/u6-unemployment-rate,,8.1%,,8.1%
2025-10-03 13:00:00,BR,S&P Global Services PMI,https://tradingeconomics.com/brazil/services-pmi,,49.3,,49.2
2025-10-03 13:00:00,BR,S&P Global Composite PMI,https://tradingeconomics.com/brazil/composite-pmi,,48.8,,48.5
2025-10-03 13:30:00,CA,S&P Global Composite PMI,https://tradingeconomics.com/canada/composite-pmi,,48.4,,49
2025-10-03 13:30:00,CA,S&P Global Services PMI,https://tradingeconomics.com/canada/services-pmi,,48.6,,49
2025-10-03 13:45:00,US,S&P Global Composite PMI Final,https://tradingeconomics.com/united-states/composite-pmi,,54.6,53.6,53.6
2025-10-03 13:45:00,US,S&P Global Services PMI Final,https://tradingeconomics.com/united-states/services-pmi,,54.5,53.9,53.9
2025-10-03 14:00:00,US,ISM Services PMI,https://tradingeconomics.com/united-states/non-manufacturing-pmi,,52.0,,51
2025-10-03 14:00:00,US,ISM Services Business Activity,https://tradingeconomics.com/united-states/ism-non-manufacturing-business-activity,,55,,54
2025-10-03 14:00:00,US,ISM Services Employment,https://tradingeconomics.com/united-states/ism-non-manufacturing-employment,,46.5,,46.6
2025-10-03 14:00:00,US,ISM Services New Orders,https://tradingeconomics.com/united-states/ism-non-manufacturing-new-orders,,56.0,,55
2025-10-03 14:00:00,US,ISM Services Prices,https://tradingeconomics.com/united-states/ism-non-manufacturing-prices,,69.2,,68.9
2025-10-03 17:00:00,US,Baker Hughes Oil Rig Count,https://tradingeconomics.com/united-states/crude-oil-rigs,,,,
2025-10-03 17:00:00,US,Baker Hughes Total Rigs Count,https://tradingeconomics.com/united-states/total-rigs,,,,
2025-10-03 21:00:00,KR,Foreign Exchange Reserves,https://tradingeconomics.com/south-korea/foreign-exchange-reserves,,$416.29B,,$418.0B
,DE,New Car Registrations YoY,https://tradingeconomics.com/germany/new-passenger-car-registrations-yoy,,5.0%,,
2025-10-05 04:15:00,SA,Riyad Bank PMI,https://tradingeconomics.com/saudi-arabia/manufacturing-pmi,,56.4,,56.2
2025-09-26 08:00:00,EA,ECB Consumer Inflation Expectations,https://tradingeconomics.com/euro-area/inflation-expectations,2.8%,2.6%,,2.6%
2025-09-29 11:30:00,US,Fed Waller Speech,https://tradingeconomics.com/united-states/interest-rate,,,,
2025-09-29 17:30:00,US,Fed Musalem Speech,https://tradingeconomics.com/united-states/interest-rate,,,,
2025-09-29 17:30:00,US,Fed Williams Speech,https://tradingeconomics.com/united-states/interest-rate,,,,
2025-09-29 22:00:00,US,Fed Bostic Speech,https://tradingeconomics.com/united-states/interest-rate,,,,
2025-09-30 10:00:00,US,Fed Jefferson Speech,https://tradingeconomics.com/united-states/interest-rate,,,,
2025-09-30 17:30:00,US,Fed Goolsbee Speech,https://tradingeconomics.com/united-states/interest-rate,,,,
2025-09-30 23:10:00,US,Fed Logan Speech,https://tradingeconomics.com/united-states/interest-rate,,,,
2025-10-02 14:30:00,US,Fed Logan Speech,https://tradingeconomics.com/united-states/interest-rate,,,,
2025-10-03 10:05:00,US,Fed Williams Speech,https://tradingeconomics.com/united-states/interest-rate,,,,
2025-10-03 17:40:00,US,Fed Jefferson Speech,https://tradingeconomics.com/united-states/interest-rate,,,,
2025-10-06 00:00:00,AU,TD-MI Inflation Gauge MoM,https://tradingeconomics.com/australia/mi-inflation-gauge-mom,,-0.3%,,0.0%
2025-10-06 05:00:00,IN,HSBC Composite PMI Final,https://tradingeconomics.com/india/composite-pmi,,63.2,,61.9
2025-10-06 05:00:00,IN,HSBC Services PMI Final,https://tradingeconomics.com/india/services-pmi,,62.9,,61.6
2025-10-06 07:00:00,ES,Industrial Production YoY,https://tradingeconomics.com/spain/industrial-production,,2.5%,,
2025-10-06 07:30:00,EA,HCOB Construction PMI,https://tradingeconomics.com/euro-area/construction-pmi,,,,48.7
2025-10-06 07:30:00,FR,HCOB Construction PMI,https://tradingeconomics.com/france/construction-pmi,,46.7,,45
2025-10-06 07:30:00,DE,HCOB Construction PMI,https://tradingeconomics.com/germany/construction-pmi,,46.0,,46.6
2025-10-06 07:30:00,IT,HCOB Construction PMI,https://tradingeconomics.com/italy/construction-pmi,,47.7,,48.4
2025-10-06 08:00:00,GB,New Car Sales YoY,https://tradingeconomics.com/united-kingdom/new-passenger-car-registrations-yoy,,-2%,,5.0%
2025-10-06 08:30:00,GB,S&P Global Construction PMI,https://tradingeconomics.com/united-kingdom/construction-pmi,,45.5,,45.3
2025-10-06 09:00:00,EA,Retail Sales MoM,https://tradingeconomics.com/euro-area/retail-sales,,-0.5%,,
2025-10-06 09:00:00,EA,Retail Sales YoY,https://tradingeconomics.com/euro-area/retail-sales-annual,,2.2%,,
2025-10-06 12:00:00,MX,Consumer Confidence,https://tradingeconomics.com/mexico/consumer-confidence,,46.7,,47.1
,TR,Balance of Trade Prel,https://tradingeconomics.com/turkey/balance-of-trade,,,,$ -5.6B
,TR,Exports Prel,https://tradingeconomics.com/turkey/exports,,,,$ 22.5B
,TR,Imports Prel,https://tradingeconomics.com/turkey/imports,,,,$25.9B
2025-09-29 05:30:00,JP,BoJ Noguchi Speech,https://tradingeconomics.com/japan/interest-rate,,,,
2025-09-29 06:50:00,EA,ECB Cipollone Speech,https://tradingeconomics.com/euro-area/interest-rate,,,,
2025-09-29 07:30:00,EA,ECB Kazaks Speech,https://tradingeconomics.com/euro-area/interest-rate,,,,
2025-09-29 07:30:00,EA,ECB Muller Speech,https://tradingeconomics.com/euro-area/interest-rate,,,,
2025-09-29 09:00:00,EA,ECB Machado Speech,https://tradingeconomics.com/euro-area/interest-rate,,,,
2025-09-29 09:00:00,EA,ECB Schnabel Speech,https://tradingeconomics.com/euro-area/interest-rate,,,,
2025-09-29 12:00:00,EA,ECB Lane Speech,https://tradingeconomics.com/euro-area/interest-rate,,,,
,GB,,https://tradingeconomics.com,,,,
2025-09-30 10:15:00,EA,ECB Machado Speech,https://tradingeconomics.com/euro-area/interest-rate,,,,
2025-09-30 11:00:00,EA,ECB Cipollone Speech,https://tradingeconomics.com/euro-area/interest-rate,,,,
2025-09-30 11:50:00,GB,BoE Lombardelli Speech,https://tradingeconomics.com/united-kingdom/interest-rate,,,,
2025-09-30 12:00:00,GB,BoE Ramsden Speech,https://tradingeconomics.com/united-kingdom/interest-rate,,,,
2025-09-30 12:50:00,EA,ECB President Lagarde Speech,https://tradingeconomics.com/euro-area/interest-rate,,,,
2025-09-30 13:00:00,EA,ECB Elderson Speech,https://tradingeconomics.com/euro-area/interest-rate,,,,
2025-09-30 13:25:00,GB,BoE L Mann Speech,https://tradingeconomics.com/united-kingdom/interest-rate,,,,
2025-09-30 15:30:00,GB,BoE Breeden Speech,https://tradingeconomics.com/united-kingdom/interest-rate,,,,
2025-10-01 07:30:00,EA,ECB Elderson Speech,https://tradingeconomics.com/euro-area/interest-rate,,,,
2025-10-01 07:55:00,EA,ECB Guindos Speech,https://tradingeconomics.com/euro-area/interest-rate,,,,
2025-10-01 16:00:00,RU,Unemployment Rate,https://tradingeconomics.com/russia/unemployment-rate,,2.2%,2.2%,2.2%
2025-10-01 17:30:00,CA,BoC Summary of Deliberations,https://tradingeconomics.com/canada/interest-rate,,,,
2025-10-01 18:05:00,CA,BoC Rogers Speech,https://tradingeconomics.com/canada/interest-rate,,,,
2025-10-02 03:35:00,JP,10-Year JGB Auction,https://tradingeconomics.com/japan/government-bond-yield,,1.612%,,
2025-10-02 06:35:00,JP,BoJ Uchida Speech,https://tradingeconomics.com/japan/interest-rate,,,,
2025-10-02 07:30:00,EA,ECB Montagner Speech,https://tradingeconomics.com/euro-area/interest-rate,,,,
2025-10-02 08:40:00,ES,5-Year Bonos Auction,https://tradingeconomics.com/spain/5-year-note-yield,,2.479%,,
2025-10-02 09:00:00,FR,2035 OAT Auction,https://tradingeconomics.com/france/government-bond-yield,,3.57%,,
2025-10-02 17:00:00,EA,ECB Guindos Speech,https://tradingeconomics.com/euro-area/interest-rate,,,,
2025-10-02 17:40:00,CA,BoC Mendes Speech,https://tradingeconomics.com/canada/interest-rate,,,,
2025-10-03 01:05:00,JP,BOJ Gov Ueda Speech,https://tradingeconomics.com/japan/interest-rate,,,,
2025-10-03 03:35:00,JP,3-Month Bill Auction,https://tradingeconomics.com/japan/3-month-bill-yield,,0.4582%,,
2025-10-03 09:40:00,EA,ECB President Lagarde Speech,https://tradingeconomics.com/euro-area/interest-rate,,,,
2025-10-03 13:20:00,GB,BoE Gov Bailey Speech,https://tradingeconomics.com/united-kingdom/interest-rate,,,,
2025-10-03 13:50:00,EA,ECB Schnabel Speech,https://tradingeconomics.com/euro-area/interest-rate,,,,
2025-10-06 13:00:00,FR,12-Month BTF Auction,https://tradingeconomics.com/france/52-week-bill-yield,,,,
2025-10-06 13:00:00,FR,3-Month BTF Auction,https://tradingeconomics.com/france/3-month-bill-yield,,,,
2025-10-06 13:00:00,FR,6-Month BTF Auction,https://tradingeconomics.com/france/6-month-bill-yield,,,,
2025-10-06 15:30:00,US,3-Month Bill Auction,https://tradingeconomics.com/united-states/3-month-bill-yield,,,,
2025-10-06 15:30:00,US,6-Month Bill Auction,https://tradingeconomics.com/united-states/6-month-bill-yield,,,,
2025-10-06 18:00:00,BR,Balance of Trade,https://tradingeconomics.com/brazil/balance-of-trade,,$6.13B,,$ 5.5B
2025-10-06 23:30:00,AU,Westpac Consumer Confidence Change,https://tradingeconomics.com/australia/consumer-confidence-mom,,-3.1%,,3.2%
2025-10-06 23:30:00,JP,Household Spending MoM,https://tradingeconomics.com/japan/household-spending-mom,,1.7%,,0.3%
2025-10-06 23:30:00,JP,Household Spending YoY,https://tradingeconomics.com/japan/household-spending,,1.4%,,1.2%
,JP,Foreign Exchange Reserves,https://tradingeconomics.com/japan/foreign-exchange-reserves,,,,
2025-10-07 00:30:00,AU,ANZ-Indeed Job Ads MoM,https://tradingeconomics.com/australia/job-advertisements,,0.1%,,-0.4%
2025-10-07 03:00:00,ID,Foreign Exchange Reserves,https://tradingeconomics.com/indonesia/foreign-exchange-reserves,,,,$ 159.0B
2025-10-07 03:35:00,JP,30-Year JGB Auction,https://tradingeconomics.com/japan/30-year-bond-yield,,3.264%,,
2025-10-07 05:00:00,JP,Coincident Index Prel,https://tradingeconomics.com/japan/coincident-index,,,,114
2025-10-07 05:00:00,JP,Leading Economic Index Prel,https://tradingeconomics.com/japan/leading-economic-index,,,,106.4
2025-10-07 05:00:00,SG,MAS 12-Week Bill Auction,https://tradingeconomics.com/singapore/3-month-bill-yield,,,,
2025-10-07 05:00:00,SG,MAS 4-Week Bill Auction,https://tradingeconomics.com/singapore/1-month-bill-yield,,,,
2025-10-07 06:00:00,DE,Factory Orders MoM,https://tradingeconomics.com/germany/factory-orders,,-2.9%,,2.5%
2025-10-07 06:00:00,ZA,Foreign Exchange Reserves,https://tradingeconomics.com/south-africa/foreign-exchange-reserves,,$70.42B,,
2025-10-07 06:00:00,GB,Halifax House Price Index MoM,https://tradingeconomics.com/united-kingdom/house-price-index-mom,,0.3%,,
2025-10-07 06:00:00,GB,Halifax House Price Index YoY,https://tradingeconomics.com/united-kingdom/house-price-index-yoy,,2.2%,,1.5%
2025-10-07 06:45:00,FR,Balance of Trade,https://tradingeconomics.com/france/balance-of-trade,,-5.6B,,
2025-10-07 06:45:00,FR,Current Account,https://tradingeconomics.com/france/current-account,,-2.5B,,
2025-10-07 06:45:00,FR,Exports,https://tradingeconomics.com/france/exports,,52.1B,,
2025-10-07 06:45:00,FR,Foreign Exchange Reserves,https://tradingeconomics.com/france/foreign-exchange-reserves,,304.802B,,
2025-10-07 06:45:00,FR,Imports,https://tradingeconomics.com/france/imports,,57.7B,,
2025-10-07 08:40:00,ES,12-Month Letras Auction,https://tradingeconomics.com/spain/52-week-bill-yield,,1.986%,,
2025-10-07 08:40:00,ES,6-Month Letras Auction,https://tradingeconomics.com/spain/6-month-bill-yield,,1.958%,,
2025-10-07 09:00:00,SG,Foreign Exchange Reserves,https://tradingeconomics.com/singapore/foreign-exchange-reserves,,S$502.0B,,S$512.0B
2025-10-07 09:00:00,GB,BBA Mortgage Rate,https://tradingeconomics.com/united-kingdom/mortgage-rate,,6.86%,,6.9%
2025-10-07 09:30:00,DE,5-Year Bobl Auction,https://tradingeconomics.com/germany/5-year-note-yield,,,,
2025-10-07 12:00:00,MX,Auto Exports YoY,https://tradingeconomics.com/mexico/auto-exports,,1.4%,,
2025-10-07 12:00:00,MX,Auto Production YoY,https://tradingeconomics.com/mexico/car-production,,-0.8%,,
2025-10-07 12:30:00,CA,Balance of Trade,https://tradingeconomics.com/canada/balance-of-trade,,C$-4.94B,,
2025-10-07 12:30:00,CA,Exports,https://tradingeconomics.com/canada/exports,,C$61.86B,,C$62.5B
2025-10-07 12:30:00,CA,Imports,https://tradingeconomics.com/canada/imports,,,,
2025-10-07 12:30:00,US,Balance of Trade,https://tradingeconomics.com/united-states/balance-of-trade,,$-78.3B,,
2025-10-07 12:30:00,US,Exports,https://tradingeconomics.com/united-states/exports,,$280.5B,,
2025-10-07 12:30:00,US,Imports,https://tradingeconomics.com/united-states/imports,,$358.8B,,
2025-10-07 12:55:00,US,Redbook YoY,https://tradingeconomics.com/united-states/redbook-index,,,,
2025-10-07 13:00:00,BR,Car Production MoM,https://tradingeconomics.com/brazil/car-production,,3%,,
2025-10-07 13:00:00,BR,New Car Registrations MoM,https://tradingeconomics.com/brazil/car-registrations,,-7.3%,,
2025-10-07 13:00:00,RU,Foreign Exchange Reserves,https://tradingeconomics.com/russia/foreign-exchange-reserves,,,,$653.0B
2025-10-07 14:00:00,CA,Ivey PMI s.a,https://tradingeconomics.com/canada/business-confidence,,50.1,,53
2025-10-07 14:00:00,US,Fed Bostic Speech,https://tradingeconomics.com/united-states/interest-rate,,,,
2025-10-07 14:10:00,US,RCM/TIPP Economic Optimism Index,https://tradingeconomics.com/united-states/economic-optimism-index,,48.7,,48.5
2025-10-07 15:00:00,US,Consumer Inflation Expectations,https://tradingeconomics.com/united-states/inflation-expectations,,3.2%,,3.1%
2025-10-07 15:15:00,TR,Treasury Cash Balance,https://tradingeconomics.com/turkey/treasury-cash-balance,,TRY84.22B,,
2025-10-07 17:00:00,US,3-Year Note Auction,https://tradingeconomics.com/united-states/3-year-note-yield,,,,
2025-10-07 19:00:00,US,Consumer Credit Change,https://tradingeconomics.com/united-states/consumer-credit,,$16.01B,,$12.0B
2025-10-07 20:30:00,US,API Crude Oil Stock Change,https://tradingeconomics.com/united-states/api-crude-oil-stock-change,,,,
,RU,Vehicle Sales YoY,https://tradingeconomics.com/russia/total-vehicle-sales,,-19%,,
,US,Used Car Prices MoM,https://tradingeconomics.com/united-states/used-car-prices-mom,,0%,,
,US,Used Car Prices YoY,https://tradingeconomics.com/united-states/used-car-prices-yoy,,1.7%,,
,WL,Global Supply Chain Pressure Index,https://tradingeconomics.com/world/supply-chain-pressure-index,,-0.08,,
2025-10-07 23:30:00,JP,Average Cash Earnings YoY,https://tradingeconomics.com/japan/wage-growth,,3.4%,,4.3%
2025-10-07 23:30:00,JP,Overtime Pay YoY,https://tradingeconomics.com/japan/overtime-pay-yoy,,3.3%,,3.1%
2025-10-07 23:50:00,JP,Current Account,https://tradingeconomics.com/japan/current-account,,2684B,,2900.0B
2025-10-07 23:50:00,JP,Bank Lending YoY,https://tradingeconomics.com/japan/loan-growth,,3.6%,,2.9%
2025-10-08 00:30:00,AU,NAB Business Confidence,https://tradingeconomics.com/australia/business-confidence,,4,,9
2025-10-08 00:30:00,AU,Building Permits MoM Final,https://tradingeconomics.com/australia/building-permits-mom,,-8.2%,,
2025-10-08 00:30:00,AU,Private House Approvals MoM Final,https://tradingeconomics.com/australia/private-house-approvals-,,1.1%,,
2025-10-08 03:00:00,ID,Consumer Confidence,https://tradingeconomics.com/indonesia/consumer-confidence,,117.2,,120
2025-10-08 05:00:00,JP,Eco Watchers Survey Current,https://tradingeconomics.com/japan/economy-watchers-survey,,46.7,,47.1
2025-10-08 05:00:00,JP,Eco Watchers Survey Outlook,https://tradingeconomics.com/japan/economy-watchers-survey-outlook,,47.5,,47.9
2025-10-08 06:00:00,DE,Industrial Production MoM,https://tradingeconomics.com/germany/industrial-production-mom,,1.3%,,-0.2%
,ID,Motorbike Sales YoY,https://tradingeconomics.com/indonesia/motorbike-sales,,0.7%,,
2025-10-08 09:00:00,GB,,https://tradingeconomics.com,,,,
2025-10-08 11:00:00,US,MBA 30-Year Mortgage Rate,https://tradingeconomics.com/united-states/mortgage-rate,,,,
2025-10-08 11:00:00,US,MBA Mortgage Applications,https://tradingeconomics.com/united-states/mortgage-applications,,,,
2025-10-08 11:00:00,US,MBA Mortgage Market Index,https://tradingeconomics.com/united-states/mba-mortgage-market-index,,,,
2025-10-08 11:00:00,US,MBA Mortgage Refinance Index,https://tradingeconomics.com/united-states/mba-mortgage-refinance-index,,,,
2025-10-08 11:00:00,US,MBA Purchase Index,https://tradingeconomics.com/united-states/mba-purchase-index,,,,
2025-10-08 14:30:00,US,EIA Crude Oil Stocks Change,https://tradingeconomics.com/united-states/crude-oil-stocks-change,,,,
2025-10-08 14:30:00,US,EIA Gasoline Stocks Change,https://tradingeconomics.com/united-states/gasoline-stocks-change,,,,
2025-10-08 14:30:00,US,EIA Crude Oil Imports Change,https://tradingeconomics.com/united-states/crude-oil-imports,,,,
2025-10-08 14:30:00,US,EIA Cushing Crude Oil Stocks Change,https://tradingeconomics.com/united-states/cushing-crude-oil-stocks,,,,
2025-10-08 14:30:00,US,EIA Distillate Fuel Production Change,https://tradingeconomics.com/united-states/distillate-fuel-production,,,,
2025-10-08 14:30:00,US,EIA Distillate Stocks Change,https://tradingeconomics.com/united-states/distillate-stocks,,,,
2025-10-08 14:30:00,US,EIA Gasoline Production Change,https://tradingeconomics.com/united-states/gasoline-production,,,,
2025-10-08 14:30:00,US,EIA Heating Oil Stocks Change,https://tradingeconomics.com/united-states/heating-oil-stocks,,,,
2025-10-08 14:30:00,US,EIA Refinery Crude Runs Change,https://tradingeconomics.com/united-states/refinery-crude-runs,,,,
2025-10-08 15:30:00,US,17-Week Bill Auction,https://tradingeconomics.com/united-states/17-week-bill-yield,,,,
2025-10-08 16:00:00,CA,2-Year Bond Auction,https://tradingeconomics.com/canada/2-year-note-yield,,2.495%,,
2025-10-08 17:00:00,US,10-Year Note Auction,https://tradingeconomics.com/united-states/government-bond-yield,,4.033%,,
2025-10-08 19:00:00,AR,Industrial Production YoY,https://tradingeconomics.com/argentina/industrial-production,,,,
2025-10-08 19:00:00,US,FOMC Minutes,https://tradingeconomics.com/united-states/interest-rate,,,,
2025-10-08 23:01:00,GB,RICS House Price Balance,https://tradingeconomics.com/united-kingdom/rics-house-price-balance,,,,
2025-09-29 03:30:00,SG,Export Prices YoY,https://tradingeconomics.com/singapore/export-prices-yoy,-5.3%,-8.0%,,-7.3%
2025-09-29 03:30:00,SG,Import Prices YoY,https://tradingeconomics.com/singapore/import-prices-yoy,-3.8%,-6.1%,,-5.9%
2025-09-29 03:30:00,SG,PPI YoY,https://tradingeconomics.com/singapore/producer-prices-change,1.1%,-2.4%,,-1.0%
,OP,,https://tradingeconomics.com,,,,
2025-10-08 23:30:00,AU,Westpac Consumer Confidence Index,https://tradingeconomics.com/australia/consumer-confidence,,95.4,,97.8
2025-10-08 23:50:00,JP,Foreign Bond Investment,https://tradingeconomics.com/japan/foreign-bond-investment,,,,
2025-10-08 23:50:00,JP,Stock Investment by Foreigners,https://tradingeconomics.com/japan/foreign-stock-investment,,,,
2025-10-09 00:00:00,AU,Consumer Inflation Expectations,https://tradingeconomics.com/australia/inflation-expectations,,4.7%,,4.5%
2025-10-09 00:00:00,JP,Reuters Tankan Index,https://tradingeconomics.com/japan/reuters-tankan-index,,13,,15
2025-10-09 03:00:00,ID,Retail Sales YoY,https://tradingeconomics.com/indonesia/retail-sales-annual,,4.7%,,
2025-10-09 03:35:00,JP,5-Year JGB Auction,https://tradingeconomics.com/japan/5-year-note-yield,,1.119%,,
2025-10-09 03:35:00,JP,6-Month Bill Auction,https://tradingeconomics.com/japan/6-month-bill-yield,,0.5135%,,
2025-10-09 05:00:00,SG,6-Month T-Bill Auction,https://tradingeconomics.com/singapore/6-month-bill-yield,,1.44%,,
2025-10-09 06:00:00,DE,Balance of Trade,https://tradingeconomics.com/germany/balance-of-trade,,14.7B,,
2025-10-09 06:00:00,DE,Exports MoM,https://tradingeconomics.com/germany/exports,,-0.6%,,
2025-10-09 06:00:00,DE,Imports MoM,https://tradingeconomics.com/germany/imports,,-0.1%,,
2025-10-09 06:00:00,JP,Machine Tool Orders YoY,https://tradingeconomics.com/japan/machine-tool-orders,,8.1%,,8.5%
2025-10-09 07:00:00,TR,Industrial Production YoY,https://tradingeconomics.com/turkey/industrial-production,,5.0%,,
2025-10-09 07:00:00,TR,Industrial Production MoM,https://tradingeconomics.com/turkey/industrial-production-mom,,-1.8%,,
,ID,Car Sales YoY,https://tradingeconomics.com/indonesia/car-registrations,,-19.0%,,
,SA,Industrial Production YoY,https://tradingeconomics.com/saudi-arabia/industrial-production,,6.5%,,
,FR,New Car Registrations YoY,https://tradingeconomics.com/france/new-passenger-car-registrations-yoy,,2.2%,,
2025-09-29 11:00:00,GB,,https://tradingeconomics.com,,,,
2025-10-09 11:00:00,ZA,Manufacturing Production MoM,https://tradingeconomics.com/south-africa/industrial-production-mom,,-0.5%,,-1.0%
2025-10-09 11:00:00,ZA,Manufacturing Production YoY,https://tradingeconomics.com/south-africa/industrial-production,,-0.7%,,1.2%
2025-10-09 11:30:00,TR,Foreign Exchange Reserves,https://tradingeconomics.com/turkey/foreign-exchange-reserves,,,,
2025-10-09 12:00:00,BR,Inflation Rate MoM,https://tradingeconomics.com/brazil/inflation-rate-mom,,-0.11%,,0.4%
2025-10-09 12:00:00,BR,Inflation Rate YoY,https://tradingeconomics.com/brazil/inflation-cpi,,5.13%,,5.1%
2025-10-09 12:00:00,MX,Inflation Rate MoM,https://tradingeconomics.com/mexico/inflation-rate-mom,,0.06%,,0.4%
2025-10-09 12:00:00,MX,Inflation Rate YoY,https://tradingeconomics.com/mexico/inflation-cpi,,3.57%,,3.9%
2025-10-09 12:00:00,MX,Core Inflation Rate MoM,https://tradingeconomics.com/mexico/core-inflation-rate-mom,,0.22%,,0.2%
2025-10-09 12:00:00,MX,Core Inflation Rate YoY,https://tradingeconomics.com/mexico/core-inflation-rate,,4.23%,,4.2%
2025-10-09 12:30:00,US,Fed Chair Powell Speech,https://tradingeconomics.com/united-states/interest-rate,,,,
2025-10-09 12:30:00,US,Initial Jobless Claims,https://tradingeconomics.com/united-states/jobless-claims,,,,235K
2025-10-09 12:30:00,US,Continuing Jobless Claims,https://tradingeconomics.com/united-states/continuing-jobless-claims,,,,
2025-10-09 12:30:00,US,Jobless Claims 4-week Average,https://tradingeconomics.com/united-states/jobless-claims-4-week-average,,,,
2025-10-09 12:35:00,US,Fed Bowman Speech,https://tradingeconomics.com/united-states/interest-rate,,,,
2025-10-09 14:00:00,US,Wholesale Inventories MoM,https://tradingeconomics.com/united-states/wholesale-inventories,,0%,-0.2%,-0.2%
2025-10-09 14:30:00,US,EIA Natural Gas Stocks Change,https://tradingeconomics.com/united-states/natural-gas-stocks-change,,,,
2025-10-09 15:00:00,MX,Monetary Policy Meeting Minutes,https://tradingeconomics.com/mexico/interest-rate,,,,
2025-10-09 15:30:00,US,4-Week Bill Auction,https://tradingeconomics.com/united-states/4-week-bill-yield,,,,
2025-10-09 15:30:00,US,8-Week Bill Auction,https://tradingeconomics.com/united-states/8-week-bill-yield,,,,
2025-10-09 16:00:00,US,15-Year Mortgage Rate,https://tradingeconomics.com/united-states/15-year-mortgage-rate,,,,
2025-10-09 16:00:00,US,30-Year Mortgage Rate,https://tradingeconomics.com/united-states/30-year-mortgage-rate,,,,
2025-10-09 16:00:00,US,,https://tradingeconomics.com,,,,
2025-10-09 17:00:00,US,30-Year Bond Auction,https://tradingeconomics.com/united-states/30-year-bond-yield,,,,
2025-10-09 19:45:00,US,Fed Bowman Speech,https://tradingeconomics.com/united-states/interest-rate,,,,
2025-10-09 20:30:00,US,Fed Balance Sheet,https://tradingeconomics.com/united-states/central-bank-balance-sheet,,,,
2025-10-09 21:00:00,KR,Foreign Exchange Reserves,https://tradingeconomics.com/south-korea/foreign-exchange-reserves,,$416.29B,,$418.0B
,CN,Foreign Exchange Reserves,https://tradingeconomics.com/china/foreign-exchange-reserves,,$3.322T,,$ 3.31T
2025-09-29 17:30:00,BR,Net Payrolls,https://tradingeconomics.com/brazil/non-farm-payrolls,147.36K,129.78K,160K,205.0K
2025-09-30 05:00:00,KR,30-Year KTB Auction,https://tradingeconomics.com/south-korea/30-year-bond-yield,2.820%,2.780%,,
2025-09-30 06:00:00,SA,Unemployment Rate,https://tradingeconomics.com/saudi-arabia/unemployment-rate,3.2%,2.8%,,2.60%
2025-10-09 23:50:00,JP,PPI MoM,https://tradingeconomics.com/japan/producer-price-inflation-mom,,-0.2%,,0.3%
2025-10-09 23:50:00,JP,PPI YoY,https://tradingeconomics.com/japan/producer-prices-change,,2.7%,,2.7%
2025-10-10 03:35:00,JP,3-Month Bill Auction,https://tradingeconomics.com/japan/3-month-bill-yield,,,,
2025-10-10 07:00:00,TR,Retail Sales MoM,https://tradingeconomics.com/turkey/retail-sales,,-0.2%,,
2025-10-10 07:00:00,TR,Retail Sales YoY,https://tradingeconomics.com/turkey/retail-sales-annual,,13%,,
2025-09-30 08:10:00,ES,Current Account,https://tradingeconomics.com/spain/current-account,6.27B,5.36B,,5.5B
2025-09-30 09:10:00,CN,Current Account Final,https://tradingeconomics.com/china/current-account,$128.7B,$165.4B,,$135.1B
2025-09-30 09:30:00,ZA,Budget Balance,https://tradingeconomics.com/south-africa/government-budget-value,ZAR-38.35B,ZAR-150.85B,,ZAR -45.0B
2025-09-30 11:00:00,IN,Government Budget Value,https://tradingeconomics.com/india/government-budget-value,INR -5980B,INR-4684.2B,,INR -5500.0B
2025-09-30 14:01:00,AU,Cotality Dwelling Prices MoM,https://tradingeconomics.com/australia/corelogic-dwelling-prices-mom,0.9%,0.8%,,0.3%
2025-09-30 15:00:00,SA,M3 Money Supply YoY,https://tradingeconomics.com/saudi-arabia/money-supply-m3,8.4%,8.4%,,
2025-09-30 15:00:00,SA,Private Bank Lending YoY,https://tradingeconomics.com/saudi-arabia/loan-growth,13.2%,13.7%,,13.5%
2025-09-30 15:30:00,RU,M2 Money Supply YoY,https://tradingeconomics.com/russia/money-supply-m2,14.4%,15%,,15.0%
2025-10-08 03:35:00,JP,,https://tradingeconomics.com,,,,
2025-10-10 08:00:00,IT,Industrial Production MoM,https://tradingeconomics.com/italy/industrial-production-mom,,0.4%,,
2025-10-10 08:00:00,IT,Industrial Production YoY,https://tradingeconomics.com/italy/industrial-production,,0.9%,,
2025-10-10 09:10:00,IT,12-Month BOT Auction,https://tradingeconomics.com/italy/52-week-bill-yield,,,,
2025-10-10 11:30:00,IN,Bank Loan Growth YoY,https://tradingeconomics.com/india/loan-growth,,,,
2025-10-10 11:30:00,IN,Deposit Growth YoY,https://tradingeconomics.com/india/deposit-growth,,,,
2025-10-10 11:30:00,IN,Foreign Exchange Reserves,https://tradingeconomics.com/india/foreign-exchange-reserves,,,,$ 705B
2025-10-10 12:00:00,BR,PPI MoM,https://tradingeconomics.com/brazil/producer-price-inflation-mom,,-0.3%,,
2025-10-10 12:00:00,BR,PPI YoY,https://tradingeconomics.com/brazil/producer-prices-change,,1.36%,,
2025-10-10 12:00:00,MX,Industrial Production MoM,https://tradingeconomics.com/mexico/industrial-production-mom,,-1.2%,,
2025-10-10 12:00:00,MX,Industrial Production YoY,https://tradingeconomics.com/mexico/industrial-production,,-2.7%,,
2025-10-10 12:30:00,CA,Unemployment Rate,https://tradingeconomics.com/canada/unemployment-rate,,7%,,7.2%
2025-10-10 12:30:00,CA,Employment Change,https://tradingeconomics.com/canada/employment-change,,-65.5K,,15.0K
2025-10-10 12:30:00,CA,Full Time Employment Chg,https://tradingeconomics.com/canada/full-time-employment,,-6K,,35.0K
2025-10-10 12:30:00,CA,Part Time Employment Chg,https://tradingeconomics.com/canada/part-time-employment,,-59.7K,,-20K
2025-10-10 12:30:00,CA,Participation Rate,https://tradingeconomics.com/canada/labor-force-participation-rate,,65.1%,,65.4%
2025-10-10 12:30:00,CA,Average Hourly Wages YoY,https://tradingeconomics.com/canada/average-hourly-earnings,,3.6%,,3.0%
2025-10-10 14:00:00,US,Michigan Consumer Sentiment Prel,https://tradingeconomics.com/united-states/consumer-confidence,,55.1,,
2025-10-10 14:00:00,US,Michigan 5 Year Inflation Expectations Prel,https://tradingeconomics.com/united-states/michigan-5-year-inflation-expectations,,3.7%,,
2025-10-10 14:00:00,US,Michigan Consumer Expectations Prel,https://tradingeconomics.com/united-states/michigan-consumer-expectations,,51.7,,
2025-10-10 14:00:00,US,Michigan Current Conditions Prel,https://tradingeconomics.com/united-states/michigan-current-economic-conditions,,60.4,,
2025-10-10 14:00:00,US,Michigan Inflation Expectations Prel,https://tradingeconomics.com/united-states/michigan-inflation-expectations,,4.7%,,
2025-10-10 16:00:00,RU,Inflation Rate MoM,https://tradingeconomics.com/russia/inflation-rate-mom,,-0.4%,,0.7%
2025-10-10 16:00:00,RU,Inflation Rate YoY,https://tradingeconomics.com/russia/inflation-cpi,,8.1%,,7.2%
2025-10-10 17:00:00,US,Baker Hughes Oil Rig Count,https://tradingeconomics.com/united-states/crude-oil-rigs,,,,
2025-10-10 17:00:00,US,Baker Hughes Total Rigs Count,https://tradingeconomics.com/united-states/total-rigs,,,,
2025-10-10 18:00:00,US,Monthly Budget Statement,https://tradingeconomics.com/united-states/government-budget-value,,$-345B,,
2025-10-01 05:00:00,ID,Tourist Arrivals YoY,https://tradingeconomics.com/indonesia/tourist-arrivals,12.33%,13.01%,,
2025-10-01 10:15:00,ES,New Car Sales YoY,https://tradingeconomics.com/spain/total-vehicle-sales,16.4%,17.2%,,17.3%
2025-10-01 16:30:00,IT,New Car Registrations YoY,https://tradingeconomics.com/italy/new-passenger-car-registrations-yoy,4.1%,-2.7%,,-0.5%
2025-10-01 23:00:00,SG,URA Property Index QoQ Prel,https://tradingeconomics.com/singapore/house-price-index-mom,1.2%,1%,,0.8%
2025-10-02 16:30:00,RU,GDP YoY,https://tradingeconomics.com/russia/monthly-gdp-yoy,0.4%,0.4%,,0.7%
,US,Initial Jobless Claims,https://tradingeconomics.com/united-states/jobless-claims,,218K,223K,223.0K
,US,Continuing Jobless Claims,https://tradingeconomics.com/united-states/continuing-jobless-claims,,1926K,1930K,1929.0K
,US,Jobless Claims 4-week Average,https://tradingeconomics.com/united-states/jobless-claims-4-week-average,,237.5K,,239.0K
,US,Factory Orders MoM,https://tradingeconomics.com/united-states/factory-orders,,-1.3%,1.4%,1.4%
,US,Factory Orders ex Transportation,https://tradingeconomics.com/united-states/factory-orders-ex-transportation,,0.6%,,0.1%
2025-10-01 16:30:00,RU,GDP YoY,https://tradingeconomics.com/russia/monthly-gdp-yoy,0.4%,0.4%,,0.7%
2025-10-01 23:00:00,AR,Tax Revenue,https://tradingeconomics.com/argentina/tax-revenue,ARS15445B,ARS15359B,,
2025-10-01 23:00:00,US,Total Vehicle Sales,https://tradingeconomics.com/united-states/total-vehicle-sales,16.4M,16.1M,16.2M,
,US,Non Farm Payrolls,https://tradingeconomics.com/united-states/non-farm-payrolls,,22K,50K,50.0K
,US,Unemployment Rate,https://tradingeconomics.com/united-states/unemployment-rate,,4.3%,4.3%,4.3%
,US,Average Hourly Earnings MoM,https://tradingeconomics.com/united-states/average-hourly-earnings,,0.3%,0.3%,0.2%
,US,Average Hourly Earnings YoY,https://tradingeconomics.com/united-states/average-hourly-earnings-yoy,,3.7%,3.7%,3.7%
,US,Participation Rate,https://tradingeconomics.com/united-states/labor-force-participation-rate,,62.3%,,62.3%
,US,Average Weekly Hours,https://tradingeconomics.com/united-states/average-weekly-hours,,34.2,34.2,34.2
,US,Government Payrolls,https://tradingeconomics.com/united-states/government-payrolls,,-16K,,-10.0K
,US,Manufacturing Payrolls,https://tradingeconomics.com/united-states/manufacturing-payrolls,,-12K,-8K,-4.0K
,US,Nonfarm Payrolls Private,https://tradingeconomics.com/united-states/nonfarm-payrolls-private,,38K,60K,40.0K
,US,U-6 Unemployment Rate,https://tradingeconomics.com/united-states/u6-unemployment-rate,,8.1%,,8.1%
2025-10-02 07:45:00,TR,Balance of Trade Prel,https://tradingeconomics.com/turkey/balance-of-trade,$-6.9B,$-4.2B,,$ -4.6B
2025-10-02 07:45:00,TR,Exports Prel,https://tradingeconomics.com/turkey/exports,$22.6B,$21.8B,,$ 22.5B
2025-10-02 07:45:00,TR,Imports Prel,https://tradingeconomics.com/turkey/imports,$29.5B,$25.9B,,$ 26.5B
2025-10-02 12:30:00,ZA,Total New Vehicle Sales,https://tradingeconomics.com/south-africa/total-vehicle-sales,54.7K,51.88K,,52.0K
2025-10-06 23:30:00,AU,Westpac Consumer Confidence Index,https://tradingeconomics.com/australia/consumer-confidence,,95.4,,97.8
2025-10-07 09:00:00,GB,,https://tradingeconomics.com,,,,
2025-10-13 02:30:00,KR,3-Year KTB Auction,https://tradingeconomics.com/south-korea/3-year-note-yield,,2.430%,,
2025-10-13 03:00:00,CN,Balance of Trade,https://tradingeconomics.com/china/balance-of-trade,,$102.33B,,$ 88B
2025-10-13 03:00:00,CN,Exports YoY,https://tradingeconomics.com/china/exports-yoy,,4.4%,,
2025-10-13 03:00:00,CN,Imports YoY,https://tradingeconomics.com/china/imports-yoy,,1.3%,,
2025-10-13 07:00:00,TR,Current Account,https://tradingeconomics.com/turkey/current-account,,$1.77B,,
,TR,Auto Production YoY,https://tradingeconomics.com/turkey/car-production,,37%,,5.0%
,TR,Auto Sales YoY,https://tradingeconomics.com/turkey/total-vehicle-sales,,12.8%,,
2025-10-03 10:25:00,FR,New Car Registrations YoY,https://tradingeconomics.com/france/new-passenger-car-registrations-yoy,1.0%,2.2%,,
2025-10-03 17:30:00,US,Fed Logan Speech,https://tradingeconomics.com/united-states/interest-rate,,,,
2025-10-06 07:15:00,EA,ECB Guindos Speech,https://tradingeconomics.com/euro-area/interest-rate,,,,
2025-10-06 08:00:00,EA,ECB Lane Speech,https://tradingeconomics.com/euro-area/interest-rate,,,,
2025-10-06 17:00:00,EA,ECB President Lagarde Speech,https://tradingeconomics.com/euro-area/interest-rate,,,,
2025-10-06 17:30:00,GB,BoE Gov Bailey Speech,https://tradingeconomics.com/united-kingdom/interest-rate,,,,
2025-10-06 23:50:00,JP,Foreign Exchange Reserves,https://tradingeconomics.com/japan/foreign-exchange-reserves,,$1324.2B,,
2025-10-07 14:05:00,US,Fed Bowman Speech,https://tradingeconomics.com/united-states/interest-rate,,,,
2025-10-07 14:30:00,US,Fed Miran Speech,https://tradingeconomics.com/united-states/interest-rate,,,,
2025-10-07 15:30:00,US,Fed Kashkari Speech,https://tradingeconomics.com/united-states/interest-rate,,,,
2025-10-07 16:10:00,EA,ECB President Lagarde Speech,https://tradingeconomics.com/euro-area/interest-rate,,,,
2025-10-07 20:05:00,US,Fed Miran Speech,https://tradingeconomics.com/united-states/interest-rate,,,,
,US,Balance of Trade,https://tradingeconomics.com/united-states/balance-of-trade,,$-78.3B,$-61B,$-67.0B
,US,Exports,https://tradingeconomics.com/united-states/exports,,$280.5B,,$278.0B
,US,Imports,https://tradingeconomics.com/united-states/imports,,$358.8B,,$345.0B
2025-10-08 09:15:00,EA,ECB Buch Speech,https://tradingeconomics.com/euro-area/interest-rate,,,,
2025-10-08 10:30:00,EA,ECB Elderson Speech,https://tradingeconomics.com/euro-area/interest-rate,,,,
2025-10-08 13:00:00,EA,ECB Tuominen Speech,https://tradingeconomics.com/euro-area/interest-rate,,,,
2025-10-08 13:20:00,US,Fed Musalem Speech,https://tradingeconomics.com/united-states/interest-rate,,,,
2025-10-08 13:30:00,US,Fed Barr Speech,https://tradingeconomics.com/united-states/interest-rate,,,,
2025-10-08 15:00:00,GB,BoE Pill Speech,https://tradingeconomics.com/united-kingdom/interest-rate,,,,
2025-10-08 16:00:00,EA,ECB President Lagarde Speech,https://tradingeconomics.com/euro-area/interest-rate,,,,
2025-10-08 19:15:00,US,Fed Kashkari Speech,https://tradingeconomics.com/united-states/interest-rate,,,,
2025-10-08 21:45:00,US,Fed Barr Speech,https://tradingeconomics.com/united-states/interest-rate,,,,
,AU,RBA Annual Report 2025,https://tradingeconomics.com/australia/interest-rate,,,,
2025-10-09 11:30:00,EA,ECB Monetary Policy Meeting Accounts,https://tradingeconomics.com/euro-area/interest-rate,,,,
2025-10-09 12:15:00,CA,BoC Rogers Speech,https://tradingeconomics.com/canada/interest-rate,,,,
2025-10-09 15:00:00,EA,ECB Lane Speech,https://tradingeconomics.com/euro-area/interest-rate,,,,
2025-10-09 16:45:00,US,Fed Barr Speech,https://tradingeconomics.com/united-states/interest-rate,,,,
2025-10-09 22:00:00,AU,RBA Bullock Speech,https://tradingeconomics.com/australia/interest-rate,,,,
2025-10-09 22:00:00,AU,RBA Kent Speech,https://tradingeconomics.com/australia/interest-rate,,,,
,EA,,https://tradingeconomics.com,,,,
2025-10-10 13:45:00,US,Fed Goolsbee Speech,https://tradingeconomics.com/united-states/interest-rate,,,,
2025-10-10 17:00:00,US,Fed Musalem Speech,https://tradingeconomics.com/united-states/interest-rate,,,,
2025-10-13 09:30:00,DE,12-Month Bubill Auction,https://tradingeconomics.com/germany/52-week-bill-yield,,1.9381%,,
2025-10-13 10:30:00,IN,Inflation Rate YoY,https://tradingeconomics.com/india/inflation-cpi,,2.07%,,1.9%
2025-10-13 10:30:00,IN,Inflation Rate MoM,https://tradingeconomics.com/india/inflation-rate-mom,,0.46%,,0.4%
2025-10-13 12:45:00,DE,Current Account,https://tradingeconomics.com/germany/current-account,,14.8B,,
2025-10-13 13:00:00,FR,12-Month BTF Auction,https://tradingeconomics.com/france/52-week-bill-yield,,,,
2025-10-13 13:00:00,FR,3-Month BTF Auction,https://tradingeconomics.com/france/3-month-bill-yield,,,,
2025-10-13 13:00:00,FR,6-Month BTF Auction,https://tradingeconomics.com/france/6-month-bill-yield,,,,
2025-10-13 13:00:00,RU,Current Account,https://tradingeconomics.com/russia/current-account,,$7.3B,,$ 8B
2025-10-13 14:00:00,BR,Business Confidence,https://tradingeconomics.com/brazil/business-confidence,,46.2,,46
2025-10-13 23:01:00,GB,BRC Retail Sales Monitor YoY,https://tradingeconomics.com/united-kingdom/brc-retail-sales-monitor-yoy,,2.9%,,1.5%
2025-10-07 00:30:00,AU,Westpac Consumer Confidence Change,https://tradingeconomics.com/australia/consumer-confidence-mom,,-3.1%,,3.2%
2025-10-07 00:30:00,AU,Westpac Consumer Confidence Index,https://tradingeconomics.com/australia/consumer-confidence,,95.4,,97.8
2025-10-14 00:00:00,SG,GDP Growth Rate QoQ Adv,https://tradingeconomics.com/singapore/gdp-growth,,1.4%,,0.4%
2025-10-14 00:00:00,SG,GDP Growth Rate YoY Adv,https://tradingeconomics.com/singapore/gdp-growth-annual,,4.4%,,4.8%
2025-10-14 00:30:00,AU,NAB Business Confidence,https://tradingeconomics.com/australia/business-confidence,,4,,9
2025-10-14 00:30:00,AU,RBA Meeting Minutes,https://tradingeconomics.com/australia/interest-rate,,,,
2025-10-14 05:00:00,SG,MAS 12-Week Bill Auction,https://tradingeconomics.com/singapore/3-month-bill-yield,,,,
2025-10-14 05:00:00,SG,MAS 4-Week Bill Auction,https://tradingeconomics.com/singapore/1-month-bill-yield,,,,
2025-10-14 06:00:00,DE,Harmonised Inflation Rate MoM Final,https://tradingeconomics.com/germany/harmonised-inflation-rate-mom,,0.1%,0.2%,0.2%
2025-10-14 06:00:00,DE,Harmonised Inflation Rate YoY Final,https://tradingeconomics.com/germany/harmonised-inflation-rate-yoy,,2.1%,2.4%,2.4%
2025-10-14 06:00:00,DE,Inflation Rate MoM Final,https://tradingeconomics.com/germany/inflation-rate-mom,,0.1%,0.2%,0.2%
2025-10-14 06:00:00,DE,Inflation Rate YoY Final,https://tradingeconomics.com/germany/inflation-cpi,,2.2%,2.4%,2.4%
2025-10-14 06:00:00,GB,Unemployment Rate,https://tradingeconomics.com/united-kingdom/unemployment-rate,,4.7%,,4.7%
2025-10-14 06:00:00,GB,Average Earnings incl. Bonus (3Mo/Yr),https://tradingeconomics.com/united-kingdom/wage-growth,,4.7%,,4.4%
2025-10-14 06:00:00,GB,Employment Change,https://tradingeconomics.com/united-kingdom/employment-change,,232K,,70.0K
2025-10-14 06:00:00,GB,Average Earnings excl. Bonus (3Mo/Yr),https://tradingeconomics.com/united-kingdom/average-earnings-excluding-bonus,,4.8%,,4.7%
2025-10-14 06:00:00,GB,Claimant Count Change,https://tradingeconomics.com/united-kingdom/claimant-count-change,,17.4K,,12.0K
2025-10-14 06:00:00,GB,HMRC Payrolls Change,https://tradingeconomics.com/united-kingdom/non-farm-payrolls,,-8K,,-13.0K
2025-10-14 06:30:00,IN,WPI Food Index YoY,https://tradingeconomics.com/india/wpi-food-index-yoy,,0.21%,,0.5%
2025-10-14 06:30:00,IN,WPI Fuel YoY,https://tradingeconomics.com/india/wpi-fuel-yoy,,-3.17%,,-2.7%
2025-10-14 06:30:00,IN,WPI Inflation YoY,https://tradingeconomics.com/india/producer-prices-change,,0.52%,,0.7%
2025-10-14 06:30:00,IN,WPI Manufacturing YoY,https://tradingeconomics.com/india/wpi-manufacturing-yoy,,2.55%,,2.4%
,SG,Monetary Policy Statement,https://tradingeconomics.com/singapore/interest-rate,,,,
,CN,Vehicle Sales YoY,https://tradingeconomics.com/china/total-vehicle-sales,,16.4%,,16.0%
2025-10-14 08:00:00,FR,,https://tradingeconomics.com,,,,
2025-10-14 08:40:00,ES,3-Month Letras Auction,https://tradingeconomics.com/spain/3-month-bill-yield,,1.909%,,
2025-10-14 08:40:00,ES,,https://tradingeconomics.com,,1.968%,,
2025-10-14 09:00:00,EA,ZEW Economic Sentiment Index,https://tradingeconomics.com/euro-area/zew-economic-sentiment-index,,26.1,,
2025-10-14 09:00:00,DE,ZEW Economic Sentiment Index,https://tradingeconomics.com/germany/zew-economic-sentiment-index,,37.3,,
2025-10-14 09:00:00,DE,ZEW Current Conditions,https://tradingeconomics.com/germany/zew-current-conditions,,,,
2025-10-14 09:10:00,IT,,https://tradingeconomics.com,,,,
2025-10-14 09:30:00,DE,2-Year Schatz Auction,https://tradingeconomics.com/germany/2-year-note-yield,,2.01%,,
2025-10-14 09:30:00,ZA,Gold Production YoY,https://tradingeconomics.com/south-africa/gold-production,,-0.4%,,2.0%
2025-10-14 09:30:00,ZA,Mining Production MoM,https://tradingeconomics.com/south-africa/mining-production,,1%,,0.6%
2025-10-14 09:30:00,ZA,Mining Production YoY,https://tradingeconomics.com/south-africa/mining-production,,4.4%,,1.8%
2025-10-14 10:00:00,US,NFIB Business Optimism Index,https://tradingeconomics.com/united-states/nfib-business-optimism-index,,100.8,,100.5
2025-10-14 12:30:00,CA,Building Permits MoM,https://tradingeconomics.com/canada/building-permits-mom,,-0.1%,,
2025-10-14 12:55:00,US,Redbook YoY,https://tradingeconomics.com/united-states/redbook-index,,,,
2025-10-14 13:00:00,RU,Balance of Trade,https://tradingeconomics.com/russia/balance-of-trade,,$13.17B,,
2025-10-14 15:30:00,US,3-Month Bill Auction,https://tradingeconomics.com/united-states/3-month-bill-yield,,,,
2025-10-14 15:30:00,US,6-Month Bill Auction,https://tradingeconomics.com/united-states/6-month-bill-yield,,,,
2025-10-14 16:10:00,CA,BoC Rogers Speech,https://tradingeconomics.com/canada/interest-rate,,,,
2025-10-14 19:00:00,AR,Inflation Rate MoM,https://tradingeconomics.com/argentina/inflation-rate-mom,,1.9%,,3.0%
2025-10-14 19:00:00,AR,Inflation Rate YoY,https://tradingeconomics.com/argentina/inflation-cpi,,33.6%,,25.0%
,CN,New Yuan Loans,https://tradingeconomics.com/china/new-bank-loans,,CNY590B,,CNY1250.0B
,CN,M2 Money Supply YoY,https://tradingeconomics.com/china/money-supply-m2,,8.8%,,8.8%
,CN,Outstanding Loan Growth YoY,https://tradingeconomics.com/china/loan-growth,,,,7.2%
,CN,Total Social Financing,https://tradingeconomics.com/china/total-social-financing,,CNY2570B,,CNY 3850B
2025-10-15 00:00:00,AU,Westpac Leading Index MoM,https://tradingeconomics.com/australia/leading-economic-index,,-0.1%,,
2025-10-15 01:30:00,CN,Inflation Rate YoY,https://tradingeconomics.com/china/inflation-cpi,,-0.4%,,0.0%
2025-10-15 01:30:00,CN,Inflation Rate MoM,https://tradingeconomics.com/china/inflation-rate-mom,,,,
2025-10-15 01:30:00,CN,PPI YoY,https://tradingeconomics.com/china/producer-prices-change,,-2.9%,,-2.8%
2025-10-15 03:35:00,JP,20-Year JGB Auction,https://tradingeconomics.com/japan/20-year-bond-yield,,2.654%,,
2025-10-15 04:30:00,JP,Capacity Utilization MoM,https://tradingeconomics.com/japan/capacity-utilization,,-1.1%,,0.7%
2025-10-15 04:30:00,JP,Industrial Production MoM Final,https://tradingeconomics.com/japan/industrial-production-mom,,-1.2%,,-1.2%
2025-10-15 04:30:00,JP,Industrial Production YoY Final,https://tradingeconomics.com/japan/industrial-production,,-0.4%,,-1.3%
2025-10-15 05:00:00,SG,1-Year T-Bill Auction,https://tradingeconomics.com/singapore/12-month-bill-yield,,1.68%,,
2025-10-15 06:00:00,DE,Wholesale Prices MoM,https://tradingeconomics.com/germany/wholesale-prices-mom,,-0.6%,,0.1%
2025-10-15 06:00:00,DE,Wholesale Prices YoY,https://tradingeconomics.com/germany/wholesale-prices-yoy,,0.7%,,1.2%
2025-10-15 06:45:00,FR,Harmonised Inflation Rate MoM Final,https://tradingeconomics.com/france/harmonised-inflation-rate-mom,,0.5%,-1.1%,-1.1%
2025-10-15 06:45:00,FR,Harmonised Inflation Rate YoY Final,https://tradingeconomics.com/france/harmonised-inflation-rate-yoy,,0.8%,1.1%,1.1%
2025-10-15 06:45:00,FR,Inflation Rate MoM Final,https://tradingeconomics.com/france/inflation-rate-mom,,0.4%,-1%,-1.0%
2025-10-15 06:45:00,FR,Inflation Rate YoY Final,https://tradingeconomics.com/france/inflation-cpi,,0.9%,1.2%,1.2%
2025-10-15 07:00:00,ES,Core Inflation Rate YoY Final,https://tradingeconomics.com/spain/core-inflation-rate,,2.4%,2.3%,2.3%
2025-10-15 07:00:00,ES,Harmonised Inflation Rate MoM Final,https://tradingeconomics.com/spain/harmonised-inflation-rate-mom,,0%,0.1%,0.1%
2025-10-15 07:00:00,ES,Harmonised Inflation Rate YoY Final,https://tradingeconomics.com/spain/harmonised-inflation-rate-yoy,,2.7%,3%,3.0%
2025-10-15 07:00:00,ES,Inflation Rate MoM Final,https://tradingeconomics.com/spain/inflation-rate-mom,,0%,-0.4%,-0.4%
2025-10-15 07:00:00,ES,Inflation Rate YoY Final,https://tradingeconomics.com/spain/inflation-cpi,,2.7%,2.9%,2.9%
2025-10-15 07:15:00,ID,Foreign Direct Investment YoY,https://tradingeconomics.com/indonesia/foreign-direct-investment-yoy,,-7%,,-6.0%
,SA,Inflation Rate MoM,https://tradingeconomics.com/saudi-arabia/inflation-rate-mom,,0.1%,,0.1%
,SA,Inflation Rate YoY,https://tradingeconomics.com/saudi-arabia/inflation-cpi,,2.3%,,2.4%
,SA,Wholesale Prices YoY,https://tradingeconomics.com/saudi-arabia/producer-prices-change,,2.1%,,2.0%
2025-10-15 09:00:00,EA,Industrial Production MoM,https://tradingeconomics.com/euro-area/industrial-production-mom,,0.3%,,
2025-10-15 09:00:00,EA,Industrial Production YoY,https://tradingeconomics.com/euro-area/industrial-production,,1.8%,,
2025-10-15 09:00:00,GB,,https://tradingeconomics.com,,,,
2025-10-15 09:30:00,DE,30-Year Bund Auction,https://tradingeconomics.com/germany/30-year-bond-yield,,3.25%,,
2025-10-15 10:10:00,EU,,https://tradingeconomics.com,,,,
2025-10-15 10:30:00,IN,Unemployment Rate,https://tradingeconomics.com/india/unemployment-rate,,,,
2025-10-15 11:00:00,ZA,Retail Sales MoM,https://tradingeconomics.com/south-africa/retail-sales,,2.1%,,-0.6%
2025-10-15 11:00:00,ZA,Retail Sales YoY,https://tradingeconomics.com/south-africa/retail-sales-annual,,5.6%,,3.5%
2025-10-15 11:00:00,US,MBA 30-Year Mortgage Rate,https://tradingeconomics.com/united-states/mortgage-rate,,,,
2025-10-15 11:00:00,US,MBA Mortgage Applications,https://tradingeconomics.com/united-states/mortgage-applications,,,,
2025-10-15 11:00:00,US,MBA Mortgage Market Index,https://tradingeconomics.com/united-states/mba-mortgage-market-index,,,,
2025-10-15 11:00:00,US,MBA Mortgage Refinance Index,https://tradingeconomics.com/united-states/mba-mortgage-refinance-index,,,,
2025-10-15 11:00:00,US,MBA Purchase Index,https://tradingeconomics.com/united-states/mba-purchase-index,,,,
2025-10-15 11:30:00,IN,M3 Money Supply YoY,https://tradingeconomics.com/india/money-supply-m3,,,,
2025-10-15 12:00:00,BR,Retail Sales MoM,https://tradingeconomics.com/brazil/retail-sales,,-0.3%,,
2025-10-15 12:00:00,BR,Retail Sales YoY,https://tradingeconomics.com/brazil/retail-sales-annual,,1%,,
2025-10-15 12:30:00,CA,Manufacturing Sales MoM Final,https://tradingeconomics.com/canada/manufacturing-sales,,2.5%,,
2025-10-15 12:30:00,CA,Wholesale Sales MoM Final,https://tradingeconomics.com/canada/wholesale-sales,,,,
2025-10-15 12:30:00,US,Core Inflation Rate MoM,https://tradingeconomics.com/united-states/core-inflation-rate-mom,,0.3%,,0.1%
2025-10-15 12:30:00,US,Core Inflation Rate YoY,https://tradingeconomics.com/united-states/core-inflation-rate,,3.1%,,3.0%
2025-10-15 12:30:00,US,Inflation Rate MoM,https://tradingeconomics.com/united-states/inflation-rate-mom,,0.4%,,0.4%
2025-10-15 12:30:00,US,Inflation Rate YoY,https://tradingeconomics.com/united-states/inflation-cpi,,2.9%,,3.0%
2025-10-15 12:30:00,US,CPI,https://tradingeconomics.com/united-states/consumer-price-index-cpi,,323.98,,324.8
2025-10-15 12:30:00,US,CPI s.a,https://tradingeconomics.com/united-states/cpi-seasonally-adjusted,,323.364,,324.7
2025-10-15 12:30:00,US,NY Empire State Manufacturing Index,https://tradingeconomics.com/united-states/ny-empire-state-manufacturing-index,,-8.7,,-5
2025-10-15 15:30:00,US,17-Week Bill Auction,https://tradingeconomics.com/united-states/17-week-bill-yield,,,,
2025-10-15 16:00:00,CA,30-Year Bond Auction,https://tradingeconomics.com/canada/30-year-bond-yield,,3.689%,,
2025-10-15 16:00:00,US,,https://tradingeconomics.com,,,,
2025-10-15 18:00:00,US,Fed Beige Book,https://tradingeconomics.com/united-states/interest-rate,,,,
2025-10-15 20:30:00,US,API Crude Oil Stock Change,https://tradingeconomics.com/united-states/api-crude-oil-stock-change,,,,
,TR,Budget Balance,https://tradingeconomics.com/turkey/government-budget-value,,TRY96.7B,,
,IN,Balance of Trade,https://tradingeconomics.com/india/balance-of-trade,,$-26.49B,,$ -23B
,IN,Exports,https://tradingeconomics.com/india/exports,,$35.1B,,$ 38B
,IN,Imports,https://tradingeconomics.com/india/imports,,$61.59B,,$ 61B
,IN,Passenger Vehicles Sales YoY,https://tradingeconomics.com/india/total-vehicle-sales,,-9.0%,,
,ZA,SACCI Business Confidence,https://tradingeconomics.com/south-africa/coincident-index,,,,
2025-10-15 23:50:00,JP,Machinery Orders MoM,https://tradingeconomics.com/japan/machinery-orders,,-4.6%,,2.2%
2025-10-15 23:50:00,JP,Machinery Orders YoY,https://tradingeconomics.com/japan/machinery-orders-yoy,,4.9%,,4.2%
2025-10-16 00:30:00,AU,Employment Change,https://tradingeconomics.com/australia/employment-change,,-5.4K,,19.0K
2025-10-16 00:30:00,AU,Full Time Employment Chg,https://tradingeconomics.com/australia/full-time-employment,,-40.9K,,
2025-10-16 00:30:00,AU,Unemployment Rate,https://tradingeconomics.com/australia/unemployment-rate,,4.2%,,4.3%
2025-10-16 00:30:00,AU,Part Time Employment Chg,https://tradingeconomics.com/australia/part-time-employment,,35.5K,,
2025-10-16 00:30:00,AU,Participation Rate,https://tradingeconomics.com/australia/labor-force-participation-rate,,66.8%,,66.9%
2025-10-16 03:35:00,JP,52-Week Bill Auction,https://tradingeconomics.com/japan/52-week-bill-yield,,0.7273%,,
2025-10-16 03:35:00,JP,,https://tradingeconomics.com,,,,
2025-10-16 04:30:00,JP,Tertiary Industry Index MoM,https://tradingeconomics.com/japan/tertiary-industry-index,,0.5%,,
2025-10-16 06:00:00,GB,GDP MoM,https://tradingeconomics.com/united-kingdom/monthly-gdp-mom,,0%,,
2025-10-16 06:00:00,GB,GDP 3-Month Avg,https://tradingeconomics.com/united-kingdom/leading-economic-index,,0.2%,,
2025-10-16 06:00:00,GB,Goods Trade Balance,https://tradingeconomics.com/united-kingdom/goods-trade-balance,,-22.24B,,
2025-10-16 06:00:00,GB,Goods Trade Balance Non-EU,https://tradingeconomics.com/united-kingdom/goods-trade-balance-non-eu,,-10.16B,,
2025-10-16 06:00:00,GB,Industrial Production MoM,https://tradingeconomics.com/united-kingdom/industrial-production-mom,,-0.9%,,
2025-10-16 06:00:00,GB,Manufacturing Production MoM,https://tradingeconomics.com/united-kingdom/manufacturing-production-mom,,-1.3%,,
2025-10-16 06:00:00,GB,Balance of Trade,https://tradingeconomics.com/united-kingdom/balance-of-trade,,-5.260B,,
2025-10-16 06:00:00,GB,Construction Output YoY,https://tradingeconomics.com/united-kingdom/construction-output,,2.4%,,1.0%
2025-10-16 06:00:00,GB,GDP YoY,https://tradingeconomics.com/united-kingdom/monthly-gdp-yoy,,1.4%,,
2025-10-16 06:00:00,GB,Industrial Production YoY,https://tradingeconomics.com/united-kingdom/industrial-production,,0.1%,,
2025-10-16 06:00:00,GB,Manufacturing Production YoY,https://tradingeconomics.com/united-kingdom/manufacturing-production,,0.2%,,
2025-10-16 07:20:00,ID,Loan Growth YoY,https://tradingeconomics.com/indonesia/loan-growth,,7.56%,,7.5%
2025-10-08 09:30:00,DE,15-Year Bund Auction,https://tradingeconomics.com/germany/15-year-bond-yield,,,,
2025-10-08 09:30:00,DE,30-Year Bund Auction,https://tradingeconomics.com/germany/30-year-bond-yield,,,,
2025-10-08 10:00:00,DE,New Car Registrations YoY,https://tradingeconomics.com/germany/new-passenger-car-registrations-yoy,,5.0%,,7.5%
2025-10-08 18:00:00,US,FOMC Minutes,https://tradingeconomics.com/united-states/interest-rate,,,,
2025-10-16 08:00:00,IT,Harmonised Inflation Rate MoM Final,https://tradingeconomics.com/italy/harmonised-inflation-rate-mom,,-0.2%,1.3%,1.3%
2025-10-16 08:00:00,IT,Harmonised Inflation Rate YoY Final,https://tradingeconomics.com/italy/harmonised-inflation-rate-yoy,,1.6%,1.8%,1.8%
2025-10-16 08:00:00,IT,Inflation Rate MoM Final,https://tradingeconomics.com/italy/inflation-rate-mom,,0.1%,-0.2%,-0.2%
2025-10-16 08:00:00,IT,Inflation Rate YoY Final,https://tradingeconomics.com/italy/inflation-cpi,,1.6%,1.6%,1.6%
2025-10-16 08:40:00,ES,,https://tradingeconomics.com,,,,
2025-10-16 09:00:00,EA,Balance of Trade,https://tradingeconomics.com/euro-area/balance-of-trade,,12.4B,,
2025-10-16 09:00:00,FR,,https://tradingeconomics.com,,,,
2025-10-16 09:00:00,IT,Balance of Trade,https://tradingeconomics.com/italy/balance-of-trade,,7.908B,,
2025-10-16 11:00:00,CA,CFIB Business Barometer,https://tradingeconomics.com/canada/small-business-sentiment,,50.2,,50.7
2025-10-16 11:00:00,FR,,https://tradingeconomics.com,,,,
2025-10-16 11:00:00,ZA,Building Permits YoY,https://tradingeconomics.com/south-africa/building-permits,,-4.7%,,
2025-10-16 11:00:00,GB,,https://tradingeconomics.com,,0.3%,,0.2%
2025-10-16 11:30:00,TR,Foreign Exchange Reserves,https://tradingeconomics.com/turkey/foreign-exchange-reserves,,,,
2025-10-16 12:00:00,BR,IBC-BR Economic Activity,https://tradingeconomics.com/brazil/leading-economic-index,,-0.5%,,0.2%
2025-10-16 12:15:00,CA,Housing Starts,https://tradingeconomics.com/canada/housing-starts,,245.8K,,230.0K
2025-10-16 12:30:00,CA,New Motor Vehicle Sales,https://tradingeconomics.com/canada/car-registrations,,179.8K,,170.0K
2025-10-16 12:30:00,US,PPI MoM,https://tradingeconomics.com/united-states/producer-price-inflation-mom,,-0.1%,,0.5%
2025-10-16 12:30:00,US,Retail Sales MoM,https://tradingeconomics.com/united-states/retail-sales,,0.6%,,0.2%
2025-10-16 12:30:00,US,Core PPI MoM,https://tradingeconomics.com/united-states/core-producer-prices-mom,,-0.1%,,0.2%
2025-10-16 12:30:00,US,Initial Jobless Claims,https://tradingeconomics.com/united-states/jobless-claims,,,,
2025-10-16 12:30:00,US,Philadelphia Fed Manufacturing Index,https://tradingeconomics.com/united-states/philadelphia-fed-manufacturing-index,,23.2,,4
2025-10-16 12:30:00,US,Retail Sales Control Group MoM,https://tradingeconomics.com/united-states/retail-sales-control-group,,0.7%,,0.2%
2025-10-16 12:30:00,US,Retail Sales Ex Autos MoM,https://tradingeconomics.com/united-states/retail-sales-ex-autos,,0.7%,,-0.1%
2025-10-16 12:30:00,US,Continuing Jobless Claims,https://tradingeconomics.com/united-states/continuing-jobless-claims,,,,1940.0K
2025-10-16 12:30:00,US,Core PPI YoY,https://tradingeconomics.com/united-states/core-producer-prices-yoy,,2.8%,,2.9%
2025-10-16 12:30:00,US,Jobless Claims 4-week Average,https://tradingeconomics.com/united-states/jobless-claims-4-week-average,,,,
2025-10-16 12:30:00,US,Philly Fed Business Conditions,https://tradingeconomics.com/united-states/philly-fed-business-conditions,,31.5,,
2025-10-16 12:30:00,US,Philly Fed CAPEX Index,https://tradingeconomics.com/united-states/philly-fed-capex-index,,12.50,,
2025-10-16 12:30:00,US,Philly Fed Employment,https://tradingeconomics.com/united-states/philly-fed-employment,,5.6,,
2025-10-16 12:30:00,US,Philly Fed New Orders,https://tradingeconomics.com/united-states/philly-fed-new-orders,,12.4,,
2025-10-16 12:30:00,US,Philly Fed Prices Paid,https://tradingeconomics.com/united-states/philly-fed-prices-paid,,46.80,,
2025-10-16 12:30:00,US,PPI,https://tradingeconomics.com/united-states/producer-prices,,149.160,,149.4
2025-10-16 12:30:00,US,"PPI Ex Food, Energy and Trade MoM",https://tradingeconomics.com/united-states/ppi-ex-food-energy-and-trade-services-mom,,0.3%,,0.4%
2025-10-16 12:30:00,US,"PPI Ex Food, Energy and Trade YoY",https://tradingeconomics.com/united-states/ppi-ex-food-energy-and-trade-services-yoy,,2.8%,,3.0%
2025-10-16 12:30:00,US,PPI YoY,https://tradingeconomics.com/united-states/producer-prices-change,,2.6%,,2.5%
2025-10-16 12:30:00,US,Retail Sales Ex Gas/Autos MoM,https://tradingeconomics.com/united-states/retail-sales-ex-gas-and-autos-mom,,0.7%,,-0.5%
2025-10-16 12:30:00,US,Retail Sales YoY,https://tradingeconomics.com/united-states/retail-sales-annual,,5%,,2.9%
2025-10-16 14:00:00,US,Business Inventories MoM,https://tradingeconomics.com/united-states/business-inventories,,0.2%,,0.1%
2025-10-16 14:00:00,US,NAHB Housing Market Index,https://tradingeconomics.com/united-states/nahb-housing-market-index,,32,,34
2025-10-16 14:00:00,US,Retail Inventories Ex Autos MoM,https://tradingeconomics.com/united-states/retail-inventories-ex-autos,,0.1%,0.3%,0.3%
2025-10-16 14:30:00,US,EIA Natural Gas Stocks Change,https://tradingeconomics.com/united-states/natural-gas-stocks-change,,,,
2025-10-16 15:30:00,US,4-Week Bill Auction,https://tradingeconomics.com/united-states/4-week-bill-yield,,,,
2025-10-16 15:30:00,US,8-Week Bill Auction,https://tradingeconomics.com/united-states/8-week-bill-yield,,,,
2025-10-16 16:00:00,RU,PPI MoM,https://tradingeconomics.com/russia/producer-price-inflation-mom,,1.1%,,0.6%
2025-10-16 16:00:00,RU,PPI YoY,https://tradingeconomics.com/russia/producer-prices-change,,0.4%,,0.6%
2025-10-16 16:00:00,US,EIA Crude Oil Stocks Change,https://tradingeconomics.com/united-states/crude-oil-stocks-change,,,,
2025-10-16 16:00:00,US,EIA Gasoline Stocks Change,https://tradingeconomics.com/united-states/gasoline-stocks-change,,,,
2025-10-16 16:00:00,US,15-Year Mortgage Rate,https://tradingeconomics.com/united-states/15-year-mortgage-rate,,,,
2025-10-16 16:00:00,US,30-Year Mortgage Rate,https://tradingeconomics.com/united-states/30-year-mortgage-rate,,,,
2025-10-16 16:00:00,US,EIA Crude Oil Imports Change,https://tradingeconomics.com/united-states/crude-oil-imports,,,,
2025-10-16 16:00:00,US,EIA Cushing Crude Oil Stocks Change,https://tradingeconomics.com/united-states/cushing-crude-oil-stocks,,,,
2025-10-16 16:00:00,US,EIA Distillate Fuel Production Change,https://tradingeconomics.com/united-states/distillate-fuel-production,,,,
2025-10-16 16:00:00,US,EIA Distillate Stocks Change,https://tradingeconomics.com/united-states/distillate-stocks,,,,
2025-10-16 16:00:00,US,EIA Gasoline Production Change,https://tradingeconomics.com/united-states/gasoline-production,,,,
2025-10-16 16:00:00,US,EIA Heating Oil Stocks Change,https://tradingeconomics.com/united-states/heating-oil-stocks,,,,
2025-10-16 16:00:00,US,EIA Refinery Crude Runs Change,https://tradingeconomics.com/united-states/refinery-crude-runs,,,,
2025-10-16 20:30:00,US,Fed Balance Sheet,https://tradingeconomics.com/united-states/central-bank-balance-sheet,,,,
2025-10-16 21:00:00,KR,Export Prices YoY,https://tradingeconomics.com/south-korea/export-prices-yoy,,-1%,,-3.2%
2025-10-16 21:00:00,KR,Import Prices YoY,https://tradingeconomics.com/south-korea/import-prices-yoy,,-2.2%,,-3.8%
2025-10-16 23:00:00,KR,Unemployment Rate,https://tradingeconomics.com/south-korea/unemployment-rate,,,,2.60%
2025-10-07 02:00:00,CN,Foreign Exchange Reserves,https://tradingeconomics.com/china/foreign-exchange-reserves,$3.339T,$3.322T,,$ 3.31T
2025-10-16 23:50:00,JP,Foreign Bond Investment,https://tradingeconomics.com/japan/foreign-bond-investment,,,,
2025-10-16 23:50:00,JP,Stock Investment by Foreigners,https://tradingeconomics.com/japan/foreign-stock-investment,,,,
2025-10-17 00:30:00,SG,Non-Oil Exports MoM,https://tradingeconomics.com/singapore/exports-of-non-oil-domestic-exports-of,,-8.9%,,-3.7%
2025-10-17 00:30:00,SG,Non-Oil Exports YoY,https://tradingeconomics.com/singapore/domestic-exports-of-non-oil-nodx-pctyoy,,-11.3%,,-7.2%
2025-10-17 01:30:00,SG,Balance of Trade,https://tradingeconomics.com/singapore/balance-of-trade,,$5.078B,,$ 5.7B
2025-10-17 02:30:00,KR,50-Year KTB Auction,https://tradingeconomics.com/south-korea/50-year-bond-yield,,2.570%,,
2025-10-17 03:35:00,JP,3-Month Bill Auction,https://tradingeconomics.com/japan/3-month-bill-yield,,,,
2025-10-07 10:00:00,RU,Vehicle Sales YoY,https://tradingeconomics.com/russia/total-vehicle-sales,-20%,-19%,,
2025-10-07 10:05:00,US,LMI Logistics Managers Index,https://tradingeconomics.com/united-states/lmi-logistics-managers-index-current,57.4,59.3,,
2025-10-07 13:00:00,US,Used Car Prices MoM,https://tradingeconomics.com/united-states/used-car-prices-mom,-0.2%,0%,,
2025-10-07 13:00:00,US,Used Car Prices YoY,https://tradingeconomics.com/united-states/used-car-prices-yoy,2%,1.7%,,
2025-10-07 14:00:00,TR,Treasury Cash Balance,https://tradingeconomics.com/turkey/treasury-cash-balance,TRY-359.887B,TRY84.22B,,
2025-10-07 14:00:00,WL,Global Supply Chain Pressure Index,https://tradingeconomics.com/world/supply-chain-pressure-index,0.03,-0.04,,
2025-10-07 15:00:00,MX,Foreign Exchange Reserves,https://tradingeconomics.com/mexico/foreign-exchange-reserves,$247.3B,$244.4B,,$245.0B
2025-10-08 00:00:00,JP,Reuters Tankan Index,https://tradingeconomics.com/japan/reuters-tankan-index,8,13,,15
2025-10-08 13:00:00,BR,Car Production MoM,https://tradingeconomics.com/brazil/car-production,,3%,,0.8%
2025-10-08 13:00:00,BR,New Car Registrations MoM,https://tradingeconomics.com/brazil/car-registrations,,-7.3%,,3.1%
,US,Wholesale Inventories MoM,https://tradingeconomics.com/united-states/wholesale-inventories,,0%,-0.2%,-0.2%
2025-10-17 09:00:00,EA,Core Inflation Rate YoY Final,https://tradingeconomics.com/euro-area/core-inflation-rate,,2.3%,2.3%,2.3%
2025-10-17 09:00:00,EA,CPI Final,https://tradingeconomics.com/euro-area/consumer-price-index-cpi,,129.31,,129.4
2025-10-17 09:00:00,EA,Inflation Rate MoM Final,https://tradingeconomics.com/euro-area/inflation-rate-mom,,0.1%,,
2025-10-17 09:00:00,EA,Inflation Rate YoY Final,https://tradingeconomics.com/euro-area/inflation-cpi,,2%,2.2%,2.2%
2025-10-17 11:30:00,IN,Foreign Exchange Reserves,https://tradingeconomics.com/india/foreign-exchange-reserves,,,,
2025-10-17 12:30:00,CA,Foreign Securities Purchases,https://tradingeconomics.com/canada/foreign-stock-investment,,C$26.7B,,
2025-10-17 12:30:00,CA,Foreign Securities Purchases by Canadians,https://tradingeconomics.com/canada/investment-in-foreign-securities,,C$17.413B,,
2025-10-17 12:30:00,US,Building Permits Prel,https://tradingeconomics.com/united-states/building-permits,,1.33M,,1.34M
2025-10-17 12:30:00,US,Housing Starts,https://tradingeconomics.com/united-states/housing-starts,,1.307M,,1.32M
2025-10-17 12:30:00,US,Building Permits MoM Prel,https://tradingeconomics.com/united-states/building-permits-mom,,-2.3%,,0.8%
2025-10-17 12:30:00,US,Export Prices MoM,https://tradingeconomics.com/united-states/export-prices-mom,,0.3%,,-0.3%
2025-10-17 12:30:00,US,Housing Starts MoM,https://tradingeconomics.com/united-states/housing-starts-mom,,-8.5%,,1.0%
2025-10-17 12:30:00,US,Import Prices MoM,https://tradingeconomics.com/united-states/import-prices-mom,,0.3%,,-0.2%
2025-10-17 12:30:00,US,Export Prices YoY,https://tradingeconomics.com/united-states/export-prices-yoy,,3.4%,,3.7%
2025-10-17 12:30:00,US,Import Prices YoY,https://tradingeconomics.com/united-states/import-prices-yoy,,0.0%,,-0.1%
2025-10-17 13:15:00,US,Industrial Production MoM,https://tradingeconomics.com/united-states/industrial-production-mom,,0.1%,,0.1%
2025-10-17 13:15:00,US,Capacity Utilization,https://tradingeconomics.com/united-states/capacity-utilization,,77.4%,,77.7%
2025-10-17 13:15:00,US,Industrial Production YoY,https://tradingeconomics.com/united-states/industrial-production,,0.9%,,1.6%
2025-10-17 13:15:00,US,Manufacturing Production MoM,https://tradingeconomics.com/united-states/manufacturing-production-mom,,0.2%,,0.1%
2025-10-17 13:15:00,US,Manufacturing Production YoY,https://tradingeconomics.com/united-states/manufacturing-production,,0.9%,,1.3%
2025-10-17 17:00:00,US,Baker Hughes Oil Rig Count,https://tradingeconomics.com/united-states/crude-oil-rigs,,,,
2025-10-17 17:00:00,US,Baker Hughes Total Rigs Count,https://tradingeconomics.com/united-states/total-rigs,,,,
2025-10-17 20:00:00,US,Net Long-term TIC Flows,https://tradingeconomics.com/united-states/net-long-term-tic-flows,,$49.2B,,
2025-10-17 20:00:00,US,Foreign Bond Investment,https://tradingeconomics.com/united-states/foreign-bond-investment,,$58.2B,,
2025-10-17 20:00:00,US,Overall Net Capital Flows,https://tradingeconomics.com/united-states/capital-flows,,$2.1B,,
2025-10-08 03:40:00,AU,RBA Annual Report 2025,https://tradingeconomics.com/australia/interest-rate,,,,
2025-10-09 23:50:00,JP,Bank Lending YoY,https://tradingeconomics.com/japan/loan-growth,,3.6%,3.7%,3.6%
2025-10-08 00:15:00,UG,GDP Growth Rate YoY,https://tradingeconomics.com/uganda/gdp-growth-annual,5.5%,8.4%,,7.2%
2025-10-08 01:00:00,NZ,RBNZ Interest Rate Decision,https://tradingeconomics.com/new-zealand/interest-rate,2.5%,3%,2.75%,2.5%
2025-10-08 01:00:00,PH,Unemployment Rate,https://tradingeconomics.com/philippines/unemployment-rate,3.9%,5.3%,,4.8%
2025-10-08 03:05:00,DO,Inflation Rate MoM,https://tradingeconomics.com/dominican-republic/inflation-rate-mom,0.34%,0.71%,,-0.1%
2025-10-08 03:05:00,DO,Inflation Rate YoY,https://tradingeconomics.com/dominican-republic/inflation-cpi,3.76%,3.71%,,4.2%
2025-10-08 04:30:00,TH,Consumer Confidence,https://tradingeconomics.com/thailand/consumer-confidence,50.7,50.1,,55
2025-10-08 05:30:00,EG,Inflation Rate MoM,https://tradingeconomics.com/egypt/inflation-rate-mom,1.8%,0.4%,,2.0%
2025-10-08 05:30:00,EG,Inflation Rate YoY,https://tradingeconomics.com/egypt/inflation-cpi,11.7%,12%,,11.8%
2025-10-08 06:00:00,LT,Inflation Rate MoM,https://tradingeconomics.com/lithuania/inflation-rate-mom,0.3%,-0.2%,,0.4%
2025-10-08 06:00:00,LT,Inflation Rate YoY,https://tradingeconomics.com/lithuania/inflation-cpi,4.0%,4.0%,,4.1%
2025-10-08 06:00:00,SE,CPIF MoM Prel,https://tradingeconomics.com/sweden/cpi-with-fixed-interest-rate-mom,0.1%,-0.2%,0.3%,0.2%
2025-10-08 06:00:00,SE,CPIF YoY Prel,https://tradingeconomics.com/sweden/cpi-with-fixed-interest-rate-yoy,3.1%,3.2%,3.2%,3.1%
2025-10-08 06:00:00,SE,Inflation Rate MoM Prel,https://tradingeconomics.com/sweden/inflation-rate-mom,0%,-0.4%,0.2%,0.0%
2025-10-08 06:00:00,SE,Inflation Rate YoY Prel,https://tradingeconomics.com/sweden/inflation-cpi,0.9%,1.1%,1.0%,0.9%
2025-10-08 06:30:00,HU,Core Inflation Rate YoY,https://tradingeconomics.com/hungary/core-inflation-rate,3.9%,3.9%,,3.8%
2025-10-08 06:30:00,HU,Inflation Rate MoM,https://tradingeconomics.com/hungary/inflation-rate-mom,0.0%,0.0%,,0.6%
2025-10-08 06:30:00,HU,Inflation Rate YoY,https://tradingeconomics.com/hungary/inflation-cpi,4.3%,4.3%,4.4%,4.3%
2025-10-08 07:00:00,AT,Balance of Trade,https://tradingeconomics.com/austria/balance-of-trade,-1886.3M,-1015.6M,,-820.0M
2025-10-08 07:00:00,CZ,Retail Sales MoM,https://tradingeconomics.com/czech-republic/retail-sales,0.6%,-0.4%,,-0.1%
2025-10-08 07:00:00,CZ,Retail Sales YoY,https://tradingeconomics.com/czech-republic/retail-sales-annual,3.5%,2.2%,3.2%,2.9%
2025-10-08 07:00:00,TH,Interest Rate Decision,https://tradingeconomics.com/thailand/interest-rate,1.5%,1.5%,1.25%,1.25%
2025-10-08 08:00:00,CZ,Foreign Exchange Reserves,https://tradingeconomics.com/czech-republic/foreign-exchange-reserves,$169.4B,$166.2B,,
2025-10-08 08:00:00,CZ,Unemployment Rate,https://tradingeconomics.com/czech-republic/unemployment-rate,4.5%,4.5%,4.5%,4.4%
2025-10-08 08:00:00,TW,Inflation Rate MoM,https://tradingeconomics.com/taiwan/inflation-rate-mom,0.11%,0.12%,,0.2%
2025-10-08 08:00:00,TW,Inflation Rate YoY,https://tradingeconomics.com/taiwan/inflation-cpi,1.25%,1.6%,,1.5%
2025-10-08 08:15:00,DE,New Car Registrations YoY,https://tradingeconomics.com/germany/new-passenger-car-registrations-yoy,12.8%,5.0%,,7.5%
2025-10-08 08:30:00,HK,Foreign Exchange Reserves,https://tradingeconomics.com/hong-kong/foreign-exchange-reserves,$419.2B,$421.6B,,
2025-10-08 08:30:00,IS,Interest Rate Decision,https://tradingeconomics.com/iceland/interest-rate,7.5%,7.5%,,7.5%
2025-10-08 09:00:00,CV,GDP Growth Rate YoY,https://tradingeconomics.com/cape-verde/gdp-growth-annual,6.2%,3.7%,,4.3%
2025-10-08 09:00:00,GR,Balance of Trade,https://tradingeconomics.com/greece/balance-of-trade,-2.1B,-3.0B,,-3.0B
2025-10-08 09:15:00,AO,Inflation Rate MoM,https://tradingeconomics.com/angola/inflation-rate-mom,1.08%,1.09%,,1.2%
2025-10-08 09:15:00,AO,Inflation Rate YoY,https://tradingeconomics.com/angola/inflation-cpi,18.24%,18.88%,,18.5%
2025-10-08 09:20:00,HU,Budget Balance,https://tradingeconomics.com/hungary/government-budget-value,HUF -303.2B,HUF-239.1B,,
2025-10-08 10:00:00,LV,Inflation Rate MoM,https://tradingeconomics.com/latvia/inflation-rate-mom,0.2%,-0.2%,,0.1%
2025-10-08 10:00:00,LV,Inflation Rate YoY,https://tradingeconomics.com/latvia/inflation-cpi,4.1%,4.1%,,4.0%
2025-10-08 10:40:00,ID,Car Sales YoY,https://tradingeconomics.com/indonesia/car-registrations,-15.1%,-19.0%,,
2025-10-08 11:00:00,CL,Core Inflation Rate MoM,https://tradingeconomics.com/chile/core-inflation-rate-mom,0.4%,-0.2%,,0.1%
2025-10-08 11:00:00,CL,Inflation Rate MoM,https://tradingeconomics.com/chile/inflation-rate-mom,0.4%,0%,0.4%,0.3%
2025-10-08 11:00:00,CL,Inflation Rate YoY,https://tradingeconomics.com/chile/inflation-cpi,4.4%,4.0%,,4.3%
2025-10-08 11:30:00,TZ,Inflation Rate YoY,https://tradingeconomics.com/tanzania/inflation-cpi,3.4%,3.4%,,3.5%
2025-10-08 12:00:00,HU,Monetary Policy Meeting Minutes,https://tradingeconomics.com/hungary/interest-rate,,,,
2025-10-08 12:00:00,RO,Interest Rate Decision,https://tradingeconomics.com/romania/interest-rate,6.5%,6.5%,6.5%,6.5%
2025-10-08 13:10:00,PL,Interest Rate Decision,https://tradingeconomics.com/poland/interest-rate,4.5%,4.75%,4.75%,4.75%
2025-10-08 13:25:00,EG,Core Inflation Rate YoY,https://tradingeconomics.com/egypt/core-inflation-rate,11.3%,10.7%,,10.5%
2025-10-08 13:30:00,AL,Inflation Rate MoM,https://tradingeconomics.com/albania/inflation-rate-mom,0.7%,0.3%,,0.4%
2025-10-08 13:30:00,AL,Inflation Rate YoY,https://tradingeconomics.com/albania/inflation-cpi,2.4%,2.3%,,2.2%
2025-10-09 04:30:00,NL,Household Consumption YoY,https://tradingeconomics.com/netherlands/personal-spending,,1.3%,,1.1%
2025-10-09 06:00:00,DK,Balance of Trade,https://tradingeconomics.com/denmark/balance-of-trade,,DKK30.6B,,DKK28.0B
2025-10-09 06:00:00,DK,Current Account,https://tradingeconomics.com/denmark/current-account,,DKK35.6B,,DKK34.0B
2025-10-09 06:00:00,LT,PPI MoM,https://tradingeconomics.com/lithuania/producer-price-inflation-mom,,-0.5%,,-0.2%
2025-10-09 06:00:00,LT,PPI YoY,https://tradingeconomics.com/lithuania/producer-prices-change,,-1.8%,,-1.3%
2025-10-09 06:00:00,NO,PPI YoY,https://tradingeconomics.com/norway/producer-prices-change,,-3%,,-1.4%
2025-10-09 06:00:00,SE,House Price Index MoM,https://tradingeconomics.com/sweden/house-price-index-mom,,2%,,2.0%
2025-10-09 06:30:00,PH,Interest Rate Decision,https://tradingeconomics.com/philippines/interest-rate,,5%,5%,5.0%
2025-10-09 07:00:00,AT,,https://tradingeconomics.com,,3.427%,,
2025-10-09 07:00:00,SK,Balance of Trade,https://tradingeconomics.com/slovakia/balance-of-trade,,246.5M,,200.0M
2025-10-09 08:00:00,TW,Balance of Trade,https://tradingeconomics.com/taiwan/balance-of-trade,,$16.83B,$15.66B,$ 10B
2025-10-09 08:00:00,TW,Exports YoY,https://tradingeconomics.com/taiwan/exports-yoy,,34.1%,35.5%,
2025-10-09 08:00:00,TW,Imports YoY,https://tradingeconomics.com/taiwan/imports-yoy,,29.7%,22.55%,
2025-10-09 09:00:00,HR,Balance of Trade,https://tradingeconomics.com/croatia/balance-of-trade,,-2.0B,,-1.8B
2025-10-09 09:00:00,GR,Harmonised Inflation Rate YoY,https://tradingeconomics.com/greece/harmonised-inflation-rate-yoy,,3.1%,,3.0%
2025-10-09 09:00:00,GR,Inflation Rate MoM,https://tradingeconomics.com/greece/inflation-rate-mom,,0.1%,,1.7%
2025-10-09 09:00:00,GR,Inflation Rate YoY,https://tradingeconomics.com/greece/inflation-cpi,,2.9%,,2.8%
2025-10-09 09:00:00,MT,Industrial Production YoY,https://tradingeconomics.com/malta/industrial-production,,4.0%,,3.6%
2025-10-09 10:00:00,IE,Harmonised Inflation Rate MoM Final,https://tradingeconomics.com/ireland/harmonised-inflation-rate-mom,,0.4%,,-0.2%
2025-10-09 10:00:00,IE,Harmonised Inflation Rate YoY Final,https://tradingeconomics.com/ireland/harmonised-inflation-rate-yoy,,1.9%,,2.7%
2025-10-09 10:00:00,IE,Industrial Production YoY,https://tradingeconomics.com/ireland/industrial-production,,10.3%,,9.1%
2025-10-09 10:00:00,IE,Inflation Rate MoM,https://tradingeconomics.com/ireland/inflation-rate-mom,,0.4%,,-0.1%
2025-10-09 10:00:00,IE,Inflation Rate YoY,https://tradingeconomics.com/ireland/inflation-cpi,,2%,,2.8%
2025-10-09 10:00:00,RS,Interest Rate Decision,https://tradingeconomics.com/serbia/interest-rate,,5.75%,,5.75%
2025-10-09 21:30:00,NZ,Business NZ PMI,https://tradingeconomics.com/new-zealand/manufacturing-pmi,,49.9,,50.9
2025-10-09 23:00:00,PE,Interest Rate Decision,https://tradingeconomics.com/peru/interest-rate,,4.25%,4.25%,4.25%
,,Inflation Rate MoM,https://tradingeconomics.com/namibia/inflation-rate-mom,,0%,,0.1%
,,Inflation Rate YoY,https://tradingeconomics.com/namibia/inflation-cpi,,3.2%,,3.0%
,IL,Composite Economic Index MoM,https://tradingeconomics.com/israel/leading-economic-index,,-0.64%,,-0.5%
2025-10-10 01:00:00,PH,Foreign Direct Investment,https://tradingeconomics.com/philippines/foreign-direct-investment,,$0.4B,,$0.5B
2025-10-10 04:00:00,MY,Industrial Production YoY,https://tradingeconomics.com/malaysia/industrial-production,,4.2%,3.6%,4.0%
2025-10-10 04:00:00,MY,Retail Sales YoY,https://tradingeconomics.com/malaysia/retail-sales-yoy,,5.6%,,4.5%
2025-10-10 04:00:00,MY,Unemployment Rate,https://tradingeconomics.com/malaysia/unemployment-rate,,3.0%,,3.0%
2025-10-10 04:30:00,NL,Balance of Trade,https://tradingeconomics.com/netherlands/balance-of-trade,,8.52B,,
2025-10-10 04:30:00,NL,Manufacturing Production MoM,https://tradingeconomics.com/netherlands/manufacturing-production-mom,,-1.4%,,1.0%
2025-10-10 05:00:00,EE,Balance of Trade,https://tradingeconomics.com/estonia/balance-of-trade,,-443.8M,,-280.0M
2025-10-10 05:00:00,FI,Current Account,https://tradingeconomics.com/finland/current-account,,1.5B,,1.1B
2025-10-10 05:00:00,FI,Industrial Production YoY,https://tradingeconomics.com/finland/industrial-production,,-4.2%,,-1.6%
2025-10-10 06:00:00,DK,Harmonised Inflation Rate YoY,https://tradingeconomics.com/denmark/harmonised-inflation-rate-yoy,,1.9%,,1.8%
2025-10-10 06:00:00,DK,Inflation Rate MoM,https://tradingeconomics.com/denmark/inflation-rate-mom,,-0.7%,,-0.4%
2025-10-10 06:00:00,DK,Inflation Rate YoY,https://tradingeconomics.com/denmark/inflation-cpi,,2%,,1.9%
2025-10-10 06:00:00,LT,Balance of Trade,https://tradingeconomics.com/lithuania/balance-of-trade,,-0.908B,,-0.7B
2025-10-10 06:00:00,NO,Core Inflation Rate MoM,https://tradingeconomics.com/norway/core-inflation-rate-mom,,-0.7%,0.4%,0.3%
2025-10-10 06:00:00,NO,Core Inflation Rate YoY,https://tradingeconomics.com/norway/core-inflation-rate,,3.1%,3.1%,3.1%
2025-10-10 06:00:00,NO,Inflation Rate MoM,https://tradingeconomics.com/norway/inflation-rate-mom,,-0.6%,0.3%,0.3%
2025-10-10 06:00:00,NO,Inflation Rate YoY,https://tradingeconomics.com/norway/inflation-cpi,,3.5%,3.5%,3.6%
2025-10-10 06:00:00,RO,Balance of Trade,https://tradingeconomics.com/romania/balance-of-trade,,-2.637B,,-2.5B
2025-10-10 06:00:00,RO,GDP Growth Rate QoQ Final,https://tradingeconomics.com/romania/gdp-growth,,0.1%,,1.2%
2025-10-10 06:00:00,RO,GDP Growth Rate YoY Final,https://tradingeconomics.com/romania/gdp-growth-annual,,0.3%,0.3%,0.3%
2025-10-10 06:00:00,SE,Construction Output YoY,https://tradingeconomics.com/sweden/construction-output,,-4.5%,,-3.6%
2025-10-10 06:00:00,SE,GDP MoM,https://tradingeconomics.com/sweden/monthly-gdp-mom,,-0.2%,,0.3%
2025-10-10 06:00:00,SE,Household Consumption MoM,https://tradingeconomics.com/sweden/household-spending-mom,,0.2%,,0.4%
2025-10-10 06:00:00,SE,Household Consumption YoY,https://tradingeconomics.com/sweden/household-spending,,2.4%,,2.5%
2025-10-10 06:00:00,SE,Industrial Production MoM,https://tradingeconomics.com/sweden/industrial-production-mom,,-4.7%,,2.5%
2025-10-10 06:00:00,SE,Industrial Production YoY,https://tradingeconomics.com/sweden/industrial-production,,3.8%,,3.4%
2025-10-10 06:00:00,SE,New Orders YoY,https://tradingeconomics.com/sweden/new-orders,,-1.4%,,1.1%
2025-10-10 07:00:00,AT,Industrial Production YoY,https://tradingeconomics.com/austria/industrial-production,,1.8%,,2.3%
2025-10-10 07:00:00,CZ,Inflation Rate MoM Final,https://tradingeconomics.com/czech-republic/inflation-rate-mom,,0.1%,,-0.6%
2025-10-10 07:00:00,CZ,Inflation Rate YoY Final,https://tradingeconomics.com/czech-republic/inflation-cpi,,2.5%,2.3%,2.3%
2025-10-10 07:00:00,GE,Harmonised Inflation Rate YoY,https://tradingeconomics.com/georgia/harmonised-inflation-rate-yoy,,4.7%,,4.9%
2025-10-10 07:00:00,KZ,Interest Rate Decision,https://tradingeconomics.com/kazakhstan/interest-rate,,16.5%,,16.5%
2025-10-10 07:00:00,MD,Inflation Rate MoM,https://tradingeconomics.com/moldova/inflation-rate-mom,,-0.4%,,0.2%
2025-10-10 07:00:00,MD,Inflation Rate YoY,https://tradingeconomics.com/moldova/inflation-cpi,,7.3%,,7.0%
2025-10-10 07:00:00,SK,Industrial Production YoY,https://tradingeconomics.com/slovakia/industrial-production,,-4.6%,,-4.0%
2025-10-10 07:00:00,CH,Consumer Confidence,https://tradingeconomics.com/switzerland/consumer-confidence,,-40,-38,-42
2025-10-10 07:30:00,TH,Foreign Exchange Reserves,https://tradingeconomics.com/thailand/foreign-exchange-reserves,,$267.4B,,$265.0B
2025-10-10 08:00:00,BG,Balance of Trade,https://tradingeconomics.com/bulgaria/balance-of-trade,,BGN-1590.8M,,BGN -1000.0M
2025-10-10 08:00:00,BG,Construction Output YoY,https://tradingeconomics.com/bulgaria/construction-output,,6.1%,,5.0%
2025-10-10 08:00:00,BG,Industrial Production MoM,https://tradingeconomics.com/bulgaria/industrial-production-mom,,0%,,0.1%
2025-10-10 08:00:00,BG,Industrial Production YoY,https://tradingeconomics.com/bulgaria/industrial-production,,-8.3%,,-8.3%
2025-10-10 08:00:00,MN,Inflation Rate YoY,https://tradingeconomics.com/mongolia/inflation-cpi,,8.8%,,8.0%
2025-10-10 08:30:00,SI,Industrial Production YoY,https://tradingeconomics.com/slovenia/industrial-production,,1.1%,,2.0%
2025-10-10 09:00:00,HR,PPI YoY,https://tradingeconomics.com/croatia/producer-prices-change,,1.2%,,1.5%
2025-10-10 09:00:00,CY,Balance of Trade,https://tradingeconomics.com/cyprus/balance-of-trade,,-699.4M,,-480.0M
2025-10-10 09:00:00,GR,Industrial Production YoY,https://tradingeconomics.com/greece/industrial-production,,-0.5%,,1.2%
2025-10-10 09:00:00,MT,Balance of Trade,https://tradingeconomics.com/malta/balance-of-trade,,-904M,,-780.0M
2025-10-10 10:00:00,LV,Balance of Trade,https://tradingeconomics.com/latvia/balance-of-trade,,-514.2M,,-450.0M
2025-10-10 10:00:00,MK,PPI YoY,https://tradingeconomics.com/macedonia/producer-prices-change,,4.9%,,4.7%
2025-10-10 10:00:00,PT,Balance of Trade,https://tradingeconomics.com/portugal/balance-of-trade,,-3293M,,-3370.0M
2025-10-10 10:00:00,PT,Inflation Rate MoM Final,https://tradingeconomics.com/portugal/inflation-rate-mom,,-0.2%,0.9%,0.9%
2025-10-10 10:00:00,PT,Inflation Rate YoY Final,https://tradingeconomics.com/portugal/inflation-cpi,,2.8%,2.4%,2.4%
2025-10-10 12:45:00,BY,Inflation Rate YoY,https://tradingeconomics.com/belarus/inflation-cpi,,7.2%,,7.1%
2025-10-10 13:00:00,UA,Inflation Rate MoM,https://tradingeconomics.com/ukraine/inflation-rate-mom,,-0.2%,,-0.2%
2025-10-10 13:00:00,UA,Inflation Rate YoY,https://tradingeconomics.com/ukraine/inflation-cpi,,13.2%,,12.0%
,SN,Inflation Rate MoM,https://tradingeconomics.com/senegal/inflation-rate-mom,,1.0%,,0.9%
,SN,Inflation Rate YoY,https://tradingeconomics.com/senegal/inflation-cpi,,2.2%,,2.4%
,PE,Balance of Trade,https://tradingeconomics.com/peru/balance-of-trade,,$2103M,,$1900.0M
,BD,Inflation Rate MoM,https://tradingeconomics.com/bangladesh/inflation-rate-mom,,2.36%,,0.6%
,BD,Inflation Rate YoY,https://tradingeconomics.com/bangladesh/inflation-cpi,,8.29%,,8.1%
,RW,Inflation Rate MoM,https://tradingeconomics.com/rwanda/inflation-rate-mom,,0.7%,,0.7%
,RW,Inflation Rate YoY,https://tradingeconomics.com/rwanda/inflation-cpi,,6.4%,,5.8%
,CY,Current Account,https://tradingeconomics.com/cyprus/current-account,,-1207.8M,,-780.0M
,KZ,PPI YoY,https://tradingeconomics.com/kazakhstan/producer-prices-change,,6.7%,,8.4%
,AZ,Inflation Rate MoM,https://tradingeconomics.com/azerbaijan/inflation-rate-mom,,0.4%,,0.4%
,KG,GDP YoY,https://tradingeconomics.com/kyrgyzstan/monthly-gdp-yoy,,11%,,10.0%
,MZ,Inflation Rate YoY,https://tradingeconomics.com/mozambique/inflation-cpi,,4.79%,,4.8%
,XK,Inflation Rate YoY,https://tradingeconomics.com/kosovo/inflation-cpi,,4.5%,,4.6%
2025-10-11 00:00:00,NZ,,https://tradingeconomics.com,,,,
2025-10-12 21:30:00,NZ,Composite NZ PCI,https://tradingeconomics.com/new-zealand/composite-pmi,,48.4,,51
2025-10-12 21:30:00,NZ,Services NZ PSI,https://tradingeconomics.com/new-zealand/services-pmi,,47.5,,50.4
2025-10-12 21:45:00,NZ,Visitor Arrivals YoY,https://tradingeconomics.com/new-zealand/tourist-arrivals,,6.6%,,6.0%
,CM,,https://tradingeconomics.com,,,,
2025-10-13 02:00:00,LK,Tourist Arrivals YoY,https://tradingeconomics.com/sri-lanka/tourist-arrivals,,20.4%,,
2025-10-13 06:00:00,RO,Inflation Rate MoM,https://tradingeconomics.com/romania/inflation-rate-mom,,2.10%,,0.9%
2025-10-13 06:00:00,RO,Inflation Rate YoY,https://tradingeconomics.com/romania/inflation-cpi,,9.9%,10.1%,10.5%
2025-10-13 07:00:00,SK,Construction Output YoY,https://tradingeconomics.com/slovakia/construction-output,,10.3%,,12.0%
2025-10-13 10:00:00,RS,Inflation Rate MoM,https://tradingeconomics.com/serbia/inflation-rate-mom,,0.2%,,0.1%
2025-10-13 10:00:00,RS,Inflation Rate YoY,https://tradingeconomics.com/serbia/inflation-cpi,,4.7%,,4.6%
2025-10-13 17:00:00,UY,Industrial Production YoY,https://tradingeconomics.com/uruguay/industrial-production,,4.2%,,4.8%
2025-10-13 18:30:00,PY,Balance of Trade,https://tradingeconomics.com/paraguay/balance-of-trade,,$-444.42M,,$ -675.0M
2025-10-13 21:45:00,NZ,Electronic Retail Card Spending MoM,https://tradingeconomics.com/new-zealand/credit-card-spending,,0.7%,,-0.1%
2025-10-13 21:45:00,NZ,Electronic Retail Card Spending YoY,https://tradingeconomics.com/new-zealand/credit-card-spending,,0.9%,,0.7%
,EC,Balance of Trade,https://tradingeconomics.com/ecuador/balance-of-trade,,$-433M,,$-150.0M
2025-10-14 00:01:00,IE,Construction PMI,https://tradingeconomics.com/ireland/construction-pmi,,45.9,,45.1
2025-10-14 02:35:00,NZ,1-Year Bill Auction,https://tradingeconomics.com/new-zealand/52-week-bill-yield,,2.5425%,,
2025-10-14 02:35:00,NZ,3-Month Bill Auction,https://tradingeconomics.com/new-zealand/3-month-bill-yield,,2.61%,,
2025-10-14 02:35:00,NZ,6-Month Bill Auction,https://tradingeconomics.com/new-zealand/6-month-bill-yield,,2.585%,,
2025-10-14 05:00:00,FI,Harmonised Inflation Rate MoM Final,https://tradingeconomics.com/finland/harmonised-inflation-rate-mom,,-0.3%,,0.5%
2025-10-14 05:00:00,FI,Harmonised Inflation Rate YoY Final,https://tradingeconomics.com/finland/harmonised-inflation-rate-yoy,,2.2%,,2.3%
2025-10-14 05:00:00,FI,Inflation Rate MoM,https://tradingeconomics.com/finland/inflation-rate-mom,,-0.2%,,0.4%
2025-10-14 05:00:00,FI,Inflation Rate YoY,https://tradingeconomics.com/finland/inflation-cpi,,0.5%,,0.6%
2025-10-14 06:30:00,HU,Construction Output YoY,https://tradingeconomics.com/hungary/construction-output,,4.9%,,4.0%
2025-10-14 06:30:00,HU,Industrial Production YoY Final,https://tradingeconomics.com/hungary/industrial-production,,-1%,,-7.3%
2025-10-14 06:30:00,CH,Producer & Import Prices MoM,https://tradingeconomics.com/switzerland/producer-price-inflation-mom,,-0.6%,,-0.2%
2025-10-14 06:30:00,CH,Producer & Import Prices YoY,https://tradingeconomics.com/switzerland/producer-prices-change,,-1.8%,,-2.0%
2025-10-14 07:00:00,LT,Current Account,https://tradingeconomics.com/lithuania/current-account,,-120.92M,,190.0M
2025-10-14 08:00:00,CZ,Current Account,https://tradingeconomics.com/czech-republic/current-account,,CZK-14.94B,,CZK-5.4B
2025-10-14 08:00:00,PS,Inflation Rate YoY,https://tradingeconomics.com/palestine/inflation-cpi,,35.46%,,52%
2025-10-14 08:30:00,LV,Current Account,https://tradingeconomics.com/latvia/current-account,,-152M,,-100.0M
2025-10-14 09:00:00,ME,Harmonised Inflation Rate YoY,https://tradingeconomics.com/montenegro/harmonised-inflation-rate-yoy,,4.7%,,5.5%
2025-10-14 09:00:00,ME,Inflation Rate MoM,https://tradingeconomics.com/montenegro/inflation-rate-mom,,0.5%,,0.1%
2025-10-14 09:00:00,ME,Inflation Rate YoY,https://tradingeconomics.com/montenegro/inflation-cpi,,4.6%,,5.3%
2025-10-14 09:30:00,BE,Industrial Production MoM,https://tradingeconomics.com/belgium/industrial-production-mom,,1.1%,,0.3%
2025-10-14 09:30:00,BE,Industrial Production YoY,https://tradingeconomics.com/belgium/industrial-production,,-0.1%,,-0.8%
2025-10-14 10:00:00,RO,Current Account,https://tradingeconomics.com/romania/current-account,,-2508M,,-2610.0M
2025-10-14 12:00:00,PL,Balance of Trade,https://tradingeconomics.com/poland/balance-of-trade,,-1265M,,-2000.0M
2025-10-14 12:00:00,PL,Current Account,https://tradingeconomics.com/poland/current-account,,-1335M,,-1800.0M
2025-10-14 15:30:00,IL,Inflation Rate MoM,https://tradingeconomics.com/israel/inflation-rate-mom,,0.7%,,-0.1%
2025-10-14 15:30:00,IL,Inflation Rate YoY,https://tradingeconomics.com/israel/inflation-cpi,,2.9%,,2.9%
,AZ,GDP YoY,https://tradingeconomics.com/azerbaijan/monthly-gdp-yoy,,1.0%,,1.0%
,MN,Balance of Trade,https://tradingeconomics.com/mongolia/balance-of-trade,,$408.3M,,
,NL,,https://tradingeconomics.com,,,,
,IL,M1 Money Supply YoY,https://tradingeconomics.com/israel/money-supply-m1,,-4.9%,,
,GH,PPI YoY,https://tradingeconomics.com/ghana/producer-prices-change,,3%,,1.4%
,CV,Inflation Rate MoM,https://tradingeconomics.com/cape-verde/inflation-rate-mom,,0.2%,,0.4%
,CV,Inflation Rate YoY,https://tradingeconomics.com/cape-verde/inflation-cpi,,2.8%,,3.0%
2025-10-15 06:00:00,NO,Balance of Trade,https://tradingeconomics.com/norway/balance-of-trade,,NOK60.1B,,NOK 42.4B
2025-10-15 06:00:00,RO,Industrial Production MoM,https://tradingeconomics.com/romania/industrial-production-mom,,-0.3%,,0.1%
2025-10-15 06:00:00,RO,Industrial Production YoY,https://tradingeconomics.com/romania/industrial-production,,2.3%,,3.5%
2025-10-15 06:00:00,SE,CPIF MoM Final,https://tradingeconomics.com/sweden/cpi-with-fixed-interest-rate-mom,,-0.2%,0.1%,0.1%
2025-10-15 06:00:00,SE,CPIF YoY Final,https://tradingeconomics.com/sweden/cpi-with-fixed-interest-rate-yoy,,3.2%,3.1%,3.1%
2025-10-15 06:00:00,SE,Inflation Rate MoM Final,https://tradingeconomics.com/sweden/inflation-rate-mom,,-0.4%,0.0%,0.0%
2025-10-15 06:00:00,SE,Inflation Rate YoY Final,https://tradingeconomics.com/sweden/inflation-cpi,,1.1%,0.9%,0.9%
2025-10-15 07:00:00,MD,Balance of Trade,https://tradingeconomics.com/moldova/balance-of-trade,,$-558.1M,,
2025-10-15 07:00:00,SK,Core Inflation Rate MoM,https://tradingeconomics.com/slovakia/core-inflation-rate-mom,,0.1%,,0.2%
2025-10-15 07:00:00,SK,Core Inflation Rate YoY,https://tradingeconomics.com/slovakia/core-inflation-rate,,3.5%,,3.5%
2025-10-15 07:00:00,SK,Inflation Rate MoM,https://tradingeconomics.com/slovakia/inflation-rate-mom,,0.1%,,0.2%
2025-10-15 07:00:00,SK,Inflation Rate YoY,https://tradingeconomics.com/slovakia/inflation-cpi,,4.2%,,4.3%
2025-10-15 08:00:00,BG,Inflation Rate MoM,https://tradingeconomics.com/bulgaria/inflation-rate-mom,,0.1%,,-0.1%
2025-10-15 08:00:00,BG,Inflation Rate YoY,https://tradingeconomics.com/bulgaria/inflation-cpi,,5.3%,,5.0%
2025-10-15 08:00:00,PL,Inflation Rate MoM Final,https://tradingeconomics.com/poland/inflation-rate-mom,,0.0%,0.0%,0.0%
2025-10-15 08:00:00,PL,Inflation Rate YoY Final,https://tradingeconomics.com/poland/inflation-cpi,,2.9%,2.9%,2.9%
2025-10-15 09:00:00,BE,Balance of Trade,https://tradingeconomics.com/belgium/balance-of-trade,,2148.1M,,1600.0M
2025-10-15 09:00:00,HR,Inflation Rate MoM Final,https://tradingeconomics.com/croatia/inflation-rate-mom,,0.1%,,0.4%
2025-10-15 09:00:00,HR,Inflation Rate YoY Final,https://tradingeconomics.com/croatia/inflation-cpi,,4.1%,,4.2%
2025-10-15 09:00:00,,Interest Rate Decision,https://tradingeconomics.com/namibia/interest-rate,,6.75%,,6.5%
2025-10-15 10:00:00,IE,Balance of Trade,https://tradingeconomics.com/ireland/balance-of-trade,,5.2B,,6.2B
2025-10-15 10:00:00,IE,Residential Property Prices MoM,https://tradingeconomics.com/ireland/house-price-index-mom,,0.8%,,0.5%
2025-10-15 10:00:00,IE,Residential Property Prices YoY,https://tradingeconomics.com/ireland/house-price-index-yoy,,7.5%,,7.1%
2025-10-15 10:00:00,IL,GDP Growth Annualized 3rd Est,https://tradingeconomics.com/israel/gdp-growth-annualized,,3.3%,-4%,-4.0%
2025-10-15 10:00:00,RS,Building Permits,https://tradingeconomics.com/serbia/building-permits,,2532,,
2025-10-15 13:00:00,UA,Balance of Trade,https://tradingeconomics.com/ukraine/balance-of-trade,,$-4101.5M,,$-3900.0M
2025-10-15 15:00:00,CO,Consumer Confidence,https://tradingeconomics.com/colombia/consumer-confidence,,-2.4%,,-3.0%
2025-10-15 15:00:00,CO,Industrial Production YoY,https://tradingeconomics.com/colombia/industrial-production,,5.8%,,7.0%
2025-10-15 15:00:00,CO,Retail Sales YoY,https://tradingeconomics.com/colombia/retail-sales-annual,,17.9%,,11.0%
2025-10-15 19:00:00,PY,Consumer Confidence,https://tradingeconomics.com/paraguay/consumer-confidence,,50.73,,51
2025-10-15 21:45:00,NZ,Food Inflation YoY,https://tradingeconomics.com/new-zealand/food-inflation,,5%,,4.7%
,JO,Inflation Rate MoM,https://tradingeconomics.com/jordan/inflation-rate-mom,,-0.21%,,-0.1%
,JO,Inflation Rate YoY,https://tradingeconomics.com/jordan/inflation-cpi,,1.32%,,1.5%
,KZ,Industrial Production YoY,https://tradingeconomics.com/kazakhstan/industrial-production,,12.8%,,9.6%
,AO,M3 Money Supply YoY,https://tradingeconomics.com/angola/money-supply-m3,,4.8%,,
,KZ,GDP YoY,https://tradingeconomics.com/kazakhstan/monthly-gdp-yoy,,9.6%,,9.0%
,KG,Industrial Production YoY,https://tradingeconomics.com/kyrgyzstan/industrial-production,,13.6%,,4%
,ST,Inflation Rate MoM,https://tradingeconomics.com/sao-tome-and-principe/inflation-rate-mom,,0.8%,,0.7%
,ST,Inflation Rate YoY,https://tradingeconomics.com/sao-tome-and-principe/inflation-cpi,,11.8%,,12.0%
,BW,Inflation Rate MoM,https://tradingeconomics.com/botswana/inflation-rate-mom,,,,-0.5%
,BW,Inflation Rate YoY,https://tradingeconomics.com/botswana/inflation-cpi,,1.4%,,1.6%
,KG,Inflation Rate YoY,https://tradingeconomics.com/kyrgyzstan/inflation-cpi,,9.5%,,8.2%
,SN,Industrial Production YoY,https://tradingeconomics.com/senegal/industrial-production,,23%,,21.0%
,NG,Food Inflation YoY,https://tradingeconomics.com/nigeria/food-inflation,,21.87%,,21.6%
,NG,Inflation Rate YoY,https://tradingeconomics.com/nigeria/inflation-cpi,,20.12%,,19.7%
,LK,Manufacturing PMI,https://tradingeconomics.com/sri-lanka/manufacturing-pmi,,55.2,,52.5
,LK,Services PMI,https://tradingeconomics.com/sri-lanka/services-pmi,,68.9,,52
,PE,GDP Growth Rate YoY,https://tradingeconomics.com/peru/monthly-gdp-yoy,,3.41%,,3.1%
,PE,Unemployment Rate,https://tradingeconomics.com/peru/unemployment-rate,,6.0%,,6.20%
,AO,Foreign Exchange Reserves,https://tradingeconomics.com/angola/foreign-exchange-reserves,,$15.1B,,$14.3B
2025-10-16 04:30:00,NL,Unemployment Rate,https://tradingeconomics.com/netherlands/unemployment-rate,,3.9%,,3.8%
2025-10-16 06:00:00,NO,Industrial Confidence,https://tradingeconomics.com/norway/business-confidence,,0.9,,1
2025-10-16 07:00:00,CZ,PPI MoM,https://tradingeconomics.com/czech-republic/producer-price-inflation-mom,,0%,,0.0%
2025-10-16 07:00:00,CZ,PPI YoY,https://tradingeconomics.com/czech-republic/producer-prices-change,,-0.8%,,-0.6%
2025-10-16 09:00:00,CH,,https://tradingeconomics.com,,,,
2025-10-16 10:30:00,PT,Economic Activity YoY,https://tradingeconomics.com/portugal/leading-economic-index,,1.6%,,1.6%
2025-10-16 10:30:00,PT,Private Consumption YoY,https://tradingeconomics.com/portugal/personal-spending,,2.9%,,2.8%
2025-10-16 12:00:00,PL,Core Inflation Rate YoY,https://tradingeconomics.com/poland/core-inflation-rate,,3.2%,,3.2%
2025-10-16 13:00:00,BY,Industrial Production YoY,https://tradingeconomics.com/belarus/industrial-production,,-0.8%,,-0.5%
,PH,Cash Remittances,https://tradingeconomics.com/philippines/remittances,,$3.2B,,
,IL,Business Confidence,https://tradingeconomics.com/israel/business-confidence,,20.1,,17
,MW,Inflation Rate YoY,https://tradingeconomics.com/malawi/inflation-cpi,,28.2%,,28.4%
2025-10-17 04:00:00,MY,Balance of Trade,https://tradingeconomics.com/malaysia/balance-of-trade,,MYR16.1B,,MYR12.0B
2025-10-17 04:00:00,MY,Exports YoY,https://tradingeconomics.com/malaysia/exports-yoy,,1.9%,,
2025-10-17 04:00:00,MY,GDP Growth Rate YoY Prel,https://tradingeconomics.com/malaysia/gdp-growth-annual,,4.4%,,4.5%
2025-10-17 04:00:00,MY,Imports YoY,https://tradingeconomics.com/malaysia/imports-yoy,,-5.9%,,
2025-10-17 06:00:00,SE,Employed Persons,https://tradingeconomics.com/sweden/employed-persons,,5.320M,,5.32M
2025-10-17 06:00:00,SE,Unemployment Rate,https://tradingeconomics.com/sweden/unemployment-rate,,8.4%,,8.6%
2025-10-17 06:30:00,HU,Gross Wage YoY,https://tradingeconomics.com/hungary/wage-growth,,9%,,8.2%
2025-10-17 07:00:00,AT,Harmonised Inflation Rate MoM Final,https://tradingeconomics.com/austria/harmonised-inflation-rate-mom,,0.3%,,0.0%
2025-10-17 07:00:00,AT,Harmonised Inflation Rate YoY Final,https://tradingeconomics.com/austria/harmonised-inflation-rate-yoy,,4.1%,,3.9%
2025-10-17 07:00:00,AT,Inflation Rate MoM Final,https://tradingeconomics.com/austria/inflation-rate-mom,,0.2%,,-0.2%
2025-10-17 07:00:00,AT,Inflation Rate YoY Final,https://tradingeconomics.com/austria/inflation-cpi,,4.1%,,4.0%
2025-10-17 07:00:00,SK,Harmonised Inflation Rate MoM,https://tradingeconomics.com/slovakia/harmonised-inflation-rate-mom,,0.1%,,0.2%
2025-10-17 07:00:00,SK,Harmonised Inflation Rate YoY,https://tradingeconomics.com/slovakia/harmonised-inflation-rate-yoy,,4.4%,,3.7%
2025-10-17 09:00:00,BG,Current Account,https://tradingeconomics.com/bulgaria/current-account,,43.1M,,200.0M
2025-10-17 09:00:00,MT,Inflation Rate YoY,https://tradingeconomics.com/malta/inflation-cpi,,2.7%,,2.7%
2025-10-17 10:00:00,MU,Balance of Trade,https://tradingeconomics.com/mauritius/balance-of-trade,,MUR-14.6B,,MUR -16.0B
2025-10-17 10:00:00,PT,PPI MoM,https://tradingeconomics.com/portugal/producer-price-inflation-mom,,-0.6%,,-0.4%
2025-10-17 10:00:00,PT,PPI YoY,https://tradingeconomics.com/portugal/producer-prices-change,,-4.3%,,-3.7%
2025-10-17 11:00:00,RS,Current Account,https://tradingeconomics.com/serbia/current-account,,$-480M,,$-450.0M
,AO,Wholesale Prices YoY,https://tradingeconomics.com/angola/producer-prices-change,,18.20%,,16.6%
,ET,Inflation Rate YoY,https://tradingeconomics.com/ethiopia/inflation-cpi,,13.6%,,13.5%
,BE,Construction Output YoY,https://tradingeconomics.com/belgium/construction-output,,1.3%,,1.9%
,AL,Harmonised Inflation Rate YoY,https://tradingeconomics.com/albania/harmonised-inflation-rate-yoy,,2.3%,,2.2%
,BY,GDP YoY,https://tradingeconomics.com/belarus/monthly-gdp-yoy,,1.6%,,1.8%
,AL,Balance of Trade,https://tradingeconomics.com/albania/balance-of-trade,,ALL-42B,,ALL -41B
2025-10-08 22:50:00,ID,Motorbike Sales YoY,https://tradingeconomics.com/indonesia/motorbike-sales,7.3%,0.7%,,
2025-10-09 06:00:00,SA,Industrial Production YoY,https://tradingeconomics.com/saudi-arabia/industrial-production,7.1%,7.6%,,4.0%
2025-10-14 13:00:00,IF,,https://tradingeconomics.com,,,,
2025-10-13 00:00:00,IF,,https://tradingeconomics.com,,,,
2025-10-14 00:00:00,IF,,https://tradingeconomics.com,,,,
2025-10-15 00:00:00,IF,,https://tradingeconomics.com,,,,
2025-10-16 00:00:00,IF,,https://tradingeconomics.com,,,,
2025-10-17 00:00:00,IF,,https://tradingeconomics.com,,,,
2025-10-18 00:00:00,IF,,https://tradingeconomics.com,,,,
2025-10-20 01:15:00,CN,Loan Prime Rate 1Y,https://tradingeconomics.com/china/interest-rate,,3.0%,,3.0%
2025-10-20 01:15:00,CN,Loan Prime Rate 5Y,https://tradingeconomics.com/china/loan-prime-rate-5y,,3.5%,,3.5%
2025-10-20 01:30:00,CN,House Price Index YoY,https://tradingeconomics.com/china/housing-index,,-2.5%,,-2.5%
2025-10-20 02:00:00,CN,GDP Growth Rate YoY,https://tradingeconomics.com/china/gdp-growth-annual,,5.2%,,5.4%
2025-10-20 02:00:00,CN,Industrial Production YoY,https://tradingeconomics.com/china/industrial-production,,5.2%,,5.6%
2025-10-20 02:00:00,CN,Retail Sales YoY,https://tradingeconomics.com/china/retail-sales-annual,,3.4%,,6.2%
2025-10-20 02:00:00,CN,Fixed Asset Investment (YTD) YoY,https://tradingeconomics.com/china/fixed-asset-investment,,0.5%,,1.7%
2025-10-20 02:00:00,CN,GDP Growth Rate QoQ,https://tradingeconomics.com/china/gdp-growth,,1.1%,,1%
2025-10-20 02:00:00,CN,Industrial Capacity Utilization,https://tradingeconomics.com/china/capacity-utilization,,74%,,73.8%
2025-10-20 02:00:00,CN,Unemployment Rate,https://tradingeconomics.com/china/unemployment-rate,,5.3%,,5.20%
2025-10-20 02:30:00,KR,10-Year KTB Auction,https://tradingeconomics.com/south-korea/government-bond-yield,,2.835%,,
2025-10-20 06:00:00,DE,PPI YoY,https://tradingeconomics.com/germany/producer-prices-change,,-2.2%,,-1.9%
2025-10-20 06:00:00,DE,PPI MoM,https://tradingeconomics.com/germany/producer-price-inflation-mom,,-0.5%,,-0.2%
,CN,,https://tradingeconomics.com,,,,
2025-10-10 10:50:00,ES,Consumer Confidence,https://tradingeconomics.com/spain/consumer-confidence,81.5,82.9,,85
2025-10-13 06:00:00,DE,Wholesale Prices MoM,https://tradingeconomics.com/germany/wholesale-prices-mom,,-0.6%,0.2%,-0.1%
2025-10-13 06:00:00,DE,Wholesale Prices YoY,https://tradingeconomics.com/germany/wholesale-prices-yoy,,0.7%,,0.9%
2025-10-13 12:00:00,DE,Current Account,https://tradingeconomics.com/germany/current-account,,14.8B,,15.1B
2025-10-13 13:00:00,EA,ECB Buch Speech,https://tradingeconomics.com/euro-area/interest-rate,,,,
2025-10-13 13:00:00,RU,Balance of Trade,https://tradingeconomics.com/russia/balance-of-trade,,$13.17B,,$12.0B
2025-10-13 16:55:00,US,Fed Paulson Speech,https://tradingeconomics.com/united-states/interest-rate,,,,
2025-10-14 07:50:00,EA,ECB Cipollone Speech,https://tradingeconomics.com/euro-area/interest-rate,,,,
2025-10-14 09:10:00,IT,10-Year BTP Auction,https://tradingeconomics.com/italy/government-bond-yield,,3.62%,,
2025-10-14 09:10:00,IT,15-Year BTP Auction,https://tradingeconomics.com/italy/15-year-bond-yield,,4.03%,,
2025-10-14 09:10:00,IT,3-Year BTP Auction,https://tradingeconomics.com/italy/3-year-note-yield,,2.44%,,
2025-10-14 09:10:00,IT,7-Year BTP Auction,https://tradingeconomics.com/italy/7-year-note-yield,,2.76%,,
2025-10-14 12:00:00,GB,BoE Taylor Speech,https://tradingeconomics.com/united-kingdom/interest-rate,,,,
2025-10-14 12:45:00,US,Fed Bowman Speech,https://tradingeconomics.com/united-states/interest-rate,,,,
2025-10-14 14:00:00,EA,ECB Donnery Speech,https://tradingeconomics.com/euro-area/interest-rate,,,,
2025-10-14 16:20:00,US,Fed Chair Powell Speech,https://tradingeconomics.com/united-states/interest-rate,,,,
2025-10-14 19:25:00,US,Fed Waller Speech,https://tradingeconomics.com/united-states/interest-rate,,,,
2025-10-14 19:30:00,US,Fed Collins Speech,https://tradingeconomics.com/united-states/interest-rate,,,,
2025-10-14 23:30:00,AU,RBA Hunter Speech,https://tradingeconomics.com/australia/interest-rate,,,,
2025-10-15 07:40:00,EA,ECB Guindos Speech,https://tradingeconomics.com/euro-area/interest-rate,,,,
2025-10-15 08:00:00,EA,ECB Buch Speech,https://tradingeconomics.com/euro-area/interest-rate,,,,
2025-10-15 11:30:00,IN,Monetary Policy Meeting Minutes,https://tradingeconomics.com/india/interest-rate,,,,
2025-10-15 14:15:00,EA,ECB Donnery Speech,https://tradingeconomics.com/euro-area/interest-rate,,,,
2025-10-15 15:00:00,GB,BoE Breeden Speech,https://tradingeconomics.com/united-kingdom/interest-rate,,,,
2025-10-15 16:10:00,US,Fed Bostic Speech,https://tradingeconomics.com/united-states/interest-rate,,,,
2025-10-15 16:30:00,US,Fed Miran Speech,https://tradingeconomics.com/united-states/interest-rate,,,,
2025-10-15 17:00:00,US,Fed Waller Speech,https://tradingeconomics.com/united-states/interest-rate,,,,
2025-10-15 18:00:00,EA,ECB Guindos Speech,https://tradingeconomics.com/euro-area/interest-rate,,,,
2025-10-15 19:45:00,AU,RBA Bullock Speech,https://tradingeconomics.com/australia/interest-rate,,,,
2025-10-15 21:50:00,AU,RBA Kent Speech,https://tradingeconomics.com/australia/interest-rate,,,,
2025-10-16 01:30:00,JP,BoJ Tamura Speech,https://tradingeconomics.com/japan/interest-rate,,,,
2025-10-16 08:40:00,ES,10-Year Obligacion Auction,https://tradingeconomics.com/spain/government-bond-yield,,3.230%,,
2025-10-16 08:40:00,ES,5-Year Bonos Auction,https://tradingeconomics.com/spain/5-year-note-yield,,2.483%,,
2025-10-16 08:40:00,ES,7-Year Obligacion Auction,https://tradingeconomics.com/spain/7-year-note-yield,,2.809%,,
2025-10-16 09:00:00,FR,2028 OAT Auction,https://tradingeconomics.com/france/3-year-note-yield,,2.34%,,
2025-10-16 09:00:00,FR,2030 OAT Auction,https://tradingeconomics.com/france/5-year-note-yield,,2.62%,,
2025-10-16 11:45:00,EA,ECB Donnery Speech,https://tradingeconomics.com/euro-area/interest-rate,,,,
2025-10-16 12:00:00,US,Fed Barkin Speech,https://tradingeconomics.com/united-states/interest-rate,,,,
2025-10-16 13:00:00,US,Fed Barr Speech,https://tradingeconomics.com/united-states/interest-rate,,,,
2025-10-16 13:00:00,US,Fed Miran Speech,https://tradingeconomics.com/united-states/interest-rate,,,,
2025-10-16 13:00:00,US,Fed Waller Speech,https://tradingeconomics.com/united-states/interest-rate,,,,
2025-10-16 14:00:00,US,Fed Bowman Speech,https://tradingeconomics.com/united-states/interest-rate,,,,
2025-10-16 15:45:00,EA,ECB Lane Speech,https://tradingeconomics.com/euro-area/interest-rate,,,,
2025-10-16 16:00:00,EA,ECB President Lagarde Speech,https://tradingeconomics.com/euro-area/interest-rate,,,,
2025-10-16 16:45:00,US,Fed Barkin Speech,https://tradingeconomics.com/united-states/interest-rate,,,,
2025-10-16 17:30:00,CA,BoC Macklem Speech,https://tradingeconomics.com/canada/interest-rate,,,,
2025-10-16 20:15:00,US,Fed Miran Speech,https://tradingeconomics.com/united-states/interest-rate,,,,
2025-10-16 22:00:00,US,Fed Kashkari Speech,https://tradingeconomics.com/united-states/interest-rate,,,,
,US,PPI MoM,https://tradingeconomics.com/united-states/producer-price-inflation-mom,,-0.1%,0.3%,0.5%
,US,Retail Sales MoM,https://tradingeconomics.com/united-states/retail-sales,,0.6%,0.4%,0.2%
,US,Core PPI MoM,https://tradingeconomics.com/united-states/core-producer-prices-mom,,-0.1%,,0.2%
,US,Retail Sales Control Group MoM,https://tradingeconomics.com/united-states/retail-sales-control-group,,0.7%,,0.2%
,US,Retail Sales Ex Autos MoM,https://tradingeconomics.com/united-states/retail-sales-ex-autos,,0.7%,0.4%,-0.1%
,US,Core PPI YoY,https://tradingeconomics.com/united-states/core-producer-prices-yoy,,2.8%,,2.9%
,US,PPI,https://tradingeconomics.com/united-states/producer-prices,,149.160,,149.4
,US,"PPI Ex Food, Energy and Trade MoM",https://tradingeconomics.com/united-states/ppi-ex-food-energy-and-trade-services-mom,,0.3%,0.2%,0.4%
,US,"PPI Ex Food, Energy and Trade YoY",https://tradingeconomics.com/united-states/ppi-ex-food-energy-and-trade-services-yoy,,2.8%,,3.0%
,US,PPI YoY,https://tradingeconomics.com/united-states/producer-prices-change,,2.6%,,2.5%
,US,Retail Sales Ex Gas/Autos MoM,https://tradingeconomics.com/united-states/retail-sales-ex-gas-and-autos-mom,,0.7%,,-0.5%
,US,Retail Sales YoY,https://tradingeconomics.com/united-states/retail-sales-annual,,5%,,2.9%
,US,Business Inventories MoM,https://tradingeconomics.com/united-states/business-inventories,,0.2%,0.1%,0.1%
,US,Retail Inventories Ex Autos MoM,https://tradingeconomics.com/united-states/retail-inventories-ex-autos,,0.1%,0.3%,0.3%
2025-10-17 06:35:00,JP,BoJ Uchida Speech,https://tradingeconomics.com/japan/interest-rate,,,,
2025-10-17 09:35:00,GB,BoE Pill Speech,https://tradingeconomics.com/united-kingdom/interest-rate,,,,
2025-10-17 11:00:00,EA,ECB Donnery Speech,https://tradingeconomics.com/euro-area/interest-rate,,,,
2025-10-17 11:30:00,IN,Bank Loan Growth YoY,https://tradingeconomics.com/india/loan-growth,,10.4%,,
2025-10-17 11:30:00,IN,Deposit Growth YoY,https://tradingeconomics.com/india/deposit-growth,,9.5%,,
2025-10-17 16:15:00,US,Fed Musalem Speech,https://tradingeconomics.com/united-states/interest-rate,,,,
,US,Building Permits Prel,https://tradingeconomics.com/united-states/building-permits,,1.33M,,1.34M
,US,Housing Starts,https://tradingeconomics.com/united-states/housing-starts,,1.307M,,1.32M
,US,Building Permits MoM Prel,https://tradingeconomics.com/united-states/building-permits-mom,,-2.3%,,0.8%
,US,Export Prices MoM,https://tradingeconomics.com/united-states/export-prices-mom,,0.3%,,-0.3%
,US,Housing Starts MoM,https://tradingeconomics.com/united-states/housing-starts-mom,,-8.5%,,1.0%
,US,Import Prices MoM,https://tradingeconomics.com/united-states/import-prices-mom,,0.3%,,-0.2%
,US,Export Prices YoY,https://tradingeconomics.com/united-states/export-prices-yoy,,3.4%,,3.7%
,US,Import Prices YoY,https://tradingeconomics.com/united-states/import-prices-yoy,,0.0%,,-0.1%
2025-10-18 11:30:00,EA,ECB Cipollone Speech,https://tradingeconomics.com/euro-area/interest-rate,,,,
2025-10-18 13:00:00,EA,ECB President Lagarde Speech,https://tradingeconomics.com/euro-area/interest-rate,,,,
2025-10-20 03:50:00,JP,BoJ Takada Speech,https://tradingeconomics.com/japan/interest-rate,,,,
2025-10-20 08:00:00,EA,Current Account,https://tradingeconomics.com/euro-area/current-account,,35B,,25.1B
2025-10-20 08:00:00,EA,,https://tradingeconomics.com,,27.7B,,21.5B
2025-10-20 08:00:00,IT,Construction Output YoY,https://tradingeconomics.com/italy/construction-output,,5.2%,,5.5%
2025-10-20 09:00:00,EA,Construction Output YoY,https://tradingeconomics.com/euro-area/Construction-Output,,3.2%,,2.7%
2025-10-20 09:00:00,IT,Current Account,https://tradingeconomics.com/italy/current-account,,8693M,,4150.0M
2025-10-20 09:30:00,DE,3-Month Bubill Auction,https://tradingeconomics.com/germany/3-month-bill-yield,,,,
2025-10-20 09:30:00,DE,,https://tradingeconomics.com,,,,
2025-10-20 09:45:00,EU,,https://tradingeconomics.com,,,,
2025-10-20 12:30:00,CA,PPI MoM,https://tradingeconomics.com/canada/producer-price-inflation-mom,,0.5%,,0.5%
2025-10-20 12:30:00,CA,PPI YoY,https://tradingeconomics.com/canada/producer-prices-change,,4%,,3.6%
2025-10-20 12:30:00,CA,Raw Materials Prices MoM,https://tradingeconomics.com/canada/wholesale-prices,,-0.6%,,-1.2%
2025-10-20 12:30:00,CA,Raw Materials Prices YoY,https://tradingeconomics.com/canada/commodity-prices-yoy,,,,6.2%
2025-10-20 13:00:00,FR,12-Month BTF Auction,https://tradingeconomics.com/france/52-week-bill-yield,,,,
2025-10-20 13:00:00,FR,3-Month BTF Auction,https://tradingeconomics.com/france/3-month-bill-yield,,,,
2025-10-20 13:00:00,FR,6-Month BTF Auction,https://tradingeconomics.com/france/6-month-bill-yield,,,,
2025-10-20 14:00:00,US,,https://tradingeconomics.com,,-0.5%,,
2025-10-20 14:30:00,CA,BoC Business Outlook Survey,https://tradingeconomics.com/canada/interest-rate,,,,
2025-10-20 15:30:00,US,3-Month Bill Auction,https://tradingeconomics.com/united-states/3-month-bill-yield,,,,
2025-10-20 15:30:00,US,6-Month Bill Auction,https://tradingeconomics.com/united-states/6-month-bill-yield,,,,
2025-10-20 19:00:00,AR,Balance of Trade,https://tradingeconomics.com/argentina/balance-of-trade,,$1402M,,$ 600M
,TR,Central Government Debt,https://tradingeconomics.com/turkey/government-debt,,TRY12.477T,,TRY12.2T
2025-10-20 23:45:00,AU,RBA Jones Speech,https://tradingeconomics.com/australia/interest-rate,,,,
2025-10-21 03:35:00,JP,,https://tradingeconomics.com,,,,
2025-10-21 06:00:00,GB,Public Sector Net Borrowing Ex Banks,https://tradingeconomics.com/united-kingdom/government-budget-value,,-17.96B,,-15.2B
2025-10-21 07:00:00,ZA,Leading Business Cycle Indicator MoM,https://tradingeconomics.com/south-africa/leading-economic-index,,0.9%,,
2025-10-21 09:00:00,GB,,https://tradingeconomics.com,,,,
2025-10-21 09:30:00,DE,,https://tradingeconomics.com,,,,
2025-10-21 11:30:00,IN,Infrastructure Output YoY,https://tradingeconomics.com/india/construction-output,,6.3%,,6.2%
2025-10-21 12:30:00,CA,Inflation Rate YoY,https://tradingeconomics.com/canada/inflation-cpi,,1.9%,,2.2%
2025-10-21 12:30:00,CA,Core Inflation Rate YoY,https://tradingeconomics.com/canada/core-inflation-rate,,2.6%,,2.7%
2025-10-21 12:30:00,CA,Inflation Rate MoM,https://tradingeconomics.com/canada/inflation-rate-mom,,-0.1%,,0.2%
2025-10-21 12:30:00,CA,Core Inflation Rate MoM,https://tradingeconomics.com/canada/core-inflation-rate-mom,,0%,,0.2%
2025-10-21 12:30:00,CA,CPI Median YoY,https://tradingeconomics.com/canada/cpi-median,,3.1%,,3.0%
2025-10-21 12:30:00,CA,CPI Trimmed-Mean YoY,https://tradingeconomics.com/canada/cpi-trimmed-mean,,3%,,2.8%
2025-10-21 12:55:00,US,Redbook YoY,https://tradingeconomics.com/united-states/redbook-index,,,,
2025-10-21 20:30:00,US,API Crude Oil Stock Change,https://tradingeconomics.com/united-states/api-crude-oil-stock-change,,,,
2025-10-21 21:00:00,KR,PPI MoM,https://tradingeconomics.com/south-korea/producer-price-inflation-mom,,,,0.3%
2025-10-21 21:00:00,KR,PPI YoY,https://tradingeconomics.com/south-korea/producer-prices-change,,0.6%,,0.4%
2025-10-21 23:50:00,JP,Balance of Trade,https://tradingeconomics.com/japan/balance-of-trade,,-242.5B,,50B
2025-10-21 23:50:00,JP,Exports YoY,https://tradingeconomics.com/japan/exports-yoy,,-0.1%,,
2025-10-21 23:50:00,JP,Imports YoY,https://tradingeconomics.com/japan/imports-yoy,,-5.2%,,
2025-10-22 03:35:00,JP,,https://tradingeconomics.com,,,,
2025-10-22 05:00:00,SG,MAS 12-Week Bill Auction,https://tradingeconomics.com/singapore/3-month-bill-yield,,,,
2025-10-22 05:00:00,SG,MAS 4-Week Bill Auction,https://tradingeconomics.com/singapore/1-month-bill-yield,,,,
2025-10-22 06:00:00,GB,Inflation Rate YoY,https://tradingeconomics.com/united-kingdom/inflation-cpi,,3.8%,,4.0%
2025-10-22 06:00:00,GB,Core Inflation Rate YoY,https://tradingeconomics.com/united-kingdom/core-inflation-rate,,3.6%,,3.7%
2025-10-22 06:00:00,GB,Inflation Rate MoM,https://tradingeconomics.com/united-kingdom/inflation-rate-mom,,0.3%,,0.2%
2025-10-22 06:00:00,GB,Core Inflation Rate MoM,https://tradingeconomics.com/united-kingdom/core-inflation-rate-mom,,0.3%,,0.2%
2025-10-22 06:00:00,GB,Retail Price Index MoM,https://tradingeconomics.com/united-kingdom/retail-price-index,,0.4%,,
2025-10-22 06:00:00,GB,Retail Price Index YoY,https://tradingeconomics.com/united-kingdom/retail-price-index,,4.6%,,3.8%
,GB,PPI Core Output MoM,https://tradingeconomics.com/united-kingdom/core-producer-prices-mom,,,,
,GB,PPI Core Output YoY,https://tradingeconomics.com/united-kingdom/core-producer-prices-yoy,,,,
,GB,PPI Input MoM,https://tradingeconomics.com/united-kingdom/ppi-input,,,,
,GB,PPI Input YoY,https://tradingeconomics.com/united-kingdom/ppi-input-yoy,,,,
,GB,PPI Output MoM,https://tradingeconomics.com/united-kingdom/producer-price-inflation-mom,,,,
,GB,PPI Output YoY,https://tradingeconomics.com/united-kingdom/producer-prices-change,,,,
2025-10-22 07:30:00,ID,Interest Rate Decision,https://tradingeconomics.com/indonesia/interest-rate,,4.75%,,4.5%
2025-10-22 07:30:00,ID,Deposit Facility Rate,https://tradingeconomics.com/indonesia/deposit-interest-rate,,3.75%,,3.5%
2025-10-22 07:30:00,ID,Lending Facility Rate,https://tradingeconomics.com/indonesia/lending-rate,,5.5%,,5.25%
2025-10-22 08:00:00,ZA,Inflation Rate MoM,https://tradingeconomics.com/south-africa/inflation-rate-mom,,,,0.2%
2025-10-22 08:00:00,ZA,Inflation Rate YoY,https://tradingeconomics.com/south-africa/inflation-cpi,,3.3%,,3.6%
2025-10-22 08:00:00,ZA,Core Inflation Rate MoM,https://tradingeconomics.com/south-africa/core-inflation-rate-mom,,,,
2025-10-22 08:00:00,ZA,Core Inflation Rate YoY,https://tradingeconomics.com/south-africa/core-inflation-rate,,3.1%,,3.2%
2025-10-22 09:30:00,DE,7-Year Bund Auction,https://tradingeconomics.com/germany/7-year-note-yield,,2.52%,,
2025-10-22 11:00:00,US,MBA 30-Year Mortgage Rate,https://tradingeconomics.com/united-states/mortgage-rate,,,,
2025-10-22 11:00:00,US,MBA Mortgage Applications,https://tradingeconomics.com/united-states/mortgage-applications,,,,
2025-10-22 11:00:00,US,MBA Mortgage Market Index,https://tradingeconomics.com/united-states/mba-mortgage-market-index,,,,
2025-10-22 11:00:00,US,MBA Mortgage Refinance Index,https://tradingeconomics.com/united-states/mba-mortgage-refinance-index,,,,
2025-10-22 11:00:00,US,MBA Purchase Index,https://tradingeconomics.com/united-states/mba-purchase-index,,,,
2025-10-22 12:00:00,MX,Economic Activity MoM,https://tradingeconomics.com/mexico/monthly-gdp-mom,,-0.9%,,0.3%
2025-10-22 12:00:00,MX,Economic Activity YoY,https://tradingeconomics.com/mexico/monthly-gdp-yoy,,-1.1%,,0.6%
2025-10-22 14:30:00,US,EIA Crude Oil Stocks Change,https://tradingeconomics.com/united-states/crude-oil-stocks-change,,,,
2025-10-22 14:30:00,US,EIA Gasoline Stocks Change,https://tradingeconomics.com/united-states/gasoline-stocks-change,,,,
2025-10-22 14:30:00,US,EIA Crude Oil Imports Change,https://tradingeconomics.com/united-states/crude-oil-imports,,,,
2025-10-22 14:30:00,US,EIA Cushing Crude Oil Stocks Change,https://tradingeconomics.com/united-states/cushing-crude-oil-stocks,,,,
2025-10-22 14:30:00,US,EIA Distillate Fuel Production Change,https://tradingeconomics.com/united-states/distillate-fuel-production,,,,
2025-10-22 14:30:00,US,EIA Distillate Stocks Change,https://tradingeconomics.com/united-states/distillate-stocks,,,,
2025-10-22 14:30:00,US,EIA Gasoline Production Change,https://tradingeconomics.com/united-states/gasoline-production,,,,
2025-10-22 14:30:00,US,EIA Heating Oil Stocks Change,https://tradingeconomics.com/united-states/heating-oil-stocks,,,,
2025-10-22 14:30:00,US,EIA Refinery Crude Runs Change,https://tradingeconomics.com/united-states/refinery-crude-runs,,,,
2025-10-22 15:30:00,US,17-Week Bill Auction,https://tradingeconomics.com/united-states/17-week-bill-yield,,,,
2025-10-22 16:00:00,CA,10-Year Bond Auction,https://tradingeconomics.com/canada/government-bond-yield,,3.245%,,
2025-10-22 16:00:00,RU,Industrial Production YoY,https://tradingeconomics.com/russia/industrial-production,,,,3.2%
2025-10-22 16:00:00,RU,PPI MoM,https://tradingeconomics.com/russia/producer-price-inflation-mom,,1.1%,,0.6%
2025-10-22 16:00:00,RU,PPI YoY,https://tradingeconomics.com/russia/producer-prices-change,,0.4%,,0.6%
2025-10-22 17:00:00,US,20-Year Bond Auction,https://tradingeconomics.com/united-states/20-year-bond-yield,,,,
2025-10-22 19:00:00,AR,Economic Activity YoY,https://tradingeconomics.com/argentina/monthly-gdp-yoy,,2.9%,,2.2%
,AR,Leading Indicator MoM,https://tradingeconomics.com/argentina/leading-economic-index,,-4.72%,,-0.4%
2025-10-13 07:00:00,TR,Auto Production YoY,https://tradingeconomics.com/turkey/car-production,-0.1%,37%,,5.0%
2025-10-13 07:00:00,TR,Auto Sales YoY,https://tradingeconomics.com/turkey/total-vehicle-sales,25.7%,12.8%,,13.0%
2025-10-22 23:50:00,JP,Foreign Bond Investment,https://tradingeconomics.com/japan/foreign-bond-investment,,,,
2025-10-22 23:50:00,JP,Stock Investment by Foreigners,https://tradingeconomics.com/japan/foreign-stock-investment,,,,
2025-10-23 00:30:00,AU,RBA Bulletin,https://tradingeconomics.com/australia/interest-rate,,,,
2025-10-23 01:00:00,KR,Interest Rate Decision,https://tradingeconomics.com/south-korea/interest-rate,,2.5%,,2.5%
2025-10-23 03:00:00,ID,M2 Money Supply YoY,https://tradingeconomics.com/indonesia/money-supply-m2,,7.6%,,
2025-10-23 05:00:00,SG,6-Month T-Bill Auction,https://tradingeconomics.com/singapore/6-month-bill-yield,,1.44%,,
2025-10-23 05:00:00,SG,Core Inflation Rate YoY,https://tradingeconomics.com/singapore/core-inflation-rate,,0.3%,,0.4%
2025-10-23 05:00:00,SG,Inflation Rate MoM,https://tradingeconomics.com/singapore/inflation-rate-mom,,0.5%,,0.2%
2025-10-23 05:00:00,SG,Inflation Rate YoY,https://tradingeconomics.com/singapore/inflation-cpi,,0.5%,,0.5%
2025-10-23 06:45:00,FR,Business Confidence,https://tradingeconomics.com/france/business-confidence,,96,,94
2025-10-23 06:45:00,FR,Business Climate Indicator,https://tradingeconomics.com/france/business-climate-indicator,,96,,94
2025-10-23 07:00:00,TR,Consumer Confidence,https://tradingeconomics.com/turkey/consumer-confidence,,83.9,,
2025-10-13 12:30:00,DE,Current Account,https://tradingeconomics.com/germany/current-account,8.3B,15.6B,,15.1B
2025-10-13 17:00:00,BR,Business Confidence,https://tradingeconomics.com/brazil/business-confidence,47.2,46.2,,46
2025-10-13 19:10:00,GB,BoE Mann Speech,https://tradingeconomics.com/united-kingdom/interest-rate,,,,
2025-10-14 17:00:00,GB,BoE Gov Bailey Speech,https://tradingeconomics.com/united-kingdom/interest-rate,,,,
2025-10-15 08:00:00,GB,BoE Ramsden Speech,https://tradingeconomics.com/united-kingdom/interest-rate,,,,
2025-10-15 12:30:00,CA,New Motor Vehicle Sales,https://tradingeconomics.com/canada/car-registrations,,179.8K,,170.0K
2025-10-15 13:00:00,RU,Current Account,https://tradingeconomics.com/russia/current-account,,$7.3B,,$ 8B
2025-10-15 18:30:00,US,Fed Schmid Speech,https://tradingeconomics.com/united-states/interest-rate,,,,
2025-10-16 13:00:00,GB,BoE Mann Speech,https://tradingeconomics.com/united-kingdom/interest-rate,,,,
2025-10-17 16:30:00,GB,BoE Breeden Speech,https://tradingeconomics.com/united-kingdom/interest-rate,,,,
2025-10-18 13:00:00,GB,BoE Gov Bailey Speech,https://tradingeconomics.com/united-kingdom/interest-rate,,,,
,SA,Real Estate Price Index YoY,https://tradingeconomics.com/saudi-arabia/house-price-index-yoy,,3.2%,,
,DE,,https://tradingeconomics.com,,,,
2025-10-23 08:00:00,ES,Balance of Trade,https://tradingeconomics.com/spain/balance-of-trade,,-4.01B,,
2025-10-23 09:00:00,GB,,https://tradingeconomics.com,,,,
2025-10-23 10:00:00,GB,CBI Business Optimism Index,https://tradingeconomics.com/united-kingdom/business-confidence,,-27,,-29
2025-10-23 10:00:00,GB,CBI Industrial Trends Orders,https://tradingeconomics.com/united-kingdom/factory-orders,,-27,,-28
2025-10-23 11:00:00,TR,TCMB Interest Rate Decision,https://tradingeconomics.com/turkey/interest-rate,,40.5%,,39%
2025-10-23 11:00:00,TR,Overnight Borrowing Rate,https://tradingeconomics.com/turkey/deposit-interest-rate,,,,
2025-10-23 11:00:00,TR,Overnight Lending Rate,https://tradingeconomics.com/turkey/lending-rate,,,,
2025-10-23 11:30:00,TR,Foreign Exchange Reserves,https://tradingeconomics.com/turkey/foreign-exchange-reserves,,,,
2025-10-23 12:00:00,MX,Mid-month Core Inflation Rate MoM,https://tradingeconomics.com/mexico/mid-month-core-inflation-rate-mom,,,,
2025-10-23 12:00:00,MX,Mid-month Core Inflation Rate YoY,https://tradingeconomics.com/mexico/mid-month-core-inflation-rate-yoy,,4.26%,,
2025-10-23 12:00:00,MX,Mid-month Inflation Rate MoM,https://tradingeconomics.com/mexico/mid-month-inflation-rate-mom,,0.18%,,
2025-10-23 12:00:00,MX,Mid-month Inflation Rate YoY,https://tradingeconomics.com/mexico/mid-month-inflation-rate-yoy,,3.74%,,
2025-10-23 12:00:00,MX,Retail Sales MoM,https://tradingeconomics.com/mexico/retail-sales,,0.1%,,
2025-10-23 12:00:00,MX,Retail Sales YoY,https://tradingeconomics.com/mexico/retail-sales-annual,,2.4%,,
2025-10-23 12:30:00,CA,Retail Sales Ex Autos MoM,https://tradingeconomics.com/canada/retail-sales-ex-autos,,-1.2%,,
2025-10-23 12:30:00,CA,Retail Sales MoM Final,https://tradingeconomics.com/canada/retail-sales,,-0.8%,,1.0%
2025-10-23 12:30:00,CA,Retail Sales MoM Prel,https://tradingeconomics.com/canada/retail-sales,,1.0%,,0.5%
2025-10-23 12:30:00,CA,Manufacturing Sales MoM Prel,https://tradingeconomics.com/canada/manufacturing-sales,,,,
2025-10-23 12:30:00,CA,Retail Sales YoY,https://tradingeconomics.com/canada/retail-sales-annual,,4%,,
2025-10-23 12:30:00,US,Chicago Fed National Activity Index,https://tradingeconomics.com/united-states/chicago-fed-national-activity-index,,-0.12,,-0.4
2025-10-23 12:30:00,US,Initial Jobless Claims,https://tradingeconomics.com/united-states/jobless-claims,,,,
2025-10-23 12:30:00,US,Continuing Jobless Claims,https://tradingeconomics.com/united-states/continuing-jobless-claims,,,,
2025-10-23 12:30:00,US,Jobless Claims 4-week Average,https://tradingeconomics.com/united-states/jobless-claims-4-week-average,,,,
2025-10-23 14:00:00,EA,Consumer Confidence Flash,https://tradingeconomics.com/euro-area/consumer-confidence,,-14.9,,-15.4
2025-10-23 14:00:00,US,Existing Home Sales,https://tradingeconomics.com/united-states/existing-home-sales,,4M,,3.9M
2025-10-23 14:00:00,US,Existing Home Sales MoM,https://tradingeconomics.com/united-states/existing-home-sales-mom,,-0.2%,,
2025-10-23 14:30:00,AR,Consumer Confidence,https://tradingeconomics.com/argentina/consumer-confidence,,39.81,,
2025-10-23 14:30:00,US,EIA Natural Gas Stocks Change,https://tradingeconomics.com/united-states/natural-gas-stocks-change,,,,
2025-10-23 15:00:00,US,Kansas Fed Composite Index,https://tradingeconomics.com/united-states/kansas-fed-composite-index,,4,,
2025-10-23 15:00:00,US,Kansas Fed Manufacturing Index,https://tradingeconomics.com/united-states/kansas-fed-manufacturing-index,,4,,
2025-10-23 15:30:00,US,4-Week Bill Auction,https://tradingeconomics.com/united-states/4-week-bill-yield,,,,
2025-10-23 15:30:00,US,8-Week Bill Auction,https://tradingeconomics.com/united-states/8-week-bill-yield,,,,
2025-10-23 16:00:00,US,15-Year Mortgage Rate,https://tradingeconomics.com/united-states/15-year-mortgage-rate,,,,
2025-10-23 16:00:00,US,30-Year Mortgage Rate,https://tradingeconomics.com/united-states/30-year-mortgage-rate,,,,
2025-10-23 17:00:00,US,5-Year TIPS Auction,https://tradingeconomics.com/united-states/5-year-tips-yield,,1.650%,,
2025-10-23 19:00:00,AR,Retail Sales YoY,https://tradingeconomics.com/argentina/retail-sales-annual,,19.6%,,15.0%
2025-10-23 20:30:00,US,Fed Balance Sheet,https://tradingeconomics.com/united-states/central-bank-balance-sheet,,,,
2025-10-23 22:00:00,AU,S&P Global Manufacturing PMI Flash,https://tradingeconomics.com/australia/manufacturing-pmi,,51.4,,51
2025-10-23 22:00:00,AU,S&P Global Services PMI Flash,https://tradingeconomics.com/australia/services-pmi,,52.4,,51.8
2025-10-23 22:00:00,AU,S&P Global Composite PMI Flash,https://tradingeconomics.com/australia/composite-pmi,,52.4,,52
2025-10-23 23:01:00,GB,Gfk Consumer Confidence,https://tradingeconomics.com/united-kingdom/consumer-confidence,,,,
2025-10-23 23:01:00,GB,Car Production YoY,https://tradingeconomics.com/united-kingdom/car-production,,,,
2025-10-14 06:45:00,CN,Vehicle Sales YoY,https://tradingeconomics.com/china/total-vehicle-sales,14.9%,16.4%,,16.0%
2025-10-22 07:20:00,ID,Loan Growth YoY,https://tradingeconomics.com/indonesia/loan-growth,,7.56%,,7.5%
2025-10-23 23:30:00,JP,Inflation Rate YoY,https://tradingeconomics.com/japan/inflation-cpi,,2.7%,,2.8%
2025-10-23 23:30:00,JP,Core Inflation Rate YoY,https://tradingeconomics.com/japan/core-inflation-rate,,,,3%
2025-10-23 23:30:00,JP,Inflation Rate Ex-Food and Energy YoY,https://tradingeconomics.com/japan/cpi-core-core,,,,3.2%
2025-10-23 23:30:00,JP,Inflation Rate MoM,https://tradingeconomics.com/japan/inflation-rate-mom,,0.1%,,0.0%
2025-10-24 00:30:00,JP,S&P Global Manufacturing PMI Flash,https://tradingeconomics.com/japan/manufacturing-pmi,,48.5,,49.5
2025-10-24 00:30:00,JP,S&P Global Services PMI Flash,https://tradingeconomics.com/japan/services-pmi,,53.3,,53
2025-10-24 00:30:00,JP,S&P Global Composite PMI Flash,https://tradingeconomics.com/japan/composite-pmi,,51.3,,51.2
2025-10-24 00:30:00,SG,URA Property Index QoQ Final,https://tradingeconomics.com/singapore/house-price-index-mom,,1%,,1.2%
2025-10-24 03:35:00,JP,3-Month Bill Auction,https://tradingeconomics.com/japan/3-month-bill-yield,,,,
2025-10-24 05:00:00,IN,HSBC Composite PMI Flash,https://tradingeconomics.com/india/composite-pmi,,61.0,,60.6
2025-10-24 05:00:00,IN,HSBC Manufacturing PMI Flash,https://tradingeconomics.com/india/manufacturing-pmi,,57.7,,58
2025-10-24 05:00:00,IN,HSBC Services PMI Flash,https://tradingeconomics.com/india/services-pmi,,60.9,,60.6
2025-10-24 05:00:00,JP,Coincident Index Final,https://tradingeconomics.com/japan/coincident-index,,114.1,,113.4
2025-10-24 05:00:00,JP,Leading Economic Index Final,https://tradingeconomics.com/japan/leading-economic-index,,106.1,107.4,107.4
2025-10-24 05:00:00,SG,Industrial Production MoM,https://tradingeconomics.com/singapore/industrial-production-mom,,-9.7%,,5.2%
2025-10-24 05:00:00,SG,Industrial Production YoY,https://tradingeconomics.com/singapore/industrial-production,,-7.8%,,-3.0%
2025-10-24 06:00:00,GB,Retail Sales MoM,https://tradingeconomics.com/united-kingdom/retail-sales,,0.5%,,0.3%
2025-10-24 06:00:00,GB,Retail Sales YoY,https://tradingeconomics.com/united-kingdom/retail-sales-annual,,0.7%,,1.3%
2025-10-24 06:00:00,GB,Retail Sales ex Fuel MoM,https://tradingeconomics.com/united-kingdom/retail-sales-ex-fuel,,0.8%,,
2025-10-24 06:00:00,GB,Retail Sales ex Fuel YoY,https://tradingeconomics.com/united-kingdom/retail-sales-ex-fuel,,1.2%,,
2025-10-24 06:45:00,FR,Consumer Confidence,https://tradingeconomics.com/france/consumer-confidence,,87,,85
2025-10-24 07:00:00,ES,Unemployment Rate,https://tradingeconomics.com/spain/unemployment-rate,,10.29%,,10.8%
2025-10-24 07:00:00,ES,PPI YoY,https://tradingeconomics.com/spain/producer-prices-change,,-1.5%,,-0.3%
2025-10-24 07:15:00,FR,HCOB Composite PMI Flash,https://tradingeconomics.com/france/composite-pmi,,48.1,,48.5
2025-10-24 07:15:00,FR,HCOB Manufacturing PMI Flash,https://tradingeconomics.com/france/manufacturing-pmi,,48.2,,48
2025-10-24 07:15:00,FR,HCOB Services PMI Flash,https://tradingeconomics.com/france/services-pmi,,48.5,,49
2025-10-24 07:30:00,DE,HCOB Manufacturing PMI Flash,https://tradingeconomics.com/germany/manufacturing-pmi,,49.5,,49
2025-10-24 07:30:00,DE,HCOB Composite PMI Flash,https://tradingeconomics.com/germany/composite-pmi,,52.0,,50.5
2025-10-24 07:30:00,DE,HCOB Services PMI Flash,https://tradingeconomics.com/germany/services-pmi,,51.5,,51.1
,CN,FDI (YTD) YoY,https://tradingeconomics.com/china/foreign-direct-investment-yoy,,-12.7%,,
2025-10-14 09:30:00,ZA,SACCI Business Confidence,https://tradingeconomics.com/south-africa/coincident-index,120,116.7,,118
2025-10-24 08:00:00,EA,HCOB Composite PMI Flash,https://tradingeconomics.com/euro-area/composite-pmi,,51.2,,50.5
2025-10-24 08:00:00,EA,HCOB Manufacturing PMI Flash,https://tradingeconomics.com/euro-area/manufacturing-pmi,,49.8,,49.1
2025-10-24 08:00:00,EA,HCOB Services PMI Flash,https://tradingeconomics.com/euro-area/services-pmi,,51.3,,50.9
2025-10-24 08:30:00,GB,S&P Global Manufacturing PMI Flash,https://tradingeconomics.com/united-kingdom/manufacturing-pmi,,46.2,,46.7
2025-10-24 08:30:00,GB,S&P Global Services PMI Flash,https://tradingeconomics.com/united-kingdom/services-pmi,,50.8,,51.1
2025-10-24 08:30:00,GB,S&P Global Composite PMI Flash,https://tradingeconomics.com/united-kingdom/composite-pmi,,50.1,,50.5
2025-10-24 10:30:00,RU,Interest Rate Decision,https://tradingeconomics.com/russia/interest-rate,,17%,,16%
2025-10-24 11:00:00,BR,FGV Consumer Confidence,https://tradingeconomics.com/brazil/economic-optimism-index,,87.5,,
2025-10-24 11:30:00,BR,Current Account,https://tradingeconomics.com/brazil/current-account,,$-4.67B,,$ -6B
2025-10-24 11:30:00,BR,Foreign Direct Investment,https://tradingeconomics.com/brazil/foreign-direct-investment,,$7.99B,,$4.0B
2025-10-24 11:30:00,IN,Foreign Exchange Reserves,https://tradingeconomics.com/india/foreign-exchange-reserves,,,,
2025-10-24 12:00:00,BR,IPCA mid-month CPI MoM,https://tradingeconomics.com/brazil/mid-month-inflation-rate-mom,,0.48%,,
2025-10-24 12:00:00,BR,IPCA mid-month CPI YoY,https://tradingeconomics.com/brazil/mid-month-inflation-rate-yoy,,5.32%,,
2025-10-24 12:00:00,RU,CBR Press Conference,https://tradingeconomics.com/russia/interest-rate,,,,
2025-10-24 12:30:00,CA,New Housing Price Index MoM,https://tradingeconomics.com/canada/house-price-index-mom,,-0.3%,,0.2%
2025-10-24 12:30:00,US,Core Inflation Rate MoM,https://tradingeconomics.com/united-states/core-inflation-rate-mom,,0.3%,0.3%,0.3%
2025-10-24 12:30:00,US,Core Inflation Rate YoY,https://tradingeconomics.com/united-states/core-inflation-rate,,3.1%,,3.0%
2025-10-24 12:30:00,US,Inflation Rate MoM,https://tradingeconomics.com/united-states/inflation-rate-mom,,0.4%,0.3%,0.4%
2025-10-24 12:30:00,US,Inflation Rate YoY,https://tradingeconomics.com/united-states/inflation-cpi,,2.9%,,3.0%
2025-10-24 12:30:00,US,CPI,https://tradingeconomics.com/united-states/consumer-price-index-cpi,,323.98,,324.8
2025-10-24 12:30:00,US,CPI s.a,https://tradingeconomics.com/united-states/cpi-seasonally-adjusted,,323.364,,324.7
2025-10-24 13:45:00,US,S&P Global Composite PMI Flash,https://tradingeconomics.com/united-states/composite-pmi,,53.9,,
2025-10-24 13:45:00,US,S&P Global Manufacturing PMI Flash,https://tradingeconomics.com/united-states/manufacturing-pmi,,52.0,,
2025-10-24 13:45:00,US,S&P Global Services PMI Flash,https://tradingeconomics.com/united-states/services-pmi,,54.2,,
2025-10-24 14:00:00,US,Michigan Consumer Sentiment Final,https://tradingeconomics.com/united-states/consumer-confidence,,55.1,55,55
2025-10-24 14:00:00,US,New Home Sales,https://tradingeconomics.com/united-states/new-home-sales,,0.8M,,0.69M
2025-10-24 14:00:00,US,New Home Sales MoM,https://tradingeconomics.com/united-states/new-home-sales-mom,,20.5%,,-13.8%
2025-10-24 14:00:00,US,Michigan 5 Year Inflation Expectations Final,https://tradingeconomics.com/united-states/michigan-5-year-inflation-expectations,,3.7%,,
2025-10-24 14:00:00,US,Michigan Consumer Expectations Final,https://tradingeconomics.com/united-states/michigan-consumer-expectations,,51.7,51.2,51.2
2025-10-24 14:00:00,US,Michigan Current Conditions Final,https://tradingeconomics.com/united-states/michigan-current-economic-conditions,,60.4,61.0,61.0
2025-10-24 14:00:00,US,Michigan Inflation Expectations Final,https://tradingeconomics.com/united-states/michigan-inflation-expectations,,4.7%,4.6%,4.6%
2025-10-24 17:00:00,US,Baker Hughes Oil Rig Count,https://tradingeconomics.com/united-states/crude-oil-rigs,,,,
2025-10-24 17:00:00,US,Baker Hughes Total Rigs Count,https://tradingeconomics.com/united-states/total-rigs,,,,
,US,Building Permits Final,https://tradingeconomics.com/united-states/building-permits,,,,
,US,Building Permits MoM Final,https://tradingeconomics.com/united-states/building-permits-mom,,,,
2025-10-15 05:15:00,SG,1-Year T-Bill Auction,https://tradingeconomics.com/singapore/12-month-bill-yield,1.35%,1.68%,,
2025-10-15 06:00:00,SA,Inflation Rate MoM,https://tradingeconomics.com/saudi-arabia/inflation-rate-mom,-0.1%,0.1%,,0.1%
2025-10-15 06:00:00,SA,Inflation Rate YoY,https://tradingeconomics.com/saudi-arabia/inflation-cpi,2.2%,2.3%,,2.4%
2025-10-15 06:00:00,SA,Wholesale Prices YoY,https://tradingeconomics.com/saudi-arabia/producer-prices-change,2.1%,2.1%,,2.2%
2025-10-15 08:00:00,TR,Budget Balance,https://tradingeconomics.com/turkey/government-budget-value,TRY-309.6B,TRY96.7B,,
2025-10-15 08:15:00,IN,Passenger Vehicles Sales YoY,https://tradingeconomics.com/india/total-vehicle-sales,-9.2%,-9.0%,,
2025-10-15 09:00:00,CN,New Yuan Loans,https://tradingeconomics.com/china/new-bank-loans,CNY1290B,CNY590B,CNY1472B,CNY1250.0B
2025-10-15 09:00:00,CN,M2 Money Supply YoY,https://tradingeconomics.com/china/money-supply-m2,8.4%,8.8%,8.5%,8.6%
2025-10-15 09:00:00,CN,Outstanding Loan Growth YoY,https://tradingeconomics.com/china/loan-growth,6.6%,6.8%,6.7%,6.6%
2025-10-15 09:00:00,CN,Total Social Financing,https://tradingeconomics.com/china/total-social-financing,CNY3530B,CNY2570B,CNY 3320B,CNY 3850B
2025-10-15 09:30:00,IN,Balance of Trade,https://tradingeconomics.com/india/balance-of-trade,$-32.15B,$-26.49B,,$ -23B
2025-10-15 09:30:00,IN,Exports,https://tradingeconomics.com/india/exports,$36.38B,$35.1B,,$ 38B
2025-10-15 09:30:00,IN,Imports,https://tradingeconomics.com/india/imports,$68.53B,$61.59B,,$ 61B
2025-10-16 07:00:00,FR,,https://tradingeconomics.com,,,,
2025-10-16 20:30:00,US,API Crude Oil Stock Change,https://tradingeconomics.com/united-states/api-crude-oil-stock-change,,2.78M,0.12M,
,ID,Foreign Direct Investment YoY,https://tradingeconomics.com/indonesia/foreign-direct-investment-yoy,,-7%,,-6.0%
,IN,M3 Money Supply YoY,https://tradingeconomics.com/india/money-supply-m3,,9.2%,,
,US,New Home Sales,https://tradingeconomics.com/united-states/new-home-sales,,0.8M,,0.69M
,US,New Home Sales MoM,https://tradingeconomics.com/united-states/new-home-sales-mom,,20.5%,,-13.8%
2025-10-26 06:00:00,SA,Balance of Trade,https://tradingeconomics.com/saudi-arabia/balance-of-trade,,SAR26.9B,,
2025-10-26 06:00:00,SA,Exports,https://tradingeconomics.com/saudi-arabia/exports,,SAR102.4B,,
2025-10-26 06:00:00,SA,Imports,https://tradingeconomics.com/saudi-arabia/imports,,SAR75.5B,,
,AR,,https://tradingeconomics.com,,,,
2025-10-16 10:10:00,GB,,https://tradingeconomics.com,0.3%,0.3%,,0.2%
2025-10-16 17:00:00,US,API Crude Oil Stock Change,https://tradingeconomics.com/united-states/api-crude-oil-stock-change,3.524M,2.78M,0.12M,
2025-10-17 12:45:00,DE,Bundesbank Mauderer Speech,https://tradingeconomics.com/germany/interest-rate,,,,
2025-10-17 12:45:00,DE,Bundesbank Nagel Speech,https://tradingeconomics.com/germany/interest-rate,,,,
2025-10-18 12:00:00,DE,Bundesbank Nagel Speech,https://tradingeconomics.com/germany/interest-rate,,,,
2025-10-20 18:00:00,DE,Bundesbank Balz Speech,https://tradingeconomics.com/germany/interest-rate,,,,
2025-10-21 01:00:00,DE,Bundesbank Nagel Speech,https://tradingeconomics.com/germany/interest-rate,,,,
2025-10-21 04:00:00,DE,Bundesbank Nagel Speech,https://tradingeconomics.com/germany/interest-rate,,,,
2025-10-17 02:30:00,ID,Foreign Direct Investment YoY,https://tradingeconomics.com/indonesia/foreign-direct-investment-yoy,-8.9%,-7%,,-6.0%
2025-10-27 01:30:00,CN,Industrial Profits (YTD) YoY,https://tradingeconomics.com/china/corporate-profits,,0.9%,,0.8%
2025-10-27 02:30:00,KR,5-Year KTB Auction,https://tradingeconomics.com/south-korea/5-year-note-yield,,2.585%,,
2025-10-27 07:00:00,TR,Business Confidence,https://tradingeconomics.com/turkey/business-confidence,,100.2,,
2025-10-27 07:00:00,TR,Unemployment Rate,https://tradingeconomics.com/turkey/unemployment-rate,,8.5%,,8.5%
2025-10-27 07:00:00,TR,Capacity Utilization,https://tradingeconomics.com/turkey/capacity-utilization,,74%,,
2025-10-27 07:00:00,TR,Participation Rate,https://tradingeconomics.com/turkey/labor-force-participation-rate,,54.0%,,54.1%
2025-10-17 10:00:00,IN,M3 Money Supply YoY,https://tradingeconomics.com/india/money-supply-m3,9.6%,9.2%,,
2025-10-20 03:50:00,JP,BoJ Takata Speech,https://tradingeconomics.com/japan/interest-rate,,,,
2025-10-20 08:00:00,EA,ECB Schnabel Speech,https://tradingeconomics.com/euro-area/interest-rate,,,,
2025-10-20 20:00:00,US,Net Long-term TIC Flows,https://tradingeconomics.com/united-states/net-long-term-tic-flows,,$49.2B,,
2025-10-20 20:00:00,US,Foreign Bond Investment,https://tradingeconomics.com/united-states/foreign-bond-investment,,$58.2B,,
2025-10-20 20:00:00,US,Overall Net Capital Flows,https://tradingeconomics.com/united-states/capital-flows,,$2.1B,,
,KR,10-Year KTB Auction,https://tradingeconomics.com/south-korea/government-bond-yield,,2.835%,,
2025-10-21 04:20:00,JP,BoJ Himino Speech,https://tradingeconomics.com/japan/interest-rate,,,,
2025-10-21 07:00:00,EA,ECB Lane Speech,https://tradingeconomics.com/euro-area/interest-rate,,,,
2025-10-21 11:00:00,EA,ECB President Lagarde Speech,https://tradingeconomics.com/euro-area/interest-rate,,,,
2025-10-21 13:00:00,GB,BoE Cleland Speech,https://tradingeconomics.com/united-kingdom/interest-rate,,,,
2025-10-21 13:00:00,US,Fed Waller Speech,https://tradingeconomics.com/united-states/interest-rate,,,,
2025-10-21 14:30:00,US,,https://tradingeconomics.com,,,$75 million,
2025-10-21 19:30:00,US,Fed Waller Speech,https://tradingeconomics.com/united-states/interest-rate,,,,
2025-10-22 11:00:00,EA,ECB Guindos Speech,https://tradingeconomics.com/euro-area/interest-rate,,,,
2025-10-22 12:25:00,EA,ECB President Lagarde Speech,https://tradingeconomics.com/euro-area/interest-rate,,,,
2025-10-22 15:00:00,EA,ECB Buch Speech,https://tradingeconomics.com/euro-area/interest-rate,,,,
2025-10-22 20:00:00,GB,BoE Woods Speech,https://tradingeconomics.com/united-kingdom/interest-rate,,,,
2025-10-23 13:00:00,GB,BoE Hall Speech,https://tradingeconomics.com/united-kingdom/interest-rate,,,,
2025-10-23 13:30:00,EA,ECB Lane Speech,https://tradingeconomics.com/euro-area/interest-rate,,,,
2025-10-24 00:05:00,AU,RBA Bullock Speech,https://tradingeconomics.com/australia/interest-rate,,,,
2025-10-24 08:00:00,EA,ECB Cipollone Speech,https://tradingeconomics.com/euro-area/interest-rate,,,,
2025-10-24 09:15:00,GB,BoE Woods Speech,https://tradingeconomics.com/united-kingdom/interest-rate,,,,
2025-10-27 08:00:00,EA,Loans to Companies YoY,https://tradingeconomics.com/euro-area/loans-to-private-sector,,3%,,3.2%
2025-10-27 08:00:00,EA,Loans to Households YoY,https://tradingeconomics.com/euro-area/loan-growth,,2.5%,,2.6%
2025-10-27 08:00:00,EA,M3 Money Supply YoY,https://tradingeconomics.com/euro-area/money-supply-m3,,2.9%,,3.0%
2025-10-27 08:00:00,DE,Ifo Business Climate,https://tradingeconomics.com/germany/business-confidence,,87.7,,87
2025-10-27 08:00:00,DE,Ifo Current Conditions,https://tradingeconomics.com/germany/ifo-current-conditions,,85.7,,85.1
2025-10-27 08:00:00,DE,Ifo Expectations,https://tradingeconomics.com/germany/ifo-expectations,,89.7,,89.1
2025-10-27 08:15:00,AU,RBA Bullock Speech,https://tradingeconomics.com/australia/interest-rate,,,,
2025-10-27 11:00:00,GB,CBI Distributive Trades,https://tradingeconomics.com/united-kingdom/cbi-distributive-trades,,-29,,-36
2025-10-27 12:00:00,MX,Balance of Trade,https://tradingeconomics.com/mexico/balance-of-trade,,$-1.944B,,$ -0.5B
2025-10-27 12:30:00,CA,New Housing Price Index MoM,https://tradingeconomics.com/canada/house-price-index-mom,,-0.3%,,0.2%
2025-10-27 12:30:00,US,Durable Goods Orders MoM,https://tradingeconomics.com/united-states/durable-goods-orders,,,,-1.2%
2025-10-27 12:30:00,US,Durable Goods Orders Ex Transp MoM,https://tradingeconomics.com/united-states/durable-goods-orders-ex-transportation,,0.4%,,-0.2%
2025-10-27 12:30:00,US,Durable Goods Orders ex Defense MoM,https://tradingeconomics.com/united-states/durable-goods-orders-ex-defense,,1.9%,,-1%
2025-10-27 12:30:00,US,Non Defense Goods Orders Ex Air,https://tradingeconomics.com/united-states/non-defense-capital-goods-orders-ex-aircraft,,0.6%,,
2025-10-27 13:00:00,FR,12-Month BTF Auction,https://tradingeconomics.com/france/52-week-bill-yield,,,,
2025-10-27 13:00:00,FR,3-Month BTF Auction,https://tradingeconomics.com/france/3-month-bill-yield,,,,
2025-10-27 13:00:00,FR,6-Month BTF Auction,https://tradingeconomics.com/france/6-month-bill-yield,,,,
2025-10-27 14:30:00,US,Dallas Fed Manufacturing Index,https://tradingeconomics.com/united-states/dallas-fed-manufacturing-index,,-8.7,,
2025-10-27 15:30:00,US,3-Month Bill Auction,https://tradingeconomics.com/united-states/3-month-bill-yield,,,,
2025-10-27 15:30:00,US,6-Month Bill Auction,https://tradingeconomics.com/united-states/6-month-bill-yield,,,,
2025-10-27 17:00:00,US,2-Year Note Auction,https://tradingeconomics.com/united-states/2-year-note-yield,,,,
2025-10-27 17:00:00,US,5-Year Note Auction,https://tradingeconomics.com/united-states/5-year-note-yield,,,,
2025-10-27 21:00:00,KR,Consumer Confidence,https://tradingeconomics.com/south-korea/consumer-confidence,,110.1,,111
2025-10-27 23:00:00,KR,GDP Growth Rate QoQ Adv,https://tradingeconomics.com/south-korea/gdp-growth,,0.7%,,0.3%
2025-10-27 23:00:00,KR,GDP Growth Rate YoY Adv,https://tradingeconomics.com/south-korea/gdp-growth-annual,,0.6%,,1%
,KR,5-Year KTB Auction,https://tradingeconomics.com/south-korea/5-year-note-yield,,2.585%,,
2025-10-28 03:35:00,JP,,https://tradingeconomics.com,,,,
2025-10-28 05:00:00,EU,New Car Registrations YoY,https://tradingeconomics.com/european-union/car-registrations,,5.3%,,8.6%
2025-10-28 05:00:00,SG,MAS 12-Week Bill Auction,https://tradingeconomics.com/singapore/3-month-bill-yield,,,,
2025-10-28 05:00:00,SG,MAS 4-Week Bill Auction,https://tradingeconomics.com/singapore/1-month-bill-yield,,,,
2025-10-28 07:00:00,DE,GfK Consumer Confidence,https://tradingeconomics.com/germany/consumer-confidence,,-22.3,,-23
,KR,20-Year KTB Auction,https://tradingeconomics.com/south-korea/20-year-bond-yield,,2.803%,,
2025-10-28 09:00:00,IT,Business Confidence,https://tradingeconomics.com/italy/business-confidence,,87.3,,86.4
2025-10-28 09:00:00,IT,Consumer Confidence,https://tradingeconomics.com/italy/consumer-confidence,,96.8,,96.2
2025-10-28 10:00:00,GB,,https://tradingeconomics.com,,,,
2025-10-28 10:10:00,IT,,https://tradingeconomics.com,,,,
2025-10-28 10:30:00,DE,5-Year Bobl Auction,https://tradingeconomics.com/germany/5-year-note-yield,,2.31%,,
2025-10-28 10:30:00,IN,Industrial Production YoY,https://tradingeconomics.com/india/industrial-production,,4%,,3.8%
2025-10-28 10:30:00,IN,Manufacturing Production YoY,https://tradingeconomics.com/india/manufacturing-production,,3.8%,,3.2%
2025-10-28 11:00:00,FR,Unemployment Benefit Claims,https://tradingeconomics.com/france/initial-jobless-claims,,-11.7K,,28.0K
2025-10-28 11:00:00,FR,Jobseekers Total,https://tradingeconomics.com/france/unemployed-persons,,3021.8K,,3049.8K
2025-10-28 12:00:00,MX,Unemployment Rate,https://tradingeconomics.com/mexico/unemployment-rate,,2.9%,,2.80%
2025-10-28 12:55:00,US,Redbook YoY,https://tradingeconomics.com/united-states/redbook-index,,,,
2025-10-28 13:00:00,US,S&P/Case-Shiller Home Price YoY,https://tradingeconomics.com/united-states/case-shiller-home-price-index-yoy,,1.8%,,
2025-10-28 13:00:00,US,House Price Index,https://tradingeconomics.com/united-states/housing-index,,433.4,,
2025-10-28 13:00:00,US,House Price Index MoM,https://tradingeconomics.com/united-states/house-price-index-mom,,-0.1%,,
2025-10-28 13:00:00,US,House Price Index YoY,https://tradingeconomics.com/united-states/house-price-index-yoy,,2.3%,,
2025-10-28 13:00:00,US,S&P/Case-Shiller Home Price MoM,https://tradingeconomics.com/united-states/case-shiller-home-price-index-mom,,-0.3%,,
2025-10-28 14:00:00,US,,https://tradingeconomics.com,,94.2,,
2025-10-28 14:00:00,US,Richmond Fed Manufacturing Index,https://tradingeconomics.com/united-states/richmond-fed-manufacturing-index,,-17,,
2025-10-28 14:00:00,US,Richmond Fed Manufacturing Shipments Index,https://tradingeconomics.com/united-states/richmond-fed-manufacturing-shipments,,-20,,
2025-10-28 14:00:00,US,Richmond Fed Services Revenues Index,https://tradingeconomics.com/united-states/richmond-fed-services-index,,1,,
2025-10-28 14:30:00,US,Dallas Fed Services Index,https://tradingeconomics.com/united-states/dallas-fed-services-index,,-5.6,,
2025-10-28 14:30:00,US,Dallas Fed Services Revenues Index,https://tradingeconomics.com/united-states/dallas-fed-services-revenues-index,,-2.4,,
2025-10-28 15:30:00,US,52-Week Bill Auction,https://tradingeconomics.com/united-states/52-week-bill-yield,,3.540%,,
2025-10-28 17:00:00,US,7-Year Note Auction,https://tradingeconomics.com/united-states/7-year-note-yield,,,,
2025-10-28 17:00:00,US,Money Supply,https://tradingeconomics.com/united-states/money-supply-m2,,$22.20T,,$ 22T
2025-10-28 20:30:00,US,API Crude Oil Stock Change,https://tradingeconomics.com/united-states/api-crude-oil-stock-change,,,,
2025-10-28 21:00:00,KR,Business Confidence,https://tradingeconomics.com/south-korea/business-confidence,,70,,71
2025-10-29 00:30:00,AU,Inflation Rate QoQ,https://tradingeconomics.com/australia/inflation-rate-mom,,0.7%,,1.0%
2025-10-29 00:30:00,AU,Inflation Rate YoY,https://tradingeconomics.com/australia/inflation-cpi,,2.1%,,2.9%
2025-10-29 00:30:00,AU,Monthly CPI Indicator,https://tradingeconomics.com/australia/monthly-cpi-indicator,,3%,,3.0%
2025-10-29 00:30:00,AU,RBA Trimmed Mean CPI QoQ,https://tradingeconomics.com/australia/trimmed-mean-cpi-qoq,,0.6%,,0.7%
2025-10-29 00:30:00,AU,RBA Trimmed Mean CPI YoY,https://tradingeconomics.com/australia/core-inflation-rate,,2.7%,,2.6%
2025-10-29 00:30:00,AU,CPI,https://tradingeconomics.com/australia/consumer-price-index-cpi,,141.70,,143.1
2025-10-29 00:30:00,AU,RBA Weighted Median CPI QoQ,https://tradingeconomics.com/australia/weighted-median-cpi-qoq,,0.6%,,0.8%
2025-10-29 00:30:00,AU,RBA Weighted Median CPI YoY,https://tradingeconomics.com/australia/weighted-median-cpi-yoy,,2.7%,,2.6%
2025-10-29 05:00:00,JP,Consumer Confidence,https://tradingeconomics.com/japan/consumer-confidence,,35.3,,
2025-10-29 05:00:00,SG,10-Year Bond Auction,https://tradingeconomics.com/singapore/government-bond-yield,,2.79%,,
2025-10-29 05:00:00,SG,Export Prices YoY,https://tradingeconomics.com/singapore/export-prices-yoy,,-5.3%,,-5.8%
2025-10-29 05:00:00,SG,Import Prices YoY,https://tradingeconomics.com/singapore/import-prices-yoy,,-3.8%,,-5.5%
2025-10-29 05:00:00,SG,PPI YoY,https://tradingeconomics.com/singapore/producer-prices-change,,1.1%,,1.2%
2025-10-29 06:00:00,ZA,M3 Money Supply YoY,https://tradingeconomics.com/south-africa/money-supply-m3,,6.18%,,5.75e+006%
2025-10-29 06:00:00,ZA,Private Sector Credit YoY,https://tradingeconomics.com/south-africa/private-sector-credit,,5.86%,,6.2%
2025-10-29 08:00:00,ES,GDP Growth Rate QoQ Flash,https://tradingeconomics.com/spain/gdp-growth,,0.8%,,0.7%
2025-10-29 08:00:00,ES,GDP Growth Rate YoY Flash,https://tradingeconomics.com/spain/gdp-growth-annual,,3.1%,,2.7%
2025-10-29 08:00:00,ES,Retail Sales MoM,https://tradingeconomics.com/spain/retail-sales,,0.4%,,0.7%
2025-10-29 08:00:00,ES,Retail Sales YoY,https://tradingeconomics.com/spain/retail-sales-annual,,4.5%,,4.2%
2025-10-29 09:30:00,GB,BoE Consumer Credit,https://tradingeconomics.com/united-kingdom/consumer-credit,,1.692B,,1.2B
2025-10-29 09:30:00,GB,Mortgage Approvals,https://tradingeconomics.com/united-kingdom/mortgage-approvals,,64.68K,,65.0K
2025-10-29 09:30:00,GB,Mortgage Lending,https://tradingeconomics.com/united-kingdom/home-loans,,4.31B,,4.3B
2025-10-29 09:30:00,GB,M4 Money Supply MoM,https://tradingeconomics.com/united-kingdom/money-supply-m4,,0.4%,,
2025-10-29 09:30:00,GB,Net Lending to Individuals MoM,https://tradingeconomics.com/united-kingdom/net-lending-to-individuals-mom,,6B,,4.2B
2025-10-29 10:00:00,GB,,https://tradingeconomics.com,,,,
2025-10-29 10:10:00,IT,6-Month BOT Auction,https://tradingeconomics.com/italy/6-month-bill-yield,,,,
2025-10-29 10:30:00,DE,10-Year Bund Auction,https://tradingeconomics.com/germany/government-bond-yield,,2.72%,,
2025-10-29 11:00:00,IT,PPI MoM,https://tradingeconomics.com/italy/producer-price-inflation-mom,,-0.6%,,0.2%
2025-10-29 11:00:00,IT,PPI YoY,https://tradingeconomics.com/italy/producer-prices-change,,0.2%,,1.0%
2025-10-29 11:00:00,US,MBA 30-Year Mortgage Rate,https://tradingeconomics.com/united-states/mortgage-rate,,,,
2025-10-29 11:00:00,US,MBA Mortgage Applications,https://tradingeconomics.com/united-states/mortgage-applications,,,,
2025-10-29 11:00:00,US,MBA Mortgage Market Index,https://tradingeconomics.com/united-states/mba-mortgage-market-index,,,,
2025-10-29 11:00:00,US,MBA Mortgage Refinance Index,https://tradingeconomics.com/united-states/mba-mortgage-refinance-index,,,,
2025-10-29 11:00:00,US,MBA Purchase Index,https://tradingeconomics.com/united-states/mba-purchase-index,,,,
2025-10-29 11:30:00,BR,Bank Lending MoM,https://tradingeconomics.com/brazil/loan-growth,,,,
2025-10-29 11:30:00,IN,M3 Money Supply YoY,https://tradingeconomics.com/india/money-supply-m3,,9.6%,,
2025-10-29 12:30:00,CA,Wholesale Sales MoM Prel,https://tradingeconomics.com/canada/wholesale-sales,,-1.2%,,
2025-10-29 12:30:00,US,Goods Trade Balance Adv,https://tradingeconomics.com/united-states/goods-trade-balance,,$-85.5B,,
2025-10-29 12:30:00,US,Retail Inventories Ex Autos MoM Adv,https://tradingeconomics.com/united-states/retail-inventories-ex-autos,,,,
2025-10-29 12:30:00,US,Wholesale Inventories MoM Adv,https://tradingeconomics.com/united-states/wholesale-inventories,,,,-0.3%
2025-10-29 13:45:00,CA,BoC Interest Rate Decision,https://tradingeconomics.com/canada/interest-rate,,2.5%,,2.25%
2025-10-29 13:45:00,CA,BoC Monetary Policy Report,https://tradingeconomics.com/canada/interest-rate,,,,
2025-10-29 14:00:00,US,Pending Home Sales MoM,https://tradingeconomics.com/united-states/pending-home-sales-mom,,,,
2025-10-29 14:00:00,US,Pending Home Sales YoY,https://tradingeconomics.com/united-states/pending-home-sales,,3.8%,,0.9%
2025-10-29 14:30:00,CA,BoC Press Conference,https://tradingeconomics.com/canada/interest-rate,,,,
2025-10-29 14:30:00,US,EIA Crude Oil Stocks Change,https://tradingeconomics.com/united-states/crude-oil-stocks-change,,,,
2025-10-29 14:30:00,US,EIA Gasoline Stocks Change,https://tradingeconomics.com/united-states/gasoline-stocks-change,,,,
2025-10-29 14:30:00,US,EIA Crude Oil Imports Change,https://tradingeconomics.com/united-states/crude-oil-imports,,,,
2025-10-29 14:30:00,US,EIA Cushing Crude Oil Stocks Change,https://tradingeconomics.com/united-states/cushing-crude-oil-stocks,,,,
2025-10-29 14:30:00,US,EIA Distillate Fuel Production Change,https://tradingeconomics.com/united-states/distillate-fuel-production,,,,
2025-10-29 14:30:00,US,EIA Distillate Stocks Change,https://tradingeconomics.com/united-states/distillate-stocks,,,,
2025-10-29 14:30:00,US,EIA Gasoline Production Change,https://tradingeconomics.com/united-states/gasoline-production,,,,
2025-10-29 14:30:00,US,EIA Heating Oil Stocks Change,https://tradingeconomics.com/united-states/heating-oil-stocks,,,,
2025-10-29 14:30:00,US,EIA Refinery Crude Runs Change,https://tradingeconomics.com/united-states/refinery-crude-runs,,,,
2025-10-29 15:30:00,US,17-Week Bill Auction,https://tradingeconomics.com/united-states/17-week-bill-yield,,,,
2025-10-29 15:30:00,US,,https://tradingeconomics.com,,,,
2025-10-29 16:00:00,RU,Unemployment Rate,https://tradingeconomics.com/russia/unemployment-rate,,2.1%,,2.1%
2025-10-29 16:00:00,RU,Business Confidence,https://tradingeconomics.com/russia/business-confidence,,,,
2025-10-29 16:00:00,RU,Corporate Profits,https://tradingeconomics.com/russia/corporate-profits,,,,
2025-10-29 16:00:00,RU,Real Wage Growth YoY,https://tradingeconomics.com/russia/wage-growth,,6.6%,,
2025-10-29 16:00:00,RU,Retail Sales YoY,https://tradingeconomics.com/russia/retail-sales-annual,,2.8%,,
2025-10-29 18:00:00,US,Fed Interest Rate Decision,https://tradingeconomics.com/united-states/interest-rate,,4.25%,,4.0%
2025-10-29 18:30:00,US,Fed Press Conference,https://tradingeconomics.com/united-states/interest-rate,,,,
2025-10-20 05:00:00,KR,10-Year KTB Auction,https://tradingeconomics.com/south-korea/government-bond-yield,2.885%,2.835%,,
2025-10-20 06:00:00,SA,Real Estate Price Index YoY,https://tradingeconomics.com/saudi-arabia/house-price-index-yoy,1.3%,3.2%,,
2025-10-29 23:50:00,JP,Foreign Bond Investment,https://tradingeconomics.com/japan/foreign-bond-investment,,,,
2025-10-29 23:50:00,JP,Stock Investment by Foreigners,https://tradingeconomics.com/japan/foreign-stock-investment,,,,
2025-10-30 00:30:00,AU,Export Prices QoQ,https://tradingeconomics.com/australia/export-prices-mom,,-4.5%,,1.5%
2025-10-30 00:30:00,AU,Import Prices QoQ,https://tradingeconomics.com/australia/import-prices-mom,,-0.8%,,1.0%
2025-10-30 02:30:00,SG,Unemployment Rate Prel,https://tradingeconomics.com/singapore/unemployment-rate,,2%,,1.90%
2025-10-30 03:00:00,JP,BoJ Interest Rate Decision,https://tradingeconomics.com/japan/interest-rate,,0.5%,,0.5%
2025-10-30 03:00:00,JP,BoJ Quarterly Outlook Report,https://tradingeconomics.com/japan/interest-rate,,,,
2025-10-30 06:00:00,SA,GDP Growth Rate YoY Prel,https://tradingeconomics.com/saudi-arabia/gdp-growth-annual,,3.9%,,2.5%
2025-10-30 06:30:00,FR,GDP Growth Rate QoQ Prel,https://tradingeconomics.com/france/gdp-growth,,0.3%,,0.1%
2025-10-30 06:30:00,FR,GDP Growth Rate YoY Prel,https://tradingeconomics.com/france/gdp-growth-annual,,0.8%,,0.7%
2025-10-30 06:30:00,FR,Household Consumption MoM,https://tradingeconomics.com/france/personal-spending,,0.1%,,0.2%
2025-10-30 07:00:00,TR,Economic Confidence Index,https://tradingeconomics.com/turkey/economic-optimism-index,,98.0,,
2025-10-20 14:30:00,TR,Central Government Debt,https://tradingeconomics.com/turkey/government-debt,TRY12.964T,TRY12.477T,,TRY12.2T
2025-10-30 08:00:00,ES,Inflation Rate MoM Prel,https://tradingeconomics.com/spain/inflation-rate-mom,,-0.3%,,0.4%
2025-10-30 08:00:00,ES,Inflation Rate YoY Prel,https://tradingeconomics.com/spain/inflation-cpi,,3%,,2.8%
2025-10-30 08:00:00,ES,Core Inflation Rate YoY Prel,https://tradingeconomics.com/spain/core-inflation-rate,,2.4%,,2.3%
2025-10-30 08:00:00,ES,Harmonised Inflation Rate MoM Prel,https://tradingeconomics.com/spain/harmonised-inflation-rate-mom,,0.2%,,0.3%
2025-10-30 08:00:00,ES,Harmonised Inflation Rate YoY Prel,https://tradingeconomics.com/spain/harmonised-inflation-rate-yoy,,3%,,2.9%
2025-10-30 08:55:00,DE,Unemployed Persons,https://tradingeconomics.com/germany/unemployed-persons,,2.976M,,2.995M
2025-10-30 08:55:00,DE,Unemployment Change,https://tradingeconomics.com/germany/unemployment-change,,14K,,19.0K
2025-10-30 08:55:00,DE,Unemployment Rate,https://tradingeconomics.com/germany/unemployment-rate,,6.3%,,6.4%
2025-10-30 09:00:00,DE,GDP Growth Rate QoQ Flash,https://tradingeconomics.com/germany/gdp-growth,,-0.3%,,0.1%
2025-10-30 09:00:00,DE,GDP Growth Rate YoY Flash,https://tradingeconomics.com/germany/gdp-growth-annual,,0.2%,,0.1%
2025-10-30 09:00:00,DE,Baden Wuerttemberg CPI MoM,https://tradingeconomics.com/germany/baden-wuerttemberg-cpi-yoy,,0.2%,,
2025-10-30 09:00:00,DE,Baden Wuerttemberg CPI YoY,https://tradingeconomics.com/germany/baden-wuerttemberg-cpi-yoy,,2.7%,,
2025-10-30 09:00:00,DE,Bavaria CPI MoM,https://tradingeconomics.com/germany/bavaria-cpi-yoy,,0.4%,,
2025-10-30 09:00:00,DE,Bavaria CPI YoY,https://tradingeconomics.com/germany/bavaria-cpi-yoy,,2.4%,,
2025-10-30 09:00:00,DE,Brandenburg CPI MoM,https://tradingeconomics.com/germany/brandenburg-cpi-yoy,,0.1%,,
2025-10-30 09:00:00,DE,Brandenburg CPI YoY,https://tradingeconomics.com/germany/brandenburg-cpi-yoy,,2.6%,,
2025-10-30 09:00:00,DE,Hesse CPI MoM,https://tradingeconomics.com/germany/hesse-cpi-yoy,,0.2%,,
2025-10-30 09:00:00,DE,Hesse CPI YoY,https://tradingeconomics.com/germany/hesse-cpi-yoy,,2.6%,,
2025-10-30 09:00:00,DE,North Rhine Westphalia CPI MoM,https://tradingeconomics.com/germany/north-rhine-westphalia-cpi-yoy,,,,
2025-10-30 09:00:00,DE,North Rhine Westphalia CPI YoY,https://tradingeconomics.com/germany/north-rhine-westphalia-cpi-yoy,,2.3%,,
2025-10-30 09:00:00,DE,Saxony CPI MoM,https://tradingeconomics.com/germany/saxony-cpi-yoy,,0.2%,,
2025-10-30 09:00:00,DE,Saxony CPI YoY,https://tradingeconomics.com/germany/saxony-cpi-yoy,,2.2%,,
2025-10-30 09:00:00,IT,GDP Growth Rate QoQ Adv,https://tradingeconomics.com/italy/gdp-growth,,-0.1%,,0.1%
2025-10-30 09:00:00,IT,GDP Growth Rate YoY Adv,https://tradingeconomics.com/italy/gdp-growth-annual,,0.4%,,0.6%
2025-10-30 09:30:00,ZA,PPI MoM,https://tradingeconomics.com/south-africa/producer-price-inflation-mom,,,,
2025-10-30 09:30:00,ZA,PPI YoY,https://tradingeconomics.com/south-africa/producer-prices-change,,2.1%,,1.9%
2025-10-30 10:00:00,EA,GDP Growth Rate QoQ Flash,https://tradingeconomics.com/euro-area/gdp-growth,,0.1%,,0.1%
2025-10-30 10:00:00,EA,GDP Growth Rate YoY Flash,https://tradingeconomics.com/euro-area/gdp-growth-annual,,1.5%,,1.1%
2025-10-30 10:00:00,EA,Economic Sentiment,https://tradingeconomics.com/euro-area/economic-optimism-index,,95.5,,95.1
2025-10-30 10:00:00,EA,Unemployment Rate,https://tradingeconomics.com/euro-area/unemployment-rate,,6.3%,,6.3%
2025-10-30 10:00:00,EA,Consumer Confidence Final,https://tradingeconomics.com/euro-area/consumer-confidence,,-14.9,,
2025-10-30 10:00:00,EA,Consumer Inflation Expectations,https://tradingeconomics.com/euro-area/consumer-confidence-price-trends,,24.0,,26
2025-10-30 10:00:00,EA,Industrial Sentiment,https://tradingeconomics.com/euro-area/industrial-sentiment,,-10.3,,-10.6
2025-10-30 10:00:00,EA,Selling Price Expectations,https://tradingeconomics.com/euro-area/selling-price-expectations,,6.9,,7.5
2025-10-30 10:00:00,EA,Services Sentiment,https://tradingeconomics.com/euro-area/services-sentiment,,3.6,,3.2
2025-10-30 10:00:00,IT,Unemployment Rate,https://tradingeconomics.com/italy/unemployment-rate,,6.0%,,6.10%
2025-10-30 10:10:00,IT,,https://tradingeconomics.com,,,,
2025-10-30 11:00:00,BR,IGP-M Inflation MoM,https://tradingeconomics.com/brazil/igp-m-inflation-mom,,0.42%,,
2025-10-30 11:00:00,IT,Industrial Sales MoM,https://tradingeconomics.com/italy/manufacturing-sales,,0.4%,,0.3%
2025-10-30 11:00:00,IT,Industrial Sales YoY,https://tradingeconomics.com/italy/manufacturing-sales,,1.2%,,1.5%
2025-10-30 12:00:00,MX,GDP Growth Rate QoQ Prel,https://tradingeconomics.com/mexico/gdp-growth,,0.6%,,-0.4%
2025-10-30 12:00:00,MX,GDP Growth Rate YoY Prel,https://tradingeconomics.com/mexico/gdp-growth-annual,,0%,,-0.8%
2025-10-30 12:00:00,ES,Business Confidence,https://tradingeconomics.com/spain/business-confidence,,-5.7,,-5.2
2025-10-30 12:30:00,US,GDP Growth Rate QoQ Adv,https://tradingeconomics.com/united-states/gdp-growth,,3.8%,,1.0%
2025-10-30 12:30:00,US,GDP Price Index QoQ Adv,https://tradingeconomics.com/united-states/gdp-deflator,,2.1%,,
2025-10-30 12:30:00,US,Initial Jobless Claims,https://tradingeconomics.com/united-states/jobless-claims,,,,
2025-10-30 12:30:00,US,Continuing Jobless Claims,https://tradingeconomics.com/united-states/continuing-jobless-claims,,,,
2025-10-30 12:30:00,US,Core PCE Prices QoQ Adv,https://tradingeconomics.com/united-states/core-pce-prices-qoq,,2.6%,,
2025-10-30 12:30:00,US,GDP Sales QoQ Adv,https://tradingeconomics.com/united-states/gdp-sales-qoq,,7.5%,,
2025-10-30 12:30:00,US,Jobless Claims 4-week Average,https://tradingeconomics.com/united-states/jobless-claims-4-week-average,,,,
2025-10-30 12:30:00,US,PCE Prices QoQ Adv,https://tradingeconomics.com/united-states/pce-prices-qoq,,2.1%,,
2025-10-30 12:30:00,US,Real Consumer Spending QoQ Adv,https://tradingeconomics.com/united-states/real-consumer-spending,,2.5%,,1.2%
2025-10-30 13:00:00,DE,Inflation Rate YoY Prel,https://tradingeconomics.com/germany/inflation-cpi,,2.4%,,2.3%
2025-10-30 13:00:00,DE,Inflation Rate MoM Prel,https://tradingeconomics.com/germany/inflation-rate-mom,,0.2%,,0.3%
2025-10-30 13:00:00,DE,Harmonised Inflation Rate MoM Prel,https://tradingeconomics.com/germany/harmonised-inflation-rate-mom,,0.2%,,0.3%
2025-10-30 13:00:00,DE,Harmonised Inflation Rate YoY Prel,https://tradingeconomics.com/germany/harmonised-inflation-rate-yoy,,2.4%,,2.3%
2025-10-30 13:15:00,EA,Deposit Facility Rate,https://tradingeconomics.com/euro-area/deposit-interest-rate,,2%,,2%
2025-10-30 13:15:00,EA,ECB Interest Rate Decision,https://tradingeconomics.com/euro-area/interest-rate,,2.15%,,2.15%
2025-10-30 13:15:00,EA,Marginal Lending Rate,https://tradingeconomics.com/euro-area/lending-rate,,2.4%,,2.4%
2025-10-30 13:45:00,EA,ECB Press Conference,https://tradingeconomics.com/euro-area/interest-rate,,,,
2025-10-30 14:30:00,US,EIA Natural Gas Stocks Change,https://tradingeconomics.com/united-states/natural-gas-stocks-change,,,,
2025-10-30 14:30:00,US,,https://tradingeconomics.com,,,$25 million,
2025-10-30 15:30:00,US,4-Week Bill Auction,https://tradingeconomics.com/united-states/4-week-bill-yield,,,,
2025-10-30 15:30:00,US,8-Week Bill Auction,https://tradingeconomics.com/united-states/8-week-bill-yield,,,,
2025-10-30 16:00:00,CA,2-Year Bond Auction,https://tradingeconomics.com/canada/2-year-note-yield,,2.452%,,
2025-10-30 16:00:00,US,15-Year Mortgage Rate,https://tradingeconomics.com/united-states/15-year-mortgage-rate,,,,
2025-10-30 16:00:00,US,30-Year Mortgage Rate,https://tradingeconomics.com/united-states/30-year-mortgage-rate,,,,
2025-10-30 20:30:00,US,Fed Balance Sheet,https://tradingeconomics.com/united-states/central-bank-balance-sheet,,,,
2025-10-30 23:00:00,KR,Industrial Production MoM,https://tradingeconomics.com/south-korea/industrial-production-mom,,,,1.2%
2025-10-30 23:00:00,KR,Industrial Production YoY,https://tradingeconomics.com/south-korea/industrial-production,,,,2.6%
2025-10-30 23:00:00,KR,Retail Sales MoM,https://tradingeconomics.com/south-korea/retail-sales,,,,0.5%
2025-10-30 23:30:00,JP,Unemployment Rate,https://tradingeconomics.com/japan/unemployment-rate,,2.6%,,2.50%
2025-10-30 23:30:00,JP,Jobs/applications ratio,https://tradingeconomics.com/japan/jobs-to-applications-ratio,,,,
2025-10-30 23:30:00,JP,Tokyo Core CPI YoY,https://tradingeconomics.com/japan/tokyo-core-cpi,,2.5%,,
2025-10-30 23:30:00,JP,Tokyo CPI Ex Food and Energy YoY,https://tradingeconomics.com/japan/tokyo-cpi-ex-food-and-energy,,2.5%,,
2025-10-30 23:30:00,JP,Tokyo CPI YoY,https://tradingeconomics.com/japan/tokyo-cpi,,2.5%,,
2025-10-30 23:50:00,JP,Industrial Production MoM Prel,https://tradingeconomics.com/japan/industrial-production-mom,,-1.5%,,
2025-10-30 23:50:00,JP,Retail Sales YoY,https://tradingeconomics.com/japan/retail-sales-annual,,-1.1%,,
2025-10-30 23:50:00,JP,Industrial Production YoY Prel,https://tradingeconomics.com/japan/industrial-production,,-1.6%,,
2025-10-30 23:50:00,JP,Retail Sales MoM,https://tradingeconomics.com/japan/retail-sales,,-1.1%,,0.3%
2025-10-31 00:30:00,AU,PPI QoQ,https://tradingeconomics.com/australia/producer-price-inflation-qoq,,0.7%,,
2025-10-31 00:30:00,AU,Housing Credit MoM,https://tradingeconomics.com/australia/housing-credit,,0.6%,,0.4%
2025-10-31 00:30:00,AU,PPI YoY,https://tradingeconomics.com/australia/producer-prices-change,,3.4%,,2.9%
2025-10-31 00:30:00,AU,Private Sector Credit MoM,https://tradingeconomics.com/australia/private-sector-credit,,0.6%,,
2025-10-31 00:30:00,AU,Private Sector Credit YoY,https://tradingeconomics.com/australia/loan-growth,,7.2%,,6.7%
2025-10-31 01:30:00,CN,NBS Manufacturing PMI,https://tradingeconomics.com/china/business-confidence,,49.8,,50.2
2025-10-31 01:30:00,CN,NBS Non Manufacturing PMI,https://tradingeconomics.com/china/non-manufacturing-pmi,,50.0,,50.4
2025-10-31 01:30:00,CN,NBS General PMI,https://tradingeconomics.com/china/nbs-general-pmi,,50.6,,50.8
2025-10-31 02:00:00,SG,Bank Lending,https://tradingeconomics.com/singapore/loans-to-private-sector,,S$851.7B,,S$ 847.6B
2025-10-31 03:35:00,JP,2-Year JGB Auction,https://tradingeconomics.com/japan/2-year-note-yield,,0.949%,,
2025-10-31 03:35:00,JP,3-Month Bill Auction,https://tradingeconomics.com/japan/3-month-bill-yield,,,,
2025-10-31 05:00:00,JP,Housing Starts YoY,https://tradingeconomics.com/japan/housing-starts-yoy,,-9.8%,,
2025-10-31 05:00:00,JP,Construction Orders YoY,https://tradingeconomics.com/japan/construction-orders,,38.9%,,
2025-10-31 05:00:00,SG,Business Confidence,https://tradingeconomics.com/singapore/business-confidence,,5.00,,5
2025-10-31 07:00:00,DE,Retail Sales MoM,https://tradingeconomics.com/germany/retail-sales,,-0.2%,,0.1%
2025-10-31 07:00:00,DE,Retail Sales YoY,https://tradingeconomics.com/germany/retail-sales-annual,,1.8%,,1.9%
2025-10-31 07:00:00,DE,Import Prices MoM,https://tradingeconomics.com/germany/import-prices-mom,,-0.5%,,-0.6%
2025-10-31 07:00:00,DE,Import Prices YoY,https://tradingeconomics.com/germany/import-prices-yoy,,-1.5%,,-1.7%
2025-10-31 07:00:00,TR,Balance of Trade Final,https://tradingeconomics.com/turkey/balance-of-trade,,$-4.2B,,$ -4.6B
2025-10-31 07:00:00,TR,Exports Final,https://tradingeconomics.com/turkey/exports,,$21.7B,,$ 22.5B
2025-10-31 07:00:00,TR,Imports Final,https://tradingeconomics.com/turkey/imports,,$25.9B,,$ 26.5B
2025-10-31 07:00:00,TR,Tourism Revenues,https://tradingeconomics.com/turkey/tourism-revenues,,$16.28B,,$24.2B
2025-10-31 07:00:00,GB,Nationwide Housing Prices MoM,https://tradingeconomics.com/united-kingdom/nationwide-housing-prices-mom,,0.5%,,0.4%
2025-10-31 07:00:00,GB,Nationwide Housing Prices YoY,https://tradingeconomics.com/united-kingdom/nationwide-housing-prices-yoy,,2.2%,,
2025-10-22 06:00:00,GB,PPI Core Output MoM,https://tradingeconomics.com/united-kingdom/core-producer-prices-mom,,0.2%,,0.2%
2025-10-22 06:00:00,GB,PPI Core Output YoY,https://tradingeconomics.com/united-kingdom/core-producer-prices-yoy,,3.3%,,2.9%
2025-10-22 06:00:00,GB,PPI Input MoM,https://tradingeconomics.com/united-kingdom/ppi-input,,-0.2%,0.3%,0.2%
2025-10-22 06:00:00,GB,PPI Input YoY,https://tradingeconomics.com/united-kingdom/ppi-input-yoy,,-0.1%,,
2025-10-22 06:00:00,GB,PPI Output MoM,https://tradingeconomics.com/united-kingdom/producer-price-inflation-mom,,0.2%,0.2%,0.1%
2025-10-22 06:00:00,GB,PPI Output YoY,https://tradingeconomics.com/united-kingdom/producer-prices-change,,2.9%,,2.7%
,IN,,https://tradingeconomics.com,,,,
2025-10-31 07:45:00,FR,Inflation Rate YoY Prel,https://tradingeconomics.com/france/inflation-cpi,,1.2%,,1.3%
2025-10-31 07:45:00,FR,Inflation Rate MoM Prel,https://tradingeconomics.com/france/inflation-rate-mom,,-1%,,0.4%
2025-10-31 07:45:00,FR,Harmonised Inflation Rate MoM Prel,https://tradingeconomics.com/france/harmonised-inflation-rate-mom,,-1.1%,,0.4%
2025-10-31 07:45:00,FR,Harmonised Inflation Rate YoY Prel,https://tradingeconomics.com/france/harmonised-inflation-rate-yoy,,1.1%,,1.2%
2025-10-31 07:45:00,FR,PPI MoM,https://tradingeconomics.com/france/producer-price-inflation-mom,,-0.2%,,-0.1%
2025-10-31 07:45:00,FR,PPI YoY,https://tradingeconomics.com/france/producer-prices-change,,0.1%,,0.2%
2025-10-31 08:00:00,ES,Tourist Arrivals YoY,https://tradingeconomics.com/spain/tourist-arrivals,,2.9%,,
2025-10-31 08:00:00,TR,Tourist Arrivals YoY,https://tradingeconomics.com/turkey/tourist-arrivals,,2.05%,,
2025-10-31 09:00:00,ES,Current Account,https://tradingeconomics.com/spain/current-account,,6.27B,,
2025-10-31 10:00:00,EA,Inflation Rate YoY Flash,https://tradingeconomics.com/euro-area/inflation-cpi,,2.2%,,2.1%
2025-10-31 10:00:00,EA,Core Inflation Rate YoY Flash,https://tradingeconomics.com/euro-area/core-inflation-rate,,2.4%,,2.3%
2025-10-31 10:00:00,EA,Inflation Rate MoM Flash,https://tradingeconomics.com/euro-area/inflation-rate-mom,,0.1%,,0.2%
2025-10-31 10:00:00,EA,CPI Flash,https://tradingeconomics.com/euro-area/consumer-price-index-cpi,,129.43,,129.7
2025-10-31 10:00:00,IT,Inflation Rate YoY Prel,https://tradingeconomics.com/italy/inflation-cpi,,1.6%,,1.6%
2025-10-31 10:00:00,IT,Inflation Rate MoM Prel,https://tradingeconomics.com/italy/inflation-rate-mom,,-0.2%,,0.0%
2025-10-31 10:00:00,IT,Harmonised Inflation Rate MoM Prel,https://tradingeconomics.com/italy/harmonised-inflation-rate-mom,,1.3%,,0.2%
2025-10-31 10:00:00,IT,Harmonised Inflation Rate YoY Prel,https://tradingeconomics.com/italy/harmonised-inflation-rate-yoy,,1.8%,,1.7%
2025-10-31 10:30:00,IN,Government Budget Value,https://tradingeconomics.com/india/government-budget-value,,INR-5980B,,INR -8100B
2025-10-31 11:00:00,TR,MPC Meeting Summary,https://tradingeconomics.com/turkey/interest-rate,,,,
2025-10-31 11:30:00,BR,Gross Debt to GDP,https://tradingeconomics.com/brazil/gross-debt-to-gdp-,,77.5%,,78%
2025-10-31 11:30:00,BR,Nominal Budget Balance,https://tradingeconomics.com/brazil/government-budget-value,,BRL-91.516B,,
2025-10-31 11:30:00,IN,Bank Loan Growth YoY,https://tradingeconomics.com/india/loan-growth,,11.4%,,
2025-10-31 11:30:00,IN,Deposit Growth YoY,https://tradingeconomics.com/india/deposit-growth,,9.9%,,
2025-10-31 11:30:00,IN,Foreign Exchange Reserves,https://tradingeconomics.com/india/foreign-exchange-reserves,,,,
2025-10-31 12:00:00,BR,Unemployment Rate,https://tradingeconomics.com/brazil/unemployment-rate,,5.6%,,5.7%
2025-10-31 12:00:00,ZA,Balance of Trade,https://tradingeconomics.com/south-africa/balance-of-trade,,ZAR3.97B,,ZAR -2B
2025-10-31 12:30:00,CA,GDP MoM,https://tradingeconomics.com/canada/monthly-gdp-mom,,,,
2025-10-31 12:30:00,CA,GDP MoM Prel,https://tradingeconomics.com/canada/monthly-gdp-mom,,,,-0.1%
2025-10-31 12:30:00,CA,Average Weekly Earnings YoY,https://tradingeconomics.com/canada/wage-growth,,3.3%,,
2025-10-31 12:30:00,US,Core PCE Price Index MoM,https://tradingeconomics.com/united-states/core-pce-price-index-mom,,0.2%,,0.3%
2025-10-31 12:30:00,US,Personal Income MoM,https://tradingeconomics.com/united-states/personal-income,,0.4%,,0.4%
2025-10-31 12:30:00,US,Personal Spending MoM,https://tradingeconomics.com/united-states/personal-spending,,0.6%,,0.1%
2025-10-31 12:30:00,US,Employment Cost - Benefits QoQ,https://tradingeconomics.com/united-states/employment-cost-index-benefits,,,,
2025-10-31 12:30:00,US,Employment Cost - Wages QoQ,https://tradingeconomics.com/united-states/employment-cost-index-wages,,1%,,
2025-10-31 12:30:00,US,Employment Cost Index QoQ,https://tradingeconomics.com/united-states/employment-cost-index,,0.9%,,0.6%
2025-10-31 12:30:00,US,PCE Price Index MoM,https://tradingeconomics.com/united-states/pce-price-index-monthly-change,,0.3%,,0.3%
2025-10-31 12:30:00,US,PCE Price Index YoY,https://tradingeconomics.com/united-states/pce-price-index-annual-change,,2.7%,,2.8%
2025-10-31 12:30:00,US,Core PCE Price Index YoY,https://tradingeconomics.com/united-states/core-pce-price-index-annual-change,,2.9%,,3.0%
2025-10-31 13:45:00,US,Chicago PMI,https://tradingeconomics.com/united-states/chicago-pmi,,40.6,,
2025-10-31 15:00:00,CA,Budget Balance,https://tradingeconomics.com/canada/government-budget-value,,C$-1.51B,,C$-1.0B
2025-10-31 17:00:00,US,Baker Hughes Oil Rig Count,https://tradingeconomics.com/united-states/crude-oil-rigs,,,,
2025-10-31 17:00:00,US,Baker Hughes Total Rigs Count,https://tradingeconomics.com/united-states/total-rigs,,,,
,ID,Loan Growth YoY,https://tradingeconomics.com/indonesia/loan-growth,,7.56%,,7.5%
2025-11-01 00:00:00,KR,Exports YoY,https://tradingeconomics.com/south-korea/exports-yoy,,12.7%,,
2025-11-01 00:00:00,KR,Balance of Trade,https://tradingeconomics.com/south-korea/balance-of-trade,,$9.56B,,$4.9B
2025-11-01 00:00:00,KR,Imports YoY,https://tradingeconomics.com/south-korea/imports-yoy,,8.2%,,
2025-10-22 17:20:00,AR,Leading Indicator MoM,https://tradingeconomics.com/argentina/leading-economic-index,-0.85%,-4.72%,,-0.4%
2025-11-01 10:30:00,RU,Summary of the Key Rate Discussion,https://tradingeconomics.com/russia/interest-rate,,,,
2025-10-23 09:00:00,ES,Balance of Trade,https://tradingeconomics.com/spain/balance-of-trade,-6B,-4.01B,,-5.0B
2025-10-23 14:20:00,AR,Consumer Confidence,https://tradingeconomics.com/argentina/consumer-confidence,42.32,39.81,,39.1
2025-10-27 09:00:00,EA,Loans to Companies YoY,https://tradingeconomics.com/euro-area/loans-to-private-sector,,3%,,3.2%
2025-10-27 09:00:00,EA,Loans to Households YoY,https://tradingeconomics.com/euro-area/loan-growth,,2.5%,,2.6%
2025-10-27 09:00:00,EA,M3 Money Supply YoY,https://tradingeconomics.com/euro-area/money-supply-m3,,2.9%,,3.0%
2025-10-27 09:00:00,DE,Ifo Business Climate,https://tradingeconomics.com/germany/business-confidence,,87.7,,87
2025-10-27 09:00:00,DE,Ifo Current Conditions,https://tradingeconomics.com/germany/ifo-current-conditions,,85.7,,85.1
2025-10-27 09:00:00,DE,Ifo Expectations,https://tradingeconomics.com/germany/ifo-expectations,,89.7,,89.1
2025-10-27 09:15:00,EA,ECB Tuominen Speech,https://tradingeconomics.com/euro-area/interest-rate,,,,
2025-10-27 14:00:00,FR,12-Month BTF Auction,https://tradingeconomics.com/france/52-week-bill-yield,,2.020%,,
2025-10-27 14:00:00,FR,3-Month BTF Auction,https://tradingeconomics.com/france/3-month-bill-yield,,1.987%,,
2025-10-27 14:00:00,FR,6-Month BTF Auction,https://tradingeconomics.com/france/6-month-bill-yield,,2.015%,,
2025-10-27 15:30:00,GB,BoE Oakes Speech,https://tradingeconomics.com/united-kingdom/interest-rate,,,,
,US,Durable Goods Orders MoM,https://tradingeconomics.com/united-states/durable-goods-orders,,2.9%,,-1.2%
,US,Durable Goods Orders Ex Transp MoM,https://tradingeconomics.com/united-states/durable-goods-orders-ex-transportation,,0.4%,,-0.2%
,US,Durable Goods Orders ex Defense MoM,https://tradingeconomics.com/united-states/durable-goods-orders-ex-defense,,1.9%,1.9%,-1%
,US,Non Defense Goods Orders Ex Air,https://tradingeconomics.com/united-states/non-defense-capital-goods-orders-ex-aircraft,,0.6%,,0.1%
,US,House Price Index,https://tradingeconomics.com/united-states/housing-index,,433.4,,433.4
,US,House Price Index MoM,https://tradingeconomics.com/united-states/house-price-index-mom,,-0.1%,,0.0%
,US,House Price Index YoY,https://tradingeconomics.com/united-states/house-price-index-yoy,,2.3%,,1.5%
,US,Goods Trade Balance Adv,https://tradingeconomics.com/united-states/goods-trade-balance,,$-85.5B,,$-87.0B
,US,Retail Inventories Ex Autos MoM Adv,https://tradingeconomics.com/united-states/retail-inventories-ex-autos,,,,0.2%
,US,Wholesale Inventories MoM Adv,https://tradingeconomics.com/united-states/wholesale-inventories,,,-0.2%,-0.3%
2025-10-30 02:30:00,JP,BoJ Gov Ueda Speech,https://tradingeconomics.com/japan/interest-rate,,,,
2025-10-30 17:15:00,US,Fed Logan Speech,https://tradingeconomics.com/united-states/interest-rate,,,,
,US,GDP Growth Rate QoQ Adv,https://tradingeconomics.com/united-states/gdp-growth,,3.8%,,3.8%
,US,GDP Price Index QoQ Adv,https://tradingeconomics.com/united-states/gdp-deflator,,2.1%,,2.3%
,US,Core PCE Prices QoQ Adv,https://tradingeconomics.com/united-states/core-pce-prices-qoq,,2.6%,,2.8%
,US,GDP Sales QoQ Adv,https://tradingeconomics.com/united-states/gdp-sales-qoq,,7.5%,,7.4%
,US,PCE Prices QoQ Adv,https://tradingeconomics.com/united-states/pce-prices-qoq,,2.1%,,2.3%
,US,Real Consumer Spending QoQ Adv,https://tradingeconomics.com/united-states/real-consumer-spending,,2.5%,,2.2%
2025-10-31 13:30:00,US,Fed Logan Speech,https://tradingeconomics.com/united-states/interest-rate,,,,
2025-10-31 16:00:00,US,Fed Bostic Speech,https://tradingeconomics.com/united-states/interest-rate,,,,
2025-10-31 16:00:00,US,Fed Hammack Speech,https://tradingeconomics.com/united-states/interest-rate,,,,
,US,Core PCE Price Index MoM,https://tradingeconomics.com/united-states/core-pce-price-index-mom,,0.2%,,0.2%
,US,Personal Income MoM,https://tradingeconomics.com/united-states/personal-income,,0.4%,,0.4%
,US,Personal Spending MoM,https://tradingeconomics.com/united-states/personal-spending,,0.6%,,0.4%
,US,Employment Cost - Benefits QoQ,https://tradingeconomics.com/united-states/employment-cost-index-benefits,,0.7%,,0.6%
,US,Employment Cost - Wages QoQ,https://tradingeconomics.com/united-states/employment-cost-index-wages,,1%,,0.8%
,US,Employment Cost Index QoQ,https://tradingeconomics.com/united-states/employment-cost-index,,0.9%,,0.8%
,US,PCE Price Index MoM,https://tradingeconomics.com/united-states/pce-price-index-monthly-change,,0.3%,,0.3%
,US,PCE Price Index YoY,https://tradingeconomics.com/united-states/pce-price-index-annual-change,,2.7%,,2.8%
,US,Core PCE Price Index YoY,https://tradingeconomics.com/united-states/core-pce-price-index-annual-change,,2.9%,,2.9%
2025-11-02 22:00:00,AU,S&P Global Manufacturing PMI Final,https://tradingeconomics.com/australia/manufacturing-pmi,,51.4,,51
2025-10-24 01:00:00,SG,URA Property Index QoQ Final,https://tradingeconomics.com/singapore/house-price-index-mom,0.9%,1%,1.2%,1.2%
2025-11-03 00:00:00,AU,TD-MI Inflation Gauge MoM,https://tradingeconomics.com/australia/mi-inflation-gauge-mom,,0.4%,,0.2%
2025-11-03 00:30:00,AU,Building Permits MoM Prel,https://tradingeconomics.com/australia/building-permits-mom,,-6.0%,,2.0%
2025-11-03 00:30:00,AU,ANZ-Indeed Job Ads MoM,https://tradingeconomics.com/australia/job-advertisements,,-3.3%,,0.5%
2025-11-03 00:30:00,AU,Household Spending MoM,https://tradingeconomics.com/australia/household-spending-mom,,0.1%,,0.2%
2025-11-03 00:30:00,AU,Household Spending YoY,https://tradingeconomics.com/australia/household-spending,,5.0%,,5.4%
2025-11-03 00:30:00,AU,Private House Approvals MoM Prel,https://tradingeconomics.com/australia/private-house-approvals-,,-2.6%,,1.0%
2025-11-03 00:30:00,ID,S&P Global Manufacturing PMI,https://tradingeconomics.com/indonesia/manufacturing-pmi,,50.4,,50.6
2025-11-03 00:30:00,KR,S&P Global Manufacturing PMI,https://tradingeconomics.com/south-korea/manufacturing-pmi,,50.7,,50.5
2025-11-03 01:45:00,CN,RatingDog Manufacturing PMI,https://tradingeconomics.com/china/manufacturing-pmi,,51.2,,50.8
2025-11-03 02:10:00,ID,Core Inflation Rate YoY,https://tradingeconomics.com/indonesia/core-inflation-rate,,2.19%,,2.2%
2025-11-03 04:00:00,ID,Balance of Trade,https://tradingeconomics.com/indonesia/balance-of-trade,,$5.49B,,$5.2B
2025-11-03 04:00:00,ID,Inflation Rate YoY,https://tradingeconomics.com/indonesia/inflation-cpi,,2.65%,,2.7%
2025-11-03 04:00:00,ID,Exports YoY,https://tradingeconomics.com/indonesia/exports-yoy,,5.78%,,
2025-11-03 04:00:00,ID,Imports YoY,https://tradingeconomics.com/indonesia/imports-yoy,,-6.56%,,
2025-11-03 04:00:00,ID,Inflation Rate MoM,https://tradingeconomics.com/indonesia/inflation-rate-mom,,0.21%,,0.1%
2025-11-03 04:00:00,ID,Tourist Arrivals YoY,https://tradingeconomics.com/indonesia/tourist-arrivals,,12.33%,,
2025-11-03 05:30:00,AU,Commodity Prices YoY,https://tradingeconomics.com/australia/commodity-prices-yoy,,-0.1%,,-2.3%
2025-11-03 07:00:00,TR,Inflation Rate MoM,https://tradingeconomics.com/turkey/inflation-rate-mom,,3.23%,,
2025-11-03 07:00:00,TR,Inflation Rate YoY,https://tradingeconomics.com/turkey/inflation-cpi,,33.29%,,30.5%
2025-11-03 07:00:00,TR,Istanbul Chamber of Industry Manufacturing PMI,https://tradingeconomics.com/turkey/manufacturing-pmi,,46.70,,
2025-11-03 07:00:00,TR,PPI MoM,https://tradingeconomics.com/turkey/producer-price-inflation-mom,,2.52%,,
2025-11-03 07:00:00,TR,PPI YoY,https://tradingeconomics.com/turkey/producer-prices-change,,26.59%,,
,KR,2-Year KTB Auction,https://tradingeconomics.com/south-korea/2-year-note-yield,,2.480%,,
2025-10-27 08:15:00,EA,ECB Elderson Speech,https://tradingeconomics.com/euro-area/interest-rate,,,,
2025-10-27 09:40:00,EA,ECB Tuominen Speech,https://tradingeconomics.com/euro-area/interest-rate,,,,
2025-10-27 10:30:00,ZA,,https://tradingeconomics.com,,7.34%,,
2025-10-27 11:00:00,BR,FGV Consumer Confidence,https://tradingeconomics.com/brazil/economic-optimism-index,,87.5,,89
2025-10-27 15:30:00,US,2-Year Note Auction,https://tradingeconomics.com/united-states/2-year-note-yield,,3.561%,,
2025-10-27 17:00:00,US,3-Month Bill Auction,https://tradingeconomics.com/united-states/3-month-bill-yield,,3.810%,,
2025-10-28 09:00:00,EA,ECB Consumer Inflation Expectations,https://tradingeconomics.com/euro-area/inflation-expectations,,2.8%,,2.7%
2025-10-28 10:30:00,ZA,,https://tradingeconomics.com,,,,
2025-10-29 10:30:00,ZA,,https://tradingeconomics.com,,,,
2025-10-30 10:00:00,GB,Treasury Gilt 2030 Auction,https://tradingeconomics.com/united-kingdom/5-year-note-yield,,4.095%,,
2025-10-30 13:55:00,US,Fed Bowman Speech,https://tradingeconomics.com/united-states/interest-rate,,,,
,KR,,https://tradingeconomics.com,,,,
2025-10-31 10:30:00,ZA,,https://tradingeconomics.com,,4.69%,,
2025-11-03 04:00:00,ID,Core Inflation Rate YoY,https://tradingeconomics.com/indonesia/core-inflation-rate,,2.19%,,2.2%
2025-11-03 08:15:00,ES,HCOB Manufacturing PMI,https://tradingeconomics.com/spain/manufacturing-pmi,,51.5,,
2025-11-03 08:45:00,IT,HCOB Manufacturing PMI,https://tradingeconomics.com/italy/manufacturing-pmi,,49.0,,49.5
2025-11-03 08:50:00,FR,HCOB Manufacturing PMI Final,https://tradingeconomics.com/france/manufacturing-pmi,,48.2,48.3,48.3
2025-11-03 08:55:00,DE,HCOB Manufacturing PMI Final,https://tradingeconomics.com/germany/manufacturing-pmi,,49.5,49.6,49.6
2025-11-03 09:00:00,EA,HCOB Manufacturing PMI Final,https://tradingeconomics.com/euro-area/manufacturing-pmi,,49.8,50.0,50.0
2025-11-03 09:00:00,ZA,ABSA Manufacturing PMI,https://tradingeconomics.com/south-africa/manufacturing-pmi,,52.2,,49.7
2025-11-03 09:30:00,GB,S&P Global Manufacturing PMI Final,https://tradingeconomics.com/united-kingdom/manufacturing-pmi,,46.2,49.6,49.6
2025-11-03 09:45:00,EU,,https://tradingeconomics.com,,,,
2025-11-03 11:30:00,TR,Foreign Exchange Reserves,https://tradingeconomics.com/turkey/foreign-exchange-reserves,,$87.27B,,
2025-11-03 12:00:00,MX,Business Confidence,https://tradingeconomics.com/mexico/business-confidence,,49.7,,
2025-11-03 13:00:00,BR,S&P Global Manufacturing PMI,https://tradingeconomics.com/brazil/manufacturing-pmi,,46.5,,
2025-11-03 13:00:00,SG,SIPMM Manufacturing PMI,https://tradingeconomics.com/singapore/manufacturing-pmi,,50.1,,50.4
2025-11-03 14:00:00,FR,12-Month BTF Auction,https://tradingeconomics.com/france/52-week-bill-yield,,,,
2025-11-03 14:00:00,FR,3-Month BTF Auction,https://tradingeconomics.com/france/3-month-bill-yield,,,,
2025-11-03 14:00:00,FR,6-Month BTF Auction,https://tradingeconomics.com/france/6-month-bill-yield,,,,
2025-11-03 14:30:00,CA,S&P Global Manufacturing PMI,https://tradingeconomics.com/canada/manufacturing-pmi,,47.7,,47
2025-11-03 14:45:00,US,S&P Global Manufacturing PMI Final,https://tradingeconomics.com/united-states/manufacturing-pmi,,52.0,52.2,52.2
2025-11-03 15:00:00,MX,S&P Global Manufacturing PMI,https://tradingeconomics.com/mexico/manufacturing-pmi,,49.6,,49.3
2025-11-03 15:00:00,US,ISM Manufacturing PMI,https://tradingeconomics.com/united-states/business-confidence,,49.1,,
2025-11-03 15:00:00,US,ISM Manufacturing Employment,https://tradingeconomics.com/united-states/ism-manufacturing-employment,,45.3,,
2025-11-03 15:00:00,US,Construction Spending MoM,https://tradingeconomics.com/united-states/construction-spending,,,,0.2%
2025-11-03 15:00:00,US,ISM Manufacturing New Orders,https://tradingeconomics.com/united-states/ism-manufacturing-new-orders,,48.9,,
2025-11-03 15:00:00,US,ISM Manufacturing Prices,https://tradingeconomics.com/united-states/ism-manufacturing-prices,,61.9,,
2025-11-03 16:30:00,US,3-Month Bill Auction,https://tradingeconomics.com/united-states/3-month-bill-yield,,,,
2025-11-03 16:30:00,US,6-Month Bill Auction,https://tradingeconomics.com/united-states/6-month-bill-yield,,,,
2025-11-03 17:30:00,CA,BoC Macklem Speech,https://tradingeconomics.com/canada/interest-rate,,,,
2025-11-03 20:00:00,US,Treasury Refunding Financing Estimates,https://tradingeconomics.com/united-states/government-bond-yield,,,,
2025-11-03 23:00:00,KR,Inflation Rate YoY,https://tradingeconomics.com/south-korea/inflation-cpi,,2.1%,,2.3%
2025-11-03 23:00:00,KR,Inflation Rate MoM,https://tradingeconomics.com/south-korea/inflation-rate-mom,,0.5%,,0.2%
,US,Construction Spending MoM,https://tradingeconomics.com/united-states/construction-spending,,-0.1%,-0.1%,0.1%
2025-11-04 00:30:00,JP,S&P Global Manufacturing PMI Final,https://tradingeconomics.com/japan/manufacturing-pmi,,48.5,48.3,48.3
2025-11-04 03:30:00,AU,RBA Interest Rate Decision,https://tradingeconomics.com/australia/interest-rate,,3.6%,,3.6%
2025-11-04 04:15:00,SA,Riyad Bank PMI,https://tradingeconomics.com/saudi-arabia/manufacturing-pmi,,57.8,,
2025-11-04 04:30:00,AU,RBA Press Conference,https://tradingeconomics.com/australia/interest-rate,,,,
2025-11-04 05:00:00,IN,HSBC Manufacturing PMI Final,https://tradingeconomics.com/india/manufacturing-pmi,,57.7,,58.4
2025-11-04 05:00:00,SG,MAS 12-Week Bill Auction,https://tradingeconomics.com/singapore/3-month-bill-yield,,,,
2025-11-04 05:00:00,SG,MAS 4-Week Bill Auction,https://tradingeconomics.com/singapore/1-month-bill-yield,,,,
,CA,,https://tradingeconomics.com,,,,
,KR,30-Year KTB Auction,https://tradingeconomics.com/south-korea/30-year-bond-yield,,2.820%,,
2025-11-04 07:45:00,FR,Budget Balance,https://tradingeconomics.com/france/government-budget-value,,-157.5B,,-139B
2025-11-04 08:00:00,BR,IPC-Fipe Inflation MoM,https://tradingeconomics.com/brazil/ipc-fipe-inflation-mom,,0.65%,,0.8%
2025-11-04 08:00:00,ES,Unemployment Change,https://tradingeconomics.com/spain/unemployment-change,,-4.8K,,
2025-11-04 09:40:00,ES,12-Month Letras Auction,https://tradingeconomics.com/spain/52-week-bill-yield,,,,
2025-11-04 09:40:00,ES,6-Month Letras Auction,https://tradingeconomics.com/spain/6-month-bill-yield,,,,
2025-11-04 10:00:00,GB,,https://tradingeconomics.com,,,,
2025-11-04 10:30:00,DE,2-Year Schatz Auction,https://tradingeconomics.com/germany/2-year-note-yield,,1.91%,,
2025-11-04 12:00:00,BR,Industrial Production MoM,https://tradingeconomics.com/brazil/industrial-production-mom,,0.8%,,1.4%
2025-11-04 12:00:00,BR,Industrial Production YoY,https://tradingeconomics.com/brazil/industrial-production,,-0.7%,,1%
2025-11-04 12:00:00,MX,Consumer Confidence,https://tradingeconomics.com/mexico/consumer-confidence,,,,
2025-11-04 13:30:00,US,Balance of Trade,https://tradingeconomics.com/united-states/balance-of-trade,,,,$ -57B
2025-11-04 13:30:00,US,Exports,https://tradingeconomics.com/united-states/exports,,,,$ 281.0B
2025-11-04 13:30:00,US,Imports,https://tradingeconomics.com/united-states/imports,,,,$ 338B
2025-11-04 13:55:00,US,Redbook YoY,https://tradingeconomics.com/united-states/redbook-index,,,,
2025-11-04 15:00:00,US,JOLTs Job Openings,https://tradingeconomics.com/united-states/job-offers,,,,6.9M
2025-11-04 15:00:00,US,Factory Orders MoM,https://tradingeconomics.com/united-states/factory-orders,,,,-0.7%
2025-11-04 15:00:00,US,Factory Orders ex Transportation,https://tradingeconomics.com/united-states/factory-orders-ex-transportation,,,,-0.5%
2025-11-04 15:00:00,US,JOLTs Job Quits,https://tradingeconomics.com/united-states/job-quits,,3.091M,,3.15M
2025-11-04 15:10:00,US,RCM/TIPP Economic Optimism Index,https://tradingeconomics.com/united-states/economic-optimism-index,,48.3,,47.7
2025-11-04 15:30:00,US,,https://tradingeconomics.com,,,$50 million,
2025-11-04 16:00:00,US,Total Household Debt,https://tradingeconomics.com/united-states/debt-balance-total,,$18.39T,,
2025-11-04 21:00:00,KR,Foreign Exchange Reserves,https://tradingeconomics.com/south-korea/foreign-exchange-reserves,,$422.02B,,$424.0B
2025-11-04 21:30:00,US,API Crude Oil Stock Change,https://tradingeconomics.com/united-states/api-crude-oil-stock-change,,,,
2025-11-04 22:00:00,AU,Ai Group Industry Index,https://tradingeconomics.com/australia/industry-index,,-16,,-18
2025-11-04 22:00:00,AU,Ai Group Construction Index,https://tradingeconomics.com/australia/industry-index-construction,,-12.3,,-10
2025-11-04 22:00:00,AU,Ai Group Manufacturing Index,https://tradingeconomics.com/australia/industry-index-manufacturing,,-13.2,,-15
2025-11-04 22:00:00,AU,S&P Global Composite PMI Final,https://tradingeconomics.com/australia/composite-pmi,,52.4,,52.6
2025-11-04 22:00:00,AU,S&P Global Services PMI Final,https://tradingeconomics.com/australia/services-pmi,,52.4,,53.1
2025-10-26 07:15:00,CN,FDI (YTD) YoY,https://tradingeconomics.com/china/foreign-direct-investment-yoy,-10.4%,-12.7%,,-10.9%
2025-11-04 23:50:00,JP,BoJ Monetary Policy Meeting Minutes,https://tradingeconomics.com/japan/interest-rate,,,,
2025-11-05 00:30:00,AU,RBA Chart Pack,https://tradingeconomics.com/australia/interest-rate,,,,
2025-11-05 00:30:00,SG,S&P Global PMI,https://tradingeconomics.com/singapore/composite-pmi,,56.4,,53
2025-11-05 01:45:00,CN,RatingDog Services PMI,https://tradingeconomics.com/china/services-pmi,,52.9,,52.3
2025-11-05 01:45:00,CN,RatingDog Composite PMI,https://tradingeconomics.com/china/composite-pmi,,52.5,,51.9
2025-11-05 03:35:00,JP,10-Year JGB Auction,https://tradingeconomics.com/japan/government-bond-yield,,1.635%,,
2025-11-05 04:00:00,ID,GDP Growth Rate YoY,https://tradingeconomics.com/indonesia/gdp-growth-annual,,5.12%,,5.2%
2025-11-05 04:00:00,ID,GDP Growth Rate QoQ,https://tradingeconomics.com/indonesia/gdp-growth,,4.04%,,1.6%
2025-11-05 05:00:00,SG,Retail Sales MoM,https://tradingeconomics.com/singapore/retail-sales,,0.5%,,0.8%
2025-11-05 05:00:00,SG,Retail Sales YoY,https://tradingeconomics.com/singapore/retail-sales-annual,,5.2%,,2%
2025-11-05 06:00:00,RU,S&P Global Manufacturing PMI,https://tradingeconomics.com/russia/manufacturing-pmi,,48.2,,46.3
2025-11-05 07:00:00,DE,Factory Orders MoM,https://tradingeconomics.com/germany/factory-orders,,-0.8%,,1.5%
2025-11-05 07:15:00,ZA,S&P Global PMI,https://tradingeconomics.com/south-africa/composite-pmi,,50.2,,
2025-11-05 07:45:00,FR,Industrial Production MoM,https://tradingeconomics.com/france/industrial-production-mom,,-0.7%,,0.5%
2025-11-05 08:15:00,ES,HCOB Services PMI,https://tradingeconomics.com/spain/services-pmi,,,,
2025-11-05 08:15:00,ES,HCOB Composite PMI,https://tradingeconomics.com/spain/composite-pmi,,53.8,,
2025-11-05 08:45:00,IT,HCOB Services PMI,https://tradingeconomics.com/italy/services-pmi,,52.5,,52.9
2025-11-05 08:45:00,IT,HCOB Composite PMI,https://tradingeconomics.com/italy/composite-pmi,,51.7,,52.2
2025-11-05 08:50:00,FR,HCOB Composite PMI Final,https://tradingeconomics.com/france/composite-pmi,,48.1,46.8,46.8
2025-11-05 08:50:00,FR,HCOB Services PMI Final,https://tradingeconomics.com/france/services-pmi,,48.5,47.1,47.1
2025-11-05 08:55:00,DE,HCOB Composite PMI Final,https://tradingeconomics.com/germany/composite-pmi,,52.0,53.8,53.8
2025-11-05 08:55:00,DE,HCOB Services PMI Final,https://tradingeconomics.com/germany/services-pmi,,51.5,54.5,54.5
2025-11-05 09:00:00,EA,HCOB Composite PMI Final,https://tradingeconomics.com/euro-area/composite-pmi,,51.2,52.2,52.2
2025-11-05 09:00:00,EA,HCOB Services PMI Final,https://tradingeconomics.com/euro-area/services-pmi,,51.3,52.6,52.6
2025-11-05 09:00:00,IT,Retail Sales MoM,https://tradingeconomics.com/italy/retail-sales,,-0.1%,,-0.2%
2025-11-05 09:00:00,IT,Retail Sales YoY,https://tradingeconomics.com/italy/retail-sales-annual,,0.5%,,0.7%
2025-11-05 09:00:00,GB,New Car Sales YoY,https://tradingeconomics.com/united-kingdom/new-passenger-car-registrations-yoy,,13.7%,,4.0%
2025-11-05 09:30:00,GB,S&P Global Composite PMI Final,https://tradingeconomics.com/united-kingdom/composite-pmi,,50.1,51.1,51.1
2025-11-05 09:30:00,GB,S&P Global Services PMI Final,https://tradingeconomics.com/united-kingdom/services-pmi,,50.8,51.1,51.1
2025-11-05 10:00:00,EA,PPI MoM,https://tradingeconomics.com/euro-area/producer-price-inflation-mom,,-0.3%,,-0.3%
2025-11-05 10:00:00,EA,PPI YoY,https://tradingeconomics.com/euro-area/producer-prices-change,,-0.6%,,-0.3%
2025-11-05 10:10:00,EU,,https://tradingeconomics.com,,,,
2025-11-05 10:30:00,DE,15-Year Bund Auction,https://tradingeconomics.com/germany/15-year-bond-yield,,3.06%,,
2025-11-05 12:00:00,MX,Gross Fixed Investment MoM,https://tradingeconomics.com/mexico/private-investment,,1.6%,,
2025-11-05 12:00:00,MX,Gross Fixed Investment YoY,https://tradingeconomics.com/mexico/private-investment,,-6.6%,,
2025-11-05 12:00:00,US,MBA 30-Year Mortgage Rate,https://tradingeconomics.com/united-states/mortgage-rate,,,,
2025-11-05 12:00:00,US,MBA Mortgage Applications,https://tradingeconomics.com/united-states/mortgage-applications,,,,
2025-11-05 12:00:00,US,MBA Mortgage Market Index,https://tradingeconomics.com/united-states/mba-mortgage-market-index,,,,
2025-11-05 12:00:00,US,MBA Mortgage Refinance Index,https://tradingeconomics.com/united-states/mba-mortgage-refinance-index,,,,
2025-11-05 12:00:00,US,MBA Purchase Index,https://tradingeconomics.com/united-states/mba-purchase-index,,,,
2025-11-05 13:00:00,BR,S&P Global Services PMI,https://tradingeconomics.com/brazil/services-pmi,,46.3,,
2025-11-05 13:00:00,BR,S&P Global Composite PMI,https://tradingeconomics.com/brazil/composite-pmi,,46,,47
2025-11-05 13:15:00,US,ADP Employment Change,https://tradingeconomics.com/united-states/adp-employment-change,,-32K,,
2025-11-05 13:30:00,US,Treasury Refunding Announcement,https://tradingeconomics.com/united-states/government-bond-yield,,,,
2025-11-05 14:30:00,CA,S&P Global Composite PMI,https://tradingeconomics.com/canada/composite-pmi,,46.3,,47
2025-11-05 14:30:00,CA,S&P Global Services PMI,https://tradingeconomics.com/canada/services-pmi,,,,
2025-11-05 14:45:00,US,S&P Global Composite PMI Final,https://tradingeconomics.com/united-states/composite-pmi,,53.9,,54.8
2025-11-05 14:45:00,US,S&P Global Services PMI Final,https://tradingeconomics.com/united-states/services-pmi,,54.2,55.2,55.2
2025-11-05 15:00:00,US,ISM Services PMI,https://tradingeconomics.com/united-states/non-manufacturing-pmi,,50.0,,
2025-11-05 15:00:00,US,ISM Services Business Activity,https://tradingeconomics.com/united-states/ism-non-manufacturing-business-activity,,49.9,,
2025-11-05 15:00:00,US,ISM Services Employment,https://tradingeconomics.com/united-states/ism-non-manufacturing-employment,,47.2,,
2025-11-05 15:00:00,US,ISM Services New Orders,https://tradingeconomics.com/united-states/ism-non-manufacturing-new-orders,,50.4,,
2025-11-05 15:00:00,US,ISM Services Prices,https://tradingeconomics.com/united-states/ism-non-manufacturing-prices,,69.4,,
2025-11-05 15:30:00,US,EIA Crude Oil Stocks Change,https://tradingeconomics.com/united-states/crude-oil-stocks-change,,,,
2025-11-05 15:30:00,US,EIA Gasoline Stocks Change,https://tradingeconomics.com/united-states/gasoline-stocks-change,,,,
2025-11-05 15:30:00,US,EIA Crude Oil Imports Change,https://tradingeconomics.com/united-states/crude-oil-imports,,,,
2025-11-05 15:30:00,US,EIA Cushing Crude Oil Stocks Change,https://tradingeconomics.com/united-states/cushing-crude-oil-stocks,,,,
2025-11-05 15:30:00,US,EIA Distillate Fuel Production Change,https://tradingeconomics.com/united-states/distillate-fuel-production,,,,
2025-11-05 15:30:00,US,EIA Distillate Stocks Change,https://tradingeconomics.com/united-states/distillate-stocks,,,,
2025-11-05 15:30:00,US,EIA Gasoline Production Change,https://tradingeconomics.com/united-states/gasoline-production,,,,
2025-11-05 15:30:00,US,EIA Heating Oil Stocks Change,https://tradingeconomics.com/united-states/heating-oil-stocks,,,,
2025-11-05 15:30:00,US,EIA Refinery Crude Runs Change,https://tradingeconomics.com/united-states/refinery-crude-runs,,,,
2025-11-05 16:30:00,US,17-Week Bill Auction,https://tradingeconomics.com/united-states/17-week-bill-yield,,,,
2025-11-05 17:00:00,CA,5-Year Bond Auction,https://tradingeconomics.com/canada/5-year-note-yield,,2.795%,,
2025-11-05 21:30:00,BR,Interest Rate Decision,https://tradingeconomics.com/brazil/interest-rate,,15%,,15%
2025-11-05 23:00:00,KR,Current Account,https://tradingeconomics.com/south-korea/current-account,,,,$ 10B
2025-10-28 02:30:00,KR,20-Year KTB Auction,https://tradingeconomics.com/south-korea/20-year-bond-yield,,2.803%,,
2025-11-03 02:30:00,KR,2-Year KTB Auction,https://tradingeconomics.com/south-korea/2-year-note-yield,,2.480%,,
2025-11-04 02:30:00,KR,30-Year KTB Auction,https://tradingeconomics.com/south-korea/30-year-bond-yield,,2.820%,,
2025-11-05 23:30:00,JP,Average Cash Earnings YoY,https://tradingeconomics.com/japan/wage-growth,,,,3.6%
2025-11-05 23:30:00,JP,Overtime Pay YoY,https://tradingeconomics.com/japan/overtime-pay-yoy,,1.3%,,1.5%
2025-11-06 00:00:00,JP,Reuters Tankan Index,https://tradingeconomics.com/japan/reuters-tankan-index,,8,,13
2025-11-06 00:30:00,AU,Balance of Trade,https://tradingeconomics.com/australia/balance-of-trade,,A$1.825B,,A$ 6.2B
2025-11-06 00:30:00,AU,Exports MoM,https://tradingeconomics.com/australia/exports,,-7.8%,,
2025-11-06 00:30:00,AU,Imports MoM,https://tradingeconomics.com/australia/imports,,3.2%,,
2025-11-06 00:30:00,JP,S&P Global Composite PMI Final,https://tradingeconomics.com/japan/composite-pmi,,51.3,,50.9
2025-11-06 00:30:00,JP,S&P Global Services PMI Final,https://tradingeconomics.com/japan/services-pmi,,53.3,,52.4
2025-11-06 03:35:00,JP,6-Month Bill Auction,https://tradingeconomics.com/japan/6-month-bill-yield,,0.5933%,,
2025-11-06 05:00:00,IN,HSBC Composite PMI Final,https://tradingeconomics.com/india/composite-pmi,,61.0,,59.9
2025-11-06 05:00:00,IN,HSBC Services PMI Final,https://tradingeconomics.com/india/services-pmi,,60.9,,58.8
2025-11-06 05:00:00,SG,6-Month T-Bill Auction,https://tradingeconomics.com/singapore/6-month-bill-yield,,1.41%,,
2025-11-06 07:00:00,DE,Industrial Production MoM,https://tradingeconomics.com/germany/industrial-production-mom,,-4.3%,,2.5%
2025-10-27 12:30:00,CA,Wholesale Sales MoM Prel,https://tradingeconomics.com/canada/wholesale-sales,0%,-1.2%,,-0.8%
2025-10-30 10:10:00,IT,10-Year BTP Auction,https://tradingeconomics.com/italy/government-bond-yield,,2.23%,,
2025-10-30 10:10:00,IT,5-Year BTP Auction,https://tradingeconomics.com/italy/5-year-note-yield,,2.94%,,
2025-11-03 09:30:00,ZA,,https://tradingeconomics.com,,7.32%,,
2025-11-04 09:30:00,ZA,,https://tradingeconomics.com,,,,
2025-11-05 09:30:00,ZA,,https://tradingeconomics.com,,,,
2025-11-06 07:45:00,FR,Private Non Farm Payrolls QoQ Prel,https://tradingeconomics.com/france/nonfarm-payrolls-private,,0.2%,,0.1%
2025-11-06 08:00:00,ES,Industrial Production YoY,https://tradingeconomics.com/spain/industrial-production,,3.4%,,1.0%
2025-11-06 08:30:00,EA,HCOB Construction PMI,https://tradingeconomics.com/euro-area/construction-pmi,,46.0,,46.5
2025-11-06 08:30:00,FR,HCOB Construction PMI,https://tradingeconomics.com/france/construction-pmi,,42.9,,43.4
2025-11-06 08:30:00,DE,HCOB Construction PMI,https://tradingeconomics.com/germany/construction-pmi,,46.2,,46.7
2025-11-06 08:30:00,IT,HCOB Construction PMI,https://tradingeconomics.com/italy/construction-pmi,,49.8,,50.2
2025-11-06 09:30:00,GB,S&P Global Construction PMI,https://tradingeconomics.com/united-kingdom/construction-pmi,,,,46
2025-11-06 09:30:00,GB,DMP 1Y CPI Expectations,https://tradingeconomics.com/united-kingdom/dmp-1y-cpi-expectations,,3.5%,,
2025-11-06 09:30:00,GB,DMP 3M Output Price Expectations,https://tradingeconomics.com/united-kingdom/dmp-3m-output-price-expectations,,3.7%,,
2025-11-06 09:40:00,ES,,https://tradingeconomics.com,,,,
2025-11-06 10:00:00,EA,Retail Sales MoM,https://tradingeconomics.com/euro-area/retail-sales,,0.1%,,0.2%
2025-11-06 10:00:00,EA,Retail Sales YoY,https://tradingeconomics.com/euro-area/retail-sales-annual,,1.0%,,1.5%
2025-11-06 10:00:00,FR,,https://tradingeconomics.com,,,,
2025-11-06 10:30:00,RU,Summary of the Key Rate Discussion,https://tradingeconomics.com/russia/interest-rate,,,,
2025-11-06 11:30:00,TR,Foreign Exchange Reserves,https://tradingeconomics.com/turkey/foreign-exchange-reserves,,,,
2025-11-06 12:00:00,GB,BoE Interest Rate Decision,https://tradingeconomics.com/united-kingdom/interest-rate,,4%,,4.0%
2025-11-06 12:00:00,GB,BoE Monetary Policy Report,https://tradingeconomics.com/united-kingdom/interest-rate,,,,
2025-11-06 12:00:00,GB,BoE MPC Vote Cut,https://tradingeconomics.com/united-kingdom/interest-rate,,2/9,,
2025-11-06 12:00:00,GB,BoE MPC Vote Hike,https://tradingeconomics.com/united-kingdom/interest-rate,,0/9,,
2025-11-06 12:00:00,GB,BoE MPC Vote Unchanged,https://tradingeconomics.com/united-kingdom/interest-rate,,7/9,,
2025-11-06 12:00:00,GB,MPC Meeting Minutes,https://tradingeconomics.com/united-kingdom/interest-rate,,,,
2025-11-06 12:30:00,US,Challenger Job Cuts,https://tradingeconomics.com/united-states/challenger-job-cuts,,54.064K,,73.0K
2025-11-06 13:30:00,US,Initial Jobless Claims,https://tradingeconomics.com/united-states/jobless-claims,,,,
2025-11-06 13:30:00,US,Nonfarm Productivity QoQ Prel,https://tradingeconomics.com/united-states/nonfarm-productivity-qoq,,3.3%,,
2025-11-06 13:30:00,US,Unit Labour Costs QoQ Prel,https://tradingeconomics.com/united-states/unit-labour-costs-qoq,,1%,,
2025-11-06 13:30:00,US,Continuing Jobless Claims,https://tradingeconomics.com/united-states/continuing-jobless-claims,,,,
2025-11-06 13:30:00,US,Jobless Claims 4-week Average,https://tradingeconomics.com/united-states/jobless-claims-4-week-average,,,,
2025-11-06 15:00:00,CA,Ivey PMI s.a,https://tradingeconomics.com/canada/business-confidence,,59.8,,
2025-11-06 15:00:00,US,Wholesale Inventories MoM,https://tradingeconomics.com/united-states/wholesale-inventories,,,,-0.3%
2025-11-06 15:30:00,US,EIA Natural Gas Stocks Change,https://tradingeconomics.com/united-states/natural-gas-stocks-change,,,,
2025-11-06 16:30:00,US,4-Week Bill Auction,https://tradingeconomics.com/united-states/4-week-bill-yield,,,,
2025-11-06 16:30:00,US,8-Week Bill Auction,https://tradingeconomics.com/united-states/8-week-bill-yield,,,,
2025-11-06 17:00:00,CA,10-Year Bond Auction,https://tradingeconomics.com/canada/government-bond-yield,,3.126%,,
2025-11-06 17:00:00,US,15-Year Mortgage Rate,https://tradingeconomics.com/united-states/15-year-mortgage-rate,,,,
2025-11-06 17:00:00,US,30-Year Mortgage Rate,https://tradingeconomics.com/united-states/30-year-mortgage-rate,,,,
2025-11-06 18:00:00,BR,Balance of Trade,https://tradingeconomics.com/brazil/balance-of-trade,,$2.99B,,$3.5B
2025-11-06 19:00:00,MX,Interest Rate Decision,https://tradingeconomics.com/mexico/interest-rate,,7.5%,,7.5%
2025-11-06 21:30:00,US,Fed Balance Sheet,https://tradingeconomics.com/united-states/central-bank-balance-sheet,,,,
2025-10-28 04:20:00,RU,M2 Money Supply YoY,https://tradingeconomics.com/russia/money-supply-m2,12.7%,14.4%,,14.1%
2025-11-06 23:30:00,JP,Household Spending MoM,https://tradingeconomics.com/japan/household-spending-mom,,0.6%,,0.5%
2025-11-06 23:30:00,JP,Household Spending YoY,https://tradingeconomics.com/japan/household-spending,,2.3%,,2.8%
2025-11-06 23:50:00,JP,Foreign Bond Investment,https://tradingeconomics.com/japan/foreign-bond-investment,,,,
2025-11-06 23:50:00,JP,Stock Investment by Foreigners,https://tradingeconomics.com/japan/foreign-stock-investment,,,,
2025-11-07 03:00:00,CN,Balance of Trade,https://tradingeconomics.com/china/balance-of-trade,,$90.45B,,$97.0B
2025-11-07 03:00:00,CN,Exports YoY,https://tradingeconomics.com/china/exports-yoy,,8.3%,,7.3%
2025-11-07 03:00:00,CN,Imports YoY,https://tradingeconomics.com/china/imports-yoy,,7.4%,,7.0%
2025-11-07 03:00:00,ID,Foreign Exchange Reserves,https://tradingeconomics.com/indonesia/foreign-exchange-reserves,,$148.7B,,
2025-11-07 03:35:00,JP,3-Month Bill Auction,https://tradingeconomics.com/japan/3-month-bill-yield,,,,
2025-11-07 06:00:00,RU,S&P Global Composite PMI,https://tradingeconomics.com/russia/composite-pmi,,46.6,,
2025-11-07 06:00:00,RU,S&P Global Services PMI,https://tradingeconomics.com/russia/services-pmi,,47.0,,
2025-11-07 06:00:00,ZA,Foreign Exchange Reserves,https://tradingeconomics.com/south-africa/foreign-exchange-reserves,,$69.74B,,
2025-11-07 07:00:00,DE,Balance of Trade,https://tradingeconomics.com/germany/balance-of-trade,,17.2B,,15.6B
2025-11-07 07:00:00,DE,Exports MoM,https://tradingeconomics.com/germany/exports,,-0.5%,,-0.6%
2025-11-07 07:00:00,DE,Imports MoM,https://tradingeconomics.com/germany/imports,,-1.3%,,0.7%
2025-11-07 07:00:00,GB,Halifax House Price Index MoM,https://tradingeconomics.com/united-kingdom/house-price-index-mom,,-0.3%,,
2025-11-07 07:00:00,GB,Halifax House Price Index YoY,https://tradingeconomics.com/united-kingdom/house-price-index-yoy,,1.3%,,
2025-10-28 09:30:00,ZA,,https://tradingeconomics.com,8.403%,,,
2025-10-28 12:15:00,US,ADP Employment Change Weekly,https://tradingeconomics.com/united-states/adp-employment-change-weekly,14.25K,,,
,SA,Interest Rate Decision,https://tradingeconomics.com/saudi-arabia/interest-rate,,4.75%,,4.50%
2025-11-07 07:30:00,TR,Inflation Report,https://tradingeconomics.com/turkey/interest-rate,,,,
2025-11-07 07:45:00,FR,Balance of Trade,https://tradingeconomics.com/france/balance-of-trade,,-5.5B,,-8.4B
2025-11-07 07:45:00,FR,Current Account,https://tradingeconomics.com/france/current-account,,1.5B,,-6.8B
2025-11-07 07:45:00,FR,Exports,https://tradingeconomics.com/france/exports,,51.8B,,49.5B
2025-11-07 07:45:00,FR,Foreign Exchange Reserves,https://tradingeconomics.com/france/foreign-exchange-reserves,,330.268B,,330.5B
2025-11-07 07:45:00,FR,Imports,https://tradingeconomics.com/france/imports,,57.3B,,57.9B
2025-11-07 09:00:00,CN,Current Account Prel,https://tradingeconomics.com/china/current-account,,$128.7B,,$110.0B
2025-11-07 09:00:00,WL,FAO Food Price Index,https://tradingeconomics.com/world/food-price-index,,128.8,,
2025-11-07 09:15:00,SG,Foreign Exchange Reserves,https://tradingeconomics.com/singapore/foreign-exchange-reserves,,S$506.8B,,
2025-11-07 09:30:00,ZA,,https://tradingeconomics.com,,,,
2025-11-07 10:00:00,DE,New Car Registrations YoY,https://tradingeconomics.com/germany/new-passenger-car-registrations-yoy,,12.8%,,9.1%
2025-11-07 10:00:00,GB,BBA Mortgage Rate,https://tradingeconomics.com/united-kingdom/mortgage-rate,,6.78%,,6.7%
2025-11-07 11:30:00,IN,Foreign Exchange Reserves,https://tradingeconomics.com/india/foreign-exchange-reserves,,,,
2025-11-07 12:00:00,BR,PPI MoM,https://tradingeconomics.com/brazil/producer-price-inflation-mom,,-0.2%,,0.4%
2025-11-07 12:00:00,BR,PPI YoY,https://tradingeconomics.com/brazil/producer-prices-change,,0.48%,,0.4%
2025-11-07 12:00:00,MX,Inflation Rate MoM,https://tradingeconomics.com/mexico/inflation-rate-mom,,0.23%,,0.35%
2025-11-07 12:00:00,MX,Inflation Rate YoY,https://tradingeconomics.com/mexico/inflation-cpi,,3.76%,,3.6%
2025-11-07 12:00:00,MX,Auto Exports YoY,https://tradingeconomics.com/mexico/auto-exports,,-0.3%,,-3.8%
2025-11-07 12:00:00,MX,Auto Production YoY,https://tradingeconomics.com/mexico/car-production,,-6.1%,,-9.0%
2025-11-07 12:00:00,MX,Core Inflation Rate MoM,https://tradingeconomics.com/mexico/core-inflation-rate-mom,,0.33%,,0.2%
2025-11-07 12:00:00,MX,Core Inflation Rate YoY,https://tradingeconomics.com/mexico/core-inflation-rate,,4.28%,,4.2%
2025-11-07 13:00:00,RU,Foreign Exchange Reserves,https://tradingeconomics.com/russia/foreign-exchange-reserves,,$713.3B,,
2025-11-07 13:30:00,CA,Unemployment Rate,https://tradingeconomics.com/canada/unemployment-rate,,7.1%,,7.2%
2025-11-07 13:30:00,CA,Employment Change,https://tradingeconomics.com/canada/employment-change,,60.4K,,5.0K
2025-11-07 13:30:00,CA,Full Time Employment Chg,https://tradingeconomics.com/canada/full-time-employment,,106.1K,,-80.0K
2025-11-07 13:30:00,CA,Part Time Employment Chg,https://tradingeconomics.com/canada/part-time-employment,,-45.6K,,75.0K
2025-11-07 13:30:00,CA,Participation Rate,https://tradingeconomics.com/canada/labor-force-participation-rate,,65.2%,,65.1%
2025-11-07 13:30:00,CA,Average Hourly Wages YoY,https://tradingeconomics.com/canada/average-hourly-earnings,,3.3%,,3.3%
2025-11-07 13:30:00,US,Non Farm Payrolls,https://tradingeconomics.com/united-states/non-farm-payrolls,,,,55.0K
2025-11-07 13:30:00,US,Unemployment Rate,https://tradingeconomics.com/united-states/unemployment-rate,,,,4.4%
2025-11-07 13:30:00,US,Average Hourly Earnings MoM,https://tradingeconomics.com/united-states/average-hourly-earnings,,,,0.3%
2025-11-07 13:30:00,US,Average Hourly Earnings YoY,https://tradingeconomics.com/united-states/average-hourly-earnings-yoy,,,,3.6%
2025-11-07 13:30:00,US,Participation Rate,https://tradingeconomics.com/united-states/labor-force-participation-rate,,,,62.2%
2025-11-07 13:30:00,US,Average Weekly Hours,https://tradingeconomics.com/united-states/average-weekly-hours,,,,34.2
2025-11-07 13:30:00,US,Government Payrolls,https://tradingeconomics.com/united-states/government-payrolls,,,,-35.0K
2025-11-07 13:30:00,US,Manufacturing Payrolls,https://tradingeconomics.com/united-states/manufacturing-payrolls,,,,-2.0K
2025-11-07 13:30:00,US,Nonfarm Payrolls Private,https://tradingeconomics.com/united-states/nonfarm-payrolls-private,,,,20.0K
2025-11-07 13:30:00,US,U-6 Unemployment Rate,https://tradingeconomics.com/united-states/u6-unemployment-rate,,,,8.2%
2025-11-07 14:30:00,TR,Treasury Cash Balance,https://tradingeconomics.com/turkey/treasury-cash-balance,,TRY-359.887B,,
2025-11-07 15:00:00,US,Michigan Consumer Sentiment Prel,https://tradingeconomics.com/united-states/consumer-confidence,,53.6,,53
2025-11-07 15:00:00,US,Michigan 5 Year Inflation Expectations Prel,https://tradingeconomics.com/united-states/michigan-5-year-inflation-expectations,,3.9%,,3.9%
2025-11-07 15:00:00,US,Michigan Consumer Expectations Prel,https://tradingeconomics.com/united-states/michigan-consumer-expectations,,50.3,,50.1
2025-11-07 15:00:00,US,Michigan Current Conditions Prel,https://tradingeconomics.com/united-states/michigan-current-economic-conditions,,58.6,,58
2025-11-07 15:00:00,US,Michigan Inflation Expectations Prel,https://tradingeconomics.com/united-states/michigan-inflation-expectations,,4.6%,,4.6%
2025-11-07 16:00:00,US,Consumer Inflation Expectations,https://tradingeconomics.com/united-states/inflation-expectations,,3.4%,,3.4%
2025-11-07 18:00:00,US,Baker Hughes Oil Rig Count,https://tradingeconomics.com/united-states/crude-oil-rigs,,,,
2025-11-07 18:00:00,US,Baker Hughes Total Rigs Count,https://tradingeconomics.com/united-states/total-rigs,,,,
2025-11-07 19:00:00,AR,Industrial Production YoY,https://tradingeconomics.com/argentina/industrial-production,,-4.4%,,3.8%
2025-11-07 20:00:00,US,Consumer Credit Change,https://tradingeconomics.com/united-states/consumer-credit,,$0.36B,,$5.0B
2025-10-29 03:30:00,SG,Export Prices YoY,https://tradingeconomics.com/singapore/export-prices-yoy,-3.3%,-5.4%,,-5.8%
2025-10-29 03:30:00,SG,Import Prices YoY,https://tradingeconomics.com/singapore/import-prices-yoy,-0.6%,-3.8%,,-5.5%
2025-10-29 03:30:00,SG,PPI YoY,https://tradingeconomics.com/singapore/producer-prices-change,3.7%,1.1%,,1.2%
2025-10-29 19:20:00,SA,Interest Rate Decision,https://tradingeconomics.com/saudi-arabia/interest-rate,4.50%,4.75%,,4.50%
,ZA,,https://tradingeconomics.com,,,,
2025-10-30 11:30:00,IN,M3 Money Supply YoY,https://tradingeconomics.com/india/money-supply-m3,,9.6%,,
2025-10-30 02:00:00,SG,Unemployment Rate Prel,https://tradingeconomics.com/singapore/unemployment-rate,2%,2%,,1.90%
2025-11-09 01:30:00,CN,Inflation Rate YoY,https://tradingeconomics.com/china/inflation-cpi,,-0.3%,,0.0%
2025-11-09 01:30:00,CN,Inflation Rate MoM,https://tradingeconomics.com/china/inflation-rate-mom,,0.1%,,-0.1%
2025-11-09 01:30:00,CN,PPI YoY,https://tradingeconomics.com/china/producer-prices-change,,-2.3%,,-1.9%
2025-10-30 09:00:00,ZA,Budget Balance,https://tradingeconomics.com/south-africa/government-budget-value,ZAR-15.36B,ZAR-38.35B,,ZAR -12.0B
2025-10-30 12:30:00,CA,Average Weekly Earnings YoY,https://tradingeconomics.com/canada/wage-growth,3.01%,3.22%,,3.0%
2025-10-30 14:30:00,SA,M3 Money Supply YoY,https://tradingeconomics.com/saudi-arabia/money-supply-m3,7.8%,8.4%,,
2025-10-30 14:30:00,SA,Private Bank Lending YoY,https://tradingeconomics.com/saudi-arabia/loan-growth,13%,13.2%,,13.1%
2025-11-03 16:00:00,US,Total Household Debt,https://tradingeconomics.com/united-states/debt-balance-total,,$18.39T,,
2025-11-03 17:00:00,US,Fed Daly Speech,https://tradingeconomics.com/united-states/interest-rate,,,,
,US,JOLTs Job Openings,https://tradingeconomics.com/united-states/job-offers,,7.227M,,7.2M
,US,JOLTs Job Quits,https://tradingeconomics.com/united-states/job-quits,,3.091M,,3.15M
2025-11-06 16:00:00,US,Fed Williams Speech,https://tradingeconomics.com/united-states/interest-rate,,,,
2025-11-06 17:00:00,US,Fed Hammack Speech,https://tradingeconomics.com/united-states/interest-rate,,,,
2025-11-06 21:30:00,US,Fed Paulson Speech,https://tradingeconomics.com/united-states/interest-rate,,,,
2025-11-06 22:30:00,US,Fed Musalem Speech,https://tradingeconomics.com/united-states/interest-rate,,,,
,US,Nonfarm Productivity QoQ Prel,https://tradingeconomics.com/united-states/nonfarm-productivity-qoq,,3.3%,,1.0%
,US,Unit Labour Costs QoQ Prel,https://tradingeconomics.com/united-states/unit-labour-costs-qoq,,1%,,0.8%
2025-11-07 08:00:00,US,Fed Williams Speech,https://tradingeconomics.com/united-states/interest-rate,,,,
2025-11-09 23:50:00,JP,BoJ Summary of Opinions,https://tradingeconomics.com/japan/interest-rate,,,,
2025-11-10 00:30:00,AU,Building Permits MoM Final,https://tradingeconomics.com/australia/building-permits-mom,,-6.0%,,
2025-11-10 00:30:00,AU,Private House Approvals MoM Final,https://tradingeconomics.com/australia/private-house-approvals-,,-2.6%,,
2025-11-10 02:30:00,KR,3-Year KTB Auction,https://tradingeconomics.com/south-korea/3-year-note-yield,,2.565%,,
2025-11-10 03:00:00,ID,Consumer Confidence,https://tradingeconomics.com/indonesia/consumer-confidence,,115.0,,115.5
2025-11-10 05:00:00,JP,Coincident Index Prel,https://tradingeconomics.com/japan/coincident-index,,112.8,,113.5
2025-11-10 05:00:00,JP,Leading Economic Index Prel,https://tradingeconomics.com/japan/leading-economic-index,,107.0,,109.5
2025-11-10 07:00:00,TR,Industrial Production YoY,https://tradingeconomics.com/turkey/industrial-production,,7.1%,,3.3%
2025-11-10 07:00:00,TR,Industrial Production MoM,https://tradingeconomics.com/turkey/industrial-production-mom,,0.4%,,0.8%
2025-10-31 11:25:00,TR,Tourist Arrivals YoY,https://tradingeconomics.com/turkey/tourist-arrivals,0.54%,2.05%,,
2025-10-31 11:30:00,IN,M3 Money Supply YoY,https://tradingeconomics.com/india/money-supply-m3,9.2%,9.9%,,
2025-10-31 20:00:00,MX,Fiscal Balance,https://tradingeconomics.com/mexico/government-budget-value,MXN-749.6B,MXN-547.79B,,MXN-640.0B
2025-11-01 06:00:00,RU,S&P Global Manufacturing PMI,https://tradingeconomics.com/russia/manufacturing-pmi,,48.2,,48.5
2025-11-03 05:00:00,IN,HSBC Manufacturing PMI Final,https://tradingeconomics.com/india/manufacturing-pmi,,57.7,,58.4
2025-11-03 10:45:00,EU,,https://tradingeconomics.com,,2.729%,,
2025-11-03 12:00:00,EA,ECB Lane Speech,https://tradingeconomics.com/euro-area/interest-rate,,,,
2025-11-03 19:00:00,US,Fed Cook Speech,https://tradingeconomics.com/united-states/interest-rate,,,,
2025-11-04 07:40:00,EA,ECB President Lagarde Speech,https://tradingeconomics.com/euro-area/interest-rate,,,,
2025-11-04 09:45:00,EA,ECB President Lagarde Speech,https://tradingeconomics.com/euro-area/interest-rate,,,,
2025-11-04 11:35:00,US,Fed Bowman Speech,https://tradingeconomics.com/united-states/interest-rate,,,,
2025-11-05 09:05:00,GB,BoE Khan Speech,https://tradingeconomics.com/united-kingdom/interest-rate,,,,
2025-11-05 11:10:00,EU,,https://tradingeconomics.com,,1.978%,,
2025-11-05 16:15:00,GB,BoE Breeden Speech,https://tradingeconomics.com/united-kingdom/interest-rate,,,,
2025-11-06 06:00:00,RU,S&P Global Composite PMI,https://tradingeconomics.com/russia/composite-pmi,,46.6,,47
2025-11-06 06:00:00,RU,S&P Global Services PMI,https://tradingeconomics.com/russia/services-pmi,,47.0,,48
2025-11-06 08:10:00,EA,ECB Schnabel Speech,https://tradingeconomics.com/euro-area/interest-rate,,,,
2025-11-06 08:30:00,EA,ECB Guindos Speech,https://tradingeconomics.com/euro-area/interest-rate,,,,
2025-11-06 09:40:00,ES,10-Year Obligacion Auction,https://tradingeconomics.com/spain/government-bond-yield,,3.085%,,
2025-11-06 09:40:00,ES,15-Year Obligacion Auction,https://tradingeconomics.com/spain/15-year-bond-yield,,3.739%,,
2025-11-06 10:00:00,FR,2035 OAT Auction,https://tradingeconomics.com/france/government-bond-yield,,3.51%,,
2025-11-06 16:00:00,US,Fed Barr Speech,https://tradingeconomics.com/united-states/interest-rate,,,,
2025-11-06 16:15:00,EA,ECB Buch Speech,https://tradingeconomics.com/euro-area/interest-rate,,,,
2025-11-06 18:30:00,EA,ECB Lane Speech,https://tradingeconomics.com/euro-area/interest-rate,,,,
2025-11-06 20:30:00,US,Fed Waller Speech,https://tradingeconomics.com/united-states/interest-rate,,,,
2025-11-07 12:00:00,US,Fed Jefferson Speech,https://tradingeconomics.com/united-states/interest-rate,,,,
2025-11-07 13:30:00,EA,ECB Elderson Speech,https://tradingeconomics.com/euro-area/interest-rate,,,,
2025-11-07 20:00:00,US,Fed Miran Speech,https://tradingeconomics.com/united-states/interest-rate,,,,
2025-11-10 03:00:00,ID,Retail Sales YoY,https://tradingeconomics.com/indonesia/retail-sales-annual,,3.5%,,
2025-11-10 09:30:00,ZA,,https://tradingeconomics.com,,,,
2025-11-10 10:30:00,DE,3-Month Bubill Auction,https://tradingeconomics.com/germany/3-month-bill-yield,,1.7108%,,
2025-11-10 10:30:00,DE,,https://tradingeconomics.com,,1.8989%,,
2025-11-10 14:00:00,FR,12-Month BTF Auction,https://tradingeconomics.com/france/52-week-bill-yield,,,,
2025-11-10 14:00:00,FR,3-Month BTF Auction,https://tradingeconomics.com/france/3-month-bill-yield,,,,
2025-11-10 14:00:00,FR,6-Month BTF Auction,https://tradingeconomics.com/france/6-month-bill-yield,,,,
2025-11-10 16:30:00,US,3-Month Bill Auction,https://tradingeconomics.com/united-states/3-month-bill-yield,,,,
2025-11-10 16:30:00,US,6-Month Bill Auction,https://tradingeconomics.com/united-states/6-month-bill-yield,,,,
2025-11-10 17:00:00,US,,https://tradingeconomics.com,,,,
2025-11-10 18:00:00,US,3-Year Note Auction,https://tradingeconomics.com/united-states/3-year-note-yield,,,,
,ES,Consumer Confidence,https://tradingeconomics.com/spain/consumer-confidence,,81.5,,
2025-11-10 23:30:00,AU,Westpac Consumer Confidence Change,https://tradingeconomics.com/australia/consumer-confidence-mom,,-3.5%,,2.8%
2025-11-10 23:30:00,AU,Westpac Consumer Confidence Index,https://tradingeconomics.com/australia/consumer-confidence,,92.1,,94.7
2025-11-10 23:50:00,JP,Current Account,https://tradingeconomics.com/japan/current-account,,3776B,,
2025-11-10 23:50:00,JP,Bank Lending YoY,https://tradingeconomics.com/japan/loan-growth,,,,
2025-11-11 00:01:00,GB,BRC Retail Sales Monitor YoY,https://tradingeconomics.com/united-kingdom/brc-retail-sales-monitor-yoy,,2%,,
2025-11-11 00:30:00,AU,NAB Business Confidence,https://tradingeconomics.com/australia/business-confidence,,7,,8
2025-11-11 03:35:00,JP,30-Year JGB Auction,https://tradingeconomics.com/japan/30-year-bond-yield,,3.248%,,
2025-11-11 05:00:00,JP,Eco Watchers Survey Current,https://tradingeconomics.com/japan/economy-watchers-survey,,47.1,,
2025-11-11 05:00:00,JP,Eco Watchers Survey Outlook,https://tradingeconomics.com/japan/economy-watchers-survey-outlook,,48.5,,
2025-11-11 05:00:00,SG,MAS 12-Week Bill Auction,https://tradingeconomics.com/singapore/3-month-bill-yield,,,,
2025-11-11 05:00:00,SG,MAS 4-Week Bill Auction,https://tradingeconomics.com/singapore/1-month-bill-yield,,,,
2025-11-11 07:00:00,TR,Retail Sales MoM,https://tradingeconomics.com/turkey/retail-sales,,0.9%,,0.8%
2025-11-11 07:00:00,TR,Retail Sales YoY,https://tradingeconomics.com/turkey/retail-sales-annual,,12.2%,,9.0%
2025-11-11 07:00:00,GB,Unemployment Rate,https://tradingeconomics.com/united-kingdom/unemployment-rate,,4.8%,,4.7%
2025-11-11 07:00:00,GB,Average Earnings incl. Bonus (3Mo/Yr),https://tradingeconomics.com/united-kingdom/wage-growth,,5%,,4.7%
2025-11-11 07:00:00,GB,Employment Change,https://tradingeconomics.com/united-kingdom/employment-change,,91K,,50.0K
2025-11-11 07:00:00,GB,Average Earnings excl. Bonus (3Mo/Yr),https://tradingeconomics.com/united-kingdom/average-earnings-excluding-bonus,,4.7%,,4.5%
2025-11-11 07:00:00,GB,Claimant Count Change,https://tradingeconomics.com/united-kingdom/claimant-count-change,,25.8K,,15.0K
2025-11-11 07:00:00,GB,HMRC Payrolls Change,https://tradingeconomics.com/united-kingdom/non-farm-payrolls,,-10K,,
2025-11-11 09:30:00,ZA,Unemployment Rate,https://tradingeconomics.com/south-africa/unemployment-rate,,33.2%,,32.7%
2025-11-11 09:30:00,ZA,Unemployed Persons,https://tradingeconomics.com/south-africa/unemployed-persons,,8.367M,,8.1M
2025-11-11 09:30:00,ZA,,https://tradingeconomics.com,,,,
2025-11-11 09:40:00,ES,3-Month Letras Auction,https://tradingeconomics.com/spain/3-month-bill-yield,,,,
2025-11-11 09:40:00,ES,,https://tradingeconomics.com,,,,
2025-11-11 10:00:00,EA,ZEW Economic Sentiment Index,https://tradingeconomics.com/euro-area/zew-economic-sentiment-index,,22.7,,21.5
2025-11-11 10:00:00,DE,ZEW Economic Sentiment Index,https://tradingeconomics.com/germany/zew-economic-sentiment-index,,39.3,,34
2025-11-11 10:00:00,DE,ZEW Current Conditions,https://tradingeconomics.com/germany/zew-current-conditions,,-80.0,,-82
2025-11-11 11:00:00,BR,BCB Copom Meeting Minutes,https://tradingeconomics.com/brazil/interest-rate,,,,
2025-11-11 11:00:00,ZA,Manufacturing Production MoM,https://tradingeconomics.com/south-africa/industrial-production-mom,,,,0.3%
2025-11-11 11:00:00,ZA,Manufacturing Production YoY,https://tradingeconomics.com/south-africa/industrial-production,,-1.5%,,1.0%
2025-11-11 11:00:00,US,NFIB Business Optimism Index,https://tradingeconomics.com/united-states/nfib-business-optimism-index,,98.8,,
2025-11-11 12:00:00,BR,Inflation Rate MoM,https://tradingeconomics.com/brazil/inflation-rate-mom,,0.48%,,0.2%
2025-11-11 12:00:00,BR,Inflation Rate YoY,https://tradingeconomics.com/brazil/inflation-cpi,,5.17%,,4.9%
2025-11-11 12:00:00,MX,Industrial Production MoM,https://tradingeconomics.com/mexico/industrial-production-mom,,-0.3%,,0.3%
2025-11-11 12:00:00,MX,Industrial Production YoY,https://tradingeconomics.com/mexico/industrial-production,,-3.6%,,4%
2025-11-11 13:15:00,US,ADP Employment Change Weekly,https://tradingeconomics.com/united-states/adp-employment-change-weekly,,14.25K,,
2025-11-11 23:00:00,KR,Unemployment Rate,https://tradingeconomics.com/south-korea/unemployment-rate,,2.5%,,2.5%
2025-11-12 00:30:00,AU,Home Loans QoQ,https://tradingeconomics.com/australia/home-loans,,2.4%,,2.9%
2025-11-12 00:30:00,AU,Investment Lending for Homes,https://tradingeconomics.com/australia/investment-lending-for-homes,,1.4%,,4.0%
2025-11-12 06:00:00,JP,Machine Tool Orders YoY,https://tradingeconomics.com/japan/machine-tool-orders,,9.9%,,
2025-11-12 07:00:00,DE,Harmonised Inflation Rate MoM Final,https://tradingeconomics.com/germany/harmonised-inflation-rate-mom,,0.2%,0.3%,0.3%
2025-11-12 07:00:00,DE,Harmonised Inflation Rate YoY Final,https://tradingeconomics.com/germany/harmonised-inflation-rate-yoy,,2.4%,2.3%,2.3%
2025-11-12 07:00:00,DE,Inflation Rate MoM Final,https://tradingeconomics.com/germany/inflation-rate-mom,,0.2%,0.3%,0.3%
2025-11-12 07:00:00,DE,Inflation Rate YoY Final,https://tradingeconomics.com/germany/inflation-cpi,,2.4%,2.3%,2.3%
2025-11-12 07:00:00,TR,Current Account,https://tradingeconomics.com/turkey/current-account,,$5.4B,,$3.6B
2025-11-12 09:00:00,IT,Industrial Production MoM,https://tradingeconomics.com/italy/industrial-production-mom,,-2.4%,,1.1%
2025-11-12 09:00:00,IT,Industrial Production YoY,https://tradingeconomics.com/italy/industrial-production,,-2.7%,,1.8%
2025-11-12 10:10:00,IT,12-Month BOT Auction,https://tradingeconomics.com/italy/52-week-bill-yield,,2.05%,,
2025-11-12 10:30:00,DE,30-Year Bund Auction,https://tradingeconomics.com/germany/30-year-bond-yield,,,,
2025-11-12 10:30:00,IN,Inflation Rate YoY,https://tradingeconomics.com/india/inflation-cpi,,1.54%,,1.2%
2025-11-12 10:30:00,IN,Inflation Rate MoM,https://tradingeconomics.com/india/inflation-rate-mom,,0.10%,,0.9%
2025-11-12 11:30:00,IN,M3 Money Supply YoY,https://tradingeconomics.com/india/money-supply-m3,,,,
2025-11-12 12:00:00,US,MBA 30-Year Mortgage Rate,https://tradingeconomics.com/united-states/mortgage-rate,,,,
2025-11-12 12:00:00,US,MBA Mortgage Applications,https://tradingeconomics.com/united-states/mortgage-applications,,,,
2025-11-12 12:00:00,US,MBA Mortgage Market Index,https://tradingeconomics.com/united-states/mba-mortgage-market-index,,,,
2025-11-12 12:00:00,US,MBA Mortgage Refinance Index,https://tradingeconomics.com/united-states/mba-mortgage-refinance-index,,,,
2025-11-12 12:00:00,US,MBA Purchase Index,https://tradingeconomics.com/united-states/mba-purchase-index,,,,
2025-11-12 13:00:00,DE,Current Account,https://tradingeconomics.com/germany/current-account,,8.3B,,18.3B
2025-11-12 13:00:00,RU,Balance of Trade,https://tradingeconomics.com/russia/balance-of-trade,,$7.47B,,$ 12.3B
2025-11-12 13:30:00,CA,Building Permits MoM,https://tradingeconomics.com/canada/building-permits-mom,,-1.2%,,1.2%
2025-11-12 13:55:00,US,Redbook YoY,https://tradingeconomics.com/united-states/redbook-index,,,,
2025-11-12 15:00:00,US,Fed Paulson Speech,https://tradingeconomics.com/united-states/interest-rate,,,,
2025-11-12 16:30:00,US,17-Week Bill Auction,https://tradingeconomics.com/united-states/17-week-bill-yield,,,,
2025-11-12 18:00:00,US,10-Year Note Auction,https://tradingeconomics.com/united-states/government-bond-yield,,4.117%,,
2025-11-12 19:00:00,AR,Inflation Rate MoM,https://tradingeconomics.com/argentina/inflation-rate-mom,,2.1%,,2.3%
2025-11-12 19:00:00,AR,Inflation Rate YoY,https://tradingeconomics.com/argentina/inflation-cpi,,31.8%,,30.2%
2025-11-12 21:30:00,US,API Crude Oil Stock Change,https://tradingeconomics.com/united-states/api-crude-oil-stock-change,,,,
2025-11-02 13:01:00,AU,Cotality Dwelling Prices MoM,https://tradingeconomics.com/australia/corelogic-dwelling-prices-mom,1.1%,0.9%,,1.1%
2025-11-03 05:00:00,ID,Tourist Arrivals YoY,https://tradingeconomics.com/indonesia/tourist-arrivals,9.04%,12.33%,,
2025-11-12 23:50:00,JP,Foreign Bond Investment,https://tradingeconomics.com/japan/foreign-bond-investment,,,,
2025-11-12 23:50:00,JP,PPI MoM,https://tradingeconomics.com/japan/producer-price-inflation-mom,,0.3%,,
2025-11-12 23:50:00,JP,PPI YoY,https://tradingeconomics.com/japan/producer-prices-change,,2.7%,,
2025-11-12 23:50:00,JP,Stock Investment by Foreigners,https://tradingeconomics.com/japan/foreign-stock-investment,,,,
2025-11-13 00:00:00,AU,Consumer Inflation Expectations,https://tradingeconomics.com/australia/inflation-expectations,,4.8%,,4.5 %
2025-11-13 00:01:00,GB,RICS House Price Balance,https://tradingeconomics.com/united-kingdom/rics-house-price-balance,,-15%,,
2025-11-13 00:30:00,AU,Employment Change,https://tradingeconomics.com/australia/employment-change,,14.9K,,20.0K
2025-11-13 00:30:00,AU,Full Time Employment Chg,https://tradingeconomics.com/australia/full-time-employment,,8.7K,,10.0K
2025-11-13 00:30:00,AU,Unemployment Rate,https://tradingeconomics.com/australia/unemployment-rate,,4.5%,,4.4%
2025-11-13 00:30:00,AU,Part Time Employment Chg,https://tradingeconomics.com/australia/part-time-employment,,6.3K,,10.0K
2025-11-13 00:30:00,AU,Participation Rate,https://tradingeconomics.com/australia/labor-force-participation-rate,,67%,,67.0%
2025-11-13 03:35:00,JP,5-Year JGB Auction,https://tradingeconomics.com/japan/5-year-note-yield,,1.233%,,
2025-11-13 06:30:00,FR,Unemployment Rate,https://tradingeconomics.com/france/unemployment-rate,,7.5%,,7.6%
2025-11-13 07:00:00,GB,GDP Growth Rate QoQ Prel,https://tradingeconomics.com/united-kingdom/gdp-growth,,0.3%,,0.3%
2025-11-13 07:00:00,GB,GDP Growth Rate YoY Prel,https://tradingeconomics.com/united-kingdom/gdp-growth-annual,,1.4%,,1.3%
2025-11-13 07:00:00,GB,GDP MoM,https://tradingeconomics.com/united-kingdom/monthly-gdp-mom,,0.1%,,0.2%
2025-11-13 07:00:00,GB,Business Investment QoQ Prel,https://tradingeconomics.com/united-kingdom/private-investment,,-1.1%,,
2025-11-13 07:00:00,GB,GDP 3-Month Avg,https://tradingeconomics.com/united-kingdom/leading-economic-index,,0.3%,,0.3%
2025-11-13 07:00:00,GB,Goods Trade Balance,https://tradingeconomics.com/united-kingdom/goods-trade-balance,,-21.18B,,-17.3B
2025-11-13 07:00:00,GB,Goods Trade Balance Non-EU,https://tradingeconomics.com/united-kingdom/goods-trade-balance-non-eu,,-8.29B,,
2025-11-13 07:00:00,GB,Industrial Production MoM,https://tradingeconomics.com/united-kingdom/industrial-production-mom,,0.4%,,0.1%
2025-11-13 07:00:00,GB,Manufacturing Production MoM,https://tradingeconomics.com/united-kingdom/manufacturing-production-mom,,0.7%,,
2025-11-13 07:00:00,GB,Balance of Trade,https://tradingeconomics.com/united-kingdom/balance-of-trade,,-3.386B,,-2.8B
2025-11-13 07:00:00,GB,Business Investment YoY Prel,https://tradingeconomics.com/united-kingdom/private-investment,,3%,,
2025-11-13 07:00:00,GB,Construction Orders YoY,https://tradingeconomics.com/united-kingdom/construction-orders,,-11.9%,,6%
2025-11-13 07:00:00,GB,Construction Output YoY,https://tradingeconomics.com/united-kingdom/construction-output,,1%,,1.3%
2025-11-13 07:00:00,GB,GDP YoY,https://tradingeconomics.com/united-kingdom/monthly-gdp-yoy,,1.3%,,1.1%
2025-11-13 07:00:00,GB,Industrial Production YoY,https://tradingeconomics.com/united-kingdom/industrial-production,,-0.7%,,0.6%
2025-11-13 07:00:00,GB,Manufacturing Production YoY,https://tradingeconomics.com/united-kingdom/manufacturing-production,,-0.8%,,0.9%
2025-11-03 09:40:00,ZA,,https://tradingeconomics.com,7.33%,7.32%,,
2025-11-03 12:10:00,ZA,Total New Vehicle Sales,https://tradingeconomics.com/south-africa/total-vehicle-sales,55.96K,54.69K,,57.0K
2025-11-03 12:30:00,EA,ECB Escrivá Speech,https://tradingeconomics.com/euro-area/interest-rate,,,,
2025-11-03 14:00:00,FR,New Car Registrations YoY,https://tradingeconomics.com/france/new-passenger-car-registrations-yoy,2.9%,1.0%,,4.4%
2025-11-03 14:00:00,ES,New Car Sales YoY,https://tradingeconomics.com/spain/total-vehicle-sales,15.9%,16.4%,,12.5%
2025-11-03 20:00:00,AR,Tax Revenue,https://tradingeconomics.com/argentina/tax-revenue,ARS16166B,ARS15445B,,
2025-11-05 16:00:00,US,Total Household Debt,https://tradingeconomics.com/united-states/debt-balance-total,,$18.39T,,
2025-11-13 09:00:00,FR,,https://tradingeconomics.com,,,,
2025-11-13 09:30:00,ZA,Gold Production YoY,https://tradingeconomics.com/south-africa/gold-production,,-3.6%,,4.2%
2025-11-13 09:30:00,ZA,Mining Production MoM,https://tradingeconomics.com/south-africa/mining-production,,-1.2%,,
2025-11-13 09:30:00,ZA,Mining Production YoY,https://tradingeconomics.com/south-africa/mining-production,,-0.2%,,
2025-11-13 09:30:00,GB,Labour Productivity QoQ,https://tradingeconomics.com/united-kingdom/productivity,,-0.6%,,
2025-11-13 10:00:00,EA,Industrial Production MoM,https://tradingeconomics.com/euro-area/industrial-production-mom,,-1.2%,,0.5%
2025-11-13 10:00:00,EA,Industrial Production YoY,https://tradingeconomics.com/euro-area/industrial-production,,1.1%,,1.4%
2025-11-13 10:10:00,IT,,https://tradingeconomics.com,,,,
2025-11-13 11:30:00,TR,Foreign Exchange Reserves,https://tradingeconomics.com/turkey/foreign-exchange-reserves,,,,
2025-11-13 12:00:00,BR,Retail Sales MoM,https://tradingeconomics.com/brazil/retail-sales,,0.2%,,
2025-11-13 12:00:00,BR,Retail Sales YoY,https://tradingeconomics.com/brazil/retail-sales-annual,,0.4%,,1.5%
2025-11-13 12:00:00,GB,,https://tradingeconomics.com,,0.3%,,0.3%
2025-11-13 13:00:00,BR,Car Production MoM,https://tradingeconomics.com/brazil/car-production,,-1.5%,,
2025-11-13 13:00:00,BR,New Car Registrations MoM,https://tradingeconomics.com/brazil/car-registrations,,7.9%,,
2025-11-13 13:30:00,US,Core Inflation Rate MoM,https://tradingeconomics.com/united-states/core-inflation-rate-mom,,0.2%,,
2025-11-13 13:30:00,US,Core Inflation Rate YoY,https://tradingeconomics.com/united-states/core-inflation-rate,,3%,,
2025-11-13 13:30:00,US,Inflation Rate MoM,https://tradingeconomics.com/united-states/inflation-rate-mom,,,,
2025-11-13 13:30:00,US,Inflation Rate YoY,https://tradingeconomics.com/united-states/inflation-cpi,,3%,,3.1%
2025-11-13 13:30:00,US,CPI,https://tradingeconomics.com/united-states/consumer-price-index-cpi,,324.80,,
2025-11-13 13:30:00,US,CPI s.a,https://tradingeconomics.com/united-states/cpi-seasonally-adjusted,,324.368,,
2025-11-13 13:30:00,US,Initial Jobless Claims,https://tradingeconomics.com/united-states/jobless-claims,,,,
2025-11-13 13:30:00,US,Continuing Jobless Claims,https://tradingeconomics.com/united-states/continuing-jobless-claims,,,,
2025-11-13 13:30:00,US,Jobless Claims 4-week Average,https://tradingeconomics.com/united-states/jobless-claims-4-week-average,,,,
2025-11-13 14:00:00,BR,Business Confidence,https://tradingeconomics.com/brazil/business-confidence,,47.2,,
2025-11-13 16:00:00,RU,GDP Growth Rate YoY Prel,https://tradingeconomics.com/russia/gdp-growth-annual,,1.1%,,0.6%
2025-11-13 16:30:00,US,4-Week Bill Auction,https://tradingeconomics.com/united-states/4-week-bill-yield,,,,
2025-11-13 16:30:00,US,8-Week Bill Auction,https://tradingeconomics.com/united-states/8-week-bill-yield,,,,
2025-11-13 17:00:00,CA,2-Year Bond Auction,https://tradingeconomics.com/canada/2-year-note-yield,,2.424%,,
2025-11-13 17:00:00,US,EIA Crude Oil Stocks Change,https://tradingeconomics.com/united-states/crude-oil-stocks-change,,,,
2025-11-13 17:00:00,US,EIA Gasoline Stocks Change,https://tradingeconomics.com/united-states/gasoline-stocks-change,,,,
2025-11-13 17:00:00,US,15-Year Mortgage Rate,https://tradingeconomics.com/united-states/15-year-mortgage-rate,,,,
2025-11-13 17:00:00,US,30-Year Mortgage Rate,https://tradingeconomics.com/united-states/30-year-mortgage-rate,,,,
2025-11-13 17:00:00,US,EIA Crude Oil Imports Change,https://tradingeconomics.com/united-states/crude-oil-imports,,,,
2025-11-13 17:00:00,US,EIA Cushing Crude Oil Stocks Change,https://tradingeconomics.com/united-states/cushing-crude-oil-stocks,,,,
2025-11-13 17:00:00,US,EIA Distillate Fuel Production Change,https://tradingeconomics.com/united-states/distillate-fuel-production,,,,
2025-11-13 17:00:00,US,EIA Distillate Stocks Change,https://tradingeconomics.com/united-states/distillate-stocks,,,,
2025-11-13 17:00:00,US,EIA Gasoline Production Change,https://tradingeconomics.com/united-states/gasoline-production,,,,
2025-11-13 17:00:00,US,EIA Heating Oil Stocks Change,https://tradingeconomics.com/united-states/heating-oil-stocks,,,,
2025-11-13 17:00:00,US,EIA Refinery Crude Runs Change,https://tradingeconomics.com/united-states/refinery-crude-runs,,,,
2025-11-13 18:00:00,US,30-Year Bond Auction,https://tradingeconomics.com/united-states/30-year-bond-yield,,4.734%,,
2025-11-13 19:00:00,US,Monthly Budget Statement,https://tradingeconomics.com/united-states/government-budget-value,,$198B,,
2025-11-13 21:00:00,KR,Export Prices YoY,https://tradingeconomics.com/south-korea/export-prices-yoy,,2.2%,,2.5%
2025-11-13 21:00:00,KR,Import Prices YoY,https://tradingeconomics.com/south-korea/import-prices-yoy,,0.6%,,0.9%
2025-11-13 21:30:00,US,Fed Balance Sheet,https://tradingeconomics.com/united-states/central-bank-balance-sheet,,,,
2025-11-04 00:00:00,US,Total Vehicle Sales,https://tradingeconomics.com/united-states/total-vehicle-sales,15.3M,16.4M,15.6M,
2025-11-14 01:30:00,CN,House Price Index YoY,https://tradingeconomics.com/china/housing-index,,-2.2%,,-2.0%
2025-11-14 02:00:00,CN,Industrial Production YoY,https://tradingeconomics.com/china/industrial-production,,6.5%,,5.8%
2025-11-14 02:00:00,CN,Retail Sales YoY,https://tradingeconomics.com/china/retail-sales-annual,,3%,,3.2%
2025-11-14 02:00:00,CN,Fixed Asset Investment (YTD) YoY,https://tradingeconomics.com/china/fixed-asset-investment,,-0.5%,,-0.8%
2025-11-14 02:00:00,CN,Unemployment Rate,https://tradingeconomics.com/china/unemployment-rate,,5.2%,,5.2%
2025-11-14 02:30:00,KR,50-Year KTB Auction,https://tradingeconomics.com/south-korea/50-year-bond-yield,,2.625%,,
2025-11-14 03:35:00,JP,3-Month Bill Auction,https://tradingeconomics.com/japan/3-month-bill-yield,,,,
2025-11-14 04:30:00,JP,Tertiary Industry Index MoM,https://tradingeconomics.com/japan/tertiary-industry-index,,-0.4%,,
2025-11-14 06:30:00,IN,WPI Food Index YoY,https://tradingeconomics.com/india/wpi-food-index-yoy,,-1.99%,,-3.0%
2025-11-14 06:30:00,IN,WPI Fuel YoY,https://tradingeconomics.com/india/wpi-fuel-yoy,,-2.58%,,-2.0%
2025-11-14 06:30:00,IN,WPI Inflation YoY,https://tradingeconomics.com/india/producer-prices-change,,0.13%,,-0.3%
2025-11-14 06:30:00,IN,WPI Manufacturing YoY,https://tradingeconomics.com/india/wpi-manufacturing-yoy,,2.33%,,1.9%
2025-11-14 07:00:00,DE,Wholesale Prices MoM,https://tradingeconomics.com/germany/wholesale-prices-mom,,0.2%,,0.3%
2025-11-14 07:00:00,DE,Wholesale Prices YoY,https://tradingeconomics.com/germany/wholesale-prices-yoy,,1.2%,,1.1%
2025-11-04 09:15:00,TR,Balance of Trade Prel,https://tradingeconomics.com/turkey/balance-of-trade,$-7.4B,$-6.9B,,$-5.7B
2025-11-04 09:15:00,TR,Exports Prel,https://tradingeconomics.com/turkey/exports,$24B,$22.6B,,$25.1B
2025-11-04 09:15:00,TR,Imports Prel,https://tradingeconomics.com/turkey/imports,$31.4B,$29.5B,,$30.8B
2025-11-04 10:40:00,US,LMI Logistics Managers Index,https://tradingeconomics.com/united-states/lmi-logistics-managers-index-current,57.4,57.4,,
2025-11-04 13:20:00,IT,New Car Registrations YoY,https://tradingeconomics.com/italy/new-passenger-car-registrations-yoy,-0.6%,4.1%,,6.9%
,US,Core Inflation Rate MoM,https://tradingeconomics.com/united-states/core-inflation-rate-mom,,0.2%,,0.2%
,US,Core Inflation Rate YoY,https://tradingeconomics.com/united-states/core-inflation-rate,,3%,,3.0%
,US,Inflation Rate MoM,https://tradingeconomics.com/united-states/inflation-rate-mom,,0.3%,,0.2%
,US,Inflation Rate YoY,https://tradingeconomics.com/united-states/inflation-cpi,,3%,,3.1%
,US,CPI,https://tradingeconomics.com/united-states/consumer-price-index-cpi,,324.80,,325.4
,US,CPI s.a,https://tradingeconomics.com/united-states/cpi-seasonally-adjusted,,324.368,,325.02
,US,Monthly Budget Statement,https://tradingeconomics.com/united-states/government-budget-value,,$198B,,$-290.0B
2025-11-14 07:45:00,FR,Harmonised Inflation Rate MoM Final,https://tradingeconomics.com/france/harmonised-inflation-rate-mom,,-1.1%,0.1%,0.1%
2025-11-14 07:45:00,FR,Harmonised Inflation Rate YoY Final,https://tradingeconomics.com/france/harmonised-inflation-rate-yoy,,1.1%,0.9%,0.9%
2025-11-14 07:45:00,FR,Inflation Rate MoM Final,https://tradingeconomics.com/france/inflation-rate-mom,,-1%,0.1%,0.1%
2025-11-14 07:45:00,FR,Inflation Rate YoY Final,https://tradingeconomics.com/france/inflation-cpi,,1.2%,1%,1.0%
2025-11-14 08:00:00,ES,Core Inflation Rate YoY Final,https://tradingeconomics.com/spain/core-inflation-rate,,2.4%,2.5%,2.5%
2025-11-14 08:00:00,ES,Harmonised Inflation Rate MoM Final,https://tradingeconomics.com/spain/harmonised-inflation-rate-mom,,0.2%,0.5%,0.5%
2025-11-14 08:00:00,ES,Harmonised Inflation Rate YoY Final,https://tradingeconomics.com/spain/harmonised-inflation-rate-yoy,,3%,3.2%,3.2%
2025-11-14 08:00:00,ES,Inflation Rate MoM Final,https://tradingeconomics.com/spain/inflation-rate-mom,,-0.3%,0.7%,0.7%
2025-11-14 08:00:00,ES,Inflation Rate YoY Final,https://tradingeconomics.com/spain/inflation-cpi,,3%,3.1%,3.1%
2025-11-14 09:00:00,IT,Balance of Trade,https://tradingeconomics.com/italy/balance-of-trade,,2.05B,,1.5B
2025-11-14 10:00:00,EA,Balance of Trade,https://tradingeconomics.com/euro-area/balance-of-trade,,1B,,8B
2025-11-14 10:00:00,EA,Employment Change QoQ Prel,https://tradingeconomics.com/euro-area/employment-change,,0.1%,,0.0%
2025-11-14 10:00:00,EA,Employment Change YoY Prel,https://tradingeconomics.com/euro-area/employment-change-yoy,,0.6%,,0.4%
2025-11-14 10:00:00,EA,GDP Growth Rate QoQ 2nd Est,https://tradingeconomics.com/euro-area/gdp-growth,,0.1%,0.2%,0.2%
2025-11-14 10:00:00,EA,GDP Growth Rate YoY 2nd Est,https://tradingeconomics.com/euro-area/gdp-growth-annual,,1.5%,1.3%,1.3%
2025-11-14 11:30:00,IN,Bank Loan Growth YoY,https://tradingeconomics.com/india/loan-growth,,11.5%,,
2025-11-14 11:30:00,IN,Deposit Growth YoY,https://tradingeconomics.com/india/deposit-growth,,9.5%,,
2025-11-14 11:30:00,IN,Foreign Exchange Reserves,https://tradingeconomics.com/india/foreign-exchange-reserves,,,,
2025-11-14 13:30:00,CA,Manufacturing Sales MoM Final,https://tradingeconomics.com/canada/manufacturing-sales,,-1%,2.8%,2.8%
2025-11-14 13:30:00,CA,New Motor Vehicle Sales,https://tradingeconomics.com/canada/car-registrations,,167K,,
2025-11-14 13:30:00,CA,Wholesale Sales MoM Final,https://tradingeconomics.com/canada/wholesale-sales,,-1.2%,0%,0.0%
2025-11-14 13:30:00,US,PPI,https://tradingeconomics.com/united-states/producer-prices,,,,149.9
2025-11-14 13:30:00,US,"PPI Ex Food, Energy and Trade MoM",https://tradingeconomics.com/united-states/ppi-ex-food-energy-and-trade-services-mom,,,,0.3%
2025-11-14 13:30:00,US,"PPI Ex Food, Energy and Trade YoY",https://tradingeconomics.com/united-states/ppi-ex-food-energy-and-trade-services-yoy,,,,2.7%
2025-11-14 15:30:00,US,EIA Natural Gas Stocks Change,https://tradingeconomics.com/united-states/natural-gas-stocks-change,,,,
2025-11-14 16:00:00,RU,Inflation Rate MoM,https://tradingeconomics.com/russia/inflation-rate-mom,,0.34%,,0.5%
2025-11-14 16:00:00,RU,Inflation Rate YoY,https://tradingeconomics.com/russia/inflation-cpi,,8%,,7.5%
2025-11-14 18:00:00,US,Baker Hughes Oil Rig Count,https://tradingeconomics.com/united-states/crude-oil-rigs,,,,
2025-11-14 18:00:00,US,Baker Hughes Total Rigs Count,https://tradingeconomics.com/united-states/total-rigs,,,,
2025-11-05 09:00:00,MX,Foreign Exchange Reserves,https://tradingeconomics.com/mexico/foreign-exchange-reserves,$248.8B,$247.3B,,$248.0B
2025-11-05 12:40:00,DE,New Car Registrations YoY,https://tradingeconomics.com/germany/new-passenger-car-registrations-yoy,7.8%,12.8%,,9.1%
2025-11-07 00:00:00,JP,Reuters Tankan Index,https://tradingeconomics.com/japan/reuters-tankan-index,,8,,10
2025-11-06 14:00:00,GB,DMP 1Y CPI Expectations,https://tradingeconomics.com/united-kingdom/dmp-1y-cpi-expectations,3.4%,3.4%,,
2025-11-06 14:00:00,GB,DMP 3M Output Price Expectations,https://tradingeconomics.com/united-kingdom/dmp-3m-output-price-expectations,3.7%,3.7%,,
2025-11-06 15:00:00,WL,Global Supply Chain Pressure Index,https://tradingeconomics.com/world/supply-chain-pressure-index,-0.06,0.05,,
2025-11-06 20:00:00,BR,Balance of Trade,https://tradingeconomics.com/brazil/balance-of-trade,$6.96B,$2.94B,$6.2B,$5.7B
2025-11-12 14:20:00,US,Fed Williams Speech,https://tradingeconomics.com/united-states/interest-rate,,,,
2025-11-12 17:15:00,US,Fed Bostic Speech,https://tradingeconomics.com/united-states/interest-rate,,,,
2025-11-13 17:20:00,US,Fed Hammack Speech,https://tradingeconomics.com/united-states/interest-rate,,,,
2025-11-14 15:05:00,US,Fed Schmid Speech,https://tradingeconomics.com/united-states/interest-rate,,,,
2025-11-14 19:30:00,US,Fed Logan Speech,https://tradingeconomics.com/united-states/interest-rate,,,,
2025-11-14 20:20:00,US,Fed Bostic Speech,https://tradingeconomics.com/united-states/interest-rate,,,,
2025-11-07 00:40:00,ID,Property Price Index YoY,https://tradingeconomics.com/indonesia/house-price-index-yoy,0.84%,0.90%,,0.7%
2025-11-07 04:00:00,JP,3-Month Bill Auction,https://tradingeconomics.com/japan/3-month-bill-yield,0.4713%,0.4690%,,
2025-11-10 00:00:00,JP,Reuters Tankan Index,https://tradingeconomics.com/japan/reuters-tankan-index,,8,,10
2025-11-16 23:50:00,JP,GDP Growth Rate QoQ Prel,https://tradingeconomics.com/japan/gdp-growth,,0.5%,,0.1%
2025-11-16 23:50:00,JP,GDP Growth Annualized Prel,https://tradingeconomics.com/japan/gdp-growth-annualized,,2.2%,,-1.2%
2025-11-16 23:50:00,JP,GDP Capital Expenditure QoQ Prel,https://tradingeconomics.com/japan/gross-fixed-capital-formation,,0.6%,,0.4%
2025-11-16 23:50:00,JP,GDP External Demand QoQ Prel,https://tradingeconomics.com/japan/gdp-external-demand-contribution,,0.3%,,0.2%
2025-11-16 23:50:00,JP,GDP Price Index YoY Prel,https://tradingeconomics.com/japan/gdp-deflator,,3.0%,,3.3%
2025-11-16 23:50:00,JP,GDP Private Consumption QoQ Prel,https://tradingeconomics.com/japan/consumer-spending,,0.4%,,0.0%
2025-11-17 01:30:00,SG,Balance of Trade,https://tradingeconomics.com/singapore/balance-of-trade,,$5.948B,,$5.2B
2025-11-17 02:30:00,KR,10-Year KTB Auction,https://tradingeconomics.com/south-korea/government-bond-yield,,2.885%,,
2025-11-17 03:35:00,JP,,https://tradingeconomics.com,,,,
2025-11-17 04:30:00,JP,Capacity Utilization MoM,https://tradingeconomics.com/japan/capacity-utilization,,-2.3%,,1.0%
2025-11-17 04:30:00,JP,Industrial Production MoM Final,https://tradingeconomics.com/japan/industrial-production-mom,,-1.5%,,2.2%
2025-11-17 04:30:00,JP,Industrial Production YoY Final,https://tradingeconomics.com/japan/industrial-production,,-1.6%,,3.4%
2025-11-07 08:00:00,CN,Foreign Exchange Reserves,https://tradingeconomics.com/china/foreign-exchange-reserves,$3.343T,$3.339T,$3.32T,$3.35T
2025-11-07 09:00:00,SG,Foreign Exchange Reserves,https://tradingeconomics.com/singapore/foreign-exchange-reserves,S$510.4B,S$506.8B,,
2025-11-07 09:30:00,RU,Vehicle Sales YoY,https://tradingeconomics.com/russia/total-vehicle-sales,-6%,-20%,,
2025-11-07 14:00:00,US,Used Car Prices MoM,https://tradingeconomics.com/united-states/used-car-prices-mom,-2%,-0.2%,,
2025-11-07 14:00:00,US,Used Car Prices YoY,https://tradingeconomics.com/united-states/used-car-prices-yoy,0%,2%,,
2025-11-10 03:40:00,JP,BoJ Nakagawa Speech,https://tradingeconomics.com/japan/interest-rate,,,,
2025-11-10 13:00:00,RU,Foreign Exchange Reserves,https://tradingeconomics.com/russia/foreign-exchange-reserves,,$713.3B,,
2025-11-10 15:30:00,CA,BoC Market Participants Survey,https://tradingeconomics.com/canada/interest-rate,,,,
2025-11-10 16:00:00,US,3-Month Bill Auction,https://tradingeconomics.com/united-states/3-month-bill-yield,,3.815%,,
2025-11-11 08:20:00,EA,ECB President Lagarde Speech,https://tradingeconomics.com/euro-area/interest-rate,,,,
2025-11-11 22:15:00,AU,RBA Jones Speech,https://tradingeconomics.com/australia/interest-rate,,,,
2025-11-12 03:25:00,US,Fed Barr Speech,https://tradingeconomics.com/united-states/interest-rate,,,,
2025-11-12 07:00:00,DE,Wholesale Prices MoM,https://tradingeconomics.com/germany/wholesale-prices-mom,,0.2%,0.1%,0.3%
2025-11-12 07:00:00,DE,Wholesale Prices YoY,https://tradingeconomics.com/germany/wholesale-prices-yoy,,1.2%,,1.1%
2025-11-12 10:45:00,EA,ECB Schnabel Speech,https://tradingeconomics.com/euro-area/interest-rate,,,,
2025-11-12 11:40:00,EA,ECB Guindos Speech,https://tradingeconomics.com/euro-area/interest-rate,,,,
2025-11-12 12:05:00,GB,BoE Pill Speech,https://tradingeconomics.com/united-kingdom/interest-rate,,,,
2025-11-12 15:20:00,US,Fed Waller Speech,https://tradingeconomics.com/united-states/interest-rate,,,,
2025-11-12 17:30:00,US,Fed Miran Speech,https://tradingeconomics.com/united-states/interest-rate,,,,
2025-11-12 18:30:00,CA,BoC Summary of Deliberations,https://tradingeconomics.com/canada/interest-rate,,,,
2025-11-13 09:00:00,EA,ECB Economic Bulletin,https://tradingeconomics.com/euro-area/interest-rate,,,,
2025-11-13 10:00:00,EA,ECB Buch Speech,https://tradingeconomics.com/euro-area/interest-rate,,,,
2025-11-13 10:30:00,EA,ECB Donnery Speech,https://tradingeconomics.com/euro-area/interest-rate,,,,
2025-11-13 13:00:00,EA,ECB Elderson Speech,https://tradingeconomics.com/euro-area/interest-rate,,,,
2025-11-13 15:15:00,EA,ECB Machado Speech,https://tradingeconomics.com/euro-area/interest-rate,,,,
2025-11-13 22:10:00,AU,RBA McPhee Speech,https://tradingeconomics.com/australia/interest-rate,,,,
2025-11-14 07:15:00,DE,Bundesbank Balz Speech,https://tradingeconomics.com/germany/interest-rate,,,,
2025-11-14 10:30:00,EA,ECB Elderson Speech,https://tradingeconomics.com/euro-area/interest-rate,,,,
2025-11-14 11:00:00,EA,ECB Buch Speech,https://tradingeconomics.com/euro-area/interest-rate,,,,
2025-11-14 13:30:00,EA,ECB Elderson Speech,https://tradingeconomics.com/euro-area/interest-rate,,,,
2025-11-14 15:00:00,EA,ECB Lane Speech,https://tradingeconomics.com/euro-area/interest-rate,,,,
,EU,,https://tradingeconomics.com,,,,
2025-11-15 13:30:00,EA,ECB Schnabel Speech,https://tradingeconomics.com/euro-area/interest-rate,,,,
2025-11-17 00:30:00,SG,Non-Oil Exports MoM,https://tradingeconomics.com/singapore/exports-of-non-oil-domestic-exports-of,,13%,,
2025-11-17 00:30:00,SG,Non-Oil Exports YoY,https://tradingeconomics.com/singapore/domestic-exports-of-non-oil-nodx-pctyoy,,6.9%,,
2025-11-17 09:00:00,IT,Harmonised Inflation Rate MoM Final,https://tradingeconomics.com/italy/harmonised-inflation-rate-mom,,1.3%,-0.2%,-0.2%
2025-11-17 09:00:00,IT,Harmonised Inflation Rate YoY Final,https://tradingeconomics.com/italy/harmonised-inflation-rate-yoy,,1.8%,1.3%,1.3%
2025-11-17 09:00:00,IT,Inflation Rate MoM Final,https://tradingeconomics.com/italy/inflation-rate-mom,,-0.2%,-0.3%,-0.3%
2025-11-17 09:00:00,IT,Inflation Rate YoY Final,https://tradingeconomics.com/italy/inflation-cpi,,1.6%,1.2%,1.2%
2025-11-17 09:30:00,ZA,,https://tradingeconomics.com,,,,
2025-11-17 10:30:00,DE,12-Month Bubill Auction,https://tradingeconomics.com/germany/52-week-bill-yield,,,,
2025-11-17 10:30:00,IN,Unemployment Rate,https://tradingeconomics.com/india/unemployment-rate,,5.2%,,5.4%
2025-11-17 12:00:00,BR,IBC-BR Economic Activity,https://tradingeconomics.com/brazil/leading-economic-index,,,,0.6%
2025-11-17 13:30:00,CA,Inflation Rate YoY,https://tradingeconomics.com/canada/inflation-cpi,,2.4%,,
2025-11-17 13:30:00,CA,Core Inflation Rate YoY,https://tradingeconomics.com/canada/core-inflation-rate,,2.8%,,
2025-11-17 13:30:00,CA,Inflation Rate MoM,https://tradingeconomics.com/canada/inflation-rate-mom,,0.1%,,
2025-11-17 13:30:00,CA,Core Inflation Rate MoM,https://tradingeconomics.com/canada/core-inflation-rate-mom,,0.2%,,
2025-11-17 13:30:00,CA,CPI Median YoY,https://tradingeconomics.com/canada/cpi-median,,3.2%,,
2025-11-17 13:30:00,CA,CPI Trimmed-Mean YoY,https://tradingeconomics.com/canada/cpi-trimmed-mean,,3.1%,,
2025-11-17 13:30:00,CA,Foreign Securities Purchases,https://tradingeconomics.com/canada/foreign-stock-investment,,C$25.92B,,C$ 1B
2025-11-17 13:30:00,CA,Foreign Securities Purchases by Canadians,https://tradingeconomics.com/canada/investment-in-foreign-securities,,C$19.51B,,
2025-11-17 13:30:00,US,NY Empire State Manufacturing Index,https://tradingeconomics.com/united-states/ny-empire-state-manufacturing-index,,10.70,,7
2025-11-17 14:00:00,FR,12-Month BTF Auction,https://tradingeconomics.com/france/52-week-bill-yield,,,,
2025-11-17 14:00:00,FR,3-Month BTF Auction,https://tradingeconomics.com/france/3-month-bill-yield,,,,
2025-11-17 14:00:00,FR,6-Month BTF Auction,https://tradingeconomics.com/france/6-month-bill-yield,,,,
2025-11-17 16:30:00,US,3-Month Bill Auction,https://tradingeconomics.com/united-states/3-month-bill-yield,,,,
2025-11-17 16:30:00,US,6-Month Bill Auction,https://tradingeconomics.com/united-states/6-month-bill-yield,,,,
2025-11-17 17:00:00,US,,https://tradingeconomics.com,,,,
,US,Net Long-term TIC Flows,https://tradingeconomics.com/united-states/net-long-term-tic-flows,,$49.2B,,
,US,Foreign Bond Investment,https://tradingeconomics.com/united-states/foreign-bond-investment,,$58.2B,,
,US,Overall Net Capital Flows,https://tradingeconomics.com/united-states/capital-flows,,$2.1B,,
2025-11-18 00:30:00,AU,RBA Meeting Minutes,https://tradingeconomics.com/australia/interest-rate,,,,
2025-11-18 05:00:00,SG,MAS 12-Week Bill Auction,https://tradingeconomics.com/singapore/3-month-bill-yield,,,,
2025-11-18 05:00:00,SG,MAS 4-Week Bill Auction,https://tradingeconomics.com/singapore/1-month-bill-yield,,,,
2025-11-18 09:30:00,ZA,,https://tradingeconomics.com,,,,
2025-11-18 13:15:00,CA,Housing Starts,https://tradingeconomics.com/canada/housing-starts,,279.2K,,
2025-11-18 13:15:00,US,ADP Employment Change Weekly,https://tradingeconomics.com/united-states/adp-employment-change-weekly,,,,
2025-11-18 13:30:00,US,Export Prices MoM,https://tradingeconomics.com/united-states/export-prices-mom,,,,
2025-11-18 13:30:00,US,Import Prices MoM,https://tradingeconomics.com/united-states/import-prices-mom,,,,
2025-11-18 13:30:00,US,Export Prices YoY,https://tradingeconomics.com/united-states/export-prices-yoy,,,,
2025-11-18 13:30:00,US,Import Prices YoY,https://tradingeconomics.com/united-states/import-prices-yoy,,,,
2025-11-18 13:30:00,US,NY Fed Services Activity Index,https://tradingeconomics.com/united-states/ny-fed-services-activity-index,,-23.6,,
2025-11-18 13:55:00,US,Redbook YoY,https://tradingeconomics.com/united-states/redbook-index,,,,
2025-11-18 14:15:00,US,Industrial Production MoM,https://tradingeconomics.com/united-states/industrial-production-mom,,,,
2025-11-18 14:15:00,US,Capacity Utilization,https://tradingeconomics.com/united-states/capacity-utilization,,,,
2025-11-18 14:15:00,US,Industrial Production YoY,https://tradingeconomics.com/united-states/industrial-production,,,,
2025-11-18 14:15:00,US,Manufacturing Production MoM,https://tradingeconomics.com/united-states/manufacturing-production-mom,,,,
2025-11-18 14:15:00,US,Manufacturing Production YoY,https://tradingeconomics.com/united-states/manufacturing-production,,,,
2025-11-18 15:00:00,US,NAHB Housing Market Index,https://tradingeconomics.com/united-states/nahb-housing-market-index,,37,,38
2025-11-18 21:00:00,US,Net Long-term TIC Flows,https://tradingeconomics.com/united-states/net-long-term-tic-flows,,,,
2025-11-18 21:00:00,US,Foreign Bond Investment,https://tradingeconomics.com/united-states/foreign-bond-investment,,,,
2025-11-18 21:00:00,US,Overall Net Capital Flows,https://tradingeconomics.com/united-states/capital-flows,,,,
2025-11-18 21:30:00,US,API Crude Oil Stock Change,https://tradingeconomics.com/united-states/api-crude-oil-stock-change,,,,
,US,Industrial Production MoM,https://tradingeconomics.com/united-states/industrial-production-mom,,0.1%,0.1%,0.1%
,US,Capacity Utilization,https://tradingeconomics.com/united-states/capacity-utilization,,77.4%,77.3%,77.7%
,US,Industrial Production YoY,https://tradingeconomics.com/united-states/industrial-production,,0.9%,,1.6%
,US,Manufacturing Production MoM,https://tradingeconomics.com/united-states/manufacturing-production-mom,,0.2%,,0.1%
,US,Manufacturing Production YoY,https://tradingeconomics.com/united-states/manufacturing-production,,0.9%,,1.3%
2025-11-09 05:15:00,ID,Motorbike Sales YoY,https://tradingeconomics.com/indonesia/motorbike-sales,8.4%,7.3%,,
2025-11-18 23:50:00,JP,Balance of Trade,https://tradingeconomics.com/japan/balance-of-trade,,-234.6B,,-150.0B
2025-11-18 23:50:00,JP,Exports YoY,https://tradingeconomics.com/japan/exports-yoy,,4.2%,,
2025-11-18 23:50:00,JP,Machinery Orders MoM,https://tradingeconomics.com/japan/machinery-orders,,-0.9%,,0.5%
2025-11-18 23:50:00,JP,Machinery Orders YoY,https://tradingeconomics.com/japan/machinery-orders-yoy,,1.6%,,1.9%
2025-11-18 23:50:00,JP,Imports YoY,https://tradingeconomics.com/japan/imports-yoy,,3.3%,,
2025-11-19 00:00:00,AU,Westpac Leading Index MoM,https://tradingeconomics.com/australia/leading-economic-index,,0%,,0.2%
2025-11-19 00:30:00,AU,Wage Price Index QoQ,https://tradingeconomics.com/australia/wage-growth,,0.8%,,0.6%
2025-11-19 00:30:00,AU,Wage Price Index YoY,https://tradingeconomics.com/australia/wage-growth,,3.4%,,3.2%
2025-11-19 03:35:00,JP,20-Year JGB Auction,https://tradingeconomics.com/japan/20-year-bond-yield,,2.674%,,
2025-11-19 03:35:00,JP,52-Week Bill Auction,https://tradingeconomics.com/japan/52-week-bill-yield,,0.7414%,,
2025-11-19 07:00:00,GB,Inflation Rate YoY,https://tradingeconomics.com/united-kingdom/inflation-cpi,,3.8%,,3.7%
2025-11-19 07:00:00,GB,Core Inflation Rate YoY,https://tradingeconomics.com/united-kingdom/core-inflation-rate,,3.5%,,3.4%
2025-11-19 07:00:00,GB,Inflation Rate MoM,https://tradingeconomics.com/united-kingdom/inflation-rate-mom,,0%,,0.5%
2025-11-19 07:00:00,GB,Core Inflation Rate MoM,https://tradingeconomics.com/united-kingdom/core-inflation-rate-mom,,0%,,0.2%
2025-11-19 07:00:00,GB,PPI Core Output MoM,https://tradingeconomics.com/united-kingdom/core-producer-prices-mom,,0.1%,,0.1%
2025-11-19 07:00:00,GB,PPI Core Output YoY,https://tradingeconomics.com/united-kingdom/core-producer-prices-yoy,,3.6%,,3.6%
2025-11-19 07:00:00,GB,PPI Input MoM,https://tradingeconomics.com/united-kingdom/ppi-input,,-0.1%,,-0.1%
2025-11-19 07:00:00,GB,PPI Input YoY,https://tradingeconomics.com/united-kingdom/ppi-input-yoy,,0.8%,,0.9%
2025-11-19 07:00:00,GB,PPI Output MoM,https://tradingeconomics.com/united-kingdom/producer-price-inflation-mom,,0%,,0.1%
2025-11-19 07:00:00,GB,PPI Output YoY,https://tradingeconomics.com/united-kingdom/producer-prices-change,,3.4%,,3.5%
2025-11-19 07:00:00,GB,Retail Price Index MoM,https://tradingeconomics.com/united-kingdom/retail-price-index,,-0.4%,,-0.1%
2025-11-19 07:00:00,GB,Retail Price Index YoY,https://tradingeconomics.com/united-kingdom/retail-price-index,,4.5%,,4.4%
2025-11-19 07:30:00,ID,Interest Rate Decision,https://tradingeconomics.com/indonesia/interest-rate,,4.75%,,4.5%
2025-11-19 07:30:00,ID,Deposit Facility Rate,https://tradingeconomics.com/indonesia/deposit-interest-rate,,3.75%,,3.5%
2025-11-19 07:30:00,ID,Lending Facility Rate,https://tradingeconomics.com/indonesia/lending-rate,,5.5%,,5.25%
2025-11-19 08:00:00,EA,ECB Non-Monetary Policy Meeting,https://tradingeconomics.com/euro-area/interest-rate,,,,
2025-11-19 08:00:00,ZA,Inflation Rate MoM,https://tradingeconomics.com/south-africa/inflation-rate-mom,,0.2%,,0.4%
2025-11-19 08:00:00,ZA,Inflation Rate YoY,https://tradingeconomics.com/south-africa/inflation-cpi,,3.4%,,3.5%
2025-11-19 08:00:00,ZA,Core Inflation Rate MoM,https://tradingeconomics.com/south-africa/core-inflation-rate-mom,,0.3%,,
2025-11-19 08:00:00,ZA,Core Inflation Rate YoY,https://tradingeconomics.com/south-africa/core-inflation-rate,,3.2%,,
2025-11-19 09:00:00,EA,Current Account,https://tradingeconomics.com/euro-area/current-account,,13B,,34.0B
2025-11-19 09:00:00,EA,,https://tradingeconomics.com,,,,
2025-11-19 09:00:00,GB,Treasury Gilt 2035 Auction,https://tradingeconomics.com/united-kingdom/government-bond-yield,,4.769%,,
2025-11-19 10:00:00,EA,Core Inflation Rate YoY Final,https://tradingeconomics.com/euro-area/core-inflation-rate,,2.4%,2.4%,2.4%
2025-11-19 10:00:00,EA,CPI Final,https://tradingeconomics.com/euro-area/consumer-price-index-cpi,,129.43,129.7,129.7
2025-11-19 10:00:00,EA,Inflation Rate MoM Final,https://tradingeconomics.com/euro-area/inflation-rate-mom,,0.1%,0.2%,0.2%
2025-11-19 10:00:00,EA,Inflation Rate YoY Final,https://tradingeconomics.com/euro-area/inflation-cpi,,2.2%,2.1%,2.1%
2025-11-19 10:00:00,EA,Labour Cost Index YoY Flash,https://tradingeconomics.com/euro-area/labour-costs,,3.6%,,
2025-11-19 10:00:00,IT,Current Account,https://tradingeconomics.com/italy/current-account,,4697M,,2950.0M
2025-11-19 11:00:00,ZA,Retail Sales MoM,https://tradingeconomics.com/south-africa/retail-sales,,-1.2%,,-0.3%
2025-11-19 11:00:00,ZA,Retail Sales YoY,https://tradingeconomics.com/south-africa/retail-sales-annual,,2.3%,,1.8%
2025-11-19 11:10:00,EU,,https://tradingeconomics.com,,,,
2025-11-19 12:00:00,US,MBA 30-Year Mortgage Rate,https://tradingeconomics.com/united-states/mortgage-rate,,,,
2025-11-19 12:00:00,US,MBA Mortgage Applications,https://tradingeconomics.com/united-states/mortgage-applications,,,,
2025-11-19 12:00:00,US,MBA Mortgage Market Index,https://tradingeconomics.com/united-states/mba-mortgage-market-index,,,,
2025-11-19 12:00:00,US,MBA Mortgage Refinance Index,https://tradingeconomics.com/united-states/mba-mortgage-refinance-index,,,,
2025-11-19 12:00:00,US,MBA Purchase Index,https://tradingeconomics.com/united-states/mba-purchase-index,,,,
2025-11-19 13:30:00,US,Building Permits Prel,https://tradingeconomics.com/united-states/building-permits,,,,
2025-11-19 13:30:00,US,Housing Starts,https://tradingeconomics.com/united-states/housing-starts,,,,
2025-11-19 13:30:00,US,Building Permits MoM Prel,https://tradingeconomics.com/united-states/building-permits-mom,,,,
2025-11-19 13:30:00,US,Housing Starts MoM,https://tradingeconomics.com/united-states/housing-starts-mom,,,,
2025-11-19 15:30:00,US,EIA Crude Oil Stocks Change,https://tradingeconomics.com/united-states/crude-oil-stocks-change,,,,
2025-11-19 15:30:00,US,EIA Gasoline Stocks Change,https://tradingeconomics.com/united-states/gasoline-stocks-change,,,,
2025-11-19 15:30:00,US,EIA Crude Oil Imports Change,https://tradingeconomics.com/united-states/crude-oil-imports,,,,
2025-11-19 15:30:00,US,EIA Cushing Crude Oil Stocks Change,https://tradingeconomics.com/united-states/cushing-crude-oil-stocks,,,,
2025-11-19 15:30:00,US,EIA Distillate Fuel Production Change,https://tradingeconomics.com/united-states/distillate-fuel-production,,,,
2025-11-19 15:30:00,US,EIA Distillate Stocks Change,https://tradingeconomics.com/united-states/distillate-stocks,,,,
2025-11-19 15:30:00,US,EIA Gasoline Production Change,https://tradingeconomics.com/united-states/gasoline-production,,,,
2025-11-19 15:30:00,US,EIA Heating Oil Stocks Change,https://tradingeconomics.com/united-states/heating-oil-stocks,,,,
2025-11-19 15:30:00,US,EIA Refinery Crude Runs Change,https://tradingeconomics.com/united-states/refinery-crude-runs,,,,
2025-11-19 16:00:00,RU,PPI MoM,https://tradingeconomics.com/russia/producer-price-inflation-mom,,0.5%,,-0.5%
2025-11-19 16:00:00,RU,PPI YoY,https://tradingeconomics.com/russia/producer-prices-change,,-0.4%,,-0.3%
2025-11-19 16:30:00,US,17-Week Bill Auction,https://tradingeconomics.com/united-states/17-week-bill-yield,,,,
2025-11-19 17:00:00,CA,5-Year Bond Auction,https://tradingeconomics.com/canada/5-year-note-yield,,,,
2025-11-19 18:00:00,US,20-Year Bond Auction,https://tradingeconomics.com/united-states/20-year-bond-yield,,,,
2025-11-19 19:00:00,AR,Balance of Trade,https://tradingeconomics.com/argentina/balance-of-trade,,$921M,,$750.0M
2025-11-19 19:00:00,US,FOMC Minutes,https://tradingeconomics.com/united-states/interest-rate,,,,
2025-11-09 23:50:00,JP,Foreign Exchange Reserves,https://tradingeconomics.com/japan/foreign-exchange-reserves,$1347.4B,$1341.3B,,
2025-11-10 06:00:00,SA,Industrial Production YoY,https://tradingeconomics.com/saudi-arabia/industrial-production,9.3%,6.8%,,8.0%
2025-11-10 06:00:00,KR,3-Year KTB Auction,https://tradingeconomics.com/south-korea/3-year-note-yield,2.865%,2.565%,,
2025-11-11 00:00:00,JP,Reuters Tankan Index,https://tradingeconomics.com/japan/reuters-tankan-index,,8,,10
2025-11-11 03:00:00,ID,Retail Sales YoY,https://tradingeconomics.com/indonesia/retail-sales-annual,,3.5%,,3.2%
2025-11-19 23:50:00,JP,Foreign Bond Investment,https://tradingeconomics.com/japan/foreign-bond-investment,,,,
2025-11-19 23:50:00,JP,Stock Investment by Foreigners,https://tradingeconomics.com/japan/foreign-stock-investment,,,,
2025-11-20 01:15:00,CN,Loan Prime Rate 1Y,https://tradingeconomics.com/china/interest-rate,,3.0%,,3.0%
2025-11-20 01:15:00,CN,Loan Prime Rate 5Y,https://tradingeconomics.com/china/loan-prime-rate-5y,,3.5%,,3.5%
2025-11-20 05:00:00,SG,6-Month T-Bill Auction,https://tradingeconomics.com/singapore/6-month-bill-yield,,1.37%,,
2025-11-20 07:00:00,DE,PPI YoY,https://tradingeconomics.com/germany/producer-prices-change,,-1.7%,,-1.6%
2025-11-20 07:00:00,DE,PPI MoM,https://tradingeconomics.com/germany/producer-price-inflation-mom,,-0.1%,,0.3%
2025-11-20 07:00:00,TR,Consumer Confidence,https://tradingeconomics.com/turkey/consumer-confidence,,83.6,,84
2025-11-20 07:20:00,ID,Loan Growth YoY,https://tradingeconomics.com/indonesia/loan-growth,,7.7%,,
,AU,RBA Payments System Board Meeting,https://tradingeconomics.com/australia/interest-rate,,,,
2025-11-13 10:10:00,IT,30-Year BTP Auction,https://tradingeconomics.com/italy/30-year-bond-yield,,4.26%,,
2025-11-13 10:10:00,IT,3-Year BTP Auction,https://tradingeconomics.com/italy/3-year-note-yield,,2.36%,,
2025-11-13 10:10:00,IT,7-Year BTP Auction,https://tradingeconomics.com/italy/7-year-note-yield,,3.05%,,
2025-11-20 08:00:00,EA,ECB General Council Meeting,https://tradingeconomics.com/euro-area/interest-rate,,,,
2025-11-20 09:00:00,IT,Construction Output YoY,https://tradingeconomics.com/italy/construction-output,,4%,,4.1%
2025-11-20 09:00:00,ES,Balance of Trade,https://tradingeconomics.com/spain/balance-of-trade,,-5.98B,,-4.1B
2025-11-20 09:40:00,ES,,https://tradingeconomics.com,,,,
2025-11-20 10:00:00,EA,Construction Output YoY,https://tradingeconomics.com/euro-area/Construction-Output,,0.1%,,1.7%
2025-11-20 10:00:00,FR,,https://tradingeconomics.com,,,,
2025-11-20 10:00:00,ZA,Business Confidence,https://tradingeconomics.com/south-africa/business-confidence,,39,,37
2025-11-20 11:00:00,FR,,https://tradingeconomics.com,,,,
2025-11-20 11:00:00,ZA,Building Permits YoY,https://tradingeconomics.com/south-africa/building-permits,,-8.8%,,
2025-11-20 11:00:00,GB,CBI Industrial Trends Orders,https://tradingeconomics.com/united-kingdom/factory-orders,,-38,,-30
2025-11-20 11:30:00,IN,Infrastructure Output YoY,https://tradingeconomics.com/india/construction-output,,3.0%,,3.4%
2025-11-20 11:30:00,TR,Foreign Exchange Reserves,https://tradingeconomics.com/turkey/foreign-exchange-reserves,,,,
2025-11-20 12:00:00,CA,CFIB Business Barometer,https://tradingeconomics.com/canada/small-business-sentiment,,46.3,,
2025-11-20 13:00:00,ZA,Interest Rate Decision,https://tradingeconomics.com/south-africa/interest-rate,,7%,,7%
2025-11-20 13:00:00,ZA,Prime Overdraft Rate,https://tradingeconomics.com/south-africa/bank-lending-rate,,,,
2025-11-20 13:30:00,CA,PPI MoM,https://tradingeconomics.com/canada/producer-price-inflation-mom,,0.8%,,
2025-11-20 13:30:00,CA,PPI YoY,https://tradingeconomics.com/canada/producer-prices-change,,5.5%,,
2025-11-20 13:30:00,CA,Raw Materials Prices MoM,https://tradingeconomics.com/canada/wholesale-prices,,1.7%,,
2025-11-20 13:30:00,CA,Raw Materials Prices YoY,https://tradingeconomics.com/canada/commodity-prices-yoy,,8.4%,,
2025-11-20 13:30:00,US,Initial Jobless Claims,https://tradingeconomics.com/united-states/jobless-claims,,,,
2025-11-20 13:30:00,US,Philadelphia Fed Manufacturing Index,https://tradingeconomics.com/united-states/philadelphia-fed-manufacturing-index,,-12.8,,7
2025-11-20 13:30:00,US,Continuing Jobless Claims,https://tradingeconomics.com/united-states/continuing-jobless-claims,,,,
2025-11-20 13:30:00,US,Jobless Claims 4-week Average,https://tradingeconomics.com/united-states/jobless-claims-4-week-average,,,,
2025-11-20 13:30:00,US,Philly Fed Business Conditions,https://tradingeconomics.com/united-states/philly-fed-business-conditions,,36.2,,
2025-11-20 13:30:00,US,Philly Fed CAPEX Index,https://tradingeconomics.com/united-states/philly-fed-capex-index,,25.20,,
2025-11-20 13:30:00,US,Philly Fed Employment,https://tradingeconomics.com/united-states/philly-fed-employment,,4.6,,
2025-11-20 13:30:00,US,Philly Fed New Orders,https://tradingeconomics.com/united-states/philly-fed-new-orders,,18.2,,
2025-11-20 13:30:00,US,Philly Fed Prices Paid,https://tradingeconomics.com/united-states/philly-fed-prices-paid,,49.20,,
2025-11-20 15:00:00,AR,Consumer Confidence,https://tradingeconomics.com/argentina/consumer-confidence,,42.32,,45
2025-11-20 15:00:00,EA,Consumer Confidence Flash,https://tradingeconomics.com/euro-area/consumer-confidence,,-14.2,,
2025-11-20 15:00:00,MX,Monetary Policy Meeting Minutes,https://tradingeconomics.com/mexico/interest-rate,,,,
2025-11-20 15:00:00,US,Existing Home Sales,https://tradingeconomics.com/united-states/existing-home-sales,,,,
2025-11-20 15:00:00,US,Existing Home Sales MoM,https://tradingeconomics.com/united-states/existing-home-sales-mom,,1.5%,,
2025-11-20 15:00:00,US,,https://tradingeconomics.com,,,,
2025-11-20 15:30:00,US,EIA Natural Gas Stocks Change,https://tradingeconomics.com/united-states/natural-gas-stocks-change,,,,
2025-11-20 16:00:00,US,Kansas Fed Composite Index,https://tradingeconomics.com/united-states/kansas-fed-composite-index,,6,,
2025-11-20 16:00:00,US,Kansas Fed Manufacturing Index,https://tradingeconomics.com/united-states/kansas-fed-manufacturing-index,,15,,
2025-11-20 16:30:00,US,4-Week Bill Auction,https://tradingeconomics.com/united-states/4-week-bill-yield,,,,
2025-11-20 16:30:00,US,8-Week Bill Auction,https://tradingeconomics.com/united-states/8-week-bill-yield,,,,
2025-11-20 17:00:00,CA,30-Year Bond Auction,https://tradingeconomics.com/canada/30-year-bond-yield,,3.609%,,
2025-11-20 17:00:00,US,15-Year Mortgage Rate,https://tradingeconomics.com/united-states/15-year-mortgage-rate,,,,
2025-11-20 17:00:00,US,30-Year Mortgage Rate,https://tradingeconomics.com/united-states/30-year-mortgage-rate,,,,
2025-11-20 18:00:00,US,10-Year TIPS Auction,https://tradingeconomics.com/united-states/10-year-tips-yield,,,,
2025-11-20 18:40:00,US,Fed Goolsbee Speech,https://tradingeconomics.com/united-states/interest-rate,,,,
2025-11-20 21:00:00,KR,PPI MoM,https://tradingeconomics.com/south-korea/producer-price-inflation-mom,,0.4%,,0.3%
2025-11-20 21:00:00,KR,PPI YoY,https://tradingeconomics.com/south-korea/producer-prices-change,,1.2%,,1.3%
2025-11-20 21:30:00,US,Fed Balance Sheet,https://tradingeconomics.com/united-states/central-bank-balance-sheet,,,,
2025-11-20 22:00:00,AU,S&P Global Manufacturing PMI Flash,https://tradingeconomics.com/australia/manufacturing-pmi,,49.7,,50.2
2025-11-20 22:00:00,AU,S&P Global Services PMI Flash,https://tradingeconomics.com/australia/services-pmi,,52.5,,52.9
2025-11-20 22:00:00,AU,S&P Global Composite PMI Flash,https://tradingeconomics.com/australia/composite-pmi,,52.1,,52.8
2025-11-11 02:00:00,ID,Car Sales YoY,https://tradingeconomics.com/indonesia/car-registrations,-4.4%,-15.1%,,
2025-11-12 00:00:00,JP,Reuters Tankan Index,https://tradingeconomics.com/japan/reuters-tankan-index,,8,,10
2025-11-20 23:30:00,JP,Inflation Rate YoY,https://tradingeconomics.com/japan/inflation-cpi,,2.9%,,3.1%
2025-11-20 23:30:00,JP,Core Inflation Rate YoY,https://tradingeconomics.com/japan/core-inflation-rate,,2.9%,,
2025-11-20 23:30:00,JP,Inflation Rate Ex-Food and Energy YoY,https://tradingeconomics.com/japan/cpi-core-core,,3.0%,,3.2%
2025-11-20 23:30:00,JP,Inflation Rate MoM,https://tradingeconomics.com/japan/inflation-rate-mom,,0.1%,,-0.1%
2025-11-21 00:01:00,GB,GfK Consumer Confidence,https://tradingeconomics.com/united-kingdom/consumer-confidence,,-17,,-19
2025-11-21 00:30:00,JP,S&P Global Manufacturing PMI Flash,https://tradingeconomics.com/japan/manufacturing-pmi,,48.2,,49
2025-11-21 00:30:00,JP,S&P Global Services PMI Flash,https://tradingeconomics.com/japan/services-pmi,,53.1,,52.8
2025-11-21 00:30:00,JP,S&P Global Composite PMI Flash,https://tradingeconomics.com/japan/composite-pmi,,51.5,,50.6
2025-11-21 03:00:00,ID,Current Account,https://tradingeconomics.com/indonesia/current-account,,$-3.0B,,$ 0.8B
2025-11-21 03:00:00,ID,M2 Money Supply YoY,https://tradingeconomics.com/indonesia/money-supply-m2,,8.0%,,
2025-11-21 03:35:00,JP,3-Month Bill Auction,https://tradingeconomics.com/japan/3-month-bill-yield,,,,
2025-11-21 05:00:00,IN,HSBC Composite PMI Flash,https://tradingeconomics.com/india/composite-pmi,,60.4,,59.7
2025-11-21 05:00:00,IN,HSBC Manufacturing PMI Flash,https://tradingeconomics.com/india/manufacturing-pmi,,59.2,,59.5
2025-11-21 05:00:00,IN,HSBC Services PMI Flash,https://tradingeconomics.com/india/services-pmi,,58.9,,59.2
2025-11-21 07:00:00,GB,Retail Sales MoM,https://tradingeconomics.com/united-kingdom/retail-sales,,0.5%,,-0.2%
2025-11-21 07:00:00,GB,Retail Sales YoY,https://tradingeconomics.com/united-kingdom/retail-sales-annual,,1.5%,,1.6%
2025-11-21 07:00:00,GB,Public Sector Net Borrowing Ex Banks,https://tradingeconomics.com/united-kingdom/government-budget-value,,-20.25B,,-21.1B
2025-11-21 07:00:00,GB,Retail Sales ex Fuel MoM,https://tradingeconomics.com/united-kingdom/retail-sales-ex-fuel,,0.6%,,-0.2%
2025-11-21 07:00:00,GB,Retail Sales ex Fuel YoY,https://tradingeconomics.com/united-kingdom/retail-sales-ex-fuel,,2.3%,,2.4%
2025-11-11 07:40:00,CN,Vehicle Sales YoY,https://tradingeconomics.com/china/total-vehicle-sales,8.8%,14.9%,,14.4%
2025-11-11 14:55:00,US,Redbook YoY,https://tradingeconomics.com/united-states/redbook-index,5.9%,5.7%,,
2025-11-21 07:45:00,FR,Business Confidence,https://tradingeconomics.com/france/business-confidence,,101,,
2025-11-21 07:45:00,FR,Business Climate Indicator,https://tradingeconomics.com/france/business-climate-indicator,,97,,
2025-11-21 08:00:00,TR,Tourist Arrivals YoY,https://tradingeconomics.com/turkey/tourist-arrivals,,0.54%,,
2025-11-21 08:15:00,FR,HCOB Composite PMI Flash,https://tradingeconomics.com/france/composite-pmi,,47.7,,48.9
2025-11-21 08:15:00,FR,HCOB Manufacturing PMI Flash,https://tradingeconomics.com/france/manufacturing-pmi,,48.8,,49.6
2025-11-21 08:15:00,FR,HCOB Services PMI Flash,https://tradingeconomics.com/france/services-pmi,,48,,49.4
2025-11-21 08:30:00,DE,HCOB Manufacturing PMI Flash,https://tradingeconomics.com/germany/manufacturing-pmi,,49.6,,50.4
2025-11-21 08:30:00,DE,HCOB Composite PMI Flash,https://tradingeconomics.com/germany/composite-pmi,,53.9,,53.2
2025-11-21 08:30:00,DE,HCOB Services PMI Flash,https://tradingeconomics.com/germany/services-pmi,,54.6,,53.8
2025-11-21 09:00:00,EA,HCOB Composite PMI Flash,https://tradingeconomics.com/euro-area/composite-pmi,,52.5,,52.2
2025-11-21 09:00:00,EA,HCOB Manufacturing PMI Flash,https://tradingeconomics.com/euro-area/manufacturing-pmi,,50.0,,50.9
2025-11-21 09:00:00,EA,HCOB Services PMI Flash,https://tradingeconomics.com/euro-area/services-pmi,,53.0,,52.3
2025-11-21 09:30:00,GB,S&P Global Manufacturing PMI Flash,https://tradingeconomics.com/united-kingdom/manufacturing-pmi,,49.7,,50.6
2025-11-21 09:30:00,GB,S&P Global Services PMI Flash,https://tradingeconomics.com/united-kingdom/services-pmi,,52.3,,52.5
2025-11-21 09:30:00,GB,S&P Global Composite PMI Flash,https://tradingeconomics.com/united-kingdom/composite-pmi,,52.2,,52.6
2025-11-21 11:30:00,IN,Foreign Exchange Reserves,https://tradingeconomics.com/india/foreign-exchange-reserves,,,,
2025-11-21 12:00:00,MX,Economic Activity MoM,https://tradingeconomics.com/mexico/monthly-gdp-mom,,0.6%,,0.4%
2025-11-21 12:00:00,MX,Economic Activity YoY,https://tradingeconomics.com/mexico/monthly-gdp-yoy,,-0.9%,,0.4%
2025-11-21 12:00:00,MX,GDP Growth Rate QoQ Final,https://tradingeconomics.com/mexico/gdp-growth,,0.6%,-0.3%,-0.3%
2025-11-21 12:00:00,MX,GDP Growth Rate YoY Final,https://tradingeconomics.com/mexico/gdp-growth-annual,,0%,-0.2%,-0.2%
2025-11-21 13:30:00,CA,New Housing Price Index MoM,https://tradingeconomics.com/canada/house-price-index-mom,,-0.2%,,
2025-11-21 13:30:00,CA,Retail Sales Ex Autos MoM,https://tradingeconomics.com/canada/retail-sales-ex-autos,,0.7%,,0.1%
2025-11-21 13:30:00,CA,Retail Sales MoM Final,https://tradingeconomics.com/canada/retail-sales,,-0.7%,,
2025-11-21 13:30:00,CA,Retail Sales MoM Prel,https://tradingeconomics.com/canada/retail-sales,,-0.7%,,
2025-11-21 13:30:00,CA,Manufacturing Sales MoM Prel,https://tradingeconomics.com/canada/manufacturing-sales,,,,
2025-11-21 13:30:00,CA,Retail Sales YoY,https://tradingeconomics.com/canada/retail-sales-annual,,4.9%,,1.2%
2025-11-21 13:30:00,CA,Wholesale Sales MoM Prel,https://tradingeconomics.com/canada/wholesale-sales,,,,
2025-11-21 14:45:00,US,S&P Global Composite PMI Flash,https://tradingeconomics.com/united-states/composite-pmi,,54.6,,
2025-11-21 14:45:00,US,S&P Global Manufacturing PMI Flash,https://tradingeconomics.com/united-states/manufacturing-pmi,,52.5,,
2025-11-21 14:45:00,US,S&P Global Services PMI Flash,https://tradingeconomics.com/united-states/services-pmi,,54.8,,
2025-11-21 15:00:00,US,Michigan Consumer Sentiment Final,https://tradingeconomics.com/united-states/consumer-confidence,,53.6,,
2025-11-21 15:00:00,US,Michigan 5 Year Inflation Expectations Final,https://tradingeconomics.com/united-states/michigan-5-year-inflation-expectations,,3.9%,,
2025-11-21 15:00:00,US,Michigan Consumer Expectations Final,https://tradingeconomics.com/united-states/michigan-consumer-expectations,,50.3,,49.0
2025-11-21 15:00:00,US,Michigan Current Conditions Final,https://tradingeconomics.com/united-states/michigan-current-economic-conditions,,58.6,,52.3
2025-11-21 15:00:00,US,Michigan Inflation Expectations Final,https://tradingeconomics.com/united-states/michigan-inflation-expectations,,4.6%,,
2025-11-21 18:00:00,US,Baker Hughes Oil Rig Count,https://tradingeconomics.com/united-states/crude-oil-rigs,,,,
2025-11-21 18:00:00,US,Baker Hughes Total Rigs Count,https://tradingeconomics.com/united-states/total-rigs,,,,
2025-11-21 19:00:00,AR,Economic Activity YoY,https://tradingeconomics.com/argentina/monthly-gdp-yoy,,2.4%,,4.0%
,EA,Negotiated Wage Growth,https://tradingeconomics.com/euro-area/negotiated-wage-growth,,3.95%,,3.4%
2025-11-12 13:30:00,DE,Current Account,https://tradingeconomics.com/germany/current-account,18.6B,9.5B,,13.3B
2025-11-14 13:00:00,RU,Balance of Trade,https://tradingeconomics.com/russia/balance-of-trade,,$7.47B,,$ 12.3B
2025-11-17 13:30:00,CA,New Motor Vehicle Sales,https://tradingeconomics.com/canada/car-registrations,,167K,,165.0K
2025-11-13 06:00:00,SA,Inflation Rate MoM,https://tradingeconomics.com/saudi-arabia/inflation-rate-mom,0.3%,-0.1%,0.1%,0.3%
2025-11-13 06:00:00,SA,Inflation Rate YoY,https://tradingeconomics.com/saudi-arabia/inflation-cpi,2.2%,2.2%,2%,2.2%
2025-11-13 06:00:00,SA,Wholesale Prices YoY,https://tradingeconomics.com/saudi-arabia/producer-prices-change,2.9%,2.1%,,2.3%
2025-11-13 09:00:00,CN,New Yuan Loans,https://tradingeconomics.com/china/new-bank-loans,CNY220B,CNY1290B,CNY500B,CNY550.0B
2025-11-13 09:00:00,CN,M2 Money Supply YoY,https://tradingeconomics.com/china/money-supply-m2,8.2%,8.4%,8.1%,8.2%
2025-11-13 09:00:00,CN,Outstanding Loan Growth YoY,https://tradingeconomics.com/china/loan-growth,6.5%,6.6%,6.6%,6.4%
2025-11-13 09:00:00,CN,Total Social Financing,https://tradingeconomics.com/china/total-social-financing,CNY810B,CNY3530B,CNY1230B,CNY1500.0B
2025-11-13 12:30:00,GB,,https://tradingeconomics.com,0%,0.1%,,0.3%
2025-11-13 13:00:00,US,Fed Daly Speech,https://tradingeconomics.com/united-states/interest-rate,,,,
2025-11-13 15:30:00,US,Fed Kashkari Speech,https://tradingeconomics.com/united-states/interest-rate,,,,
2025-11-13 16:30:00,BR,Car Production MoM,https://tradingeconomics.com/brazil/car-production,1.8%,-1.5%,,0.4%
2025-11-13 16:30:00,BR,New Car Registrations MoM,https://tradingeconomics.com/brazil/car-registrations,7.2%,7.9%,,-0.5%
2025-11-13 17:15:00,US,Fed Musalem Speech,https://tradingeconomics.com/united-states/interest-rate,,,,
2025-11-14 16:00:00,RU,GDP Growth Rate YoY Prel,https://tradingeconomics.com/russia/gdp-growth-annual,,1.1%,,0.6%
2025-11-17 14:00:00,US,Fed Williams Speech,https://tradingeconomics.com/united-states/interest-rate,,,,
2025-11-17 18:00:00,US,Fed Kashkari Speech,https://tradingeconomics.com/united-states/interest-rate,,,,
2025-11-19 19:00:00,US,Fed Williams Speech,https://tradingeconomics.com/united-states/interest-rate,,,,
2025-11-20 13:45:00,US,Fed Hammack Speech,https://tradingeconomics.com/united-states/interest-rate,,,,
2025-11-21 12:30:00,US,Fed Williams Speech,https://tradingeconomics.com/united-states/interest-rate,,,,
2025-11-21 14:00:00,US,Fed Logan Speech,https://tradingeconomics.com/united-states/interest-rate,,,,
2025-11-24 02:30:00,KR,5-Year KTB Auction,https://tradingeconomics.com/south-korea/5-year-note-yield,,2.735%,,
2025-11-24 05:00:00,SG,Core Inflation Rate YoY,https://tradingeconomics.com/singapore/core-inflation-rate,,0.4%,,0.6%
2025-11-24 05:00:00,SG,Inflation Rate MoM,https://tradingeconomics.com/singapore/inflation-rate-mom,,0.4%,,-0.1%
2025-11-24 05:00:00,SG,Inflation Rate YoY,https://tradingeconomics.com/singapore/inflation-cpi,,0.7%,,1.1%
2025-11-24 07:00:00,TR,Business Confidence,https://tradingeconomics.com/turkey/business-confidence,,100.8,,101
2025-11-24 07:00:00,TR,Capacity Utilization,https://tradingeconomics.com/turkey/capacity-utilization,,74.2%,,74.4%
2025-11-17 08:15:00,EA,ECB Guindos Speech,https://tradingeconomics.com/euro-area/interest-rate,,,,
2025-11-17 14:30:00,US,Fed Jefferson Speech,https://tradingeconomics.com/united-states/interest-rate,,,,
2025-11-17 14:45:00,EA,ECB Lane Speech,https://tradingeconomics.com/euro-area/interest-rate,,,,
2025-11-17 16:00:00,EA,ECB Cipollone Speech,https://tradingeconomics.com/euro-area/interest-rate,,,,
2025-11-17 20:35:00,US,Fed Waller Speech,https://tradingeconomics.com/united-states/interest-rate,,,,
2025-11-18 00:55:00,US,Fed Logan Speech,https://tradingeconomics.com/united-states/interest-rate,,,,
2025-11-18 08:30:00,EA,ECB Machado Speech,https://tradingeconomics.com/euro-area/interest-rate,,,,
2025-11-18 08:40:00,EA,ECB Tuominen Speech,https://tradingeconomics.com/euro-area/interest-rate,,,,
2025-11-18 10:00:00,EA,ECB Buch Speech,https://tradingeconomics.com/euro-area/interest-rate,,,,
2025-11-18 10:00:00,EA,ECB Elderson Speech,https://tradingeconomics.com/euro-area/interest-rate,,,,
2025-11-18 15:30:00,US,Fed Barr Speech,https://tradingeconomics.com/united-states/interest-rate,,,,
2025-11-18 16:00:00,GB,BoE Dhingra Speech,https://tradingeconomics.com/united-kingdom/interest-rate,,,,
2025-11-19 11:30:00,EA,ECB Buch Speech,https://tradingeconomics.com/euro-area/interest-rate,,,,
2025-11-19 17:45:00,CA,BoC Vincent Speech,https://tradingeconomics.com/canada/interest-rate,,,,
2025-11-19 23:55:00,AU,RBA Connolly Speech,https://tradingeconomics.com/australia/interest-rate,,,,
2025-11-20 01:30:00,JP,BoJ Koeda Speech,https://tradingeconomics.com/japan/interest-rate,,,,
2025-11-20 02:00:00,AU,RBA Hunter Speech,https://tradingeconomics.com/australia/interest-rate,,,,
2025-11-20 09:40:00,ES,10-Year Obligacion Auction,https://tradingeconomics.com/spain/government-bond-yield,,3.111%,,
2025-11-20 09:40:00,ES,30-Year Obligacion Auction,https://tradingeconomics.com/spain/30-year-bond-yield,,4.074%,,
2025-11-20 09:40:00,ES,7-Year Obligacion Auction,https://tradingeconomics.com/spain/7-year-note-yield,,2.716%,,
2025-11-20 10:00:00,FR,2028 OAT Auction,https://tradingeconomics.com/france/3-year-note-yield,,2.22%,,
2025-11-20 16:00:00,US,Fed Cook Speech,https://tradingeconomics.com/united-states/interest-rate,,,,
2025-11-21 08:00:00,EA,ECB Guindos Speech,https://tradingeconomics.com/euro-area/interest-rate,,,,
2025-11-21 08:30:00,EA,ECB President Lagarde Speech,https://tradingeconomics.com/euro-area/interest-rate,,,,
2025-11-21 11:30:00,EA,ECB Guindos Speech,https://tradingeconomics.com/euro-area/interest-rate,,,,
2025-11-21 11:30:00,EA,ECB Machado Speech,https://tradingeconomics.com/euro-area/interest-rate,,,,
2025-11-21 13:30:00,US,Fed Barr Speech,https://tradingeconomics.com/united-states/interest-rate,,,,
2025-11-21 13:45:00,US,Fed Jefferson Speech,https://tradingeconomics.com/united-states/interest-rate,,,,
2025-11-21 15:30:00,CA,Senior Loan Officer Survey,https://tradingeconomics.com/canada/interest-rate,,,,
2025-11-22 11:00:00,EA,ECB President Lagarde Speech,https://tradingeconomics.com/euro-area/interest-rate,,,,
2025-11-24 09:00:00,DE,Ifo Business Climate,https://tradingeconomics.com/germany/business-confidence,,88.4,,88
2025-11-24 09:00:00,DE,Ifo Current Conditions,https://tradingeconomics.com/germany/ifo-current-conditions,,85.3,,85.1
2025-11-24 09:00:00,DE,Ifo Expectations,https://tradingeconomics.com/germany/ifo-expectations,,91.6,,91.1
2025-11-24 09:30:00,ZA,,https://tradingeconomics.com,,,,
2025-11-24 11:00:00,BR,FGV Consumer Confidence,https://tradingeconomics.com/brazil/economic-optimism-index,,88.5,,88.7
2025-11-24 12:00:00,MX,Mid-month Core Inflation Rate MoM,https://tradingeconomics.com/mexico/mid-month-core-inflation-rate-mom,,0.18%,,
2025-11-24 12:00:00,MX,Mid-month Core Inflation Rate YoY,https://tradingeconomics.com/mexico/mid-month-core-inflation-rate-yoy,,4.24%,,
2025-11-24 12:00:00,MX,Mid-month Inflation Rate MoM,https://tradingeconomics.com/mexico/mid-month-inflation-rate-mom,,0.28%,,
2025-11-24 12:00:00,MX,Mid-month Inflation Rate YoY,https://tradingeconomics.com/mexico/mid-month-inflation-rate-yoy,,3.63%,,
2025-11-24 13:30:00,US,Chicago Fed National Activity Index,https://tradingeconomics.com/united-states/chicago-fed-national-activity-index,,,,
2025-11-24 14:00:00,FR,12-Month BTF Auction,https://tradingeconomics.com/france/52-week-bill-yield,,,,
2025-11-24 14:00:00,FR,3-Month BTF Auction,https://tradingeconomics.com/france/3-month-bill-yield,,,,
2025-11-24 14:00:00,FR,6-Month BTF Auction,https://tradingeconomics.com/france/6-month-bill-yield,,,,
2025-11-24 15:30:00,US,Dallas Fed Manufacturing Index,https://tradingeconomics.com/united-states/dallas-fed-manufacturing-index,,-5.0,,
2025-11-24 16:30:00,US,3-Month Bill Auction,https://tradingeconomics.com/united-states/3-month-bill-yield,,,,
2025-11-24 16:30:00,US,6-Month Bill Auction,https://tradingeconomics.com/united-states/6-month-bill-yield,,,,
2025-11-24 18:00:00,US,2-Year Note Auction,https://tradingeconomics.com/united-states/2-year-note-yield,,,,
2025-11-24 21:00:00,KR,Consumer Confidence,https://tradingeconomics.com/south-korea/consumer-confidence,,109.8,,110
,US,Chicago Fed National Activity Index,https://tradingeconomics.com/united-states/chicago-fed-national-activity-index,,-0.12,,-0.4
2025-11-14 00:30:00,PE,Balance of Trade,https://tradingeconomics.com/peru/balance-of-trade,$3654M,$2705M,,$ 1660M
2025-11-14 04:00:00,MY,Current Account,https://tradingeconomics.com/malaysia/current-account,MYR12.2B,MYR0.3B,,MYR4.6B
2025-11-14 04:00:00,MY,GDP Growth Rate QoQ,https://tradingeconomics.com/malaysia/gdp-growth,2.4%,2.2%,,1.2%
2025-11-14 04:00:00,MY,GDP Growth Rate YoY Final,https://tradingeconomics.com/malaysia/gdp-growth-annual,5.2%,4.4%,5.2%,5.2%
2025-11-14 04:00:00,TH,Consumer Confidence,https://tradingeconomics.com/thailand/consumer-confidence,51.9,50.7,,51.2
2025-11-14 06:00:00,EE,Unemployment Rate,https://tradingeconomics.com/estonia/unemployment-rate,7.1%,7.8%,,7.6%
2025-11-14 06:00:00,FI,Harmonised Inflation Rate MoM Final,https://tradingeconomics.com/finland/harmonised-inflation-rate-mom,-0.1%,0.5%,,0.0%
2025-11-14 06:00:00,FI,Harmonised Inflation Rate YoY Final,https://tradingeconomics.com/finland/harmonised-inflation-rate-yoy,1.4%,2.2%,,1.5%
2025-11-14 06:00:00,FI,Inflation Rate MoM,https://tradingeconomics.com/finland/inflation-rate-mom,-0.2%,0.3%,,0.1%
2025-11-14 06:00:00,FI,Inflation Rate YoY,https://tradingeconomics.com/finland/inflation-cpi,-0.2%,0.5%,,0.1%
2025-11-14 07:00:00,MN,Balance of Trade,https://tradingeconomics.com/mongolia/balance-of-trade,$677.6M,$490.8M,,$500.0M
2025-11-14 07:00:00,RO,GDP Growth Rate QoQ Prel,https://tradingeconomics.com/romania/gdp-growth,-0.2%,1.0%,,0.9%
2025-11-14 07:00:00,RO,GDP Growth Rate YoY Prel,https://tradingeconomics.com/romania/gdp-growth-annual,1.6%,0.3%,1%,0.8%
2025-11-14 07:00:00,SE,Employed Persons,https://tradingeconomics.com/sweden/employed-persons,5.214M,5.238M,,5.230M
2025-11-14 07:00:00,SE,Unemployment Rate,https://tradingeconomics.com/sweden/unemployment-rate,8.9%,8.3%,,8.0%
2025-11-14 07:30:00,HU,Construction Output YoY,https://tradingeconomics.com/hungary/construction-output,17.6%,-14.6%,,-5.8%
2025-11-14 08:00:00,AZ,GDP YoY,https://tradingeconomics.com/azerbaijan/monthly-gdp-yoy,1.3%,1.3%,,1.5%
2025-11-14 08:00:00,MD,Balance of Trade,https://tradingeconomics.com/moldova/balance-of-trade,$-591.6M,$-556.6M,,
2025-11-14 08:00:00,SK,GDP Growth Rate QoQ Prel,https://tradingeconomics.com/slovakia/gdp-growth,0.3%,0.2%,,0.5%
2025-11-14 08:00:00,SK,GDP Growth Rate YoY Prel,https://tradingeconomics.com/slovakia/gdp-growth-annual,0.9%,0.5%,0.7%,1.0%
2025-11-14 08:30:00,BW,Inflation Rate MoM,https://tradingeconomics.com/botswana/inflation-rate-mom,0.3%,1.6%,,0.7%
2025-11-14 08:30:00,BW,Inflation Rate YoY,https://tradingeconomics.com/botswana/inflation-cpi,3.9%,3.7%,,3.8%
2025-11-14 08:30:00,HK,GDP Growth Rate QoQ Final,https://tradingeconomics.com/hong-kong/gdp-growth,0.7%,0.4%,,0.7%
2025-11-14 08:30:00,HK,GDP Growth Rate YoY Final,https://tradingeconomics.com/hong-kong/gdp-growth-annual,3.8%,3.1%,,3.8%
2025-11-14 08:30:00,NL,Balance of Trade,https://tradingeconomics.com/netherlands/balance-of-trade,12.13B,7.6B,,12B
2025-11-14 09:00:00,BG,GDP Growth Rate QoQ Prel,https://tradingeconomics.com/bulgaria/gdp-growth,0.7%,0.9%,,0.6%
2025-11-14 09:00:00,BG,GDP Growth Rate YoY Prel,https://tradingeconomics.com/bulgaria/gdp-growth-annual,3.2%,3.4%,,2%
2025-11-14 09:00:00,PL,Inflation Rate MoM Final,https://tradingeconomics.com/poland/inflation-rate-mom,0.1%,0.0%,0.1%,0.1%
2025-11-14 09:00:00,PL,Inflation Rate YoY Final,https://tradingeconomics.com/poland/inflation-cpi,2.8%,2.9%,2.8%,2.8%
2025-11-14 09:20:00,MO,GDP Growth Rate YoY Final,https://tradingeconomics.com/macau/gdp-growth-annual,8%,5.1%,,8.0%
2025-11-14 09:30:00,SI,GDP Growth Rate QoQ,https://tradingeconomics.com/slovenia/gdp-growth,0.8%,0.9%,,0.3%
2025-11-14 09:30:00,SI,GDP Growth Rate YoY,https://tradingeconomics.com/slovenia/gdp-growth-annual,1.7%,0.8%,,2.0%
2025-11-14 10:00:00,BE,Balance of Trade,https://tradingeconomics.com/belgium/balance-of-trade,3758.9M,2055.9M,,2700M
2025-11-14 10:00:00,HR,Inflation Rate MoM Final,https://tradingeconomics.com/croatia/inflation-rate-mom,0.6%,0.4%,,0.5%
2025-11-14 10:00:00,HR,Inflation Rate YoY Final,https://tradingeconomics.com/croatia/inflation-cpi,3.6%,4.2%,,3.6%
2025-11-14 10:00:00,CY,GDP Growth Rate QoQ Flash,https://tradingeconomics.com/cyprus/gdp-growth,0.9%,0.7%,,0.7%
2025-11-14 10:00:00,CY,GDP Growth Rate YoY Flash,https://tradingeconomics.com/cyprus/gdp-growth-annual,3.6%,3.6%,,3.2%
2025-11-14 10:00:00,KZ,GDP Growth Rate YoY,https://tradingeconomics.com/kazakhstan/gdp-growth-annual,6.3%,6.2%,,4.5%
2025-11-14 10:00:00,KZ,Unemployment Rate,https://tradingeconomics.com/kazakhstan/unemployment-rate,4.6%,4.6%,,4.7%
2025-11-14 10:00:00,SN,Industrial Production YoY,https://tradingeconomics.com/senegal/industrial-production,24.4%,23.8%,,25.0%
2025-11-14 10:30:00,KG,GDP YoY,https://tradingeconomics.com/kyrgyzstan/monthly-gdp-yoy,10%,10%,,9.7%
2025-11-14 11:00:00,LV,Unemployment Rate,https://tradingeconomics.com/latvia/unemployment-rate,6.9%,6.7%,,6.70%
2025-11-14 11:00:00,RS,Building Permits,https://tradingeconomics.com/serbia/building-permits,2961,2542,,
2025-11-14 12:00:00,IL,Inflation Rate MoM,https://tradingeconomics.com/israel/inflation-rate-mom,0.5%,-0.6%,0.4%,0.6%
2025-11-14 12:00:00,IL,Inflation Rate YoY,https://tradingeconomics.com/israel/inflation-cpi,2.5%,2.5%,2.5%,2.6%
2025-11-14 12:30:00,KZ,GDP YoY,https://tradingeconomics.com/kazakhstan/monthly-gdp-yoy,9.1%,6.3%,,6.4%
2025-11-14 13:40:00,AZ,Inflation Rate MoM,https://tradingeconomics.com/azerbaijan/inflation-rate-mom,0.5%,1.1%,,1.3%
2025-11-14 14:00:00,DO,Inflation Rate MoM,https://tradingeconomics.com/dominican-republic/inflation-rate-mom,0.55%,0.34%,,0.3%
2025-11-14 14:00:00,DO,Inflation Rate YoY,https://tradingeconomics.com/dominican-republic/inflation-cpi,4.23%,3.76%,,3.9%
2025-11-14 14:10:00,MZ,Interest Rate Decision,https://tradingeconomics.com/mozambique/interest-rate,9.5%,9.75%,,9.75%
2025-11-14 15:00:00,CO,Industrial Production YoY,https://tradingeconomics.com/colombia/industrial-production,5.2%,1%,4%,4.5%
2025-11-14 15:00:00,CO,Retail Sales YoY,https://tradingeconomics.com/colombia/retail-sales-annual,14.4%,12.4%,,6.2%
2025-11-14 18:00:00,PY,Consumer Confidence,https://tradingeconomics.com/paraguay/consumer-confidence,48.32,49.86,,49.2
2025-11-14 18:30:00,EC,Balance of Trade,https://tradingeconomics.com/ecuador/balance-of-trade,$104.46M,$437.1M,,$251.0M
2025-11-16 00:00:00,CL,,https://tradingeconomics.com,,,,
2025-11-16 11:00:00,IL,Balance of Trade,https://tradingeconomics.com/israel/balance-of-trade,,$-3165.3M,,$-3400.0M
2025-11-16 11:00:00,IL,Exports,https://tradingeconomics.com/israel/exports,,$4695.6M,,
2025-11-16 11:00:00,IL,GDP Growth Annualized 1st Est,https://tradingeconomics.com/israel/gdp-growth-annualized,,-3.9%,,2.1%
2025-11-16 11:00:00,IL,Imports,https://tradingeconomics.com/israel/imports,,$7860.9M,,
2025-11-16 21:30:00,NZ,Composite NZ PCI,https://tradingeconomics.com/new-zealand/composite-pmi,,49,,49.5
2025-11-16 21:30:00,NZ,Services NZ PSI,https://tradingeconomics.com/new-zealand/services-pmi,,48.3,,48.9
2025-11-16 21:45:00,NZ,Food Inflation YoY,https://tradingeconomics.com/new-zealand/food-inflation,,4.1%,,4.3%
2025-11-17 02:30:00,TH,GDP Growth Rate QoQ,https://tradingeconomics.com/thailand/gdp-growth,,0.6%,-0.3%,-0.6%
2025-11-17 02:30:00,TH,GDP Growth Rate YoY,https://tradingeconomics.com/thailand/gdp-growth-annual,,2.8%,1.6%,1.5%
2025-11-17 07:00:00,NO,Balance of Trade,https://tradingeconomics.com/norway/balance-of-trade,,NOK36.9B,,NOK45.4B
2025-11-17 08:00:00,CH,GDP Growth Rate QoQ Flash,https://tradingeconomics.com/switzerland/gdp-growth,,0.1%,,0.3%
2025-11-17 09:00:00,BG,Inflation Rate MoM,https://tradingeconomics.com/bulgaria/inflation-rate-mom,,-0.8%,,1.0%
2025-11-17 09:00:00,BG,Inflation Rate YoY,https://tradingeconomics.com/bulgaria/inflation-cpi,,5.6%,,5.5%
2025-11-17 09:30:00,MN,GDP Growth Rate YoY,https://tradingeconomics.com/mongolia/gdp-growth-annual,,5.6%,,2.0%
2025-11-17 11:00:00,IL,Unemployment Rate,https://tradingeconomics.com/israel/unemployment-rate,,3.0%,,3.0%
2025-11-17 11:00:00,NO,,https://tradingeconomics.com,,,,
2025-11-17 12:00:00,TN,GDP Growth Rate QoQ,https://tradingeconomics.com/tunisia/gdp-growth,,1.8%,,1.6%
2025-11-17 12:00:00,TN,GDP Growth Rate YoY,https://tradingeconomics.com/tunisia/gdp-growth-annual,,3.2%,,3.4%
2025-11-17 13:00:00,BY,Industrial Production YoY,https://tradingeconomics.com/belarus/industrial-production,,-0.8%,,-0.8%
2025-11-17 13:00:00,PL,Core Inflation Rate YoY,https://tradingeconomics.com/poland/core-inflation-rate,,3.2%,2.9%,3.1%
,NL,3-Month Bill Auction,https://tradingeconomics.com/netherlands/3-month-bill-yield,,1.948%,,
,NL,6-Month Bill Auction,https://tradingeconomics.com/netherlands/6-month-bill-yield,,1.969%,,
,EG,Unemployment Rate,https://tradingeconomics.com/egypt/unemployment-rate,,6.1%,,6.4%
,UA,Balance of Trade,https://tradingeconomics.com/ukraine/balance-of-trade,,$-3589.8M,,$ -2850M
2025-11-18 01:35:00,NZ,1-Year Bill Auction,https://tradingeconomics.com/new-zealand/52-week-bill-yield,,2.3850%,,
2025-11-18 01:35:00,NZ,3-Month Bill Auction,https://tradingeconomics.com/new-zealand/3-month-bill-yield,,2.3900%,,
2025-11-18 01:35:00,NZ,6-Month Bill Auction,https://tradingeconomics.com/new-zealand/6-month-bill-yield,,2.3717%,,
2025-11-18 07:30:00,HU,Gross Wage YoY,https://tradingeconomics.com/hungary/wage-growth,,8.7%,,7.5%
2025-11-18 07:30:00,CH,Industrial Production YoY,https://tradingeconomics.com/switzerland/industrial-production,,-0.1%,,-0.6%
2025-11-18 08:00:00,CZ,PPI MoM,https://tradingeconomics.com/czech-republic/producer-price-inflation-mom,,-0.4%,,0.0%
2025-11-18 08:00:00,CZ,PPI YoY,https://tradingeconomics.com/czech-republic/producer-prices-change,,-1%,-1.2%,-1.1%
2025-11-18 08:30:00,HK,Unemployment Rate,https://tradingeconomics.com/hong-kong/unemployment-rate,,3.9%,,3.8%
2025-11-18 09:30:00,RW,Interest Rate Decision,https://tradingeconomics.com/rwanda/interest-rate,,6.75%,,6.75%
2025-11-18 10:00:00,BG,Current Account,https://tradingeconomics.com/bulgaria/current-account,,301.6M,,-150.0M
2025-11-18 10:00:00,MU,Balance of Trade,https://tradingeconomics.com/mauritius/balance-of-trade,,MUR-17.8B,,MUR -19.0B
2025-11-18 10:30:00,BE,Construction Output YoY,https://tradingeconomics.com/belgium/construction-output,,6.7%,,2.4%
2025-11-18 10:30:00,HU,,https://tradingeconomics.com,,6.26%,,
2025-11-18 11:20:00,FI,,https://tradingeconomics.com,,,,
2025-11-18 11:30:00,CL,Current Account,https://tradingeconomics.com/chile/current-account,,$-3.25B,,$ -4.1B
2025-11-18 11:30:00,CL,GDP Growth Rate QoQ,https://tradingeconomics.com/chile/gdp-growth,,0.4%,,0.2%
2025-11-18 11:30:00,CL,GDP Growth Rate YoY,https://tradingeconomics.com/chile/gdp-growth-annual,,3.1%,,2.8%
2025-11-18 13:00:00,HU,Deposit Interest Rate,https://tradingeconomics.com/hungary/deposit-interest-rate,,5.5%,,5.5%
2025-11-18 13:00:00,HU,Interest Rate Decision,https://tradingeconomics.com/hungary/interest-rate,,6.5%,6.5%,6.5%
2025-11-18 14:00:00,AO,Interest Rate Decision,https://tradingeconomics.com/angola/interest-rate,,19%,,19%
2025-11-18 16:00:00,CO,GDP Growth Rate QoQ,https://tradingeconomics.com/colombia/gdp-growth,,0.5%,,0.8%
2025-11-18 16:00:00,CO,GDP Growth Rate YoY,https://tradingeconomics.com/colombia/gdp-growth-annual,,2.1%,,1.8%
2025-11-18 16:00:00,CO,ISE Economic Activity YoY,https://tradingeconomics.com/colombia/leading-economic-index,,1.98%,,2.1%
2025-11-18 20:00:00,UY,Interest Rate Decision,https://tradingeconomics.com/uruguay/interest-rate,,8.25%,,8%
2025-11-18 21:45:00,NZ,PPI Input QoQ,https://tradingeconomics.com/new-zealand/ppi-input,,0.6%,,0.8%
2025-11-18 21:45:00,NZ,PPI Output QoQ,https://tradingeconomics.com/new-zealand/producer-price-inflation-mom,,0.6%,,0.9%
,DK,,https://tradingeconomics.com,,,,
,TL,Inflation Rate MoM,https://tradingeconomics.com/east-timor/inflation-rate-mom,,0.1%,,0.2%
,TL,Inflation Rate YoY,https://tradingeconomics.com/east-timor/inflation-cpi,,0.9%,,1.1%
,NZ,Global Dairy Trade Price Index,https://tradingeconomics.com/new-zealand/global-dairy-trade-price-index,,-2.4%,,-2.1%
2025-11-19 04:00:00,MY,Balance of Trade,https://tradingeconomics.com/malaysia/balance-of-trade,,MYR19.9B,,MYR18.5B
2025-11-19 04:00:00,MY,Exports YoY,https://tradingeconomics.com/malaysia/exports-yoy,,12.2%,,
2025-11-19 04:00:00,MY,Imports YoY,https://tradingeconomics.com/malaysia/imports-yoy,,7.3%,,
2025-11-19 07:00:00,GE,Balance of Trade,https://tradingeconomics.com/georgia/balance-of-trade,,$-737.3M,,$-700.0M
2025-11-19 07:00:00,GE,Unemployment Rate,https://tradingeconomics.com/georgia/unemployment-rate,,14.3%,,14.4%
2025-11-19 08:00:00,AT,Harmonised Inflation Rate MoM Final,https://tradingeconomics.com/austria/harmonised-inflation-rate-mom,,0%,0.5%,0.5%
2025-11-19 08:00:00,AT,Harmonised Inflation Rate YoY Final,https://tradingeconomics.com/austria/harmonised-inflation-rate-yoy,,3.9%,4%,4.0%
2025-11-19 08:00:00,AT,Inflation Rate MoM Final,https://tradingeconomics.com/austria/inflation-rate-mom,,-0.2%,0.4%,0.4%
2025-11-19 08:00:00,AT,Inflation Rate YoY Final,https://tradingeconomics.com/austria/inflation-cpi,,4.0%,4%,4.0%
2025-11-19 08:00:00,MD,PPI YoY,https://tradingeconomics.com/moldova/producer-prices-change,,7.1%,,7.2%
2025-11-19 08:00:00,SK,Harmonised Inflation Rate MoM,https://tradingeconomics.com/slovakia/harmonised-inflation-rate-mom,,0.2%,0%,0.1%
2025-11-19 08:00:00,SK,Harmonised Inflation Rate YoY,https://tradingeconomics.com/slovakia/harmonised-inflation-rate-yoy,,4.6%,3.8%,3.9%
2025-11-19 08:30:00,IS,Interest Rate Decision,https://tradingeconomics.com/iceland/interest-rate,,7.5%,,7.5%
2025-11-19 09:00:00,MT,Inflation Rate YoY,https://tradingeconomics.com/malta/inflation-cpi,,2.4%,,2.3%
2025-11-19 09:25:00,DK,,https://tradingeconomics.com,,,,
2025-11-19 10:05:00,SE,,https://tradingeconomics.com,,,,
2025-11-19 10:05:00,SE,2035 SGB Auction,https://tradingeconomics.com/sweden/government-bond-yield,,,,
2025-11-19 10:30:00,HU,,https://tradingeconomics.com,,6.19%,,
2025-11-19 11:00:00,IE,Balance of Trade,https://tradingeconomics.com/ireland/balance-of-trade,,5.25B,,5.1B
2025-11-19 11:00:00,IE,Residential Property Prices MoM,https://tradingeconomics.com/ireland/house-price-index-mom,,1%,,0.8%
2025-11-19 11:00:00,IE,Residential Property Prices YoY,https://tradingeconomics.com/ireland/house-price-index-yoy,,7.4%,,7.4%
2025-11-19 11:00:00,PT,PPI MoM,https://tradingeconomics.com/portugal/producer-price-inflation-mom,,-0.3%,,-0.4%
2025-11-19 11:00:00,PT,PPI YoY,https://tradingeconomics.com/portugal/producer-prices-change,,-3.7%,,-4.0%
2025-11-19 11:00:00,RS,Current Account,https://tradingeconomics.com/serbia/current-account,,$-460M,,$-600.0M
2025-11-19 11:30:00,PT,Current Account,https://tradingeconomics.com/portugal/current-account,,1551M,,1050.0M
2025-11-19 12:00:00,ME,Current Account,https://tradingeconomics.com/montenegro/current-account,,-450M,,
2025-11-19 15:00:00,CO,Balance of Trade,https://tradingeconomics.com/colombia/balance-of-trade,,$-2.01B,,$ -1.9B
2025-11-19 15:00:00,CO,Imports YoY,https://tradingeconomics.com/colombia/imports-yoy,,5.7%,,4.0%
2025-11-20 05:30:00,NL,Consumer Confidence,https://tradingeconomics.com/netherlands/consumer-confidence,,-27.0,,-26
2025-11-20 05:30:00,NL,Unemployment Rate,https://tradingeconomics.com/netherlands/unemployment-rate,,4%,,3.8%
2025-11-20 06:00:00,EE,PPI MoM,https://tradingeconomics.com/estonia/producer-price-inflation-mom,,0.5%,,0.1%
2025-11-20 06:00:00,EE,PPI YoY,https://tradingeconomics.com/estonia/producer-prices-change,,0.5%,,0.4%
2025-11-20 07:00:00,DK,Business Confidence,https://tradingeconomics.com/denmark/business-confidence,,92.3,,92.5
2025-11-20 07:00:00,DK,Consumer Confidence,https://tradingeconomics.com/denmark/consumer-confidence,,-19.5,,-18.9
2025-11-20 07:00:00,DK,GDP Growth Rate QoQ Prel,https://tradingeconomics.com/denmark/gdp-growth,,1%,,0.5%
2025-11-20 07:00:00,DK,GDP Growth Rate YoY Prel,https://tradingeconomics.com/denmark/gdp-growth-annual,,1.6%,,1.6%
2025-11-20 07:00:00,GE,PPI YoY,https://tradingeconomics.com/georgia/producer-prices-change,,4.4%,,4.8%
2025-11-20 07:00:00,CH,Balance of Trade,https://tradingeconomics.com/switzerland/balance-of-trade,,CHF2.8B,,CHF 3.1B
2025-11-20 08:00:00,MD,Industrial Production YoY,https://tradingeconomics.com/moldova/industrial-production,,3.3%,,3.3%
2025-11-20 08:00:00,TW,Export Orders YoY,https://tradingeconomics.com/taiwan/new-orders,,30.5%,,32.0%
2025-11-20 08:20:00,TW,Current Account,https://tradingeconomics.com/taiwan/current-account,,$36.23B,,$34.0B
2025-11-20 08:30:00,HK,Inflation Rate MoM,https://tradingeconomics.com/hong-kong/inflation-rate-mom,,0.1%,,0.2%
2025-11-20 08:30:00,HK,Inflation Rate YoY,https://tradingeconomics.com/hong-kong/inflation-cpi,,1.1%,,1.1%
2025-11-20 09:00:00,GR,Current Account,https://tradingeconomics.com/greece/current-account,,1.097B,,0.2B
2025-11-20 09:00:00,PL,Consumer Confidence,https://tradingeconomics.com/poland/consumer-confidence,,-10.9,,-10.7
2025-11-20 09:30:00,SI,Consumer Confidence,https://tradingeconomics.com/slovenia/consumer-confidence,,-25,,-24
2025-11-20 10:00:00,BE,Consumer Confidence,https://tradingeconomics.com/belgium/consumer-confidence,,0,,1
2025-11-20 10:00:00,HR,Unemployment Rate,https://tradingeconomics.com/croatia/unemployment-rate,,4.1%,,4.2%
2025-11-20 10:00:00,MO,Tourist Arrivals YoY,https://tradingeconomics.com/macau/tourist-arrivals,,9.8%,,
2025-11-20 10:30:00,HU,,https://tradingeconomics.com,,6.27%,,
2025-11-20 11:00:00,LU,Unemployment Rate,https://tradingeconomics.com/luxembourg/unemployment-rate,,6.1%,,6.1%
2025-11-20 16:00:00,EG,Interest Rate Decision,https://tradingeconomics.com/egypt/interest-rate,,21%,,21.0%
2025-11-20 16:00:00,EG,Overnight Lending Rate,https://tradingeconomics.com/egypt/lending-rate,,22%,,22%
2025-11-20 17:30:00,UY,Unemployment Rate,https://tradingeconomics.com/uruguay/unemployment-rate,,6.9%,,
2025-11-20 21:30:00,JM,Interest Rate Decision,https://tradingeconomics.com/jamaica/interest-rate,,5.75%,,5.75%
2025-11-20 21:45:00,NZ,Balance of Trade,https://tradingeconomics.com/new-zealand/balance-of-trade,,NZ$-1.355B,,NZ$-1.24B
2025-11-20 21:45:00,NZ,Exports,https://tradingeconomics.com/new-zealand/exports,,NZ$5.82B,,NZ$5.91B
2025-11-20 21:45:00,NZ,Imports,https://tradingeconomics.com/new-zealand/imports,,NZ$7.18B,,NZ$7.15B
,MA,Inflation Rate MoM,https://tradingeconomics.com/morocco/inflation-rate-mom,,0.2%,,0.3%
,MA,Inflation Rate YoY,https://tradingeconomics.com/morocco/inflation-cpi,,0.4%,,0.5%
,AM,GDP Growth Rate YoY,https://tradingeconomics.com/armenia/gdp-growth-annual,,5.9%,,4.6%
,OM,Inflation Rate MoM,https://tradingeconomics.com/oman/inflation-rate-mom,,0.6%,,0.4%
,OM,Inflation Rate YoY,https://tradingeconomics.com/oman/inflation-cpi,,1.1%,,1.3%
,IL,Inflation Expectations,https://tradingeconomics.com/israel/inflation-expectations,,1.9%,,1.9%
,SK,Unemployment Rate,https://tradingeconomics.com/slovakia/unemployment-rate,,5%,5%,5.0%
2025-11-21 02:00:00,NZ,,https://tradingeconomics.com,,0.2%,,0.4%
2025-11-21 04:00:00,MY,Inflation Rate MoM,https://tradingeconomics.com/malaysia/inflation-rate-mom,,0.2%,,0.2%
2025-11-21 04:00:00,MY,Inflation Rate YoY,https://tradingeconomics.com/malaysia/inflation-cpi,,1.5%,,1.5%
2025-11-21 07:00:00,LT,Industrial Production MoM,https://tradingeconomics.com/lithuania/industrial-production-mom,,-1.5%,,1.2%
2025-11-21 07:00:00,LT,Industrial Production YoY,https://tradingeconomics.com/lithuania/industrial-production,,0.4%,,1.0%
2025-11-21 07:00:00,NO,GDP Growth Mainland QoQ,https://tradingeconomics.com/norway/gdp-growth-non-oil-sector,,0.6%,,0.4%
2025-11-21 07:00:00,NO,GDP Growth Rate QoQ,https://tradingeconomics.com/norway/gdp-growth,,0.8%,,0.4%
2025-11-21 07:00:00,NO,GDP Growth Rate YoY,https://tradingeconomics.com/norway/gdp-growth-annual,,-2.1%,,0.1%
2025-11-21 07:00:00,SE,Capacity Utilization QoQ,https://tradingeconomics.com/sweden/capacity-utilization,,0.4%,,0.2%
2025-11-21 07:00:00,SE,Industrial Inventories QoQ,https://tradingeconomics.com/sweden/business-inventories,,SEK1.96B,,SEK 1.5B
2025-11-21 09:00:00,PL,Business Confidence,https://tradingeconomics.com/poland/business-confidence,,-8,,-8.2
2025-11-21 09:30:00,SI,PPI YoY,https://tradingeconomics.com/slovenia/producer-prices-change,,0.7%,,0.9%
2025-11-21 10:00:00,MO,Inflation Rate MoM,https://tradingeconomics.com/macau/inflation-rate-mom,,0.1%,,0.1%
2025-11-21 10:00:00,MO,Inflation Rate YoY,https://tradingeconomics.com/macau/inflation-cpi,,0.47%,,0.6%
2025-11-21 11:00:00,IE,Wholesale Prices MoM,https://tradingeconomics.com/ireland/producer-price-inflation-mom,,-0.4%,,1.2%
2025-11-21 11:00:00,IE,Wholesale Prices YoY,https://tradingeconomics.com/ireland/producer-prices-change,,-2.6%,,-3.0%
2025-11-21 12:40:00,CH,SNB Schlegel Speech,https://tradingeconomics.com/switzerland/interest-rate,,,,
2025-11-21 20:00:00,PY,Interest Rate Decision,https://tradingeconomics.com/paraguay/interest-rate,,6%,,5.75%
2025-11-21 21:00:00,SV,Balance of Trade,https://tradingeconomics.com/el-salvador/balance-of-trade,,$-961.73M,,
,TH,New Car Sales YoY,https://tradingeconomics.com/thailand/total-vehicle-sales,,23.82%,,
,SK,Current Account,https://tradingeconomics.com/slovakia/current-account,,-352.3M,,-550.0M
,SI,Unemployment Rate,https://tradingeconomics.com/slovenia/unemployment-rate,,4.5%,,4.6%
,PE,Current Account,https://tradingeconomics.com/peru/current-account,,$0.724B,,$ 0.7B
,CR,Balance of Trade,https://tradingeconomics.com/costa-rica/balance-of-trade,,$-2004.6M,,$-2940.0M
2025-11-23 11:00:00,IL,Manufacturing Production MoM,https://tradingeconomics.com/israel/manufacturing-production-mom,,5.5%,,4.1%
2025-11-24 04:00:00,KG,Interest Rate Decision,https://tradingeconomics.com/kyrgyzstan/interest-rate,,10%,,
2025-11-24 06:00:00,FI,Export Prices YoY,https://tradingeconomics.com/finland/export-prices-yoy,,-1.0%,,
2025-11-24 06:00:00,FI,Import Prices YoY,https://tradingeconomics.com/finland/import-prices-yoy,,-1.0%,,
2025-11-24 06:00:00,FI,PPI YoY,https://tradingeconomics.com/finland/producer-prices-change,,-0.3%,,
2025-11-24 07:00:00,NO,Loan Growth YoY,https://tradingeconomics.com/norway/loan-growth,,3.8%,,
2025-11-24 08:00:00,CZ,Business Confidence,https://tradingeconomics.com/czech-republic/business-confidence,,103.4,,103.8
2025-11-24 08:00:00,CZ,Consumer Confidence,https://tradingeconomics.com/czech-republic/consumer-confidence,,107.4,,108
2025-11-24 08:00:00,PS,Balance of Trade,https://tradingeconomics.com/palestine/balance-of-trade,,$-476.6M,,
2025-11-24 08:00:00,TW,Unemployment Rate,https://tradingeconomics.com/taiwan/unemployment-rate,,3.35%,,3.4%
2025-11-24 08:20:00,TW,M2 Money Supply YoY,https://tradingeconomics.com/taiwan/money-supply-m2,,5.44%,,
2025-11-24 09:00:00,PL,Corporate Sector Wages YoY,https://tradingeconomics.com/poland/wage-growth,,7.5%,,
2025-11-24 09:00:00,PL,Employment Growth YoY,https://tradingeconomics.com/poland/employment-change-yoy,,-0.8%,,
2025-11-24 09:00:00,PL,Industrial Production YoY,https://tradingeconomics.com/poland/industrial-production,,7.4%,,
2025-11-24 09:00:00,PL,PPI YoY,https://tradingeconomics.com/poland/producer-prices-change,,-1.2%,,
2025-11-24 09:30:00,SI,Business Confidence,https://tradingeconomics.com/slovenia/business-confidence,,-6,,-5
2025-11-24 11:00:00,LV,PPI MoM,https://tradingeconomics.com/latvia/producer-price-inflation-mom,,0.1%,,0.6%
2025-11-24 11:00:00,LV,PPI YoY,https://tradingeconomics.com/latvia/producer-prices-change,,1.4%,,1.5%
2025-11-24 12:00:00,CL,PPI YoY,https://tradingeconomics.com/chile/producer-prices-change,,9.5%,,
2025-11-24 14:00:00,BE,Business Confidence,https://tradingeconomics.com/belgium/business-confidence,,-9.1,,-9.6
2025-11-24 14:00:00,IL,Interest Rate Decision,https://tradingeconomics.com/israel/interest-rate,,4.5%,,4.5%
2025-11-24 19:00:00,PY,PPI YoY,https://tradingeconomics.com/paraguay/producer-prices-change,,3.35%,,
,LB,Inflation Rate YoY,https://tradingeconomics.com/lebanon/inflation-cpi,,15.1%,,
,XK,Balance of Trade,https://tradingeconomics.com/kosovo/balance-of-trade,,-520.5M,,
2025-11-25 00:00:00,SG,GDP Growth Rate QoQ Final,https://tradingeconomics.com/singapore/gdp-growth,,1.5%,1.3%,1.3%
2025-11-25 00:00:00,SG,GDP Growth Rate YoY Final,https://tradingeconomics.com/singapore/gdp-growth-annual,,4.5%,2.9%,2.9%
2025-11-25 01:00:00,SG,Current Account,https://tradingeconomics.com/singapore/current-account,,S$34.80B,,S$35.90B
2025-11-25 01:35:00,NZ,1-Year Bill Auction,https://tradingeconomics.com/new-zealand/52-week-bill-yield,,,,
2025-11-25 01:35:00,NZ,3-Month Bill Auction,https://tradingeconomics.com/new-zealand/3-month-bill-yield,,,,
2025-11-25 01:35:00,NZ,6-Month Bill Auction,https://tradingeconomics.com/new-zealand/6-month-bill-yield,,,,
2025-11-25 02:30:00,KR,20-Year KTB Auction,https://tradingeconomics.com/south-korea/20-year-bond-yield,,2.941%,,
2025-11-25 03:30:00,TH,Balance of Trade,https://tradingeconomics.com/thailand/balance-of-trade,,$1.28B,,$-0.2B
2025-11-25 04:00:00,MY,Coincident Index MoM,https://tradingeconomics.com/malaysia/coincident-index,,-0.6%,,0.2%
2025-11-25 04:00:00,MY,Leading Index MoM,https://tradingeconomics.com/malaysia/leading-economic-index,,-0.8%,,0.3%
2025-11-25 05:00:00,EU,New Car Registrations YoY,https://tradingeconomics.com/european-union/car-registrations,,10.0%,,
2025-11-25 05:00:00,SG,MAS 12-Week Bill Auction,https://tradingeconomics.com/singapore/3-month-bill-yield,,,,
2025-11-25 05:00:00,SG,MAS 4-Week Bill Auction,https://tradingeconomics.com/singapore/1-month-bill-yield,,,,
2025-11-25 06:00:00,FI,Unemployment Rate,https://tradingeconomics.com/finland/unemployment-rate,,9.1%,,
2025-11-25 06:00:00,SA,Balance of Trade,https://tradingeconomics.com/saudi-arabia/balance-of-trade,,SAR24.2B,,SAR 19.5B
2025-11-25 06:00:00,SA,Exports,https://tradingeconomics.com/saudi-arabia/exports,,SAR99.1B,,SAR 95B
2025-11-25 06:00:00,SA,Imports,https://tradingeconomics.com/saudi-arabia/imports,,SAR74.9B,,SAR 71.5B
2025-11-25 07:00:00,DE,GDP Growth Rate QoQ Final,https://tradingeconomics.com/germany/gdp-growth,,-0.2%,0%,0.0%
2025-11-25 07:00:00,DE,GDP Growth Rate YoY Final,https://tradingeconomics.com/germany/gdp-growth-annual,,0.3%,0.3%,0.3%
2025-11-25 07:00:00,ZA,Leading Business Cycle Indicator MoM,https://tradingeconomics.com/south-africa/leading-economic-index,,1.6%,,
2025-11-25 07:00:00,SE,PPI MoM,https://tradingeconomics.com/sweden/producer-price-inflation-mom,,-0.7%,,
2025-11-25 07:00:00,SE,PPI YoY,https://tradingeconomics.com/sweden/producer-prices-change,,0.5%,,
2025-11-25 07:45:00,FR,Consumer Confidence,https://tradingeconomics.com/france/consumer-confidence,,90,,
2025-11-25 08:00:00,ES,PPI YoY,https://tradingeconomics.com/spain/producer-prices-change,,0.3%,,0.4%
2025-11-25 09:30:00,ZA,,https://tradingeconomics.com,,,,
2025-11-25 10:00:00,GB,,https://tradingeconomics.com,,,,
2025-11-25 10:10:00,IT,,https://tradingeconomics.com,,,,
2025-11-25 10:30:00,DE,5-Year Bobl Auction,https://tradingeconomics.com/germany/5-year-note-yield,,,,
2025-11-25 11:00:00,GB,CBI Distributive Trades,https://tradingeconomics.com/united-kingdom/cbi-distributive-trades,,-27,,-25
2025-11-25 11:30:00,BR,Current Account,https://tradingeconomics.com/brazil/current-account,,$-9.77B,,
2025-11-25 11:30:00,BR,Foreign Direct Investment,https://tradingeconomics.com/brazil/foreign-direct-investment,,$10.67B,,
2025-11-25 12:00:00,MX,Retail Sales MoM,https://tradingeconomics.com/mexico/retail-sales,,0.6%,,0.3%
2025-11-25 12:00:00,MX,Retail Sales YoY,https://tradingeconomics.com/mexico/retail-sales-annual,,2.4%,,-0.8%
2025-11-25 13:15:00,US,ADP Employment Change Weekly,https://tradingeconomics.com/united-states/adp-employment-change-weekly,,,,
2025-11-25 13:55:00,US,Redbook YoY,https://tradingeconomics.com/united-states/redbook-index,,,,
2025-11-25 14:00:00,US,S&P/Case-Shiller Home Price YoY,https://tradingeconomics.com/united-states/case-shiller-home-price-index-yoy,,1.6%,,1.5%
2025-11-25 14:00:00,US,House Price Index,https://tradingeconomics.com/united-states/housing-index,,435.3,,
2025-11-25 14:00:00,US,House Price Index MoM,https://tradingeconomics.com/united-states/house-price-index-mom,,0.4%,,
2025-11-25 14:00:00,US,House Price Index YoY,https://tradingeconomics.com/united-states/house-price-index-yoy,,2.3%,,
2025-11-25 14:00:00,US,S&P/Case-Shiller Home Price MoM,https://tradingeconomics.com/united-states/case-shiller-home-price-index-mom,,-0.6%,,-0.4%
2025-11-25 15:00:00,MX,Current Account,https://tradingeconomics.com/mexico/current-account,,,$206M,$ -1500M
2025-11-25 15:00:00,US,,https://tradingeconomics.com,,94.6,,
2025-11-25 15:00:00,US,Pending Home Sales MoM,https://tradingeconomics.com/united-states/pending-home-sales-mom,,0.0%,,
2025-11-25 15:00:00,US,Pending Home Sales YoY,https://tradingeconomics.com/united-states/pending-home-sales,,,,
2025-11-25 15:00:00,US,Richmond Fed Manufacturing Index,https://tradingeconomics.com/united-states/richmond-fed-manufacturing-index,,-4,,
2025-11-25 15:00:00,US,Richmond Fed Manufacturing Shipments Index,https://tradingeconomics.com/united-states/richmond-fed-manufacturing-shipments,,4,,
2025-11-25 15:00:00,US,Richmond Fed Services Revenues Index,https://tradingeconomics.com/united-states/richmond-fed-services-index,,4,,
2025-11-25 15:30:00,US,Dallas Fed Services Index,https://tradingeconomics.com/united-states/dallas-fed-services-index,,,,
2025-11-25 15:30:00,US,Dallas Fed Services Revenues Index,https://tradingeconomics.com/united-states/dallas-fed-services-revenues-index,,-6.4,,-3
2025-11-25 16:30:00,US,,https://tradingeconomics.com,,0.190%,,
2025-11-25 16:30:00,US,52-Week Bill Auction,https://tradingeconomics.com/united-states/52-week-bill-yield,,,,
2025-11-25 18:00:00,US,5-Year Note Auction,https://tradingeconomics.com/united-states/5-year-note-yield,,3.625%,,
2025-11-25 18:00:00,US,Money Supply,https://tradingeconomics.com/united-states/money-supply-m2,,$22.21T,,
2025-11-25 21:00:00,KR,Business Confidence,https://tradingeconomics.com/south-korea/business-confidence,,68,,69
2025-11-25 21:30:00,US,API Crude Oil Stock Change,https://tradingeconomics.com/united-states/api-crude-oil-stock-change,,,,
2025-11-26 00:30:00,AU,Construction Work Done QoQ,https://tradingeconomics.com/australia/construction-output,,3.0%,,0.1%
2025-11-26 00:30:00,AU,Inflation Rate MoM,https://tradingeconomics.com/australia/inflation-rate-mom,,,,
2025-11-26 00:30:00,AU,Inflation Rate YoY,https://tradingeconomics.com/australia/inflation-cpi,,,,
2025-11-26 00:30:00,AU,RBA Trimmed Mean CPI MoM,https://tradingeconomics.com/australia/trimmed-mean-cpi-qoq,,,,
2025-11-26 00:30:00,AU,RBA Trimmed Mean CPI YoY,https://tradingeconomics.com/australia/core-inflation-rate,,,,
2025-11-26 00:30:00,AU,CPI,https://tradingeconomics.com/australia/consumer-price-index-cpi,,,,
2025-11-26 00:30:00,AU,RBA Weighted Median CPI MoM,https://tradingeconomics.com/australia/weighted-median-cpi-qoq,,,,
2025-11-26 00:30:00,AU,RBA Weighted Median CPI YoY,https://tradingeconomics.com/australia/weighted-median-cpi-yoy,,,,
2025-11-26 01:50:00,AU,RBA Smith Speech,https://tradingeconomics.com/australia/interest-rate,,,,
2025-11-26 03:35:00,JP,40-Year JGB Auction,https://tradingeconomics.com/japan/40-year-bond-yield,,,,
2025-11-26 05:00:00,JP,Coincident Index Final,https://tradingeconomics.com/japan/coincident-index,,112.8,,114.6
2025-11-26 05:00:00,JP,Leading Economic Index Final,https://tradingeconomics.com/japan/leading-economic-index,,107.0,108.0,108.0
2025-11-26 05:00:00,SG,Industrial Production MoM,https://tradingeconomics.com/singapore/industrial-production-mom,,26.3%,,-15.0%
2025-11-26 05:00:00,SG,Industrial Production YoY,https://tradingeconomics.com/singapore/industrial-production,,16.1%,,12.0%
2025-11-26 10:10:00,IT,6-Month BOT Auction,https://tradingeconomics.com/italy/6-month-bill-yield,,,,
2025-11-26 10:30:00,DE,10-Year Bund Auction,https://tradingeconomics.com/germany/government-bond-yield,,2.62%,,
2025-11-26 11:30:00,BR,Bank Lending MoM,https://tradingeconomics.com/brazil/loan-growth,,1.1%,,
2025-11-26 11:30:00,IN,M3 Money Supply YoY,https://tradingeconomics.com/india/money-supply-m3,,9.3%,,
2025-11-26 12:00:00,BR,IPCA mid-month CPI MoM,https://tradingeconomics.com/brazil/mid-month-inflation-rate-mom,,0.18%,,
2025-11-26 12:00:00,BR,IPCA mid-month CPI YoY,https://tradingeconomics.com/brazil/mid-month-inflation-rate-yoy,,4.94%,,
2025-11-26 12:00:00,US,MBA 30-Year Mortgage Rate,https://tradingeconomics.com/united-states/mortgage-rate,,,,
2025-11-26 12:00:00,US,MBA Mortgage Applications,https://tradingeconomics.com/united-states/mortgage-applications,,,,
2025-11-26 12:00:00,US,MBA Mortgage Market Index,https://tradingeconomics.com/united-states/mba-mortgage-market-index,,,,
2025-11-26 12:00:00,US,MBA Mortgage Refinance Index,https://tradingeconomics.com/united-states/mba-mortgage-refinance-index,,,,
2025-11-26 12:00:00,US,MBA Purchase Index,https://tradingeconomics.com/united-states/mba-purchase-index,,,,
2025-11-26 13:30:00,US,Durable Goods Orders MoM,https://tradingeconomics.com/united-states/durable-goods-orders,,,,
2025-11-26 13:30:00,US,GDP Growth Rate QoQ 2nd Est,https://tradingeconomics.com/united-states/gdp-growth,,,,1.0%
2025-11-26 13:30:00,US,Corporate Profits QoQ Prel,https://tradingeconomics.com/united-states/corporate-profits,,0.2%,,
2025-11-26 13:30:00,US,Durable Goods Orders Ex Transp MoM,https://tradingeconomics.com/united-states/durable-goods-orders-ex-transportation,,,,
2025-11-26 13:30:00,US,GDP Price Index QoQ 2nd Est,https://tradingeconomics.com/united-states/gdp-deflator,,,,
2025-11-26 13:30:00,US,Goods Trade Balance Adv,https://tradingeconomics.com/united-states/goods-trade-balance,,,,
2025-11-26 13:30:00,US,Initial Jobless Claims,https://tradingeconomics.com/united-states/jobless-claims,,,,
2025-11-26 13:30:00,US,Retail Inventories Ex Autos MoM Adv,https://tradingeconomics.com/united-states/retail-inventories-ex-autos,,,,
2025-11-26 13:30:00,US,Wholesale Inventories MoM Adv,https://tradingeconomics.com/united-states/wholesale-inventories,,,,
2025-11-26 13:30:00,US,Continuing Jobless Claims,https://tradingeconomics.com/united-states/continuing-jobless-claims,,,,
2025-11-26 13:30:00,US,Core PCE Prices QoQ 2nd Est,https://tradingeconomics.com/united-states/core-pce-prices-qoq,,,,
2025-11-26 13:30:00,US,Durable Goods Orders ex Defense MoM,https://tradingeconomics.com/united-states/durable-goods-orders-ex-defense,,,,
2025-11-26 13:30:00,US,GDP Sales QoQ 2nd Est,https://tradingeconomics.com/united-states/gdp-sales-qoq,,,,
2025-11-26 13:30:00,US,Jobless Claims 4-week Average,https://tradingeconomics.com/united-states/jobless-claims-4-week-average,,,,
2025-11-26 13:30:00,US,Non Defense Goods Orders Ex Air,https://tradingeconomics.com/united-states/non-defense-capital-goods-orders-ex-aircraft,,,,
2025-11-26 13:30:00,US,PCE Prices QoQ 2nd Est,https://tradingeconomics.com/united-states/pce-prices-qoq,,,,
2025-11-26 13:30:00,US,Real Consumer Spending QoQ 2nd Est,https://tradingeconomics.com/united-states/real-consumer-spending,,,,
2025-11-26 14:45:00,US,Chicago PMI,https://tradingeconomics.com/united-states/chicago-pmi,,43.8,,
2025-11-26 15:00:00,US,Core PCE Price Index MoM,https://tradingeconomics.com/united-states/core-pce-price-index-mom,,,,
2025-11-26 15:00:00,US,Personal Income MoM,https://tradingeconomics.com/united-states/personal-income,,,,
2025-11-26 15:00:00,US,Personal Spending MoM,https://tradingeconomics.com/united-states/personal-spending,,,,
2025-11-26 15:00:00,US,New Home Sales,https://tradingeconomics.com/united-states/new-home-sales,,,,
2025-11-26 15:00:00,US,New Home Sales MoM,https://tradingeconomics.com/united-states/new-home-sales-mom,,,,
2025-11-26 15:00:00,US,PCE Price Index MoM,https://tradingeconomics.com/united-states/pce-price-index-monthly-change,,,,
2025-11-26 15:00:00,US,PCE Price Index YoY,https://tradingeconomics.com/united-states/pce-price-index-annual-change,,,,
2025-11-26 15:00:00,US,Core PCE Price Index YoY,https://tradingeconomics.com/united-states/core-pce-price-index-annual-change,,,,
2025-11-26 15:30:00,US,EIA Crude Oil Stocks Change,https://tradingeconomics.com/united-states/crude-oil-stocks-change,,,,
2025-11-26 15:30:00,US,EIA Gasoline Stocks Change,https://tradingeconomics.com/united-states/gasoline-stocks-change,,,,
2025-11-26 15:30:00,US,EIA Crude Oil Imports Change,https://tradingeconomics.com/united-states/crude-oil-imports,,,,
2025-11-26 15:30:00,US,EIA Cushing Crude Oil Stocks Change,https://tradingeconomics.com/united-states/cushing-crude-oil-stocks,,,,
2025-11-26 15:30:00,US,EIA Distillate Fuel Production Change,https://tradingeconomics.com/united-states/distillate-fuel-production,,,,
2025-11-26 15:30:00,US,EIA Distillate Stocks Change,https://tradingeconomics.com/united-states/distillate-stocks,,,,
2025-11-26 15:30:00,US,EIA Gasoline Production Change,https://tradingeconomics.com/united-states/gasoline-production,,,,
2025-11-26 15:30:00,US,EIA Heating Oil Stocks Change,https://tradingeconomics.com/united-states/heating-oil-stocks,,,,
2025-11-26 15:30:00,US,EIA Refinery Crude Runs Change,https://tradingeconomics.com/united-states/refinery-crude-runs,,,,
2025-11-26 16:00:00,RU,Corporate Profits,https://tradingeconomics.com/russia/corporate-profits,,,,RUB 20T
2025-11-26 16:00:00,RU,Industrial Production YoY,https://tradingeconomics.com/russia/industrial-production,,0.3%,,-0.3%
2025-11-26 16:30:00,US,17-Week Bill Auction,https://tradingeconomics.com/united-states/17-week-bill-yield,,,,
2025-11-26 17:00:00,CA,2-Year Bond Auction,https://tradingeconomics.com/canada/2-year-note-yield,,,,
2025-11-26 17:00:00,US,15-Year Mortgage Rate,https://tradingeconomics.com/united-states/15-year-mortgage-rate,,,,
2025-11-26 17:00:00,US,30-Year Mortgage Rate,https://tradingeconomics.com/united-states/30-year-mortgage-rate,,,,
2025-11-26 17:00:00,US,EIA Natural Gas Stocks Change,https://tradingeconomics.com/united-states/natural-gas-stocks-change,,,,
2025-11-26 18:00:00,US,7-Year Note Auction,https://tradingeconomics.com/united-states/7-year-note-yield,,,,
2025-11-26 19:00:00,AR,Retail Sales YoY,https://tradingeconomics.com/argentina/retail-sales-annual,,25.1%,,20.0%
2025-11-26 19:00:00,US,Fed Beige Book,https://tradingeconomics.com/united-states/interest-rate,,,,
2025-11-17 01:30:00,SG,Non-Oil Exports MoM,https://tradingeconomics.com/singapore/exports-of-non-oil-domestic-exports-of,9.3%,13.1%,,
2025-11-17 06:40:00,IN,Passenger Vehicles Sales YoY,https://tradingeconomics.com/india/total-vehicle-sales,15.8%,-9.2%,,
2025-11-17 07:00:00,TR,Auto Production YoY,https://tradingeconomics.com/turkey/car-production,8.1%,-0.1%,,1.1%
2025-11-17 07:00:00,TR,Auto Sales YoY,https://tradingeconomics.com/turkey/total-vehicle-sales,19.4%,25.7%,,13.0%
2025-11-27 00:30:00,AU,Building Capital Expenditure QoQ,https://tradingeconomics.com/australia/building-capital-expenditure,,0.2%,,0.4%
2025-11-27 00:30:00,AU,Plant Machinery Capital Expenditure QoQ,https://tradingeconomics.com/australia/plant-machinery-capital-expenditure,,0.3%,,0.4%
2025-11-27 00:30:00,AU,Private Capital Expenditure QoQ,https://tradingeconomics.com/australia/private-investment,,0.2%,,0.5%
2025-11-27 01:00:00,KR,Interest Rate Decision,https://tradingeconomics.com/south-korea/interest-rate,,2.5%,,2.25%
2025-11-27 01:30:00,CN,Industrial Profits (YTD) YoY,https://tradingeconomics.com/china/corporate-profits,,3.2%,,3.8%
2025-11-27 07:00:00,DE,GfK Consumer Confidence,https://tradingeconomics.com/germany/consumer-confidence,,-24.1,,-22
2025-11-27 07:00:00,TR,Balance of Trade Final,https://tradingeconomics.com/turkey/balance-of-trade,,$-6.9B,,$-7.4B
2025-11-27 07:00:00,TR,Economic Confidence Index,https://tradingeconomics.com/turkey/economic-optimism-index,,98.2,,
2025-11-27 07:00:00,TR,Exports Final,https://tradingeconomics.com/turkey/exports,,$22.6B,,$24.0B
2025-11-27 07:00:00,TR,Imports Final,https://tradingeconomics.com/turkey/imports,,$29.5B,,$31.4B
2025-11-17 08:00:00,TR,Budget Balance,https://tradingeconomics.com/turkey/government-budget-value,TRY-223.2B,TRY-309.6B,,
2025-11-17 09:15:00,IN,Balance of Trade,https://tradingeconomics.com/india/balance-of-trade,$-41.68B,$-32.15B,$-29.4B,$-30.7B
2025-11-17 09:15:00,IN,Exports,https://tradingeconomics.com/india/exports,$34.38B,$36.38B,,$36.2B
2025-11-17 09:15:00,IN,Imports,https://tradingeconomics.com/india/imports,$76.06B,$68.53B,,$66.9B
2025-11-17 10:00:00,EU,,https://tradingeconomics.com,,,,
2025-11-17 15:00:00,US,Construction Spending MoM,https://tradingeconomics.com/united-states/construction-spending,0.2%,0.2%,-0.1%,0.1%
2025-11-18 15:00:00,US,Factory Orders MoM,https://tradingeconomics.com/united-states/factory-orders,,-1.3%,1.4%,1.4%
2025-11-18 15:00:00,US,Factory Orders ex Transportation,https://tradingeconomics.com/united-states/factory-orders-ex-transportation,,0.6%,,-0.5%
2025-11-19 07:20:00,ID,Loan Growth YoY,https://tradingeconomics.com/indonesia/loan-growth,,7.7%,,
2025-11-19 13:30:00,US,Balance of Trade,https://tradingeconomics.com/united-states/balance-of-trade,,$-78.3B,$-61B,$-63.0B
2025-11-19 13:30:00,US,Exports,https://tradingeconomics.com/united-states/exports,,$280.5B,,$278.0B
2025-11-19 13:30:00,US,Imports,https://tradingeconomics.com/united-states/imports,,$358.8B,,$341.0B
,IT,,https://tradingeconomics.com,,,,
2025-11-20 03:35:00,JP,,https://tradingeconomics.com,,,,
2025-11-20 13:30:00,US,Non Farm Payrolls,https://tradingeconomics.com/united-states/non-farm-payrolls,,22K,50K,50.0K
2025-11-20 13:30:00,US,Unemployment Rate,https://tradingeconomics.com/united-states/unemployment-rate,,4.3%,4.3%,4.3%
2025-11-20 13:30:00,US,Average Hourly Earnings MoM,https://tradingeconomics.com/united-states/average-hourly-earnings,,0.3%,0.3%,0.2%
2025-11-20 13:30:00,US,Average Hourly Earnings YoY,https://tradingeconomics.com/united-states/average-hourly-earnings-yoy,,3.7%,3.7%,3.7%
2025-11-20 13:30:00,US,Participation Rate,https://tradingeconomics.com/united-states/labor-force-participation-rate,,62.3%,,62.3%
2025-11-20 13:30:00,US,Average Weekly Hours,https://tradingeconomics.com/united-states/average-weekly-hours,,34.2,34.2,34.2
2025-11-20 13:30:00,US,Government Payrolls,https://tradingeconomics.com/united-states/government-payrolls,,-16K,,-10.0K
2025-11-20 13:30:00,US,Manufacturing Payrolls,https://tradingeconomics.com/united-states/manufacturing-payrolls,,-12K,-7K,-4.0K
2025-11-20 13:30:00,US,Nonfarm Payrolls Private,https://tradingeconomics.com/united-states/nonfarm-payrolls-private,,38K,61K,40.0K
2025-11-20 13:30:00,US,U-6 Unemployment Rate,https://tradingeconomics.com/united-states/u6-unemployment-rate,,8.1%,,8.1%
2025-11-24 13:30:00,CA,Manufacturing Sales MoM Prel,https://tradingeconomics.com/canada/manufacturing-sales,,3.3%,,-1.5%
2025-11-25 13:30:00,CA,Wholesale Sales MoM Prel,https://tradingeconomics.com/canada/wholesale-sales,,0.6%,,0.3%
2025-11-27 03:35:00,JP,,https://tradingeconomics.com,,,,
2025-11-27 09:00:00,EA,Loans to Companies YoY,https://tradingeconomics.com/euro-area/loans-to-private-sector,,2.9%,,
2025-11-27 09:00:00,EA,Loans to Households YoY,https://tradingeconomics.com/euro-area/loan-growth,,2.6%,,
2025-11-27 09:00:00,EA,M3 Money Supply YoY,https://tradingeconomics.com/euro-area/money-supply-m3,,2.8%,,
2025-11-27 09:00:00,IT,Business Confidence,https://tradingeconomics.com/italy/business-confidence,,88.3,,
2025-11-27 09:00:00,IT,Consumer Confidence,https://tradingeconomics.com/italy/consumer-confidence,,97.6,,
2025-11-27 09:30:00,ZA,PPI MoM,https://tradingeconomics.com/south-africa/producer-price-inflation-mom,,-0.1%,,
2025-11-27 09:30:00,ZA,PPI YoY,https://tradingeconomics.com/south-africa/producer-prices-change,,2.3%,,
2025-11-27 10:00:00,EA,Economic Sentiment,https://tradingeconomics.com/euro-area/economic-optimism-index,,96.8,,97
2025-11-27 10:00:00,EA,Consumer Confidence Final,https://tradingeconomics.com/euro-area/consumer-confidence,,-14.2,,
2025-11-27 10:00:00,EA,Consumer Inflation Expectations,https://tradingeconomics.com/euro-area/consumer-confidence-price-trends,,21.9,,
2025-11-27 10:00:00,EA,Industrial Sentiment,https://tradingeconomics.com/euro-area/industrial-sentiment,,-8.2,,-8
2025-11-27 10:00:00,EA,Selling Price Expectations,https://tradingeconomics.com/euro-area/selling-price-expectations,,7.5,,
2025-11-27 10:00:00,EA,Services Sentiment,https://tradingeconomics.com/euro-area/services-sentiment,,4.0,,3.8
2025-11-27 10:00:00,IT,Industrial Sales MoM,https://tradingeconomics.com/italy/manufacturing-sales,,-0.7%,,
2025-11-27 10:00:00,IT,Industrial Sales YoY,https://tradingeconomics.com/italy/manufacturing-sales,,-0.1%,,
2025-11-27 10:10:00,IT,,https://tradingeconomics.com,,,,
2025-11-27 11:00:00,BR,IGP-M Inflation MoM,https://tradingeconomics.com/brazil/igp-m-inflation-mom,,-0.36%,,
2025-11-27 11:30:00,TR,Foreign Exchange Reserves,https://tradingeconomics.com/turkey/foreign-exchange-reserves,,,,
2025-11-27 12:00:00,MX,Balance of Trade,https://tradingeconomics.com/mexico/balance-of-trade,,,$-2.4B,
2025-11-27 12:00:00,ES,Business Confidence,https://tradingeconomics.com/spain/business-confidence,,-5.4,,
2025-11-27 13:30:00,CA,Current Account,https://tradingeconomics.com/canada/current-account,,C$-21.2B,,C$ -1.2B
2025-11-27 13:30:00,CA,Average Weekly Earnings YoY,https://tradingeconomics.com/canada/wage-growth,,3.01%,,3.5%
2025-11-27 16:30:00,US,4-Week Bill Auction,https://tradingeconomics.com/united-states/4-week-bill-yield,,,,
2025-11-27 16:30:00,US,8-Week Bill Auction,https://tradingeconomics.com/united-states/8-week-bill-yield,,,,
2025-11-27 23:00:00,KR,Industrial Production MoM,https://tradingeconomics.com/south-korea/industrial-production-mom,,-1.2%,,0.9%
2025-11-27 23:00:00,KR,Industrial Production YoY,https://tradingeconomics.com/south-korea/industrial-production,,,,2.5%
2025-11-27 23:00:00,KR,Retail Sales MoM,https://tradingeconomics.com/south-korea/retail-sales,,-0.1%,,0.3%
2025-11-27 23:30:00,JP,Unemployment Rate,https://tradingeconomics.com/japan/unemployment-rate,,2.6%,,2.6%
2025-11-27 23:30:00,JP,Jobs/applications ratio,https://tradingeconomics.com/japan/jobs-to-applications-ratio,,1.20,,1.20
2025-11-27 23:30:00,JP,Tokyo Core CPI YoY,https://tradingeconomics.com/japan/tokyo-core-cpi,,2.8%,,2.7%
2025-11-27 23:30:00,JP,Tokyo CPI Ex Food and Energy YoY,https://tradingeconomics.com/japan/tokyo-cpi-ex-food-and-energy,,2.8%,,2.9%
2025-11-27 23:30:00,JP,Tokyo CPI YoY,https://tradingeconomics.com/japan/tokyo-cpi,,2.8%,,2.6%
2025-11-27 23:50:00,JP,Industrial Production MoM Prel,https://tradingeconomics.com/japan/industrial-production-mom,,2.6%,,0.3%
2025-11-27 23:50:00,JP,Retail Sales YoY,https://tradingeconomics.com/japan/retail-sales-annual,,0.5%,,0.8%
2025-11-27 23:50:00,JP,Foreign Bond Investment,https://tradingeconomics.com/japan/foreign-bond-investment,,,,
2025-11-27 23:50:00,JP,Industrial Production YoY Prel,https://tradingeconomics.com/japan/industrial-production,,3.8%,,3.1%
2025-11-27 23:50:00,JP,Retail Sales MoM,https://tradingeconomics.com/japan/retail-sales,,0.3%,,0.6%
2025-11-27 23:50:00,JP,Stock Investment by Foreigners,https://tradingeconomics.com/japan/foreign-stock-investment,,,,
2025-11-28 00:01:00,GB,Car Production YoY,https://tradingeconomics.com/united-kingdom/car-production,,-27%,,-25.0%
2025-11-28 00:30:00,AU,Housing Credit MoM,https://tradingeconomics.com/australia/housing-credit,,0.6%,,0.6%
2025-11-28 00:30:00,AU,Private Sector Credit MoM,https://tradingeconomics.com/australia/private-sector-credit,,0.6%,,0.6%
2025-11-28 00:30:00,AU,Private Sector Credit YoY,https://tradingeconomics.com/australia/loan-growth,,7.3%,,7.2%
2025-11-28 02:00:00,SG,Bank Lending,https://tradingeconomics.com/singapore/loans-to-private-sector,,S$863.8B,,S$869.0B
2025-11-28 03:30:00,SG,Export Prices YoY,https://tradingeconomics.com/singapore/export-prices-yoy,,-3.3%,,
2025-11-28 03:30:00,SG,Import Prices YoY,https://tradingeconomics.com/singapore/import-prices-yoy,,-0.6%,,
2025-11-28 03:30:00,SG,PPI YoY,https://tradingeconomics.com/singapore/producer-prices-change,,3.7%,,4.0%
2025-11-28 03:35:00,JP,2-Year JGB Auction,https://tradingeconomics.com/japan/2-year-note-yield,,0.932%,,
2025-11-28 03:35:00,JP,3-Month Bill Auction,https://tradingeconomics.com/japan/3-month-bill-yield,,,,
2025-11-28 05:00:00,JP,Housing Starts YoY,https://tradingeconomics.com/japan/housing-starts-yoy,,-7.3%,,-4.0%
2025-11-28 05:00:00,JP,Construction Orders YoY,https://tradingeconomics.com/japan/construction-orders,,34.7%,,4.8%
2025-11-28 06:00:00,ZA,M3 Money Supply YoY,https://tradingeconomics.com/south-africa/money-supply-m3,,6.07%,,
2025-11-28 06:00:00,ZA,Private Sector Credit YoY,https://tradingeconomics.com/south-africa/private-sector-credit,,6.03%,,
2025-11-28 07:00:00,DE,Retail Sales MoM,https://tradingeconomics.com/germany/retail-sales,,0.2%,,
2025-11-28 07:00:00,DE,Retail Sales YoY,https://tradingeconomics.com/germany/retail-sales-annual,,0.2%,,
2025-11-28 07:00:00,DE,Import Prices MoM,https://tradingeconomics.com/germany/import-prices-mom,,0.2%,,
2025-11-28 07:00:00,DE,Import Prices YoY,https://tradingeconomics.com/germany/import-prices-yoy,,-1%,,
2025-11-28 07:00:00,TR,Unemployment Rate,https://tradingeconomics.com/turkey/unemployment-rate,,8.6%,,8.6%
2025-11-28 07:00:00,TR,Participation Rate,https://tradingeconomics.com/turkey/labor-force-participation-rate,,53.5%,,53.6%
2025-11-28 07:00:00,GB,Nationwide Housing Prices MoM,https://tradingeconomics.com/united-kingdom/nationwide-housing-prices-mom,,0.3%,,
2025-11-28 07:00:00,GB,Nationwide Housing Prices YoY,https://tradingeconomics.com/united-kingdom/nationwide-housing-prices-yoy,,2.4%,,
2025-11-18 09:30:00,ZA,,https://tradingeconomics.com,9.299%,,,
2025-11-18 10:00:00,US,Initial Jobless Claims,https://tradingeconomics.com/united-states/jobless-claims,232K,219K,223K,254.0K
2025-11-18 10:00:00,US,Continuing Jobless Claims,https://tradingeconomics.com/united-states/continuing-jobless-claims,1957.0K,1947.0K,,1960.0K
2025-11-18 10:00:00,US,Jobless Claims 4-week Average,https://tradingeconomics.com/united-states/jobless-claims-4-week-average,58K,237.75K,,247.0K
2025-11-18 11:00:00,GB,,https://tradingeconomics.com,3.896%,,,
,IN,,https://tradingeconomics.com,,,,
2025-11-19 09:00:00,EA,,https://tradingeconomics.com,,11.9B,14.5B,27.5B
2025-11-19 11:10:00,EU,,https://tradingeconomics.com,,2.012%,,
,IT,,https://tradingeconomics.com,,,,
2025-11-20 03:35:00,JP,,https://tradingeconomics.com,,,,
2025-11-20 10:00:00,FR,,https://tradingeconomics.com,,2.63%,,
2025-11-20 11:00:00,FR,,https://tradingeconomics.com,,,,
2025-11-20 23:50:00,JP,Balance of Trade,https://tradingeconomics.com/japan/balance-of-trade,,-234.6B,-280B,-250.0B
2025-11-20 23:50:00,JP,Exports YoY,https://tradingeconomics.com/japan/exports-yoy,,4.2%,1.1%,
2025-11-20 23:50:00,JP,Imports YoY,https://tradingeconomics.com/japan/imports-yoy,,3.3%,-0.7%,
,US,,https://tradingeconomics.com,,,,-0.2%
2025-11-24 09:30:00,ZA,,https://tradingeconomics.com,,,,
2025-11-25 09:30:00,ZA,,https://tradingeconomics.com,,,,
2025-11-25 10:00:00,GB,,https://tradingeconomics.com,,,,
2025-11-25 10:10:00,IT,,https://tradingeconomics.com,,,,
2025-11-25 15:00:00,US,,https://tradingeconomics.com,,94.6,,
2025-11-25 16:30:00,US,,https://tradingeconomics.com,,0.190%,,
,GB,,https://tradingeconomics.com,,,,
2025-11-27 03:35:00,JP,,https://tradingeconomics.com,,,,
2025-11-27 10:10:00,IT,,https://tradingeconomics.com,,,,
2025-11-28 07:45:00,FR,Inflation Rate YoY Prel,https://tradingeconomics.com/france/inflation-cpi,,0.9%,,1.1%
2025-11-28 07:45:00,FR,Inflation Rate MoM Prel,https://tradingeconomics.com/france/inflation-rate-mom,,0.1%,,0.1%
2025-11-28 07:45:00,FR,GDP Growth Rate QoQ Final,https://tradingeconomics.com/france/gdp-growth,,0.3%,0.5%,0.5%
2025-11-28 07:45:00,FR,GDP Growth Rate YoY Final,https://tradingeconomics.com/france/gdp-growth-annual,,0.7%,0.9%,0.9%
2025-11-28 07:45:00,FR,Harmonised Inflation Rate MoM Prel,https://tradingeconomics.com/france/harmonised-inflation-rate-mom,,0.1%,,0.1%
2025-11-28 07:45:00,FR,Harmonised Inflation Rate YoY Prel,https://tradingeconomics.com/france/harmonised-inflation-rate-yoy,,0.8%,,1.0%
2025-11-28 07:45:00,FR,Household Consumption MoM,https://tradingeconomics.com/france/personal-spending,,0.3%,,
2025-11-28 07:45:00,FR,Non Farm Payrolls QoQ,https://tradingeconomics.com/france/non-farm-payrolls,,0.2%,,
2025-11-28 07:45:00,FR,PPI MoM,https://tradingeconomics.com/france/producer-price-inflation-mom,,-0.2%,,
2025-11-28 07:45:00,FR,PPI YoY,https://tradingeconomics.com/france/producer-prices-change,,0.1%,,
2025-11-28 07:45:00,FR,Private Non Farm Payrolls QoQ Final,https://tradingeconomics.com/france/nonfarm-payrolls-private,,0.2%,,-0.3%
2025-11-28 08:00:00,ES,Inflation Rate MoM Prel,https://tradingeconomics.com/spain/inflation-rate-mom,,,,
2025-11-28 08:00:00,ES,Inflation Rate YoY Prel,https://tradingeconomics.com/spain/inflation-cpi,,3.1%,,
2025-11-28 08:00:00,ES,Core Inflation Rate YoY Prel,https://tradingeconomics.com/spain/core-inflation-rate,,2.5%,,
2025-11-28 08:00:00,ES,Harmonised Inflation Rate MoM Prel,https://tradingeconomics.com/spain/harmonised-inflation-rate-mom,,0.5%,,
2025-11-28 08:00:00,ES,Harmonised Inflation Rate YoY Prel,https://tradingeconomics.com/spain/harmonised-inflation-rate-yoy,,3.2%,,
2025-11-28 08:00:00,ES,Retail Sales MoM,https://tradingeconomics.com/spain/retail-sales,,0.5%,,
2025-11-28 08:00:00,ES,Retail Sales YoY,https://tradingeconomics.com/spain/retail-sales-annual,,4.2%,,3.8%
2025-11-28 08:55:00,DE,Unemployed Persons,https://tradingeconomics.com/germany/unemployed-persons,,2.973M,,2.985M
2025-11-28 08:55:00,DE,Unemployment Change,https://tradingeconomics.com/germany/unemployment-change,,-1K,,12.0K
2025-11-28 08:55:00,DE,Unemployment Rate,https://tradingeconomics.com/germany/unemployment-rate,,6.3%,,6.4%
2025-11-28 09:00:00,DE,Baden Wuerttemberg CPI MoM,https://tradingeconomics.com/germany/baden-wuerttemberg-cpi-yoy,,0.3%,,
2025-11-28 09:00:00,DE,Baden Wuerttemberg CPI YoY,https://tradingeconomics.com/germany/baden-wuerttemberg-cpi-yoy,,2.3%,,
2025-11-28 09:00:00,DE,Bavaria CPI MoM,https://tradingeconomics.com/germany/bavaria-cpi-yoy,,0.3%,,
2025-11-28 09:00:00,DE,Bavaria CPI YoY,https://tradingeconomics.com/germany/bavaria-cpi-yoy,,2.2%,,
2025-11-28 09:00:00,DE,Brandenburg CPI MoM,https://tradingeconomics.com/germany/brandenburg-cpi-yoy,,0.4%,,
2025-11-28 09:00:00,DE,Brandenburg CPI YoY,https://tradingeconomics.com/germany/brandenburg-cpi-yoy,,2.6%,,
2025-11-28 09:00:00,DE,Hesse CPI MoM,https://tradingeconomics.com/germany/hesse-cpi-yoy,,0.3%,,
2025-11-28 09:00:00,DE,Hesse CPI YoY,https://tradingeconomics.com/germany/hesse-cpi-yoy,,2.4%,,
2025-11-28 09:00:00,DE,North Rhine Westphalia CPI MoM,https://tradingeconomics.com/germany/north-rhine-westphalia-cpi-yoy,,0.4%,,
2025-11-28 09:00:00,DE,North Rhine Westphalia CPI YoY,https://tradingeconomics.com/germany/north-rhine-westphalia-cpi-yoy,,2.3%,,
2025-11-28 09:00:00,DE,Saxony CPI MoM,https://tradingeconomics.com/germany/saxony-cpi-yoy,,0.3%,,
2025-11-28 09:00:00,DE,Saxony CPI YoY,https://tradingeconomics.com/germany/saxony-cpi-yoy,,2.1%,,
2025-11-28 09:00:00,IT,GDP Growth Rate QoQ Final,https://tradingeconomics.com/italy/gdp-growth,,-0.1%,0%,0.0%
2025-11-28 09:00:00,IT,GDP Growth Rate YoY Final,https://tradingeconomics.com/italy/gdp-growth-annual,,0.4%,0.4%,0.4%
2025-11-28 09:00:00,ES,Current Account,https://tradingeconomics.com/spain/current-account,,5.08B,,3.2B
2025-11-28 10:00:00,IT,Inflation Rate YoY Prel,https://tradingeconomics.com/italy/inflation-cpi,,1.2%,,
2025-11-28 10:00:00,IT,Inflation Rate MoM Prel,https://tradingeconomics.com/italy/inflation-rate-mom,,-0.3%,,
2025-11-28 10:00:00,IT,Harmonised Inflation Rate MoM Prel,https://tradingeconomics.com/italy/harmonised-inflation-rate-mom,,-0.2%,,
2025-11-28 10:00:00,IT,Harmonised Inflation Rate YoY Prel,https://tradingeconomics.com/italy/harmonised-inflation-rate-yoy,,1.3%,,
2025-11-28 10:30:00,IN,Industrial Production YoY,https://tradingeconomics.com/india/industrial-production,,4%,,4.3%
2025-11-28 10:30:00,IN,Manufacturing Production YoY,https://tradingeconomics.com/india/manufacturing-production,,4.8%,,4.4%
2025-11-28 10:30:00,IN,Government Budget Value,https://tradingeconomics.com/india/government-budget-value,,INR-5731B,,INR -7580.0B
2025-11-28 11:00:00,FR,Unemployment Benefit Claims,https://tradingeconomics.com/france/initial-jobless-claims,,60.2K,,
2025-11-28 11:00:00,FR,Jobseekers Total,https://tradingeconomics.com/france/unemployed-persons,,3082.0K,,
2025-11-28 11:00:00,TR,Financial Stability Report,https://tradingeconomics.com/turkey/interest-rate,,,,
2025-11-28 11:30:00,BR,Gross Debt to GDP,https://tradingeconomics.com/brazil/gross-debt-to-gdp-,,78.1%,,
2025-11-28 11:30:00,BR,Nominal Budget Balance,https://tradingeconomics.com/brazil/government-budget-value,,BRL-102.185B,,
2025-11-28 11:30:00,IN,Bank Loan Growth YoY,https://tradingeconomics.com/india/loan-growth,,,,
2025-11-28 11:30:00,IN,Deposit Growth YoY,https://tradingeconomics.com/india/deposit-growth,,,,
2025-11-28 11:30:00,IN,Foreign Exchange Reserves,https://tradingeconomics.com/india/foreign-exchange-reserves,,,,
2025-11-28 12:00:00,BR,Unemployment Rate,https://tradingeconomics.com/brazil/unemployment-rate,,5.6%,,
2025-11-28 12:00:00,IN,GDP Growth Rate YoY,https://tradingeconomics.com/india/gdp-growth-annual,,7.8%,,7.2%
2025-11-28 12:00:00,MX,Unemployment Rate,https://tradingeconomics.com/mexico/unemployment-rate,,3%,,
2025-11-28 12:00:00,ZA,Balance of Trade,https://tradingeconomics.com/south-africa/balance-of-trade,,ZAR21.76B,,ZAR 24.0B
2025-11-28 13:00:00,DE,Inflation Rate YoY Prel,https://tradingeconomics.com/germany/inflation-cpi,,2.3%,,
2025-11-28 13:00:00,DE,Inflation Rate MoM Prel,https://tradingeconomics.com/germany/inflation-rate-mom,,0.3%,,
2025-11-28 13:00:00,DE,Harmonised Inflation Rate MoM Prel,https://tradingeconomics.com/germany/harmonised-inflation-rate-mom,,0.3%,,
2025-11-28 13:00:00,DE,Harmonised Inflation Rate YoY Prel,https://tradingeconomics.com/germany/harmonised-inflation-rate-yoy,,2.3%,,
2025-11-28 13:30:00,CA,GDP Growth Rate Annualized,https://tradingeconomics.com/canada/gdp-growth-annualized,,-1.6%,,0.4%
2025-11-28 13:30:00,CA,GDP Growth Rate QoQ,https://tradingeconomics.com/canada/gdp-growth,,-0.4%,,0.3%
2025-11-28 13:30:00,CA,GDP MoM,https://tradingeconomics.com/canada/monthly-gdp-mom,,-0.3%,0.1%,0.1%
2025-11-28 13:30:00,CA,GDP MoM Prel,https://tradingeconomics.com/canada/monthly-gdp-mom,,0.1%,,
2025-11-28 13:30:00,CA,GDP Implicit Price QoQ,https://tradingeconomics.com/canada/gdp-deflator,,0%,,
2025-11-28 16:00:00,CA,Budget Balance,https://tradingeconomics.com/canada/government-budget-value,,C$-3.28B,,C$-4.0B
2025-11-28 18:00:00,US,Baker Hughes Oil Rig Count,https://tradingeconomics.com/united-states/crude-oil-rigs,,,,
2025-11-28 18:00:00,US,Baker Hughes Total Rigs Count,https://tradingeconomics.com/united-states/total-rigs,,,,
2025-11-28 21:30:00,US,Fed Balance Sheet,https://tradingeconomics.com/united-states/central-bank-balance-sheet,,,,
