timestamp,source,title,link,published,content
2026-01-02T01:44:49,MarketWatch Top,‘I’m fed up’: My selfish mother-in-law has controlled me for 30 years. How can I regain my power?,https://www.marketwatch.com/story/im-completely-fed-up-my-selfish-boomer-mother-in-law-has-controlled-me-for-30-years-how-can-i-regain-my-power-7d6b82e0?mod=mw_rss_topstories,"Thu, 01 Jan 2026 17:35:00 GMT",
2026-01-02T01:44:49,MarketWatch Top,‘He has become hostile’: My mom is in her 80s and has dementia. My brother is blocking access.,https://www.marketwatch.com/story/he-has-become-hostile-my-mom-is-in-her-80s-and-has-dementia-my-brother-is-blocking-access-b8258d3e?mod=mw_rss_topstories,"Thu, 01 Jan 2026 17:21:00 GMT",
2026-01-02T01:44:49,MarketWatch Top,‘We never want to think our children would strip us of all our money’: Is it safe to give my kids my Social Security number?,https://www.marketwatch.com/story/we-never-want-to-think-our-children-would-strip-us-of-all-our-money-is-it-safe-to-give-my-kids-my-social-security-number-2d083e1f?mod=mw_rss_topstories,"Thu, 01 Jan 2026 17:20:00 GMT",
2026-01-02T01:44:49,MarketWatch Top,‘I’m on a fixed budget’: Silver and gold are now too expensive for me. What else can I gift my infant grandchildren?,https://www.marketwatch.com/story/im-on-a-fixed-budget-silver-and-gold-are-too-expensive-what-else-can-i-gift-my-infant-grandchildren-e12fa551?mod=mw_rss_topstories,"Thu, 01 Jan 2026 17:20:00 GMT",
2026-01-02T01:44:49,MarketWatch Top,Warren Buffett gifts us 5 secrets for investing success as he hands off Berkshire Hathaway’s reins,https://www.marketwatch.com/story/warren-buffett-gifts-us-these-5-investing-gems-as-berkshires-new-ceo-takes-the-reins-aa948685?mod=mw_rss_topstories,"Thu, 01 Jan 2026 16:25:00 GMT",
2026-01-02T01:44:49,MarketWatch Top,‘I experienced a catastrophic financial loss’: How options trader ‘Captain Condor’ led his followers to a $50 million wipeout,https://www.marketwatch.com/story/i-experienced-a-catastrophic-financial-loss-how-options-trader-captain-condor-led-his-followers-to-a-50-million-wipeout-5cd1addd?mod=mw_rss_topstories,"Thu, 01 Jan 2026 16:03:00 GMT",
2026-01-02T01:44:49,MarketWatch Top,Trump to spare homeowners from higher tariffs on cabinets and furniture till 2027. Here are the stocks to watch.,https://www.marketwatch.com/story/trump-will-spare-homeowners-a-50-tariff-on-cabinets-and-certain-furniture-in-2026-here-are-the-stocks-to-watch-fab3a237?mod=mw_rss_topstories,"Thu, 01 Jan 2026 16:03:00 GMT",
2026-01-02T01:44:49,MarketWatch Top,Wall Street is starting 2026 with echoes of 2000’s dot-com woes,https://www.marketwatch.com/story/wall-street-is-starting-2026-with-echoes-of-2000s-dot-com-woes-1accb670?mod=mw_rss_topstories,"Thu, 01 Jan 2026 15:54:00 GMT",
2026-01-02T01:44:49,MarketWatch Top,Here are 5 key charts that defined a wild year for global financial markets,https://www.marketwatch.com/story/these-5-charts-define-the-wild-year-in-global-financial-markets-in-2025-780fdd5a?mod=mw_rss_topstories,"Thu, 01 Jan 2026 15:52:00 GMT",
2026-01-02T01:44:49,MarketWatch Top,"China made the world’s biggest movie last year, and — in a sea change — it didn’t need America’s help",https://www.marketwatch.com/story/china-made-the-worlds-biggest-movie-this-year-and-in-a-sea-change-it-didnt-need-america-to-do-it-45c509b3?mod=mw_rss_topstories,"Thu, 01 Jan 2026 15:42:00 GMT",
2026-01-02T01:44:49,CNBC Top News,Bernie Sanders and Ron DeSantis speak out against data center boom. It's a bad sign for AI industry,https://www.cnbc.com/2026/01/01/ai-data-centers-bernie-sanders-ron-desantis-electricity-prices.html,"Thu, 01 Jan 2026 15:39:54 GMT",
2026-01-02T01:44:49,CNBC Top News,A 5 million percent return in 60 years leaves Warren Buffett’s legacy unmatched,https://www.cnbc.com/2026/01/01/warren-buffetts-legacy-a-5-million-percent-return.html,"Thu, 01 Jan 2026 14:31:44 GMT",
2026-01-02T01:44:49,CNBC Top News,"Stellantis resurrects $100,000 Ram TRX V-8 pickup truck amid industry deregulation",https://www.cnbc.com/2026/01/01/ram-trx-v8-pickup-truck.html,"Thu, 01 Jan 2026 15:00:02 GMT",
2026-01-02T01:44:49,CNBC Top News,"Singapore economy jumps 5.7% in fourth quarter, beating expectations on strong manufacturing",https://www.cnbc.com/2026/01/02/singapore-fourth-quarter-gdp-jumps-5point7percent-beats-expectations-on-strong-manufacturing.html,"Fri, 02 Jan 2026 01:25:39 GMT",
2026-01-02T01:44:49,CNBC Top News,South Korea's Kospi hit record high as region trades mixed at the start of 2026,https://www.cnbc.com/2026/01/02/asia-pacific-markets-asx-200-hang-seng-index.html,"Fri, 02 Jan 2026 01:31:33 GMT",
2026-01-02T01:44:49,CNBC Top News,"Dust to data centers: The year AI tech giants, and billions in debt, began remaking the American landscape",https://www.cnbc.com/2025/12/31/ai-data-centers-debt-sam-altman-elon-musk-mark-zuckerberg.html,"Thu, 01 Jan 2026 17:38:21 GMT",
2026-01-02T01:44:49,CNBC Top News,"Google wraps up best year on Wall Street since 2009, beating megacap peers as AI story strengthens",https://www.cnbc.com/2025/12/31/google-stock-wraps-best-year-since-2009-as-ai-excites-wall-street-.html,"Wed, 31 Dec 2025 22:41:45 GMT",
2026-01-02T01:44:49,CNBC Top News,End of an era: Warren Buffett serves last day as Berkshire Hathaway's CEO,https://www.cnbc.com/2026/01/01/warren-buffett-retires-as-berkshire-hathaway-ceo.html,"Thu, 01 Jan 2026 14:24:54 GMT",
2026-01-02T01:44:49,CNBC Top News,"Trump’s first vetoes of his second term hit bipartisan infrastructure projects, draw accusations of retribution",https://www.cnbc.com/2025/12/31/trumps-first-vetoes-hit-bipartisan-infrastructure-projects.html,"Wed, 31 Dec 2025 19:54:16 GMT",
2026-01-02T01:44:49,CNBC Top News,"This investment account is 'like a super-powered Roth,' expert says. And 6 million more Americans are now eligible to contribute",https://www.cnbc.com/2026/01/01/6-million-more-americans-are-now-eligible-to-contribute-to-able-accounts.html,"Thu, 01 Jan 2026 14:30:01 GMT",
2026-01-02T01:44:49,CNBC Top News,Novo Nordisk enters 2026 on the defense as it faces a ‘must-win’ battle in the U.S. market,https://www.cnbc.com/2026/01/01/novo-nordisk-faces-must-win-battle-over-us-wegovy-ozempic-in-2026.html,"Thu, 01 Jan 2026 06:00:01 GMT",
2026-01-02T01:44:49,CNBC Top News,"Student loan forgiveness is taxable again: Start planning for the 'tax bomb,' CFP says",https://www.cnbc.com/2026/01/01/student-loan-forgiveness-taxes.html,"Thu, 01 Jan 2026 15:10:01 GMT",
2026-01-02T01:44:49,CNBC Top News,Minimum wage just went up in 19 states—workers in one state are getting a $2 an hour raise,https://www.cnbc.com/2026/01/01/minimum-wage-just-went-up-in-these-us-states-starting-january-2026.html,"Thu, 01 Jan 2026 13:30:01 GMT",
2026-01-02T01:44:49,CNBC Top News,"Warren Buffett is stepping down as CEO after 60 years. For a successful career, 'don't worry' about your salary early on, he says",https://www.cnbc.com/2026/01/01/warren-buffett-dont-worry-about-your-salary-when-early-on.html,"Thu, 01 Jan 2026 14:00:01 GMT",
2026-01-02T01:44:49,CNBC Top News,There are 6 ‘money personalities’—finding out yours can help you be happier and richer in 2026,https://www.cnbc.com/2026/01/01/there-are-6-money-personalities-finding-out-yours-can-help-you-be-happier-and-richer.html,"Thu, 01 Jan 2026 14:15:02 GMT",
2026-01-02T01:44:49,CNBC Top News,Economist Mark Zandi sees the Fed surprising with three rate cuts in first half of 2026,https://www.cnbc.com/2025/12/31/economist-mark-zandi-sees-the-fed-surprising-with-three-rate-cuts-in-first-half-of-2026-.html,"Wed, 31 Dec 2025 18:48:56 GMT",
2026-01-02T01:44:49,CNBC Top News,We asked a humanoid robot if there is an AI bubble. Here's what it said,https://www.cnbc.com/2025/12/30/we-asked-a-humanoid-robot-if-theres-an-ai-bubble-heres-what-it-said.html,"Tue, 30 Dec 2025 23:40:03 GMT",
2026-01-02T01:44:49,CNBC Top News,Retail investors close out one of their best years ever. How they beat Wall Street at its own game,https://www.cnbc.com/2025/12/31/retail-investors-dip-buying-taco-trade-strong-2025.html,"Thu, 01 Jan 2026 21:29:16 GMT",
2026-01-02T01:44:49,CNBC Top News,Khanna calls for nationwide fraud investigation after wealth tax proposal caused firestorm,https://www.cnbc.com/2025/12/30/ro-khanna-calls-for-fraud-probe-after-california-wealth-tax-firestorm.html,"Wed, 31 Dec 2025 00:47:53 GMT",
2026-01-02T01:44:49,CNBC Top News,"Gold, silver prices fall after CME raises precious metals margins — again",https://www.cnbc.com/2025/12/31/gold-and-silver-prices-fall-after-cme-raises-precious-metals-margins.html,"Wed, 31 Dec 2025 16:41:19 GMT",
2026-01-02T01:44:49,CNBC Top News,"Nike shares move higher on big insider purchases by CEO Elliott Hill, director Tim Cook after down year",https://www.cnbc.com/2025/12/31/nike-shares-insider-buying-tim-cook.html,"Wed, 31 Dec 2025 21:03:28 GMT",
2026-01-02T01:44:49,CNBC Top News,Congressional Republicans call on Tim Walz to testify on Minnesota fraud scandal,https://www.cnbc.com/2025/12/31/walz-trump-minnesota-fraud.html,"Wed, 31 Dec 2025 20:52:52 GMT",
2026-01-02T01:44:49,CNBC Top News,DOJ has 5.2 million pages of Epstein files left to review: Reports,https://www.cnbc.com/2025/12/31/epstein-files-trump-doj-fbi.html,"Wed, 31 Dec 2025 20:12:41 GMT",
2026-01-02T01:44:49,CNBC Top News,How $160 million worth of export-controlled Nvidia chips were allegedly smuggled into China,https://www.cnbc.com/2025/12/31/160-million-export-controlled-nvidia-gpus-allegedly-smuggled-to-china.html,"Wed, 31 Dec 2025 16:14:47 GMT",
2026-01-02T01:44:49,CNBC Top News,"USPS changes may delay postmark dates. What it means for your tax returns, ballots, bills and more",https://www.cnbc.com/2025/12/31/usps-postmark-delays-taxes-ballots-bills.html,"Wed, 31 Dec 2025 18:13:40 GMT",
2026-01-02T01:44:49,CNBC Top News,Op-ed: China won the 2025 battle in Trump's trade war. Here's what comes next,https://www.cnbc.com/2025/12/31/trump-china-trade-war-tariffs.html,"Wed, 31 Dec 2025 15:23:20 GMT",
2026-01-02T01:44:49,CNBC Top News,Space and defense boom lifted these satellite stocks by more than 200% in 2025,https://www.cnbc.com/2025/12/31/space-and-defense-boom-lifted-these-satellite-stocks-by-200percent-in-2025.html,"Wed, 31 Dec 2025 13:19:08 GMT",
2026-01-02T01:44:49,CNBC Top News,This year-end mistake costs investors up to $1.7 billion annually — how to minimize the penalty,https://www.cnbc.com/2025/12/31/rmd-mistake-costs-investors.html,"Wed, 31 Dec 2025 17:06:50 GMT",
2026-01-02T01:44:49,CNBC Top News,Eaton's stock sat out the AI boom this year. Here's what can spark a rally in 2026,https://www.cnbc.com/2025/12/31/eatons-stock-sat-out-the-ai-boom-this-year-what-can-spark-a-rally-in-2026.html,"Wed, 31 Dec 2025 18:55:59 GMT",
2026-01-02T01:44:49,CNBC Top News,These restaurant chains closed locations in 2025,https://www.cnbc.com/2025/12/30/2025-restaurant-closures-starbucks-wendys.html,"Tue, 30 Dec 2025 17:10:22 GMT",
2026-01-02T01:44:49,Investing.com All News,Mesoblast announces board leadership changes as company evolves,https://uk.investing.com/news/company-news/mesoblast-announces-board-leadership-changes-as-company-evolves-93CH-4435053,2026-01-01 23:10:08,
2026-01-02T01:44:49,Investing.com All News,Manufacturing PMI data takes center stage Friday,https://uk.investing.com/news/stock-market-news/manufacturing-pmi-data-takes-center-stage-friday-93CH-4435051,2026-01-01 19:02:08,
2026-01-02T01:44:49,Investing.com All News,Israel shares higher at close of trade; TA 35 up 1.76%,https://uk.investing.com/news/stock-market-news/israel-shares-higher-at-close-of-trade-ta-35-up-176-4435049,2026-01-01 15:55:31,
2026-01-02T01:44:49,Investing.com All News,"Wednesday’s Insider Activity: Key Buys and Sells for Dec 31, 2025",https://uk.investing.com/news/stock-market-news/wednesdays-insider-activity-key-buys-and-sells-for-dec-31-2025-93CH-4435043,2026-01-01 14:02:08,
2026-01-02T01:44:49,Investing.com All News,UK and 40+ nations begin enforcing CARF for crypto taxes,https://uk.investing.com/news/stock-market-news/uk-and-40-nations-begin-enforcing-carf-for-crypto-taxes-4435042,2026-01-01 13:10:06,
2026-01-02T01:44:49,Investing.com All News,Saudi Arabia shares higher at close of trade; Tadawul All Share up 0.56%,https://uk.investing.com/news/stock-market-news/saudi-arabia-shares-higher-at-close-of-trade-tadawul-all-share-up-056-4435041,2026-01-01 12:45:31,
2026-01-02T01:44:49,Investing.com All News,Compass Minerals surges 62% after InvestingPro’s Fair Value analysis,https://uk.investing.com/news/investment-ideas/compass-minerals-surges-62-after-investingpros-fair-value-analysis-93CH-4435036,2026-01-01 11:08:08,
2026-01-02T01:44:49,Investing.com All News,Coinbase drops 42% after InvestingPro’s overvalued warning in July,https://uk.investing.com/news/investment-ideas/coinbase-drops-42-after-investingpros-overvalued-warning-in-july-93CH-4435034,2026-01-01 11:02:08,
2026-01-02T01:44:49,Investing.com All News,India shares mixed at close of trade; Nifty 50 up 0.06%,https://uk.investing.com/news/stock-market-news/india-shares-mixed-at-close-of-trade-nifty-50-up-006-4435032,2026-01-01 10:30:50,
2026-01-02T01:44:49,Investing.com All News,Breaking down Citi’s 2026 outlook for S&P 500,https://uk.investing.com/news/stock-market-news/breaking-down-citis-2026-outlook-for-sp-500-4434265,2026-01-01 10:00:05,
2026-01-02T01:44:50,Investing.com Bond News,Top Trade to Watch in 2026: US Treasury Yields,https://uk.investing.com/analysis/top-trade-to-watch-in-2026-us-treasury-yields-200621179,"Dec 29, 2025 06:45 GMT",
2026-01-02T01:44:50,Investing.com Bond News,Will the Bond Market Help Keep Stocks Humming in 2026?,https://uk.investing.com/analysis/will-the-bond-market-help-keep-stocks-humming-in-2026-200621099,"Dec 22, 2025 13:05 GMT",
2026-01-02T01:44:50,Investing.com Bond News,Market Premium for 10-Year Yield Holding Near 2-1/2 Year Low,https://uk.investing.com/analysis/market-premium-for-10year-yield-holding-near-212-year-low-200621070,"Dec 19, 2025 13:05 GMT",
2026-01-02T01:44:50,Investing.com Bond News,Foreign Bonds on Track to Outperform US Fixed Income in 2025,https://uk.investing.com/analysis/foreign-bonds-on-track-to-outperform-us-fixed-income-in-2025-200621040,"Dec 18, 2025 12:41 GMT",
2026-01-02T01:44:50,Investing.com Bond News,JGBs Tread Water as BOJ Meeting Tests Rate Path Conviction,https://uk.investing.com/analysis/jgbs-tread-water-as-boj-meeting-tests-rate-path-conviction-200621024,"Dec 18, 2025 06:20 GMT",
2026-01-02T01:44:50,Investing.com Bond News,A Pivotal Week for Global Markets as Rates Press Higher,https://uk.investing.com/analysis/a-pivotal-week-for-global-markets-as-rates-press-higher-200620928,"Dec 15, 2025 06:46 GMT",
2026-01-02T01:44:50,Investing.com Bond News,Rates Outlook: Can Everything Align for the Euro Hawks?,https://uk.investing.com/analysis/rates-outlook-can-everything-align-for-the-euro-hawks-200620899,"Dec 12, 2025 07:12 GMT",
2026-01-02T01:44:50,Investing.com Bond News,EUR Rates: Short End Settles as Rest of the Curve Drifts Higher,https://uk.investing.com/analysis/eur-rates-short-end-settles-as-rest-of-the-curve-drifts-higher-200620880,"Dec 11, 2025 10:03 GMT",
2026-01-02T01:44:50,Investing.com Bond News,"EUR Government Bond Spreads: More Convergence, Waning Dynamic",https://uk.investing.com/analysis/eur-government-bond-spreads-more-convergence-waning-dynamic-200620849,"Dec 10, 2025 14:46 GMT",
2026-01-02T01:44:50,Investing.com Bond News,"Rates Outlook 2026: Situation Normal, All Fuddled Up",https://uk.investing.com/analysis/rates-outlook-2026-situation-normal-all-fuddled-up-200620851,"Dec 10, 2025 11:55 GMT",
2026-01-02T01:44:50,Google News Reuters,Starlink plans to lower satellite orbit to enhance safety in 2026 - Reuters,https://news.google.com/rss/articles/CBMiuwFBVV95cUxNNHJJOFNxT0d5WnhPVWlkU1MybVI3VlQ3S2FXOFJ6SVVxWUhfUXVCb0JkX0NMbG1HRkJGeE44WG1CSWp6V3NsbWJUQzFGcVJTQnllRGRpdzJGdlYtcDY0Mzlnd0FPNTZPMTByRW5QZFRrU2ZJS1pjZGN6QVdPOWQzeGVGcXNEdFJ1MmdPZ0V4OFE1M1pLVk5jMkIxQm5nb2xHUVkwVnFPd09hN2JUaWZNMnFRd3JtQlF0QmlZ?oc=5,"Thu, 01 Jan 2026 21:53:56 GMT",
2026-01-02T01:44:50,Google News Reuters,"Russia asks US to stop pursuit of fleeing oil tanker, NY Times reports - Reuters",https://news.google.com/rss/articles/CBMitAFBVV95cUxQMlJWb2hUTFU1dk5tT3lodFBoakRXT3FkU1h1Z0FnVGVGWU5xNHZnVzBFV1liNkNmblBPRDBTWWZXNzJzSWJYWEp3TzJLRnZlMWVERWl2cW16QUJkQjM3S1VqY2dINW1pcklRYm5UWm5OUERyeGVSUXBpcjZjcUgyYURKOGtNS0N4UUxZUVFzdHBiNU1oOGdfbmVZR0kwMkF5OVBwQlpUSzBrckNpTHBwV25NUGo?oc=5,"Thu, 01 Jan 2026 18:47:41 GMT",
2026-01-02T01:44:50,Google News Reuters,Swiss face arduous task of identifying victims of deadly bar fire - Reuters,https://news.google.com/rss/articles/CBMirAFBVV95cUxPdUlwdG1ybUNTVVpMTGhvSUtsVVZHblVVV1J6dVUyV0RYWG5oaGx5S0IyM3dEQlpFVHpVbGtldUFZNjlqamxxakZoM0pHOG1wUUxaQjdYSGpBTGpRZDFyMGdYeGQxcWN4TW90Rm1VdExVa1E0ejNQVUdEeGk1akVFYUR2Mk1YT2YyZWJqZVpZNE1FZDg2emt4c09FYTE5bHNIT3NKbkc0elRkTjR2?oc=5,"Thu, 01 Jan 2026 23:16:09 GMT",
2026-01-02T01:44:50,Google News Reuters,World reacts to fatal fire at Swiss ski resort bar - Reuters,https://news.google.com/rss/articles/CBMimAFBVV95cUxOX0ROYUFoV3N5bUVaNW1lYWNUVmFHYU95NzBzdkxBWXI0YkRUUW1TQ2otRHU0akl1YkpVb19LZ3N5LVI4Y1YweFE5Tlg2WU5IYjU0ekNuMFk2YTdkOUpRTnZCNjhocXhybFdqUEV3SGRTWnppb3d4SEYtdVl5MWNQWGN3RkY2dWFtY1BfQXVkZ3dGQjJwd0lBbQ?oc=5,"Thu, 01 Jan 2026 18:37:23 GMT",
2026-01-02T01:44:50,Google News Reuters,"Seven bodies recovered, 96 rescued after migrant boat capsizes, Gambia says - Reuters",https://news.google.com/rss/articles/CBMivwFBVV95cUxONnJrVEViSm1CU3E3N2hDOWFSb2ZOVzVqbUlpN1BFVm9aUlRWc0x4RzBjNVFMdjJKUFZSbHliTEpCeFlnZzROTnkwMGFHMG9jR2pfUE9pUFdFWV9VUU1BWlJyei1YTGpNX0dwZEQwajhUbkVvYktYWEI0OHpsVVlnSUU2RzVKbjB2SXBuTVREbFBmTi15QmxocEIzQVl5NlJfZWMwcVJ5alAtRGR2UEdYa0R0NVVjV1JPTWZqWXl5cw?oc=5,"Thu, 01 Jan 2026 18:53:52 GMT",
2026-01-02T01:44:50,Google News Reuters,Fireworks accidents kill two in the Netherlands; fire destroys historic Amsterdam church - Reuters,https://news.google.com/rss/articles/CBMivwFBVV95cUxQc29uVnhWVWNHTkRMX0s4ZWhlbGRKRHJCazRJS1hJaVBLYzRzOWNmNlZJWFRIeTZhc04wZlZ6N0ZGdjI3OTZGcDVHMW5ZejBHREp3WU5MQmxfXzhVb3ZTNEZBbDBBOThjZUl2ZExOTkV1YlkydW5ObVBLYWpGRVZCT25La2wxazF3Vjdxa0tEQmtmRkdZcTU4Q25PVURZTUdkSTZUVHdybGhpcy0ycHNBYXVfVzJWLWNNRWphREFFQQ?oc=5,"Thu, 01 Jan 2026 18:44:37 GMT",
2026-01-02T01:44:50,Google News Reuters,"India's KFC, Pizza Hut operators to merge in $934 million deal - Reuters",https://news.google.com/rss/articles/CBMiwgFBVV95cUxQQmxDVW1fbm5VSVhhOWRPM2hCUzBqZWVtRUNwdXJTRkJ6NGFDVm1uejRpOVBaOEVEalRTZmhIaExWRnFBYTJZRjJudTlVckYyMlVKUzg3LXlzVWltMmxMenNDUmlESlRDNGJlVHR4VkljMzVYUTlESDg1My10OEY5NWNlODhIMk01M2F2SXNaQ0owNkx1S3ltelFpRms2azhTNFp3cnJuaThtRFIzZkFIc0QyU1JmX0FKWDVFdEZ0Q3dmQQ?oc=5,"Thu, 01 Jan 2026 17:15:59 GMT",
2026-01-02T01:44:50,Google News Reuters,New Year party at Swiss ski resort turned into a disaster zone - Reuters,https://news.google.com/rss/articles/CBMiqgFBVV95cUxNQ0NsVUd6X2tYczU5VWhuMjJDU2ptZjg1ZnVRNlhHal9sWDhpRXdkai1yMHc1bGgwVGY3eHRZNFFQZnFSOUVJc05ic0Q0VkxoZ2RSY0ZucFRoVVVKQWJjUUJ1Z2FaQ213Z3JUdzF6bjZMQ2F0S1VoQTJiR2FHc2xXMkVBTGtWVGhiQ0xTeGQ5SUx4QVJ4U25BdWhiamUxREVxUnZyaEV4X0pBZw?oc=5,"Thu, 01 Jan 2026 18:42:32 GMT",
2026-01-02T01:44:50,Google News Reuters,Russia and Ukraine trade allegations of civilian attacks on New Year's Day - Reuters,https://news.google.com/rss/articles/CBMisgFBVV95cUxNd204VUVDLVhsQ3dBTTBzMVBOTlVJbEgyU05mcW1sSVh2Q3RpVi1RMDRqcmtTUEtPT2xYeGcwS0VkTGFER1lxNDlRZXZIZTNralJfT2tDQnRnVjNLdzBpOWhrS3g2b29BbXprVG91NWtobVp5Y1NQbkYxenVmeEduOGZsVFZMNmI5OF9uOGdlQmRDdG1ibXdJQktjdmhjN0c5dS1fVFdPYTJKMXpaR0NzclZB?oc=5,"Thu, 01 Jan 2026 22:18:45 GMT",
2026-01-02T01:44:50,Google News Reuters,Yemen’s Aden airport shuts as Saudi-UAE rift deepens - Reuters,https://news.google.com/rss/articles/CBMipAFBVV95cUxPeGc3LTdtd21wYUk2N0VQeUstYUd5cUZ5bzBPbXh6cE96X1JOR29YdlpFR2swbE5xdllKSVlnQ1dIS3p6ejVCYzZHNzd5akFVY056NEN0WUJwdXRvaVpTSmQwNTJzNlk0Mmxzd19MeGVBWnRwbFEyX2VnLUdMT216cmRVOVNtM0hUTTBmbjc5N2NOQ3BvSE5FMXNEQnR2NF90Z3YwZQ?oc=5,"Thu, 01 Jan 2026 17:15:01 GMT",
2026-01-02T01:44:50,Google News Reuters,Trump tells WSJ he is taking more aspirin than doctors recommend - Reuters,https://news.google.com/rss/articles/CBMirgFBVV95cUxPTGV0QVd6ZUtXVndkWHNWU0ZmbHpyNUlqTVJnWjY1UWhjd1g5TmUxN0dXQTROeXV5YjVaeWp3MnR2cVdSUGhEVWlETzg0YVhfZ2JjdGJISUxfVWsweEtaTDVTdVpoX2ZUR2o2ZWxXa3FxWmZGOWVsSTE2NEdUZDRSSEQ2bUxuRGE5RG9LWk9Sbm5yeHkwWTVIQk9seEtMQXV2VTdKYVQzeDdJUG1ZV0E?oc=5,"Thu, 01 Jan 2026 20:13:27 GMT",
2026-01-02T01:44:50,Google News Reuters,Three killed in New Year's Eve attack on informal miners in Peru - Reuters,https://news.google.com/rss/articles/CBMitgFBVV95cUxOQUswN3RtMDJOb1NBNVRZdHItSG9Gck1HRHdXRWtNYVdQVDhkQUlZNWJRU1BPS1JTa21oeWpUNk9oUDZoaEVJcTZHYUUtdEE0VkNWVHd1aFlyVU16UTRaM0ZBVTRrclAzMkEtdlF1T0xTY0ZmSjNwazRLeXNqTzg4TGxpanh3N2ZWUnpkS0psdDZWUExkSnoyM2tYQUNWd1lONXM5dWtCaXMxTEFCeHhkNEt5bm1WZw?oc=5,"Thu, 01 Jan 2026 19:58:00 GMT",
2026-01-02T01:44:50,Google News Reuters,Crans-Montana: Swiss resort at centre of deadly bar fire - Reuters,https://news.google.com/rss/articles/CBMinwFBVV95cUxOMGttOTFIbFFlWE9IcU9lSjRCNENhV3YwMklMdHowZm5Jbm9nODM1SkxNdGJOUEcyS0JFdTZqX2ltcEZrU1VhOEdSRENubERER0JSbVN6VHJiX0lOVzFvX3FNV29idmVPQUtVX0Q0Y2cxWjZiN2ltZ203b29xOG5NbXZyZ0ZtNUkteDdrRXFpQjltNHkxRUtmMmJPT3MtQkU?oc=5,"Thu, 01 Jan 2026 15:19:37 GMT",
2026-01-02T01:44:50,Google News Reuters,Italy says US has sharply cut proposed pasta duties after a review - Reuters,https://news.google.com/rss/articles/CBMirwFBVV95cUxQblpScGlvRnlhMERROVpyY3g0a1R0dlBfb1M0bjZHdVEzQnNCbl92cXRwUmx5NnVZeWxiVDFuOG1zb2VGN1J1YnhtWkxIMEZXRVFIXzF1Nl92NUNCbWFrYmh5Q2tjcTc1MDVkQm1zZUR5M2FwMHFNc0hLQ3NEcm9Xck9XdjVFVWwzS0FyMVJYeUVtcUxaQUZBMGRtMklXWVg1cERxRVpyNVNvZ0FtTWsw?oc=5,"Thu, 01 Jan 2026 20:51:19 GMT",
2026-01-02T01:44:50,Google News Reuters,Russia hands to U.S. what it says is proof of attempted Ukrainian strike on Putin residence - Reuters,https://news.google.com/rss/articles/CBMiwwFBVV95cUxPR3dsa3VqZlZ0ckFxUXZoellteFdGbFZQc21qY0xIOGZNTnduT1NoRDQyV2x6U3p2SXd5aGE0R2YyRTdXQVdqbnJ0REhsMjUtRTBPa2YxbmVEUFhDOGpVbl9CN09GNVNsVzVQWlZ6R3JrQTE5ZGJyV2h3LUlnTnFVRUJYNi1ZOHN1RzdRVWtVYXNPQ3ZlVVl2TFBEVDhrYkNobEk3SXpiSkVZNll2d2l1Wl9SUHRBM2Q5eWFLX090a2ZXckk?oc=5,"Thu, 01 Jan 2026 18:57:33 GMT",
2026-01-02T01:44:50,Google News Reuters,Gabon government sack Aubameyang and national team - Reuters,https://news.google.com/rss/articles/CBMinAFBVV95cUxOODd2TVNvS0dzd3FGMWlBb3BYaHJSX1Q5Ql9SRWdVQzJXX2FyZ0J4NjdCWGVFb05HUEY5aG1KWXAxRWVHakxfX3M1NFJfOGltcXc3Z1Rzcmd1S1RxTmtuMnN1WWpDUVBZb0Uxalh3UXVkS3B2T29ab29KZ3BnR25mbEpHNlczWGdUMWxMa05NYlNHNXpCOFFwYkxUU2s?oc=5,"Thu, 01 Jan 2026 13:18:40 GMT",
2026-01-02T01:44:50,Google News Reuters,"Bulgaria celebrates entry into euro zone, lev currency banished into history - Reuters",https://news.google.com/rss/articles/CBMivAFBVV95cUxOR01IRGJDSEIybjJTdGdVamo5WW5CS3Nnd3dnMEN0VzRxMkFxaHcxSGVYbTZkX09ZODJrUTlxWGpfSlVKUVlHdUZ6cFpQMDl0WmJsUDlkRUlHM0c4TGZ1MlZqdk9BN0VlTnhMQVY1Vkh3Q1A1MUZCc3dQZWptSHpVREJXb0hHRWFKNmxyS3BodzFXYUtSQUdncGE5MGpLbFVHbU1XcEtqZ3k2SkxGRkVJYjNId1NqcUhoekVzVA?oc=5,"Thu, 01 Jan 2026 23:45:42 GMT",
2026-01-02T01:44:50,Google News Reuters,Several reported killed in Iran protests over economic hardships - Reuters,https://news.google.com/rss/articles/CBMipwFBVV95cUxQS3ExOGY3alJVTTByR0ZXTHR1R3lMNDdIaGRJY0JJOUNYUFZIXzVsamdrQ0tvTzZka3lwUkhFdThmb1lhd25Yd1l2N201VWdRWXFLY09ubXBVQWJDZi1YX2Vpak13Z191cXVMd3kyT0h4ZW9DSkdVMFpFczZIVk1VczlnMm5jNkxmMVhoZUFwMUFfOXlJXzJTT2E0MnZiTDNiOFpNU1JGOA?oc=5,"Thu, 01 Jan 2026 18:25:36 GMT",
2026-01-02T01:44:50,Google News Reuters,China's BYD posts weakest sales growth in five years on headwinds at home - Reuters,https://news.google.com/rss/articles/CBMisAFBVV95cUxNM1o3dnRRc3R2Qkd2a2xLdzI4NFkwRDRkTVZ6N1ZqY3dCMkZGVzVDTXFkc0dKdWVBX2xQNnNmcEdCeGd3ci1tNGFhUFVwLTlmenE5ZXJmLXV4LWpnMlFvenlGOTd4aFVPaE1STTRlV3Fkc1NpODVUQThmTEI1S0VLcDFjd21mVnVvTXU2dFl4QlBYT3Q5S2tack81MFhOdTZsRjgtVldEempWN2hQYTRRMg?oc=5,"Thu, 01 Jan 2026 12:06:48 GMT",
2026-01-02T01:44:50,Google News Reuters,"Swiss police believe around 40 died at Swiss bar explosion, Italy says - Reuters",https://news.google.com/rss/articles/CBMitgFBVV95cUxQcGIxQkNTWmlXWnplQk1oYTZkWS1pWldyQ0VSQWdUUzh4clpuLUpkS3NoSm5HWmhwaEZrR1JMVWJzQW9IXzRIR0FhQXlIYmNVQ2syei16c2NiRG4zSTF6WTdmWW1wSjBqTE9Pa2dyTTA2akxQVXRlb0VtYjFFc2NlVzMxeDdYRldvTUZPQnJGRG9MZGhGajFZQzF5THVaM2JXcUFQamttemZNZVlPLVBQRFBDQ2VaZw?oc=5,"Thu, 01 Jan 2026 09:50:28 GMT",
2026-01-02T01:44:50,Google News Reuters,Argentine soccer body in turmoil ahead of World Cup over mystery villa and dirty money claims - Reuters,https://news.google.com/rss/articles/CBMixAFBVV95cUxQVGg3cEVUUGRNRWFzOEU1R3ZIeFBaaDIzLVFaekR0bDl4LXBCTUFDQThCYmxJdkt6T2ZnbmNpZktNSUJfZC1FMkpMRkZ3ekVPaFZIWGtvN1p4SVFfTmI4djFVT2FFSmVLY2tUbVcyMmZWelFyQ3BNZ1phajVod1hnQnpYa3NITnJWdkZ3dXozc0VEN0xPSFFrcUg1X2txM3RNSUQ4dTNKV1Q3Qk9CaGxXWkhKbFh5OHFCM2JnV0dwSjgxSm5n?oc=5,"Thu, 01 Jan 2026 11:05:03 GMT",
2026-01-02T01:44:50,Google News Reuters,Russia accuses Ukraine of killing 24 people in New Year drone strike - Reuters,https://news.google.com/rss/articles/CBMiwwFBVV95cUxQVjY3Y3RPUk8tbXlkQVZfY19FQTk0bGI1M0FSUWNrR3dNLTZrV3dyY000TDhnbkJ2dXVwakUwVmVncjE1VEo3SElGYzAxTnd4TXJIem9kcm53Ym9BZENqcW44cVIxS2pta1k4YWtUWnR5SzNvVzFGWnZHczZZcU1leTRaSnJEV0wxUWtBTmxPZTZzMkdqbHo5Qmh5bmhFX3prUmtSS2tpcnRsNlNQM05SZGtSLVhiaUhCbzcwZy1MVlV3SVE?oc=5,"Thu, 01 Jan 2026 16:27:00 GMT",
2026-01-02T01:44:50,Google News Reuters,"Dozens killed, 100 injured in fire at Swiss ski resort bar - Reuters",https://news.google.com/rss/articles/CBMisgFBVV95cUxNRF8zQzB5ek1ZY3phM2dhay1uMUJ5clM1ZEROTjJCb2FFUUdEdHpoc0tNRDFyc1dlX0swemhwZVVmT2M5SGF0T0ZRVzBTRUlwdXV6XzZpNUE1REpmY09RQVFvcTJlTUNEbE9idUtDRFZINGxqMnktZG1uSXBYSzNrQlFKaXFuMkhFejMwNUl5SzVGeXlDeXVudGhKRU9kdkE1alZJM1dDUXlwYkRNSXh4YUtR?oc=5,"Thu, 01 Jan 2026 21:34:30 GMT",
2026-01-02T01:44:50,Google News Reuters,"After Bulgaria, euro expansion faces hurdles in remaining EU states - Reuters",https://news.google.com/rss/articles/CBMirAFBVV95cUxOZWVFWjJLRjY1SHJIR3dxMFJacmFRRGF6WE5CVTIyemxqR3VLVFJQdUhDcFZFM08taFdNQkVLdnd4Zzc2bzZOYk50anB5RkVlZW9PMFBSZmtSV2tSTjlnT2gwMzAtVzl0UTlEVE1vYlUyeWpuR0tuQjkydElpVm80ZjJ2UjNZcUt2VjNRbGpad1NVZXpFWWxmeHloMW1YaHFTTG1YNm9yNm9QV3Zl?oc=5,"Thu, 01 Jan 2026 06:03:00 GMT",
2026-01-02T01:44:50,Google News Reuters,Venezuela frees 88 more prisoners detained after post-election protests - Reuters,https://news.google.com/rss/articles/CBMivwFBVV95cUxQRmxtOFFBb2hBbHpQelZnczFQWHMydEFhZzRUel9CTS1JY3pvQlo3a01ya2ZxWDVMQUpjMVVyZnJjZHYzRXZpa24zUEMxQkhYV0JyY2RDLUg0WXl0MlpQV0FhQU52cWxib1c1OU1feGxxQzlQTVpwS2VsZDZIbmNGRU9aVEhVdG1xVE40ckJDMEJ0X3U4YzRkWm15RzdiZEFGSzJmblhQWXAyNVZGdkdhUTB6NUNULW5QR1FfOVVhWQ?oc=5,"Thu, 01 Jan 2026 22:20:32 GMT",
2026-01-02T01:44:50,Google News Reuters,Indian tobacco stocks tank as government levies new tax on cigarettes - Reuters,https://news.google.com/rss/articles/CBMitgFBVV95cUxQTE5xTDN3X0FuWkFsUkQ2X0hPSmZlTTFkZmlHWU9Ybm5TcDRZeGhSclh4RWlfU1Z6dEJYWDRxSkNxVzVPbE9CdEpxd2dXcmFrUnFYMXZoMmdUWmF2Q2E0dFJUN2x3M2xNN2lMbllGRGhEa2JvYXBwcXY5VjlRYWVXUExFUWtKVmtmWjlUUUNrUVVwVEdaTGpRYTEwZXVURHNtUlZsVFdua01yUElSdlMwMnkxUWZ4QQ?oc=5,"Thu, 01 Jan 2026 06:31:00 GMT",
2026-01-02T01:44:50,Google News Reuters,China's Xi to host South Korea's Lee in New Year amid Japan tensions - Reuters,https://news.google.com/rss/articles/CBMirAFBVV95cUxOYmNWVkpJdmJoNkh3SVk4RnhCWmxCRy02WExFZXdMVW4xQ284UHlscGVxUllraUNhU2pmNENmYlUzOFp5dVh5cVdyZW5XTkFOLTIxNEVNc1JOQVpvT0ExSDZ4OWdoS0dVSThpYU83aFJ4UFA5eWhPaHRhWjFWNUVPZW1HVjVLQ2xDSU1lUjZsOGpTZFZvYWNmRlFhZklmS0tUaUV2ZE1ucUc3emtv?oc=5,"Fri, 02 Jan 2026 00:04:00 GMT",
2026-01-02T01:44:50,Google News Reuters,Jack Smith says Trump acknowledged to others that he lost 2020 election - Reuters,https://news.google.com/rss/articles/CBMiswFBVV95cUxNLVpUVExlZWZ5STQzTEdNTFhmSUxhYlYyWFBSSTR0eWNyMThYTlRfVnZLU3o5aWhXNGF3NThnNlg1TlpYTUhYOFlqNnZubFpzWWtJblVVVzhtQkdJcWZCUXV1ajlZVUM4T2RCbGZadldXaWhROEg0RXhjc1dvZUIyR1hieGU3alJ1VnlGTVJ3Z3gyVVhJX3VUYW5hUllDQUoxZUF0bjBpTGE1REVuNFVjdlZMTQ?oc=5,"Thu, 01 Jan 2026 02:46:00 GMT",
2026-01-02T01:44:50,Google News Reuters,Taiwan vows to defend sovereignty after China's military drill - Reuters,https://news.google.com/rss/articles/CBMiqgFBVV95cUxOVl84djBid1plMV9lQTJQNjJhYnVuVlB4MzVRYXQ2YlRkdmRHbHpzZmUxbnhaMEZZR1l3NlFaM3dJWDF6RVlIZXlTSEVNQkhMUUZKUldYQloxUExQWGsxcWRYX1hZaXVHdmhLelJ6Q29rX2g4V1dBTWZaV0Z4eWxTaVpJWmd0T2dqR3loNHVxTXBiMF9yRk9IUTlSTHdFMll6WkNBSmNIRXZ0UQ?oc=5,"Thu, 01 Jan 2026 20:28:30 GMT",
2026-01-02T01:44:50,Google News Reuters,"Ukrainian drones hit targets in three Russian regions, local officials say - Reuters",https://news.google.com/rss/articles/CBMiwAFBVV95cUxOaGU4YkV1aW5ueF9oOHNkdWg2dWZ1UzhiVGJoeHhxLUdDeFlMUjJhVnNvTmR2alp2NEtqMkdaV3dRTFFHU0dJdmY5Tnc4Nm51bjFsVVBZWEFWMUNqa0dLd3FFNTBaUERwbkpoSEd2OUthbTRuOXdOU3UxbHVzZmg3OU45Y2I2UHRoUTN6VHh0ZFoxSkFHWU8teU4zSFVxcnVHak9Od2ViMVFDTWhQWlZMYkdpc05UTjRmZ0ZmdVpqLTE?oc=5,"Thu, 01 Jan 2026 14:59:15 GMT",
2026-01-02T01:44:50,Google News Reuters,K-Pop sensation BTS to return with new album on March 20 - Reuters,https://news.google.com/rss/articles/CBMirgFBVV95cUxNTks2X3FTYllDajdkM09zM0FzbVpoX2lqSnlVR1dFSndGTjQydm13bWM3b0ZmSFYwLWJVOHluTWVLSk9FSmJCVHpfUXNjMUZ2aDNfREE0SlhXVEFLTzRZTHEydUd1S0hFWVY0aGNRYXU0UFYwOFQ2Qk9LN1k1emp3cldMdW1vVUZ1U0l6b2xELWYxVmJzNDQzR3ZxbmJUbnZ5OWhQTFFRSTNNS1V4M1E?oc=5,"Thu, 01 Jan 2026 11:56:49 GMT",
2026-01-02T01:44:50,Google News Reuters,"Neuralink plans 'high-volume' brain implant production by 2026, Musk says - Reuters",https://news.google.com/rss/articles/CBMi3wFBVV95cUxPMWEwLU1QOHU2WjNFeUM2MEVqSDU3Ujh1UnVFYW5jd0ZqelRCcGR5dlpMZ3pCd0UxaVVPYlRMN0ZQc0lDQ1RfNTJFaG5saTNHcE4ydDNrbEhxNjduWTBkenJiUjhvdnhKc2tRVTg1UXV4QzNiZGF3ZEQxZllLZV9OQ3BuMEtFcS1CMWI1TkZtS2pIZWRvUE1JTVdWSzhVellKQ3c2dkxCWUJGNnNQcjAtX3RqMlhLNVBxOGxjSExUN0tkbjJXSWlHRkJZX0R6ZzRLUkt0WTQ5UGdnQTBvemJJ?oc=5,"Thu, 01 Jan 2026 00:34:00 GMT",
2026-01-02T01:44:50,Google News Reuters,Chelsea part ways with manager Maresca amid poor run of form - Reuters,https://news.google.com/rss/articles/CBMikgFBVV95cUxPd3RhRmNIM3VCeW5OVXUwWEYxT19YMkV2bXVMSFhkdHJRMGdDZjdQU1J5N3BBTHBCUWlJNkdQOEhFX0kyaU0zc0dMeTQ0RlUzVlRHZHNwc0RmUDdwb2VQdnNfSmFLSHhKNFNpanViRjM5RUNFX2k3eHFpLXZtTEc0S0JuVE1hQkRjYVRydWNsSWJLUQ?oc=5,"Thu, 01 Jan 2026 13:21:10 GMT",
2026-01-02T01:44:50,Google News Reuters,Indian shares start 2026 on a subdued note; auto rally offsets decline in ITC - Reuters,https://news.google.com/rss/articles/CBMisAFBVV95cUxQd1ViZ1pQMG01N3BzRDA4MWpBd19RejQtYTZLSlNCd19jdEF4TFU5N0huYTBMeGEyMGhzSjhYZ2RDSkhUWWhtenVibUpCSFc4NUI1QzFNMHVkZndIYlNGdVRoYjZjaFlEOVNqMGtudEliRVhFWngwWmpGVlJWczdCRFg3YTZ2SkxZcmZDck1XMXRtRHBkdXE2YVVkRjlrU1BmVExGWVRaWTkwNEpNcW44RQ?oc=5,"Thu, 01 Jan 2026 10:23:08 GMT",
2026-01-02T01:44:50,Google News Reuters,US draws bulk of state-owned investment in 2025 as assets hit record $60 trillion - Reuters,https://news.google.com/rss/articles/CBMiugFBVV95cUxQZXZzZ3dvRVhVdmMzVjduWDJST25fRFBWNU9zRXBTTng1Smtqc05YaDUzVGNwVEFvcUlYTHdDMDB5UWxJSTlmRFNxdkpVNU5NREFKZEJ3YXVJdVc0UkFYT2xZMW9oNkU2c1hzb1RueUJqQWh0bnRIcXJBdDNzUVJvbUNJazlWWlpvWDVYUkx6UlBvbmlhbTBmMmQ2aG1PYmxBSGFkU1FyaE5QanlrSjdacUhBeXlnVzhkVkE?oc=5,"Thu, 01 Jan 2026 00:07:00 GMT",
2026-01-02T01:44:50,Google News Reuters,"Brazil's Bolsonaro leaves hospital after surgeries, returns to prison - Reuters",https://news.google.com/rss/articles/CBMitgFBVV95cUxQejVMTlhyNnhNM0h4ZTFJVUlWNjVlTVRQZnlzQWQtbGlObjI0UllleDZpN3FuSll1X2tqTHBpTFVQRURBZGVIT044cXNhYXE3dWlVRk9ZTUM3OE55THFFMTJab2FWNFVLMjBGbWVuZk8tTkJLdmlqTGQxbG5PUUE3U1VwTGhsdFFZUHpYZ1VBZFBKTXpGbG9wV2tReW85WlYzMWdGemQ4bG1nRW9EQlRGODF1SElvQQ?oc=5,"Thu, 01 Jan 2026 23:29:58 GMT",
2026-01-02T01:44:50,Google News Reuters,North Korea's Kim Jong Un attends New Year celebrations with daughter - Reuters,https://news.google.com/rss/articles/CBMivAFBVV95cUxNR1JWVkF6Wjg3bXlmX21acXVpWFpfS3RKeThJOFMyT0lJZHBnbVBOVGtlRWJ5QlgwdmZVd05DcHpydHk5MFVjQVF3d3lPV3ZHbUppQ3MydDc0SWZDYktPdTM5VkFqNEk4bk1veXlOWHVRRzBSbkFLaVRza0tqbmlLQ2t4Y28yV29ZdU5WUFpubVlQblhnb0VGcW5qQmswdmxIcmtWckZYUHhoS2plUlV1SjBiODBVRDN5WC1QTw?oc=5,"Thu, 01 Jan 2026 04:43:00 GMT",
2026-01-02T01:44:50,Google News Reuters,"Ukraine, EU officials dismiss alleged attack on Putin residence - Reuters",https://news.google.com/rss/articles/CBMirAFBVV95cUxPVTFmLVNVWFkyaWxwOEZPc3MyUGdkbkdNd19HLVRNUFRJMzlFMzg0WF9hNFY2TVFvdGJZelNJUUZ5OEpvRFFLaGpwVVBzeUtVVW5TVi1JdjFOelF6RktsR0cxV0F0NF9ZcENiZkZwY2ticTN1dkhPVlY2d0NVWW9RZWxBT3JuRGVZSW9IMnhmWWE4MDZKMHh0TFF0SUQtWTVmQ1I5cV9nbU1YYXdT?oc=5,"Wed, 31 Dec 2025 23:05:54 GMT",
2026-01-02T01:44:50,Google News Reuters,Zelenskiy says he won't sign weak deal that will only prolong war - Reuters,https://news.google.com/rss/articles/CBMiqgFBVV95cUxNdzVlbF8wRXFxRkE2R0VXd0RBTVNTSWNtT0RidmFLRU96dzV0OW9aSTdFVHdCdUQyMU9pLXZaN01lcHIzZFBEYk9xcjlEX285Xzd3NFpzVF8zUEJ4YTdyRk5DajNGMF9WYlVFM3k4Z2Fja2l1UXdzUjQ0WEM4Qkpicm40d0ZKNVVITTYyaFBNMWFhX2VRNXc1eHlveFhrbmFLS0hhMjc5cy1fUQ?oc=5,"Thu, 01 Jan 2026 04:08:00 GMT",
2026-01-02T01:44:50,Google News Reuters,"Saks Global prepares for bankruptcy after missing debt payment, WSJ reports - Reuters",https://news.google.com/rss/articles/CBMiywFBVV95cUxPNTNXYXpwSERYSWxEX3VHZS0zNXhvNUFTM2RWdFdzcEZLSmQtbk03bzd4Vkx6bWRLbXk4Z2N1SnJGRWxkQXFHMmNXZTF1eGFmcmRhUmEzUGxiNFU2QkJoQ2V1czZ0QlJGVEhhUGpwRjllaDZ5ckFERWY0S3ZnYUJqR1NRYlhqVU1PZGN6RTRpb1play1FaExRejhlMV9mek1yeDJVWTZ4MUhVNWprd0l0eXUzZzVpbGtuWnIycjVnZmFRRnFpT1QyWEJvVQ?oc=5,"Wed, 31 Dec 2025 21:21:51 GMT",
2026-01-02T01:44:50,Google News Reuters,US Coast Guard searches for survivors after strike on suspected drug vessels - Reuters,https://news.google.com/rss/articles/CBMiuAFBVV95cUxQa3lFRmg3YkpzVEtfM3dqYXVSV19mOFVrNFlzVTk0Z0pXczlESk9TQTdMWUZDeFpueU9OMmZRVENPSVJUWFNEamdVbHR5U1FseFo0clpwUEZPX25Cb2FsVTl6N3VmbkNaSXZOa0RBc2t2TkJGdHJvRUU0dGJtWmgxUEtHSjI3OXoyMGdfUWpPVGhESkR2MndVcG5SWXZacHdvLS1UZEMzbzdreG5EMVpEMEN5ZmNSbndz?oc=5,"Thu, 01 Jan 2026 09:31:44 GMT",
2026-01-02T01:44:50,Google News Reuters,"Berkshire falls on Buffett's last day as CEO, gained 6,100,000% over 60 years - Reuters",https://news.google.com/rss/articles/CBMi2gFBVV95cUxPRFV2M0tfVE1Vc2g1V01MQnVRenc1WUYwaDNPVEgzZlpPNlprSkNCVlFMQmEwTDBkeFI1bm5jWkJRc2d2V2h6OGZ1Um9fVFp2QThTOTVJRXdibGhUWFpfN3NhUmFSX2ctam5oWThDcEVxbXhIWGtqQjRlY3NLTHpWLXYtQXIzb1JEdkhMckxBTjBOVWR3MWh0dGhmVl9UQTNyemNtV1RSYkZZbC1ROVFSREltTS1PTFdIcDRBWnZkNXdHUF9XdVVLekFYTm9VemU0Y1dPeXNhb2FSdw?oc=5,"Wed, 31 Dec 2025 21:48:17 GMT",
2026-01-02T01:44:50,Google News Reuters,"Trump says National Guard being removed from Chicago, LA and Portland - Reuters",https://news.google.com/rss/articles/CBMipwFBVV95cUxPcVp3TXRrRlpkNHpYWWNRdTBaUzBZZjAyWEREQ0dLRDVFOWgyM1RSUmlGd0tHbS0waFJFSkk0VzB3MkZ6Z0J5cXNSSF9iaEdJNTI0YU5nV3Foeko3WFAxR29tR3QzYW1nb0hqTmtuY3dXOGVyZzc0OEt3SjVlLTd3T2djWDdyUzBNenRGdXAzdDJYSzduVjRMdUQ3c1Q3ZVBTOU85NUd6VQ?oc=5,"Thu, 01 Jan 2026 07:49:00 GMT",
2026-01-02T01:44:50,Google News Reuters,U.S. grants TSMC annual licence to import U.S. chipmaking tools into China - Reuters,https://news.google.com/rss/articles/CBMitgFBVV95cUxPY2c1dGhsRTZvdnRhRWFITFZaSGZVS3laZnNORWwwTTR4XzF2RFdaLTNlZUxMaUhWWkZXc096MXBzbzAxd0lPemxMRUVtVGxaYkhLd19XVTdWR1BlS2xTWENWT3o4bHdCZTFaWGlFeEYwVWh1NV9mZWY5Z0FZRzNlc08xaHFUTmlRM0RPRHZiZ0FHMzhubHNqY2VYQ09pOWtaczM4LWNjd3hkTi1IalJkZFhUYWFKQQ?oc=5,"Thu, 01 Jan 2026 04:29:00 GMT",
2026-01-02T01:44:50,Google News Reuters,"Boeing awarded $2.7 billion contract for Apache helicopter support, Pentagon says - Reuters",https://news.google.com/rss/articles/CBMi0wFBVV95cUxQa1RuRlh2S0N5NG1Ccjd5QlZwdDNwaFdtSlNHbVozQ1Q3anJKZzlIVmg2dWwyT2FLWmxGUy1KYXExSmxFSTZLZllJcU10bjZjYmNHMm9KVC1iaFFjb3dtY0FqUGZoZm51dkpGa0NkTUNPVlVJMjdEX2JSLTFGSWlteWlnalZkaXkyUXhjUlZxMjE3RmY5dmNqQmR3MHlZOENyb0RnNFlPQmVPU0xwRjIyWHlULWdLalFEWVlZOWlfT2pYUXRKNHQyeTIxRnA3NkJiYzM4?oc=5,"Wed, 31 Dec 2025 22:20:01 GMT",
2026-01-02T01:44:50,Google News Reuters,US issues fresh sanctions targeting Venezuela's oil sector - Reuters,https://news.google.com/rss/articles/CBMixgFBVV95cUxPcjE4LWJ3TFdLMlV6NHpfa0diZDNaWkFPQ2FKVFp0R2JRdEVHZG1SbXhteXo0bUdWcnpucTM0NUI3YlNpcWh5VFd3ckNtdVNwUXJyaDdnWmNpQUFvd3pUdTZvQUJhb3Q0NF85Wjl4MVVlcGl3eHVKZUZpX2hxSVpIdFA0YlFsYUE2WS1xbDFOamZSWXlBNnRoWUhFeVllYi04YWtFTUw2RkNZZDZWSXRSWnZoUVlhYTI0Zzh0TFpsTThTNVdtQWc?oc=5,"Wed, 31 Dec 2025 21:36:05 GMT",
2026-01-02T01:44:50,Google News Reuters,Bitcoin set for first yearly loss since 2022 as macro trends weigh on crypto - Reuters,https://news.google.com/rss/articles/CBMisAFBVV95cUxQWktPVV9ublRITlJ0QjJScFpobGdpRmhOX01nR3c0dDJRMk5UWVpaOXdSMHMyWmZFTTQ5NGZkUDY3UFNFLTg0WnFBejlmOFUwMDlnellUTTZURXEySzBiX0NPZ3VsbUNfRTNHRGN4THEzUUlDWDc4dXVwX3NhX3Rsem5VNGhpSW9UcWRPWFp3Q1FDc211UzJpQ0pZcVpXdTR5TXpWTDQ2eDlBbmpjQk9zdw?oc=5,"Wed, 31 Dec 2025 20:01:32 GMT",
2026-01-02T01:44:50,Google News Reuters,"US judge blocks Trump move to end protected status for thousands from Honduras, Nepal and Nicaragua - Reuters",https://news.google.com/rss/articles/CBMiwwFBVV95cUxONnRlV2Z3Mm5NZFJ4Q3JrXzBOYnpMTlY3OElDTEU3Ym1RZ2p1X2FEdXpFVy1kZWhVcGhiSXl0ZTJQaGlvME9mUjVDUHRrZnd1dUtkbkNhLTFDdW5CM0E1cEhOMUdIQVFhZFpHZ2c5ZGwtMkRzb3ZmUUl1aHByWmc5WVNWU1pBWU9TTXZTVXljelBPOFp4b3ZKblFwNkF0elA3WWVVczV2MmNCV0ppR2w1UXh0X29jQWNWWmdWenZudy1iTlU?oc=5,"Wed, 31 Dec 2025 19:03:56 GMT",
2026-01-02T01:44:50,Google News Reuters,"One security force member killed, 2 wounded in Aleppo suicide attack, Syria says - Reuters",https://news.google.com/rss/articles/CBMipwFBVV95cUxORl9lWnB6LWJDUXBGRllUdlk3MGtYTDBhSTBVQ3F5ZFJPUndEcDktYnZ6WDdNbkVOa2FOc3lkdk9DekFabHBpcm5nRFpDYnNXOE5hMlJPRE41WXpSNE9wck1lZGVjYVgyMW9YWGp6Ny1HWGp5RnNWWDJ5WXgtN3EydUVnY0VhV3VOMUxXQ1I3cUtvZHR2Tks2bXY4akVYajgtb1NFT2pPQQ?oc=5,"Wed, 31 Dec 2025 22:55:28 GMT",
2026-01-02T01:44:50,Google News Reuters,"Trump administration tightens US childcare reporting requirements, no funds frozen in Minnesota - Reuters",https://news.google.com/rss/articles/CBMitgFBVV95cUxPUTZhRDU3dTE5ZmQxQmstV1VMZDB1RHItaGdLQTExSk0yTGJ2WlF1aVdnRjVSU2V4U0lxR3RLQmdRNjJjWEV3V0p0UkVwYTBhd0hBa3Mza0VuY1NtYXRBd1A5cVluUklxc0pESjJNOXJFRFlrNFNoQ0JwRGZ4cmh5WVU4aTJ3di1JN3oxMEd2dnNUQVdTdGlZLTd3QlkwbTh2OTVFdFJrTkFBb3VpaWxVbzVhbThyUQ?oc=5,"Wed, 31 Dec 2025 22:45:58 GMT",
2026-01-02T01:44:50,Google News Reuters,"Residual fuel fills Venezuela's storage tanks as exports cut to minimum, sources say - Reuters",https://news.google.com/rss/articles/CBMiywFBVV95cUxNcDF3S2ZPY1RTeHZRbE1STVZEVmNoZ3BCNTRLc1hQNkh4Mmh3Nkt1MWJNdmFqV2cxcGxOTTZ4U2ZoSkFjUVZjY2FzWXpPeE8wdWY2bGlhTFg0R0o4NEx6VTA2UFJZVVVpRldfV3pEdzZpZTdjR08xcmJCQkFvbzR4d2tUSDdBc0tmSURDaElVSmlwNzA2LUpEMmZHUlFUWHNLWUlPU21FbTRzYTVSSGVBYkdGaVlwZmVXdlRDMkhwMUtiZlY1aUJYaGZjMA?oc=5,"Wed, 31 Dec 2025 17:57:43 GMT",
2026-01-02T01:44:50,Google News Reuters,India imposes excise duty on cigarettes effective February 1 - Reuters,https://news.google.com/rss/articles/CBMiqAFBVV95cUxQRUstX1N6NHdNYnZKM21Rc0NOSF85eVAxM25ITFdOTndBWlBoMnJMeGZBVV81bG1QMlZaNEw0SjRzQTg3cmc2aC0xbGlCWWh1X0o4MlUwOTNaaEJmSVRpMGhmLW5ZUElSZjYza3h0OEthdnRPZzhPN2I3b1M5UEFqMWVTa1owY3M3SllDM3NhV1Z0VTdtUUxheXhGdVFscUZYUnAyUjJRQ1Y?oc=5,"Wed, 31 Dec 2025 19:21:25 GMT",
2026-01-02T01:44:50,Google News Reuters,"Macron wants to ban under-15s from social media from September 2026, Le Monde reports - Reuters",https://news.google.com/rss/articles/CBMisgFBVV95cUxNZFgwUEdaVDdXc1Nub3NwNEpaMDBNc1NtSFkwbFVrbWJ6NzdvS1lWMFRMZ3FidnZOeHBxWVlMU0FpTERRakZvbWVoekdNQXBqbUhpY0NBOUlUZ0M2V3g1S1ZXdWNOMnR1TUMxUU9YOENvaWJuemlZU0swM0RqWDQtcWdiVWVHMGc1T2dpUmdUUzA3WW01VVBqdlItZ0ZQamNWNHlERTU3QUtSZkc0YkF2WGFB?oc=5,"Wed, 31 Dec 2025 19:54:01 GMT",
2026-01-02T01:44:50,Google News Reuters,Ukraine condemns Russian new year drone attack on power infrastructure - Reuters,https://news.google.com/rss/articles/CBMiygFBVV95cUxQSGtGWW41TlFycHNGdGRKSmR6T19UUXhpQ3pxQVF3UTlSNzhRa2doY0ppTXUyN0NHYUtYVlhsdndIUjQxT0xzcWxvOHg4Z292SE5xeVAwbnlUN09YZGxVWHA1SnZKZjRTdkVGYTgzdmdHRjN6Q1NyV1E3OGpJbmtGSDdtT3pNWjdacmJyZ0J5ME4wWk0yOGFJd0tFOHlZa3lrazNzMFBzV3U0NVI3cE5pWDBpQXEyOVJsbHNnaDI5d1BndnN6V3M2Wlp3?oc=5,"Thu, 01 Jan 2026 12:53:26 GMT",
2026-01-02T01:44:50,Google News Reuters,"Bridgewater's flagship Pure Alpha surges 33% in 2025, outperforming biggest hedge fund peers - Reuters",https://news.google.com/rss/articles/CBMizgFBVV95cUxPS0hDRkZEZjE2R3otaTdMZER2U2Nkbmg2MHE0VEY2QjhLWWhWRUNjanVDZVdzM2VoanhIbG5odXlSVkNRSEZ4RUpFQ3pubWVRdE1CZTNFQnpLZ19uQVVidEtJanlNblBCZmRzQnR1X0hpdXBTNGlTOGtLQ2pacWFyOHl1czVVWmlPeF9FRy0tNHloOGJWR0U4aF9zMTRUOHJMRDFqVHVSUlh4aldHMENheDZVRmZ0b2pXclhJbmpxM0w1MXdscEZFU1g4MmpFQQ?oc=5,"Wed, 31 Dec 2025 20:41:50 GMT",
2026-01-02T01:44:50,Google News Reuters,"Iranians try to access local government building on fourth day of protests, state media says - Reuters",https://news.google.com/rss/articles/CBMiywFBVV95cUxQNDNESElVTUZxbHItYk5BTHoyWHZLcFBKTlIzVFR3UEFEUEhxaDZOcnNwOE00STRKSkFjZU5qRVhSc2Q0eWpwd2Q5NW5YTEpnZTN3RHdLTUFuLUlvcWNLZHZQTURoZDNTR21DdkRCRlMtbmRtY09Cd2JEWU80Yjdob1R2OGJLY01VbWVfd1dDanVzV2k1b2JWbVpBcVBSdUJLeWlGc2tBcG03dU03ZzhCNkZYVlZZa24tOEZ0ZFFRYzV4NUNfelZVRE1Baw?oc=5,"Wed, 31 Dec 2025 14:24:18 GMT",
2026-01-02T01:44:50,Google News Reuters,Year end sees record borrowing from Fed's Standing Repo Facility - Reuters,https://news.google.com/rss/articles/CBMitwFBVV95cUxPb0k3eTF0LWlHMGtnRF9pZmE1STh6bkZwRnBPdjlNenRWMHJINHkyU1Y0cmdaT2pUaUlBdTFpYlR4eG1UYnFNS0NJRGs3QTgtSUhxbVo2Tzl4aEkzRG5Gdko1SEhpZ1VCYnlUOHFPLXk4X3dLQ3Jlc1c2YWFsR0xzb2lleWwyT0NPSUppeUZCZXN2VHA1algtOTdSRXpWb1JPVGoydjN5UXpnM1hjbndwQ3MteXNPSGc?oc=5,"Wed, 31 Dec 2025 21:23:25 GMT",
2026-01-02T01:44:50,Google News Reuters,"Meta created ‘playbook’ to fend off pressure to crack down on scammers, documents show - Reuters",https://news.google.com/rss/articles/CBMiwwFBVV95cUxQc0xQRXJTVjhLOUtIT0Qtbkxha0tGSzdxRXc4Z1pycTZsX2xXbHRtMTZ4MlVCelBKXzREYnlsQVVIVEljRnFYSWVDRHVlbXdjTDg3RV9VanAyYzB0ZUgwSHBsZnFwaklSOGMtTWZKa0ZHVUJfb3BCZjRfa1Z1WTh0NDNsWFFtN21XTTdRZkgtcUltbVBhZE4ydjZxaEZETHFhb2t0X2hYdVZ4YnlDc09UTDBsZVJCYXpKSmdyUk9BTFlkemc?oc=5,"Wed, 31 Dec 2025 13:00:00 GMT",
2026-01-02T01:44:50,Google News Reuters,World bids goodbye to 2025 with fireworks and icy plunges - Reuters,https://news.google.com/rss/articles/CBMiqwFBVV95cUxOZnlUdFFqYnM3bU5JQ2IwVlVMbE1tVUlVczVXdF9Ba1ZVVzFsazRwNUVCTDdVMTZwczJPcW5WZzhSdFRrZzllS29jX21lX0JERUNobk9Za3NqM25hMncwbTkzcG9fb1ZrSkd2Y3ZaVzVGekNidmNlXzdiX1hUaXBtdThRZ0FjQjRZSmlscEVVdTZ5VDJZQTVjWWZxV3JVVHo0YmpfdXJRMndQd3M?oc=5,"Thu, 01 Jan 2026 07:54:00 GMT",
2026-01-02T01:44:50,Google News Reuters,Russia releases video footage to challenge Kyiv over alleged attack - Reuters,https://news.google.com/rss/articles/CBMixgFBVV95cUxOei1nRDduZmhtMDBmTWExMnNFVFNONFdqa3YzX25ReVVfc2ZGQ08ydWlfNmktdGcwUG1RVEcyS0ZRYlZXVVpUMXFmNHhIdVAtdWNCR3lOaXUzTVVNak9BaGliVDNfcTdmdlBYVjRPRGp4cHZJM242QXBPR3NyMFV1Q3hvQXI4M2pKaXYzOERfQnZQSE1xSHVPbGtRTnlGU2V6MHQ4SW5DR3F4bTNpOVY0ZTRWQnFhb1h2M1FvcmtpR0V5Rl9jSGc?oc=5,"Wed, 31 Dec 2025 21:20:02 GMT",
2026-01-02T01:44:50,Google News Reuters,"Magnitude 6 earthquake strikes off coast of Japan's Noda region, USGS says - Reuters",https://news.google.com/rss/articles/CBMixAFBVV95cUxONTZEOFcwOUlhUTRPd3hYUkZ0ZkFTVm12WGhXS3Fkd2hNSTZmTUNwUGpEbVRSdUQ5YlMtNy05M1B6S0trZklPMnBnbDk2NHFFaXZTUmI0dWdwaExFUWJPTEVlOTZlZlhFaTg3a2dHZDJ5cnZVa2VubkpCWkFOVW1QdHd6ZllRSjQ2eVROT1ZJcnVwTHNIR1FzSFBtOVZZS0FPQzc0RkF0dDNoY2ZweDVscjlJVU9LQTB4QThFSXNrRDktVW1r?oc=5,"Wed, 31 Dec 2025 14:52:21 GMT",
2026-01-02T01:44:50,Google News Reuters,Finland seizes ship sailing from Russia after suspected cable sabotage in Baltic Sea - Reuters,https://news.google.com/rss/articles/CBMirAFBVV95cUxPZGRHRHlON0U2dHMxd3VTSGIxR3lwa2dvM1dHdTU3UWJGUVZOMjJOM09BbEFBaUt4YXdselB1N3RKZkRCSzVYZXhPOTZvRXhpejZqdHVKOVd0YmsxRGVxalliRmdja1QzOXplcnRQOEZyOFZwTFdEcTlrQ1FyUWpVbjhleXowa1B2Sl9hY3R6N1hnVGZJTVlCUVNraWNIUVc1Rlc4UjRVUlM0R0Zn?oc=5,"Thu, 01 Jan 2026 05:45:00 GMT",
2026-01-02T01:44:50,Google News Reuters,"SoftBank-backed Oyo Hotels' parent makes confidential IPO filing, sources say - Reuters",https://news.google.com/rss/articles/CBMiwAFBVV95cUxNd0dCSEdfUjgyWFc4aUdnUU5vNW9NazUxYTQycnFuQ3Z1bm9MRnJpWjJULW1lRWlkQ196N09OUExMdzloby01ZHhaQkhLaWw1SVgwcjlLbV93UzF0NHZlS0JsekdBTjFPRlRlMmZNSE1lbkpDbXBnbEJuSjB0eWl6ZnFJWXl4d3hIZTVkNzg2NXJGZXFOb3BFYXlKZDVtbkNUSWY3X1c2bjBORXRUTVpHWUg1cHFGZzZTY3lJTmFyUGc?oc=5,"Wed, 31 Dec 2025 15:18:16 GMT",
2026-01-02T01:44:50,Google News Reuters,US jobless claims slide to cap a bumpy year for job market - Reuters,https://news.google.com/rss/articles/CBMijwFBVV95cUxPeW91UVBIb2RLLWU0amNUNEhPMHJXYUt4NGRRVi15U0t5N0NVYVdrbE5mMkNzQ2Yxc1kyZXB3RjdadHM2aTY2YzVVM3dWdmhqaExnNTY2Vi1fTHRZRkZnSWRKWlVrSlAwQnAwVDlGSFh4MmhldnJWcVdHMXJ0a2tXTGZadldlWWoyR1hMbjlTRQ?oc=5,"Wed, 31 Dec 2025 17:22:12 GMT",
2026-01-02T01:44:50,Google News Reuters,Exclusive: Drugmakers raise US prices on 350 medicines despite pressure from Trump - Reuters,https://news.google.com/rss/articles/CBMi0AFBVV95cUxPanJoRzlnUmJZMWtVdnJpRzR3MjJobGYwWVRzcHBTT0stc0tQU0oyUGdFRklXczBuYThXUUswMlp5YTYxbE4zTVVTNE1pMDJTT2w5Tzc2ZWNvczZhb3JtbUNxRlBNNFI5d0JGRTNyXzFaejhQTDFieHc4cjloV251WEIzYk5LVFNnWDliXzA1aVVDUy1wcWVFdXRuSFVHZ3BBakplcmlsVkxOWUtFQzdXU2VLSXFrZHNiVHFvR2xsbnpvUVItTGxXTnl1b1hRMGNT?oc=5,"Wed, 31 Dec 2025 20:26:08 GMT",
2026-01-02T01:44:50,Google News Reuters,"Brookfield to start cloud business amid AI frenzy, The Information reports - Reuters",https://news.google.com/rss/articles/CBMixgFBVV95cUxQcHlKQnRhV00wXzhHLUo3bHpibGZfSThfbHFBaDZTdkdLMm9MOUU2bnVjZjBKaHI0aGkzTC1BWE9HV0l0cHp6RGtGd19WMGhHN19LUjFLRHJIWVpEN2hJVXpZdTV3dzdGcHljS3d2U1BhNnk3RFdPM09GRk5qY2VzdktXSHpzbmtraXR3VXRhbEhVVzYxaF93TW14RWUwVEFZWFNKMzhWYmZRZzA5QkxZS3RIYTlLSE4yMUgxQU9VZ2JveHlpT1E?oc=5,"Wed, 31 Dec 2025 15:53:05 GMT",
2026-01-02T01:44:50,Google News Reuters,Trump Media unveils plan to distribute new cryptocurrency to shareholders - Reuters,https://news.google.com/rss/articles/CBMinwFBVV95cUxPMXlYdEF0UlRyTm93V1NTUHhMaDNDQURQYWJpWmJUVHd4bDlqV3piWkM0ZTBWNnNMYXZaal9idHVKMTJpbE1RcU5OLThWS1JWU2VhUXp6eHU5dVJreHZBYjRqU29mZGZHbGV3Y3plcFo1ZVg5Um9BSkNuTUl1MWhYX1Z4XzVqNFplUjdpZGRjS2syUUtGNW9xZlZOTlZjSnM?oc=5,"Wed, 31 Dec 2025 16:02:09 GMT",
2026-01-02T01:44:50,Google News Reuters,Bangladesh's Islamist party open to unity government after February vote - Reuters,https://news.google.com/rss/articles/CBMiwAFBVV95cUxQbzE2R2g0ckpWN2hJUUlzdWZTSTNqN1F6ay04RjRWa3c0RXhlTndiR3pEdzlJTTFmNjZsMGRhTy03dWpKZmNpMVpDVk1GNWtHYmcxeFpBXzY3V0tCYnByVFFSSDlxS2VYWG11VWg2Q2RHMjNPUDBGVDhYRmc3MjFoRlhiQnN2THNyenAxWWxhX1A4eGZEMHVFQmRlRGNkX0cwQXRRbmRTV0FUeEdRNzdJYU84ZWtXYzJDNVpfdWJ4MFQ?oc=5,"Wed, 31 Dec 2025 15:29:11 GMT",
2026-01-02T01:44:50,Google News Reuters,US FDA declines to approve Corcept's drug for rare hormonal disorder - Reuters,https://news.google.com/rss/articles/CBMizAFBVV95cUxPQVgta1MtNzViV05DMGIzMjJ5bWxFTE5yZk11UlRFR2xuWm9rRVEyWWJoX3lZelhVejg0ZG0tQ0JFdm5JbkV4LUF2aVJmZHJtWWg0aTZKU0VUMi0xaE1qcmF2b3Zic1V0dktvaDk5SGxCRWNqYTJUYUxDZG44TTk5V1BlQVRaaEtoTEFqM1paWFdteklFTHhsQ3U4a0NNcGxUbmRva21OY1M4bVNma3BTU1NWbFhVYlhtd2hOQndvS2JOLUpxOUZIOTNGc0I?oc=5,"Wed, 31 Dec 2025 20:53:44 GMT",
2026-01-02T01:44:50,Google News Reuters,Wall Street ends year's final session lower but posts big annual gains for 2025 - Reuters,https://news.google.com/rss/articles/CBMitAFBVV95cUxOSm1OdnJoUWEtSHN4SDRhMjlRRUxpTTZHSldCVFBwVktLbndEYUI2UWdZMFI3MjQ3SHZMOG9aVTRYYlphakt0VkpteWRiU0M0U3ZyNW90OFJvNzR0eE9Db1VJSW5MYUcxRlZFcl9fZ0xOTy1Pa0tmMkxfeExTdWlKWVN1Q2J4RS1WNnZZV0NnRUtFUHVBUjhHMjRTNkpUTnFyQnFrTW43YzlJczltOEtlQTJacF8?oc=5,"Wed, 31 Dec 2025 23:58:13 GMT",
2026-01-02T01:44:50,Google News Reuters,China imposes curbs on beef imports to protect domestic industry - Reuters,https://news.google.com/rss/articles/CBMiqgFBVV95cUxNek5fUTBuT3Q3NlV4ODhMc2lSZW1FOURaTnJIcmlRTWVURFBFMGQxVWJrbFlQNVJWOXNma1JQdFcxRlBBZHpYRDdMX2lSX3R3YTM3NjQzeV9zdVpSMFFQUmRKbGF2N21mTk95Q0lDZHVmMGl4X2Y3S2JSS2g4a2NGNERRVy15eTd4RkVIR3hvdlg5UXo0cll0cTAtNjBZUDhTTzRURU9sSk9mUQ?oc=5,"Thu, 01 Jan 2026 05:08:44 GMT",
2026-01-02T01:44:50,Google News Reuters,How Israel’s multi-ton truck bombs ripped through Gaza City - Reuters,https://news.google.com/rss/articles/CBMiggFBVV95cUxOblZnTEdPcFplU29Vc3ZEeFRvSlY3d2VvY2hKb0VXbWlZcUVjNlZNeDF6UFFSLVI0YnNUa1ItVjNoSjhqSFMxcVhlWWNJS3NsYnBJbXVpdXM4V2lRNTN6cjNwS2dqZWlpN3ZqMXFnVlhycWxLaURCUFhPQm1CX1FLUDBn?oc=5,"Wed, 31 Dec 2025 08:00:00 GMT",
2026-01-02T01:44:50,Google News Reuters,"Exclusive: Nvidia sounds out TSMC on new H200 chip order as China demand jumps, sources say - Reuters",https://news.google.com/rss/articles/CBMivgFBVV95cUxQc25BdFZxZkZrbWoxTlpwNFRvR3lPN0pPUl9LMmQ4VTVWQTN4Qks2cGdJUHVCbGhMRUpEbF8wcEdfczM2VWVzTU0zMU4wWGVxd2MwNWYtaXhoOW9uaG1fNjZWLUp2YUlvNk5FSTVjaTdodGF6ODFldVo5MDZ5MUg1NnE5b2lsRHBnZU9PTkR2clF0R1R5cHM1SHgxNE1qRC1STEp3aFQtaTV0SU5tNG1CUGJ2YVRTT29adWFSZDd3?oc=5,"Wed, 31 Dec 2025 07:44:33 GMT",
2026-01-02T01:44:50,Google News Reuters,Pentagon says Lockheed Martin gets $328.5 million Taiwan military sale contract - Reuters,https://news.google.com/rss/articles/CBMi1wFBVV95cUxOTG15QklWa1pmSHh3Q1BNdEM4MGlhTTNwQzB3QVpobUo2eWlzRTF0TmpVRUFFRF9GWlJRLVNPQjlJdFQ1emE0bWFzMVM2NGxWRC11aWpmMnBYUzBfdHN3QXB3WEpONi15Z1U0T19pbnhjWjhUVjQ1REFYRjRDV0x5bGNjOWFSZ1ZDUWFlLTlsOFFXc3I4Zk5ZSDFhdU8xVnltUVluX1lWT3BXOXFVVlJ4aktNdU1ObHlucFM1RzRkajhack53TW1Ia2hOaGkwRGdMQXFOQUpvZw?oc=5,"Wed, 31 Dec 2025 22:53:09 GMT",
2026-01-02T01:44:50,Google News Reuters,"US DOJ to review 5.2 million pages of Epstein files, document shows - Reuters",https://news.google.com/rss/articles/CBMipwFBVV95cUxNcmg4NjNWajJzOF95dHdST3pkSW5aWGpOOEtNeTMxVFZKdDBJMkJkZGdtcmpVMzZ1cWRLb3IwS3JseGRLRVZLaS1wZXJBUU5TYmxEMzdsN3A0YUs5anhDWms0dXNPMHVWQ2ZmY0lBREdkcFpTLUJfZ3pSekRTdi1URDRTOFl6amNVWU5GelBUYkFkbGFkdWdiRGkxc0t0UTcyZm9QT0czYw?oc=5,"Wed, 31 Dec 2025 16:48:13 GMT",
2026-01-02T01:44:50,Google News Reuters,Switzerland's SNB sharply reduces foreign currency purchases in third quarter - Reuters,https://news.google.com/rss/articles/CBMiugFBVV95cUxOWWpOMks5MFpWVTVzWXU2aGhhY0kxNTg4ay16MGxOSk9jc3Fncnp2cEVvZDVsTU1wT2V2SVpPLUFPZGxKbVNpU1k0RkFHRWZ4WGJiaDNzRUZ6V1lZQTUxUDBwdGVVdDJMQVRNQ2RnVFF4amJBSVA4YWl5eklrdU9MLXU5c1Z4ZG1LaVc2TmxBbUpsMkVqdGxUS1p2bUkxQl96WUZXa0FOdDVTY3B0VnQ5bXRmdXYwWWFXckE?oc=5,"Wed, 31 Dec 2025 16:21:16 GMT",
2026-01-02T01:44:50,Google News Reuters,"No precious metals market report on Thursday, Jan 1 - Reuters",https://news.google.com/rss/articles/CBMiuwFBVV95cUxOYVhaMm52aTVTOHNjd25VWlA5b2U3aURTZTJBYm1NUTF6TkNEWTc1OTB4eXVOeVptMUF1elVMdnBqYW1qZWM4LWswWkV6b0VzTXlLZ1FoVkVOS0MyZXE4ZTRvdTEzaFE5MXYybkZzSmdMdUlVSE1vLXFpZTBvd0M5UUhOd2NPWnk1ZUU0RTNWcVJDMzhuYUFvcEhmWXBOM0MzODdUc0VpMXpnVlFYUWpySUdIS01oMWxhSkdB?oc=5,"Wed, 31 Dec 2025 18:54:29 GMT",
2026-01-02T01:44:50,Google News Reuters,Trump's latest target in Washington? Public golf courses - Reuters,https://news.google.com/rss/articles/CBMinAFBVV95cUxOd3V4UllrRjZKQjNwYTBmWk9zTG1XWE1tUnhxMEpyOTlDblZRYVBkbzJYbERib2NvWmVwbVdHNzJXdTBZNGpPQzV4ZUtyVVIwOXhOai1tSHNONnlUVkVxS0llVzlIRERoc2hiVVN5NkhyeWMzMmlOTkVMMmtQSGQ5TS1UUkxwMTRXZldHNXRoVW50MlJCYXJXS0ZDOFU?oc=5,"Thu, 01 Jan 2026 00:12:44 GMT",
2026-01-02T01:44:50,Google News Reuters,Taiwan stays on high alert as Chinese ships pull back after massive drills - Reuters,https://news.google.com/rss/articles/CBMitwFBVV95cUxPZmI1ekFDb0ozN0VoZ2stTEl2alZKTC1YdG5KTmhPLTJHeVdneVlRQUI4OFFTQTJOVU1wNTVja3FyNUlzckVRVGZsTW5yOVpnM0ZkUVQzOGhTQ082Z2NIdFhSYkFYUWNnQ1VkRG16NUNSWUl0RERyeDhrSmFlWlNWM1NWcFZhUGVmMktmYzhmeFY2eWJTTFdLWVczMEk1RDJHaVVZcEFOM28ydk1TMlNhcEYydjJrUFk?oc=5,"Wed, 31 Dec 2025 15:15:30 GMT",
2026-01-02T01:44:50,Google News Reuters,Oil prices log steepest annual drop since 2020 - Reuters,https://news.google.com/rss/articles/CBMirAFBVV95cUxPUnU5TTUxdW1IMTVsX1VKd1BqZm1sWVV5V0xveUZmRnM1QjhOQjVIVzc0S1VsUUtMa0VWdzB1Ty1wMVJ6d2oyMVNmTzY2X19SVm1wT0VRNVhBME8zekFsTE54SS1ZR0ZLQXdWb2loQVZnanJ2bDBQVUY5UUl0THM4Q1Vna3pRTW9XbVJfSkhzT3lYYnFJcWZhU1ByRFlrcnk0OGFTVnZwNHEyajlj?oc=5,"Wed, 31 Dec 2025 20:10:04 GMT",
2026-01-02T01:44:50,Google News Reuters,Indian steelmakers jump after New Delhi imposes import tariffs - Reuters,https://news.google.com/rss/articles/CBMipAFBVV95cUxOMUJRMWZnTV9sUVpPNk4tVWRQOFlWVkZkWWl1N2Q1S2h5Mm1TYnppSHcwZExoeFZLZXJmQl9ieHBvY2ZHS0xTSmJXU3FUUko0X3hmV3VWcWYwdXJwT0lTSlB3OGZybVJTY3RUQ2pGR0pZR0FaazJpc1RoRndBWlU0c0dleVphclF2Mk9DanNZcE9TRGxWUUx5dE1OWFdQUHpHV1hrWQ?oc=5,"Wed, 31 Dec 2025 05:21:00 GMT",
2026-01-02T01:44:50,Google News Reuters,Trump issues first second-term vetoes for Colorado water project and Florida tribal measure - Reuters,https://news.google.com/rss/articles/CBMivAFBVV95cUxOYjhiSU9CbzMzTnRIUEVMM0QycFhzLUFMNU5uNnVMUHBfNE91TXRYd2dEb1AyZ29Hem9jVHNxVk1oZ1MzOGpzdl84LXpkSk9wbjhQN1h5dUlUazBsLXR1WkNvaThMRHU5cUJlQVdHcHNLWlF0ZFZLcU1neUVXNk1SNmxKQVBURTEzU2pLTU9JaXpRelBXaFlSSklHdmZzRjVZalRBZk9nMzFoai1sc1VCNmVqZ0FVT00yWm1PMg?oc=5,"Wed, 31 Dec 2025 09:56:47 GMT",
2026-01-02T01:44:50,Google News Reuters,"Russia's Putin, in New Year address, voices confidence in victory in Ukraine - Reuters",https://news.google.com/rss/articles/CBMiqgFBVV95cUxNN25DWUpIb0NPYUNoekZQZXpxeTZlUVBjZ2stckl1NmhIeE82R3JBWnJZNVZSN0FmY0RQaU1Zc2FzaTB2UFdzalNMRnpJNU0xcGFpaF95dGRqbFRjZUlxWF8zREZOOEJGbXJLRzZqc1FSSkVSc01HR0R4ZEo3aDN2UUREcXB2dENhTHNvZTM0Q0hWVVN1WVFtY2FUNkZ3WlcwOERnYWJWdUFnZw?oc=5,"Wed, 31 Dec 2025 17:01:57 GMT",
2026-01-02T01:44:50,Google News Reuters,Philippines challenges Chinese vessel off northern province amid Taiwan tensions - Reuters,https://news.google.com/rss/articles/CBMixwFBVV95cUxOZVBKTUVvWTNMamNBVGo3WFpRX0RvY2xjd0o1aW9QZlBoYWVya2p0T1Z4STRXWjlhb0UxbVJWT2kwdnJ4d201WTcyT1Rpa0JzTnR5c1kwMDBVUTlVaEVWSFF2THVYRzNLSmJpSG0yNjhYelFqZGJoZFVfSUNWcDNSYjJuYTV3bjJTNEdXckR2ZW5kcXg2LXBjUGFUd0pzbTRkbDMwV3RSSmhPUE9USVN6bHRmd0ZlUTVFODZrdi1maHdDNHFSNTdj?oc=5,"Wed, 31 Dec 2025 08:44:31 GMT",
2026-01-02T01:44:50,Google News Reuters,Somalia says it killed 29 al-Shabaab militants with international support - Reuters,https://news.google.com/rss/articles/CBMivwFBVV95cUxOSXZpOTVpUTNTODRETE5pbkFaUWhJd1BYeGp6d2VoSDVPVGdFcHUyMjNWTkVlNEptMkkxS1Y3dnZ3M2tXeHlzQ0xPcWE5S0tpc21SOWVoc00xalotcW8yRjFuRG44Qk1MZkxIUnAzZ0ZVVndDdjN1NnFYeDVURFBRYVBBVnNsX1hzTXV0c2dqeGtvUXVLM3JGTm9yTE00ZVFBYjdHR0toZEtDcUYzd2RDQmZJTXo1VW9HdE1mNlVGZw?oc=5,"Thu, 01 Jan 2026 13:02:01 GMT",
2026-01-02T01:44:50,Google News Reuters,US government audits cases of Somali US citizens for potential denaturalization - Reuters,https://news.google.com/rss/articles/CBMiwwFBVV95cUxNSzlvNFBZajlnOFdHVnRCdGhPOHJGdENLa3pjRnVpMmxTSTFBaC1qU3VaRTZXWElkNmtoUXVYQ2MtcDc0MkZpMDl4OWpZblk1a2ExT3lsb1lodUl1MDhlODdaaGNxVmpPbUswMzNrY2N1SVNfbWJvNE9FMTlkX2I4bm1FZWR0ckhkOVRvS0hOZW1vTXdNTHVxbmI3UXlwZ2dJVmhOZWtxM0ZoblhuWi1lZllJdVFiZERqYVZzdHU2Q3pLYms?oc=5,"Wed, 31 Dec 2025 01:19:00 GMT",
2026-01-02T01:44:50,Google News Reuters,Mel Gibson and Rosalind Ross separate after 9 years together - Reuters,https://news.google.com/rss/articles/CBMitgFBVV95cUxPcnBjTVF0ZTJuMlQ4TmRLWEw4VmtYdVFEeENKUHVDMzhIYVk0M3J2WEVQSUJUUTVWSnRFTlBlYmxzU1BZLXZmSi1jOGYzRWpWY0Vwa2JWcHdEOEpLUnR5djNNRFMtOW93S0lMdHhrel9BQ3VvMFZ0ZjdDQ0lDM2QzOERRNjhQMnozVFp0Q0w1U2hRajNKbUN2VWdUcEJFd0FlWDJid2JFU2lMbUdxa2gtM1NYSDZvQQ?oc=5,"Tue, 30 Dec 2025 23:03:55 GMT",
2026-01-02T01:44:50,Google News Reuters,Anthony Joshua released from hospital following car accident - Reuters,https://news.google.com/rss/articles/CBMipgFBVV95cUxOdVB2aUZHZHQ3QTBHUFJEbGNKbHAtcmdFRHR1dl9LYXB3NEJCSEljNk04WHF2NGdrbTV1MDV3aTlZNnZTbm9obnZqRHRzUDNkb1RBS0E0YlNmWjE5YnNTMUdyVmxCQy1qelJ4WVZlWXlKNWp6QXQzaVk1TjFNbW1VS0dvZ1BUOUhYV3JLNWF5UnNmUWhqdlIxXzJlLUFvckwzdEx6RTN3?oc=5,"Thu, 01 Jan 2026 03:07:00 GMT",
2026-01-02T01:44:50,Google News Reuters,Fact Check: Images of Nigeria’s Tinubu visiting Anthony Joshua in hospital are fake - Reuters,https://news.google.com/rss/articles/CBMisAFBVV95cUxNZHZEVnZNdGlmbWlabk5IOUpIM3JhQmJWTUFZYnFCeGJZa0JQRnNaRWJyUVlTM0podGpKckpPcEdOYk95eUM0WkhXZE1ERDVRN05LWGhJZTlhTDU1U2E1ZFZjdS1Rbi1nb21PTFhPeDFHYWNEak9zMWNpbUZaamZJUWQ3UkRaVDNPaE5hWkdRbndJbTd4MkYxWmNHTGdRSzBRQ1JDV29Sc1N5dFFTQk9aaw?oc=5,"Wed, 31 Dec 2025 16:32:13 GMT",
2026-01-02T01:44:50,Google News Reuters,"US finds Ukraine did not target Putin in drone strike, WSJ reports - Reuters",https://news.google.com/rss/articles/CBMisAFBVV95cUxPcnJkdmJMT2ZRNlpPbm1oSHVqSzlXRHRubS14eHJac2lUZXpTZjh2ZFFGY1NEc3JPN1lnaDMtVWRyUDd0Z2x5dFdUR1liY1VoWC11NktWLWFDczNBVUNzR0tQRDM0cldCcXlFSEZpWWhoRWRCc04taVhxSExRYzZHa0lodUppZ2t3VEZxQnNFN0V4VktwVVNETzFFS2pQZWtIMFRZMmxXdnRwckhkaUpkUA?oc=5,"Wed, 31 Dec 2025 21:37:33 GMT",
2026-01-02T01:44:50,Google News Reuters,Thieves drill into German bank vault and make off with millions - Reuters,https://news.google.com/rss/articles/CBMisgFBVV95cUxQSllYREdWSE52NmNXb190Y1V5NXVKT2FGUVhhRDdrem4xWnBkbGtZWFg5NWFWVHZUTFZIRzhGd2hzVDFSblExVFBTbUNWUW95eGlvVWlHQXNYRHpRWDV0bTJ2US1JeWZ0WlZOZ1VjQU1xeUoyN2N1LWhtNHZiQ25BRVlmT2pvekE4R0M3Ni1VOVM2NnVFR0lsQ2dVZTE5NlVCek5VeFRjSVJFQmliX1lKTVBR?oc=5,"Wed, 31 Dec 2025 18:14:22 GMT",
2026-01-02T01:44:50,Google News Reuters,Yemen strike shows depth of distrust between Saudi Arabia and UAE - Reuters,https://news.google.com/rss/articles/CBMisgFBVV95cUxQN1FhcW5iOE5BSlY0cUlhME8zbmVKM1JkVUQ2UEpxUl9CQXgyNmZyQ0JGQVpzdjJWRW5PVEE5M09KUVdxR0FyNjNrOWY1aEg1NXhfUk1Scm56YUJZZGpKRVd4dXRRZjdnRDRzb2RUckRaTkhjb29qNHlEM3NIYTJnZHRWdUZjenc5cmVCYUc3aWc3Tm5oTmVaaGVFd0lRYVpWajZZeWo5Z0tOcHhNV013bHd3?oc=5,"Tue, 30 Dec 2025 18:45:46 GMT",
2026-01-02T01:44:50,Google News Reuters,Queen Camilla describes being assaulted by man as a teenager - Reuters,https://news.google.com/rss/articles/CBMiogFBVV95cUxQaWo1bWlrVU5jUkp1Z1lYZ0xiSEZaUkxiOExtTVNzLWExcUZhT3E3VW51UG93d09na0J2VE5kOFd1bnplUWItTkZ2NjMySjlod1NxNWNhQUdGRDdEa041MGI4T05XVUp5VElkR2xFeHBtMHE1R2Y1TkZqUEFiRkxoTWxNNWRnVFJQTzVoYmRQdC1mOXRrLTZFUE5hc1l5ME5EMHc?oc=5,"Wed, 31 Dec 2025 12:58:00 GMT",
2026-01-02T01:44:50,Google News Reuters,"Oil tankers still arriving in Venezuela despite US blockade, data shows - Reuters",https://news.google.com/rss/articles/CBMiuwFBVV95cUxNVmFPc05sbmtpWGNoTHBBU0VnTDZXSnV6ZHJVank3RjI1ZmdVVFk2ckFIalBXRkg4UGJiODhobjlsMzRCMnFoS1puMGpWTVJHRjN6UThjLTEwUjBOdE1JcXI2TGxqQkdoNUFBaEtPOWNpdXJXU0EwYkRGaHVmNXd3QVNtX3l0aVUyTUNIRHA5elJSVnN2Q1R1NlRrOEVfeVhWWEdDOXk1VG5EbFo5aHNYZmRzeXdEbHRUWnFF?oc=5,"Tue, 30 Dec 2025 20:16:54 GMT",
2026-01-02T01:44:50,Google News Reuters,"Mamdani taps de Blasio alum, Trump critic as NYC's top lawyer - Reuters",https://news.google.com/rss/articles/CBMiowFBVV95cUxPbFNxU21BMWpTTUFydkY4LVJHTGxmeS1hS2N1N0RvTUhnRS1HdGVLbUZGcHRPb2I0cV9oYnh4RHZ5T29uQzVCY2dGcmhNMG5xTHlfUDh2dDlKOGF0REViNVh2MlpqQXRwVXdnMVJ5VWhkMFU1eTF3ZkRKM2JnWDVtZnZ1bEpoVi1Udk1pcjlSdmVTM3A1cWJ2VjBmRlI2eGVZeVBv?oc=5,"Wed, 31 Dec 2025 04:04:03 GMT",
2026-01-02T01:44:50,Google News Reuters,Poland urges Brussels to probe TikTok over AI-generated content - Reuters,https://news.google.com/rss/articles/CBMirAFBVV95cUxQMWJ3al9hTl9ZZDFydmxacUdNaE9ObTYzZzFSZ0FRd0d5eUcwRUx4SU9iZkswc0N3YWFESXFNUDBZYXc0YnExYzZnOFB0QU9RRzY3SURncTdNakZZNnY3TEJXbG1fUVhrQnFMeVBCeGppWDNVRjNGVWZnRXU4dDF6MEQ1ODltTkNDUU5SQ2VlNmZfV3RjTUhHLVhNNXZuNVM5cWZYR3lQTFZLQ1VM?oc=5,"Tue, 30 Dec 2025 21:01:04 GMT",
2026-01-02T01:44:50,Google News Reuters,"Porsche to recall over 173,000 US vehicles over rearview camera image issue - Reuters",https://news.google.com/rss/articles/CBMi0wFBVV95cUxPZUZQaHBoSkpvN3lxNjZmMVFCZnNWM29FeDZLRG80aHktOFptTlpEZm83bEN3akI1QVRCdi1wMnJ1QjhhMDgtelZBQ2MwWEg0enRaMHMzLU9BNkFlQk1jSXJWUUY3MjNId2dUeUM3VDhHUEw0U1FCWWpBeC1VZzMxR2N0TFBvZzg3V3RvZDBNVldTVDdxY2tUSmI4VVZnNGhMMm5fVkdBUTBwNGVrc01CR1VSNE5Cd3UyOVR2V3puelhzYW9HOFhFN3ZGU0JOUXdnNEo4?oc=5,"Wed, 31 Dec 2025 16:51:13 GMT",
2026-01-02T01:44:50,Google News Reuters,Russia's top general tells troops to keep carving out 'buffer zones' in Ukraine - Reuters,https://news.google.com/rss/articles/CBMiyAFBVV95cUxQOFhTdUhBSC1vWldPRVo1cE8wTEdWYWVEWmNHMGFjT0YxY25WR1g2T3lXYUNla2tGZEFJNUxEa3N1aVZXSG82THpVeE5XdHM2MEZkUEVLUjhPZFNFVkVKLVloTzlmanF4ZHh0bEt6ZFlaN2lrelJ2U3lpVEEwRWFYNXdXcnN1US1FbFZtNlJDNkZja3k0cTBSdXE4My1MeFFhREU5Z1Zxb2pQc1lvSG00ZnhCRVNQNkdTUjRYOWVvRHc3TGo3R1VMRg?oc=5,"Wed, 31 Dec 2025 13:26:31 GMT",
2026-01-02T01:44:50,Google News Reuters,Spain exempts Airbus from Israeli tech ban - Reuters,https://news.google.com/rss/articles/CBMiogFBVV95cUxPc3FEUzh4SjctRl9vNGRuMHdiZEJTbEVOQ2VLZzkxOF9IZmpkWjM2M2RDTjNJQVRYalZZakpMOTMyYzJKTGN1aDJVOERmV0FZZDJBdHB3OFoyR2pjb3dWTDljWlIzN3ltUlJ0SW9yWjljRkZHNGtxdk1rSUg5RGc1Y3I5eTQ2MmQ2QktCeTJZYXR5WjdGMTkyTDB3alA3cGRCV1E?oc=5,"Tue, 30 Dec 2025 14:10:15 GMT",
2026-01-02T01:44:50,Google News Reuters,Indian rupee enters 2026 on the back foot after worst annual drop in three years - Reuters,https://news.google.com/rss/articles/CBMiugFBVV95cUxNako2N1JyX1AyOFpvOTZfVnY0ajJQTFN0c3hnNEFTUVhobDZrUUdxMVVPT0trTm93MFhHTndQdnpWcTE0UkdmcGpMWjY2ZE44dXk2VVp3Z0lDT181Ql9Qd09qVzF2THdwMlUycEdzTlFVTVZob2tiWWttdlRtM2ZkM01McGg1eDRYNHR6Q25pdDRBemRNU3JLWlF1UV9wWUp2MTF6SzdmMG53eWNnZ1JSUEtNbXJlMThJeUE?oc=5,"Wed, 31 Dec 2025 10:09:36 GMT",
2026-01-02T01:44:51,Google News WSJ,"Exclusive | As Signs of Aging Emerge, Trump Responds With Defiance - The Wall Street Journal",https://news.google.com/rss/articles/CBMimgNBVV95cUxNeHJDUnpGVnRjRHg0aDd6OHFMUlM4THdsTU9scWVjQ251OWl4UXg1RG1LLW1DSTJYSlBxMDd2SDZPakgzLUIwMXgyUVRVS3lJZWcxeG1Rd0tsTlJIN2VEbVIxNFhGNWd0SU04QV9paUpFeXpNSnczU2o0RWwxMHF6RDN1eGp3dlE2cmYyZnczQ2FoZWl2MDZBclhtcHVhQmlucnhNdHpiSW5FVnNPOERIUXVvdzFjejRwc3NRNlFYSndIMjlFVTNSLU5xRllBbTk0cVRzTjFxTnR5TjZCdG00VktjUDZwQ1FvenZvbUpnQmNVbWIyQUFRMk9sNTFGOTVtT2t2S0pkXzVDTzhPc1BuMUN3UDRUV2s5Z2c5RzA1NjBValpoeTNEUXBZZVliS3BsV3NZOHQyWTBiQ0xXTnM0Ym1McXROckFYT0Nndnk5cEEwTDZxckRxZnhTVUl6UEhyeDRXbll3NFZhZWhKZEtRbDlvS2MzNWNJQ0QwSHJRdVItQnEwRXJUbnhjUHg3clhKbnd0VWFTelZqZw?oc=5,"Thu, 01 Jan 2026 21:42:01 GMT",
2026-01-02T01:44:51,Google News WSJ,Opinion | Another Trump Tariff Retreat - The Wall Street Journal,https://news.google.com/rss/articles/CBMihANBVV95cUxOZWxPVDZUQWRpb3p6bnc0Z1BoNW9JckFtcVFnMy1YSDFSMHFNbUdYdGgyOU1FRkZoZm5FOFlSRkpLMzlKbHZCYzE4RkNiTWI5bUtHRHhjQ1N3bmU4VTJveXY0TGlrMjVMc0l0WDhfa3lYajQwM3BVWV9Lb0d2Sl9LNkxXZ0pPX1lBTTA4ek9WZVVEWGFZSVVBMGt2N0NjR0VRNDFxZkFpeE10Q2Ria3pIdFl6SmV4TFU1Q0Fqek05LUtyUUxCeUZqd1g5MGV0WUhXeVptcC1XZFdNZ3otaXNOUGN1WXVMb0RmcGxyNnZDaW90eVZoZVVOTUp5R1c4LWIzNnJfbXAzLVNxZU9tSUg2VmFQaFRPRzNmY1M0RlJrMXgxeUNXcUdxeVNIUldfeEtsaXo5enlMVUVNWUZ2SlUySmRZek9fZ1FMbk9OTFRtNXhEdFNGREJod0FsdUI0NW5uZmdPcWRmd24yX2xYSWlvTk5jVXVlZ2ZkZXpvYlk3RGo2aEpJ?oc=5,"Thu, 01 Jan 2026 21:15:00 GMT",
2026-01-02T01:44:51,Google News WSJ,Fire at Swiss Ski Resort Kills Roughly 40 - The Wall Street Journal,https://news.google.com/rss/articles/CBMilgNBVV95cUxPbzBhemRCdTFqMGRpQm9qeTBkSHF2NjlsUFY2N2FLRHFkNjA1M1czckt6a0cwSEpQNWdyR2dydU9BTktwakZnTWdkYkR3dDROcGJUcHJ5R3hkQjFxNGRXU3RkOGdsU1JwejlLbm1ETUExSmVuOU9hNko4VVRKeHBJRUZ5Mno4ckVsMGZfTnhuQzVIZTVPc191YTFzU0I0ck03SHZsNmg2TDZuZ0p2NjZsdm5USGJBZl9zTmQ2WExVcUZlQnBLSjNZSTZUMEl0elVOMGxoREdPTmZqSlpuZmpGdWZHYjNNZkdQVXptSWpVdURQTTRLSUh5VmNPbWloRDc3cVNCYnltQVhTOFIxRGNfWFh2aU5UbEF6cHRvZWgzMHdwMnlCREFCX0hRc0V0WGVYcmtwb2tDLWZaaUQxQmRmVkJEdW1sY25QRmQyeGRvTVh1RVFVeVI5dGlfZE1LSFNWZFpkWHlxai1Cb0RhVXlZWnlidlotWV9TRHZIOVRaYURvZ3VOQ2dqYk1iUHcydWtybEVZLUNn?oc=5,"Thu, 01 Jan 2026 17:43:00 GMT",
2026-01-02T01:44:51,Google News WSJ,A Booze Ban Since the ’50s Is Being Quietly Lifted in Saudi Arabia - The Wall Street Journal,https://news.google.com/rss/articles/CBMihwNBVV95cUxOQnBNOFNQTy1UanRWWUxfSy1WV1Qyc2VmSWtEZ3BYWVE4alNJTG5zM1d5UjRJSVNZdkk3eE15RmM1eFprMlppV1B6VWdJWE40Q2RVby1xMkNsVVdvNkw5SVVMdW1EQ3ZRZ1ZqZ19qS3g3aUQ2T3diSGI3X3oxbHJoV3dkdUZuWFlJcWtNVnNJSVNxaXpJMWVlc0JuLXBwejlqRVRGZE1Hb0xSZktqTVRWY0JRU3FwOU5iRVBfdno0OHNmX2RjdjZaYVNYSGlGMnhGR21RNl9mankxM2pZLVQtOVdtUkx6WV9QaHczVjFSblN2Y2xYVFpIdWRVOW9SY2lLUW9wNXM1bWJXenhiZzdhM1N0dWl1dTN2Q19BcF9KMHpzSFk5bmFjR3RxOThNYWVwX1dqQ3FZREV2dFpVWTBrMnI3VzMxRHp2SW11aDZ3QjBpTk40MVBiUEJKbWtjaWloREtDS0o2bEpTblRuaHIxLVRXUDRvcnpQcnh1YzZKOTdPNFl1RVBZ?oc=5,"Thu, 01 Jan 2026 04:00:00 GMT",
2026-01-02T01:44:51,Google News WSJ,North Korea’s Kim Welcomes 2026 With a Salute to Russia - The Wall Street Journal,https://news.google.com/rss/articles/CBMinwNBVV95cUxOcTdSc3IyeVVTcWNBZTBXa3pjdDhYZWlYSjJWVUxZc0pEM2VtTUV6cHdITU5uYXlfYWlZN2dUaURJd1dxQUhHUGJxRVNUdHI0OVVON3pQaUhHUzk3ZjEycWd2ZVAxNWRXT2pHVm5HUG83UE1maVZuZDJFVkcyVjE2RkdJM0hMM24zS1Y0MHZFWGxCWFpnTGNGbzdGM3JNTWZRWGsyUmtPNGVZQ0ZlZ3dnMFdpV3p0YnBRemhlNlI4QXM5QVhuX3RLdUY1MEE0Rnp6a09SYWwyVUVEOHEzZ3FiUFV3dXdsdG1vdmtFVjJRMmZuMzU5Sms0dkg5ZlBidDE1Ukp4SUlnYkROYUk0REZlY3BQYWRwTEt4Q01nRmp5eHQ2aEpDbGFWekU5Nm5tYTgyMnpldlJIY3dqQXVaWUlTV0V2eEhIRVloUkNvLXVGRDR3TFRoU3AwMHVnNVdmVmo2c1I1djJ0cG5COVFRUDFkWEJpUHlNQkNRZ016eDBOcEZqVWhYWGNYLW5YWGJvbzB3NFlrY2ozeXVuUmlLRUM0?oc=5,"Thu, 01 Jan 2026 04:44:00 GMT",
2026-01-02T01:44:51,Google News WSJ,China Signals It Won’t Give an Inch to the U.S. in Latin America - The Wall Street Journal,https://news.google.com/rss/articles/CBMirwNBVV95cUxOLWk3eGdWQ2xNTEN6TEtFUHA0Q1BUZTU5ZG5TU1NHeWFkYVRzUXFfNjFTWGNGMzJZUDlEY1g5bm10cHp1WHB3SW9xU3NBZl8zeTI1U0ZkM01pT0NoeF9NMTU2MEY2VmFiRXBKN1dVWEhZejZfZDkxc3JMWnVFOXNEMW0zLVdFZlk0ZGZXMmNtRkJ0Z3ZNVzlCaFpfR0tZZmJDTFpLWTB2dEs5b29TSkR3T0h0bVdqQWFoYVF6U0Z4UDEzQzBaQ1ZIc1RjQ2paeDRhZFVraGNYQlNmbElFeE1nUDgzb1RjUC1oS1ZxXzdMbVNVZkMzekVneU1hNDVOYWxYTFcwLXJpM3NqbFFrQmxUTS1TYmg2bld0c3BtWUk2T1BGcjNJaXN3Tkl2ZzNiVVhHVFVac2xpUl9hbURfN0h4M0JkLVB2QzhhdnhSdlhEU3owWUZXVzNBM1Q4WHBnd1pfOE9ISE9FWjZBblFiMG8ybktaTjhtSS15bVpZVHJaWGZ6X0VzdEU3MDFtM3RYSW9rYlpvOWg5LUJIY1ZiN3k5ZS1mMElnaHVfWFhHV1gxNA?oc=5,"Thu, 01 Jan 2026 04:00:00 GMT",
2026-01-02T01:44:51,Google News WSJ,"Opinion | China Seeks Power, Not Only Trade - The Wall Street Journal",https://news.google.com/rss/articles/CBMi_gJBVV95cUxQUm8td3RSQ3BYNHMyV0VNT2MwVzVBWExjREtoeWJsUFFRNnp4aUtlRUtjZEQ1TG44cDJsTmNPbXZ3WmRvZ2JEQTNsX0JHUTNXLXF5Yk1ERlRYWC1ZUnJQbnNmYzZYd1pwLVdKMDhFNTc3YnZ2V2Y4ZzZycndzQ3p5bU9UMXMwVHBXOXBBaWpCWHRZNkk3aGNzVjNHVUMwRHJ2TEV3STh4YmNkSUtldWZjVk5TdkFhX3ZfTWZaNjNmcmZ1T20taVpxbC1PNTNlNldpS2dPeUZCMDhCUmRiV1J1NnRKd3FQZk9WQ0JHclQ3Q1BDeTF2VlZ1ZldTS2VDQUtZQjlCU0p0eVJ1WTJlbHBiZHhvYndRSHg0dnRtX3BDTXAzUVFLRERtN3VhakdQMklfeWdzVWtudUdVaTdJc0ZMeEJCMFRXZUlWVUNWQzhzMnB2RW5zWEVlWHpkSzNVR1Qzd1lGVElCa2tWOTVjQkxnZTF3ZEJVdzNZTExlcDNn?oc=5,"Thu, 01 Jan 2026 18:32:00 GMT",
2026-01-02T01:44:51,Google News WSJ,Opinion | How AIDS Helps Cure Cancer - The Wall Street Journal,https://news.google.com/rss/articles/CBMi9gJBVV95cUxOdDhRUkd6cUZVbkMzQ2FJZk9XNnRzNWNITi1tWDktMHhNYmlIbnoyS25mUFBfSExkbVc3ZXV0UmMzWWFwTk1Uc1k1LUlJelg1dG5QWGRHSkNDWDl4RzdObDJJbUpFUXNDLUc2RDFZMGZPdjgybjVaVTJIdThzTFd0NG9oVGJ4T1l2ejJ3RDh4WW04cmJmNVdReHZUUnVKaENtamNnNTBwWkRaaGRrMGQxbU5Vd0N0b0ZpaWpMeTRmbTB5Tko1Tllubjg3eUR2eDdYR1g3VktyRm1CanVaeXZaV1AzMFlIVWJRaGMzRXA4eWs2SVN4M3ZPY2tPTkRUVzFudGQzYVJFSUkyNVJIelNWbjJNR0FPcFVpWU5TUXVkVy1ma0RvVGpjektHaWl6RzhUVHF6SEM4R3VYNkoyYTlQMjdHcGpLNG9UeXNSclpIYXFZWVZab0lfMnlnWWxMVkJZMzFBdHNscVpuZlZEeXJDOGZUTFo0dw?oc=5,"Thu, 01 Jan 2026 18:33:00 GMT",
2026-01-02T01:44:51,Google News WSJ,Russia’s Strikes on Odesa Aim to Cut Ukraine’s Economic Lifeline - The Wall Street Journal,https://news.google.com/rss/articles/CBMi9gJBVV95cUxQNkJSTFJkRF9vempyUXB2ZDhob0tjQ1hxR3VwbWZmSklxZGJGOWlkTTB4UEw3QXM2NFhWaExWQ1dPX2Z3czJleGdVWm95MF9uMnZ2bDVmNlFQM25IZDlEN2MxbVB3eHBYZlJqVUI1WEY0RWtjSFU2NGExSklsRDQxOG9hU05ybzdPQ3RGNHM2WDhWbDA3UWRVR2VtSlY0ZjhPT2RvRXZIT0c4SGg4SkUwY2w1RmJadE9PVUVxUnlIMzFsempvRV84WFNpMnJLcHJ5YU0xZmRpcjhCa2M4a01hT0JROUpMQTdmMVBoNm8yQTZPWjZ1S1U4empRVFh6Z2lrWldLTW1wR0FFNUxhMGhjNHphcVpaMFVmcGdvR0FPMjhjcXRTanUyczZzdzNteGJock5tRzhIdmZOZ2lDejI1a1ZQT1FRaU9oeGN0UVdhb01xb0tkdHBQRGZYSWRBcENUTEs3dzgzazhFSnJwVkxkRzRBUTFRQQ?oc=5,"Thu, 01 Jan 2026 04:00:00 GMT",
2026-01-02T01:44:51,Google News WSJ,Opinion | The K-12 System Isn’t Making Boys Into Men - The Wall Street Journal,https://news.google.com/rss/articles/CBMinwNBVV95cUxQeDExSWdaRDFTbWhVZl81azkwclkwM1QtMU5qMTRlYkV5T2M2YnU5SndDS2huLW1FcEV4REFKUWdfbFloVlBLQXljLVpZTFpBbVQwbmlxSWR0bm9LZURIbVRtM3k4V2V3M2RuVnhmQk53OUFlS25BUkRpN3dCN2xFYktFeDFkYXZIc216Skk2VUZBdENLbkdXVGxSLVM3U2p0MWo2dllTOGpxZElIR3BDVkFqU0RDcXU4bGVzeGlRNWpOblNTSjBKZUJnUXRVdGRSNTVFemhJbGl4Y0FMUlR1OC1iX0pIbC1FWXVLN1lwR3ZIcXNsdlliaHFoTDloR2RHd0lfMFJfbWFzeDNsZHdCemVwZkpzOV9mNkJNd2p3NlNzdngzemYxLW5TYjVBeWlNWV9PeUFaaGV0TW9iekhWZzBCWTQ3ajRFbzV2TEkzM3RUQldUeEFwY21JakZnUER0c3dxSHhEbmE3YzZDRm5SYjI1bXE3MkFveXprOUplMFpaYVFmY2d2aEdnZ2JGUUVQb05kZTJ0b3hLYU1hekln?oc=5,"Thu, 01 Jan 2026 15:08:00 GMT",
2026-01-02T01:44:51,Google News WSJ,Exclusive | U.S. Finds Ukraine Didn’t Target Putin in Drone Strike - The Wall Street Journal,https://news.google.com/rss/articles/CBMisgNBVV95cUxQdk5BcmE3VExHRVVuTnhxT2tpeDdPdTVtalJicm9TWDdsaUlaN2VQenRUc3o5QTV3WF9qTUcyd3BHd0dHc2pfenlrZDAxWlB0VEVTWEtyeHhKbVBFbUYtdXF4ZVp5YnBTZmI4SFpoeHcyQWFGUEEtYWxzeER5S2FIR2xUWkJBdHI2Mk9OYVhZRnpHdnVUSGp0LXM5eDhpVGc4NFY2cGFnX29RUVhMVzlzeVVRNmNXRlVvZzl1SEZpSklTZ3VfZG9qb01qRi1Cbms2bWk2cUlSS25pRmQyRUE4eXZuOGhNUENXWGNVTTRrR2l3T1dtclMwYk1ObmRjVlVJbXdFOXFhQlhWQ0QyYmlxck9XVEFqZzdPM0N6UzJHemx5NlJmcjZzTFJ2ZmItQ1JzbU5GUFRaYm4xdGtMNVVpLTF0c201WHF2OEtVcXBpSFllWXRSZ3RaQjZtQl83Si0xTXlrLUFRbnI1ckRnTzY5c0MwdmN1ajVCbGdxMFd1XzFlaWpsdjBPQzViTUlIUWZuakdFRGlFMmVvOW84R0YzNC1Mb1RFTWFBeV9hNG5RUFJoUQ?oc=5,"Wed, 31 Dec 2025 23:07:00 GMT",
2026-01-02T01:44:51,Google News WSJ,Exclusive | Saks Prepares for Bankruptcy After Missing Debt Payment - The Wall Street Journal,https://news.google.com/rss/articles/CBMinANBVV95cUxQSjc3cm56RVZZcXNaVVZTRkdVWVNTSkR5N05DRkdfdDEtOWY1YlVZX1MzOTZQNDNXdjlvM19PMVFfMkx2YzZmNldYelQ3OEdQRjV6dnlvcU85YUlMZ0ZfZ0VwQkhtZmktLWMtVHM4b2pKZHpsZk40d0dzNUkzMW9FZXFaNmw5MHMtQnZPUjdVbmpQQ20xZVF3dDhXckJyVnpQc3JwWjU3bGl5MGNNR1NKRHdBeC01ZmF2VnFfbWI3UDVtbzRHQVhUdS04ZDZJTW5BYXNZM2lhRkx3bGFWQkJzRUVjZHF6c3l5aHJNRjJYcmJ6bFhmYU9zNWFiMy1zeGRueDBsWnl1ajVPTkwwTnk2WkRpakRWSG9jMDgyODJtSnlQN3Ayc3h3Um5Icy1MN01LQkVXQ2M2RFc3R1pRckJuNmdTZFo3NGtncGNfaG5hZW4wVVVIcERoY2pCams2dm9XRk56T3ZIUWJZOWhLaXdwbTNQak1Ddl9CWFU0UXVpbVpWNmw5ZVptdmVlU0RRbTVwc1Q3c3ZoNHhqUXNT?oc=5,"Wed, 31 Dec 2025 21:14:00 GMT",
2026-01-02T01:44:51,Google News WSJ,Iran Says Regime Loyalist Killed as Protests Turn Violent - The Wall Street Journal,https://news.google.com/rss/articles/CBMiugNBVV95cUxOUGZPUERSUWEyLV9MM2JLRkFDLVA3Y21pTGgyWXZtdlpQMmxaY21NLVN6WkZKTTJPUGR4YjdMck9tVVc3ZlI4emVTVWx0Nm1YNF9WVjh4ZDJ0NkRuNUZiQVphbkJGX2NuaktKMC1rUVNhLVczQ2ctSjB5YnJZU3J4bVZHakhVOFpyVkpNVHJmNlV4TjcxaVo3bWl2Qk85LWViOHBtWUJCb1ppeGFxbnBaYjR5MzZoWi13Vl9WbEJReFdjb05xMzlGMEswdzRRNERmcnV6bWdELW1VUVcxSlpfMHdVd25ZanFZcFBHQlVIanhIOHZ1VWpqMlJwd1dOa1RDeTBMZWxMZ2dVdTRWMkVrYmhwLUNnRVlNcGNqWXpoNnM1a1lfUkVLUElNVVpGVGZEOXZRNU9qWXZTdGNiTFBhTXBTa1pTejBsMV96dU1JSFZ6UkloSllCejMwSkpLUjM4VXVGWE40WUdmUVJMbUZQNVdaSE9Za3A3RjhkSUt1NUxKRFlac1hEMkVMblBDbEE5d09iXzNOc3NxcVlWemZCdlRIa0FqRXVrRVVvd3dOUFV4TFN0TkQzUHpR?oc=5,"Wed, 31 Dec 2025 23:36:00 GMT",
2026-01-02T01:44:51,Google News WSJ,Opinion | The Best ‘Land Acknowledgment’ of Them All - The Wall Street Journal,https://news.google.com/rss/articles/CBMirgNBVV95cUxNWlV5NUJ0SlZwd3hwTHptcDdxVDItTW5UTXhzNnJaODFoa2lpTGIyNkp6TmJMcmlBb2J6TTIyeE9ra1llYnRWbmg3RDBKMkxsVTA5ZExwdDBJODZSdVAtbUxZREhnYWZQRm5WWTVVR3p1WXJYRUx6TnhnMkd6dU1raDcySGNUSDJ1TTVFbnExdldUN2pBX24zRlFBUTVsSUI0alJ1a1ozbThqRW1US0I3VVpURzJlMTByTTBGOTA3UlNDQUM0WThvSUlWSDRXelhQWEZHVkx6ZWZ0XzJtekhnZE9IR19xTTg0bkxEN2taZHRiMVN2VktlcnNoMVJOZDZiVzNUTHR6bXROQVpYbkxMYzdIT09YTEpPclRqaFdrNmg2QnJSS1lkMGE3V194dU5NaXEyLWx3d0tSTHJrN3JCdG9rQnNRRm5VYW15cnJCLUlXd2J6V1pjU2tmd1FQbVQ3SmdCSmJqWTZLMkV3dV9fV3lOOGlVU1FfZzlXQy1QcHpLOEE1MXhLbGFUNWdrWVZJZm1JOEpZVlhwcTdSbUVsS1ViTkoxZDhsbE5PUEh3?oc=5,"Thu, 01 Jan 2026 15:08:00 GMT",
2026-01-02T01:44:51,Google News WSJ,Essay | My Parents’ Secret for Living Well Into Their 90s: Embracing Strangers - The Wall Street Journal,https://news.google.com/rss/articles/CBMiuANBVV95cUxNWnYtYUhpbGd0d25pSnZINzJuTl9VamZGd1BBcUpJQXAxYVcweXBBbno5c2ZpRnZHN0NjaVg2cXpScHlGUFE5R0hvQURXMWctNk5LNjdJQzdWdUZwUXpXSGtfZXZoeG1QY2N5NVJhYU41b3FnVFVnd2lISWRWakFvQmdqdmIyamctQi16TTR5bmhtTW1laGM4SURvd3RKXzE3M2c4U2kxUlpUdHVJYW56c1cyemp3d0tHTjFBZUlJbFJncXU2alpIREF6Y1o5VW5qQi1fWVlvOW91SHQyT1NkOERTZ2JCTXl6SjZ2QTc0SGJqeXRHazNwdW9tTnZ3TlVYdVp2d0ZoTGRUaU96ZENTeDlLM0J1bm9JemRmZk5sYUFJVFlNb2lSeUxKR2tXR2NLRnJRczRtWEE5OUh6WjkxdzJEQkhiYl9uRUlQNUQ4cVE0OVIzVGpYSmQ5Q0YzaHNoV0lhWmVOSFhtTTB5S2ROWjlSOGhYWDJhSUlOelRFMVRHTmpwanR1TkstN3piODFHbXV1N3pneElZMTJ2Nk9lZXpBWXdmZXVXbnJrQS1SSy1iTDlHTHgzaQ?oc=5,"Thu, 01 Jan 2026 02:00:00 GMT",
2026-01-02T01:44:51,Google News WSJ,Boston Went Big on Luxury Condos. The Buyers Didn’t Show Up. - The Wall Street Journal,https://news.google.com/rss/articles/CBMiiwNBVV95cUxPcTZQRzVRZktOWjZRMlRWSVFJM216eTNMeWpScnlNUkdrczU4eG1PaHFob1hteFJoZGRHajBYWW1UcnI5NEc5Q3JOcnFoYndicDBmZU9IZS1UNTBBcXVVWWh0bnVsYmhYWFI2VnV1MkIzeTE5c1E0WU9pUmZ5dkpPUGNMS3JmbmpqNHdkWUxPazNPQ0otZDVyMURVUm9MY1RwMW1RQkQxR0w3RF8yRGJoZUtaWjhzN1lZWDZMM0xWUlEyaEg1VW1OWmJzOGM3dkh1bjIwV2t0ZXZaNy1HcC1KdGUxcTUwdUFGcG90aEE2NUt4RlRYV2IxRjBpamMwc1FRUVVucFlIazVScG16WW9hTDRoNXZMS3pSTVF0aXBHOERYampCbFVjTW1Yc1FMM2R2dlFKbUdKZXh3Vk5JQy1JM0IzVmlzdUx0ZDlZU2plUk01WWpuSEVUMnNaNmlxT2ZVSEdFVUdQcUhEYlNyYnJFX1ZMM1I4cWZ5N3JnN1dXM29xYlEyMVhQOVp3OA?oc=5,"Thu, 01 Jan 2026 22:09:07 GMT",
2026-01-02T01:44:51,Google News WSJ,Suddenly Everyone Is Scared to Dance at Concerts and Clubs - The Wall Street Journal,https://news.google.com/rss/articles/CBMikgNBVV95cUxPbUZlQVZGdEkzeHVTazZXR0dTbktSN0VQUUZuODlqZzZkNGZ6UVlGd0pCLW1xYzVub1lfTS14ekhueE1OclZaYkh5dzA3NUQxNEhxTUNGbldtYTlUeWJtdW1UQ3JKT2dEcV8yWnp4VktlYXJ6MlFrdUc5U1MtMWoxTDJ2UVg0dXlQUjBuTkVudGJpbUFmS0dVZ3ktdnJsUlpJS1pzZWY5SEI0RjA5RVpoTU5DX0I1R0h4bV84QXE0VmRNNzd1alhKTjdSdU5EajZ0MjVpWV9CNkRvelFzbWtia1NvbVd1clFKZ2RtdVMtQXoxbVJkZXhKYUZIMTZFVlBFV3R0c3RyUUdxbHAycTF1bHR1YTBDeU1rSDd5dDRJTkkwNjZHUEhNZ28tTlFrai1TMl9lWUMxTnhkRUpXNHJZbkEzRk9IQ0g1OVBuSGRfRlUzUmhReEc4NHk5T2hiaHZjSDd0UkVrNXBoX1ZodkNjbWt1T1BPbW9JUEdsMU84UFMtTHJJVGFSMC1SSkVCQ1dURVE?oc=5,"Wed, 31 Dec 2025 10:30:00 GMT",
2026-01-02T01:44:51,Google News WSJ,"A Shrimper, a Carmaker, a Lawyer: How the World Tackled Trump’s Trade War - The Wall Street Journal",https://news.google.com/rss/articles/CBMiigNBVV95cUxQaHpJQUpVMjlXQlliVzJYZjlBLVZjaGg5T2lZUkh1R05ndGV0OHI1WXAtUU55MnI0dXJrWUg1YlFkVnJDOVk0amtxLXE5RkY2bGVXWGJQekhQcGtBZGd3ampWYWFnZUlWcDd0S083Y2VfR0duQThrRUU0ZnFLekZKaFAwc2swbGMtZ1FmbnU4RVNkRWxJOWxMSHUtZFdJWVF1NHpYcF9DckJyV2RlT0FoNGNSM0RXc0lzSVkydVR4MWFpdWZNdVduc2lyS2lnU0JMekRQM3YyS0N1MWJRR2t0NFpOYWkxZGw2N2VUVmdoWGJNSEVKcHhKZjQwU3JYNjgzWjRVWDl3TlZQd2p1ckctaHFodlg4Nm9zeUdFNmF5OWVNaFF5R3VTR2xmSzViUzlvV28xRzNnSzhRYWgtMW5DbDZibGVPaE5FVlNyeUM2X0VoWVRaNEI2eEFyWV9RNDhtb0N3QW10cGFxdmhxWmZkOE9pRG8wdUpSQjBmdWFLWkgxVXJNRmVvZU9n?oc=5,"Thu, 01 Jan 2026 00:10:28 GMT",
2026-01-02T01:44:51,Google News WSJ,"Opinion | In Ukraine, Give War a Chance - The Wall Street Journal",https://news.google.com/rss/articles/CBMi-AJBVV95cUxPdkFwVUpwN1B4cE5qdTEtWE95amhNVV80QVVUS0NDNlBMT2luaEJlSDJHZjRIYmZJc0hUTHNqVkZZSFhMQ2xTSHJvZGNiMWI5R19WRFNvcm5pbzlyNTdEVDNCYUZ0WVlJS1FXZ3NsLW9sOWR2Ukd1SXM3NXA2cmhRLUJqWk01WDFzVmZkZlo0UGNzTmVNUFVWbjhsSDdNSFh6YWY5V1BGajl2cmkyU183alBtUWlfcHMzNkVBaFJad0NaamhWSzVZeDFPT1hMMWQ2dUhpbGNWOGJmOXFsb1ZVN3VEUXFianE2aXZERG1oYTRLNW5QNFVfdUJ1bU1wWHNTSGdUcmZjTjNSZC0za3k1b0NmeWlsWU9wOWxrME96SXlFTlh0TjBJNFVWb2l0c1RKQlExUVREQ3dDS3Z6VlVLdUY1emViU2l5ZzFteWIzSVl1SW1KQllBaGxnam1fa195VGdLSVRXczM1OThFY2Y1ZnJiek80NlRE?oc=5,"Thu, 01 Jan 2026 00:31:00 GMT",
2026-01-02T01:44:51,Google News WSJ,The 94-Year-Old Author Sharing Her Tips on the ‘Final Fifth’ of Life - The Wall Street Journal,https://news.google.com/rss/articles/CBMitgNBVV95cUxQRm5ScnM2SzlmZXA3dk05aGo5SFdobHVNbnA1UnE1SGY0WEROdF9QVE5iZTlVUXVyQVkyMHMzdWRGV3BveXZLd0QxVFVTZ3pOX3dKU3hJZTlOZjUwM1VBdjg0RXY2S3VjU0s3RzJ2WjM1SVRkZmNDTHd2NHRTemVHNjQwTldUd1UyaWg2THFPLVVneHhzTEF0Sm9zc3hHSDg0NHBGd2ZDVTdUV2pSLWFCYWdYM3ljWWNNalJfQ2dLVVN3eDF6SHhHZ1dQZF9MTUtqTnF2VWRkQlFETEpVQTBkeWtyZXNfU2NmT3JxVXpwR0VtTlNqNklVbkVid3BNNG55YTRQZ1hxVUVNZFhfVDNsSjNubTBqdUpmZUtWWm5nMFJjWkN1N3JDMU54bWpILVY1ckRUSTlMaEE2LTZOUUxEVUlqMDczdXhyVjRkS0hvWHl2aG1Ba3NmeHZWQmFneWlLenBlcERUZ09obHNrdk04LWZrTUxkMUVCb0IxOWZuekVhWnVUY1JhYk5GV2laYk9SeEUxeGp6bUQyNzVqVnd5WkY4XzRUTnJmM2xzVFluYnJSbUUwSGc?oc=5,"Wed, 31 Dec 2025 15:30:00 GMT",
2026-01-02T01:44:51,Google News WSJ,Five Challenges Mamdani Faces on Day 1 as NYC Mayor - The Wall Street Journal,https://news.google.com/rss/articles/CBMiggNBVV95cUxNNGExaXoxUkpYMEJmT1V1ZFpPbjM2a2hRbTBnSUNkYTlYQ2l2X0tVLVRveFpTQk1vS0JwVGgwYWhIYkFZanVKcm1UclA1RnNDUkh6TG1wcDlBSExZNzFLX010MUphREVzWEFUWkFBUWpkT19FMUdCS2VzSnFURlZHUWQwRVZCLUFxUkxEeHFuMjJyZkhSdk5XX01mSl9xbEhzNUVfMjhrRGd1Q194cVItcDF5b2h4SVgxUjJ1RXRIeXZWeDN0SzAwOVMxR1lPbU91U3lWQXBvOGtUZVFyZjgyTl8xZjZRVUR3Z1EyYnFFdWhCVnBTeEJjM0pKSEtRMjIyV2J5cG5MOEU3bVZzOGF1RnFaRmVkd0ZFaF9WQ1c4UkFSSk04dEFCb3VOd3FRakRzWE8zQkJBLWdQQ0g3VDA3Q1VkYzlNblF5c2xIOHNpeFAtVlBOV2U0U2l1Mk1XQWVTeDY4c3VVOFBjZmY3aWgyUHlVbFNGaEdXdVE5ai1rZlFYZw?oc=5,"Wed, 31 Dec 2025 10:00:00 GMT",
2026-01-02T01:44:51,Google News WSJ,Opinion | Why the Heritage Foundation Is in the Arena - The Wall Street Journal,https://news.google.com/rss/articles/CBMivwNBVV95cUxNbVpmWGNNclNfTEJ4OTUwTEk2Q3E2eldSZnZaaE84WGFLUkUyR0dWOC1NX01fQkxpampSRlV3N1F4UmE5N0xDblRidlY4NUo3ZDRvMjA5N2RHN2pjSzBmOUxxUVVMLTMxN3VoSjF3b082YWR5RXNkU2RvMnNRRUc2azBMS1RPaEpjV3JUQXd2Z1lseWNNZEdzUi0zMW5wMU0ySFZMMkcyemhLT1E2Vm0zd0hkdnlJdDVTbnNFMDE2V2pQeDlTMjlYMGQxZUlWUFk4VFZGaUNCUjd4TTBhbjRwRElBQUdkM0FWNnhnbTQ4ZGMwYjRBVF9OSkJTbFBaZXhFS3JYMEdTU3JEemlZVlJReTM3U2VoeC1BaFNWc2RVbGNwZ0JHNW5mTXhZSkppclI3MUctVTljVGVwOWd4cFdHUmNpRTY4S0NWSy1wQVRGWlNHbUdNa3Q3RlhyRTFGNXVlWWowdHU0S2xTWldwTkFVdFlxNVR5T25KUjdTZ1VlSnR1dkRGMkVyQ1R0Yk1la3Z6ai1NbnVqbXNSakZ5X0VmVWVkYUZUQjJyc1I1ODVWQ0d0WV9PbWdjeEQxemo5Y28?oc=5,"Thu, 01 Jan 2026 15:10:00 GMT",
2026-01-02T01:44:51,Google News WSJ,Why ‘Do-It-Yourself’ Religion Falls Short - The Wall Street Journal,https://news.google.com/rss/articles/CBMinANBVV95cUxNNXFXWGxMbmd0MEhlX29FV01NQzlnUnNocDNJUzVJVng2Qnd3a2Zla0ZYcEExNkVJZlM3a1NiX0RRYUdhdUxZUXZMSTY0ZkhSLXd5M19ycGpsbTBVOTNfUEszMDJjd0VaSzhYcFc0TFpoSUJSLUpLQTZEVkJKaHNob0pTNjVGZ045eGFIUHZ4MFIzR3lIMms0WmN3UUNlMVRfMVJmTDVucjhUOWFLYWVOMklPaFI5Umg3R2NLMHdfZVpmZmpUUEotVlE3cXFtWWpleXBWWGdDVW5NQVR1YnN2b2h2OURsWGptQ1ZSZTJoUWtuQ2JYNlJHbTYzSnMzdXN1U21qUzdadUQwb052QTdIYWVGY0NVcER4UTJkNUJqTmhhd0pWaTExQm9QbHBxeWdwalBxeldSX2d4TXRHbVc2VlpzQkJvT0VXMC0yVUl6SWU1dWJrYWp0RGloRmZ3WG5CbTN0TjNBc004dkFSck90eHpHeFZnNzZHeGpmZjNnSV95VVBWT3JGNEo0UUJ2Y1liU0xZVzhwWVVNT1Jx?oc=5,"Wed, 31 Dec 2025 12:05:00 GMT",
2026-01-02T01:44:51,Google News WSJ,Five Takeaways From China’s Military Drills Around Taiwan - The Wall Street Journal,https://news.google.com/rss/articles/CBMiogNBVV95cUxPVWlPZjU0TklmOGpILVpVY2dWejZnTFpfcmFKZ2ZXVkJtQmNGV1RLTzZxeDY4YndyeW4zWkQtRFFqZjhZdWpCNUlYVXdRdWI3SDRXSmt0STdvMUFrRkdWYlFNanRudFRvZmpxdFlsZlRXclhHNmkwcnMyRkdLUnlJSlV1dVJXcE1Tc2h5MzRQMUItd18tNXRmWEZHLWpybnB1QWo4NnRadXNsTHl1V1BFaUp2dmpQWHFlYW5XTzd5WlVyVkpNNWJpcGFLQnlYUHQ1YTdGTHpybUcwRmJXNmY2dnJXUnFtTEZBaXlCczd2TVpWTTRyZFZOTGRlTm1MMUNPbVBnZm1qYjEwdnhkZkMxQW82Y0ZOWURFX0F1M3hCT2lXMV9ZSG9TeUIzcmF1MGlOVVNwOHpHemlvazQwQmh6Zk9fWFhFOG14SGlDeWFGelJMUWJySU9DSHJ6MWZmaXZRbGwtUmNfek1wTjlXdDdqMjRuTllXaGowNTVnNkZUSHdaUHZGQWJ3UFlIcUkzYjZPbGRWSjZnNHNZS0NlajliMFBn?oc=5,"Wed, 31 Dec 2025 10:53:00 GMT",
2026-01-02T01:44:51,Google News WSJ,Nvidia Is Getting Creative as Options to Use Its Cash Flood Narrow - The Wall Street Journal,https://news.google.com/rss/articles/CBMiqwNBVV95cUxNLVZlUXdSTEZQVDVDOGxUaklROFhRN3BLRHp6SXQ5dlE0S19CQ21sWFZlMFFEOVJ6QmhNbEhQblN0dzdsNXJFbEp6MVFvR1U4WnVQc0xEZGgwQXBnTlpoOF9hVUhKcWQ2ZFVzNVlIeEEwTTVFcHl6Zmd6M3psS05kd09EN2hKa2FFNjhsSGRFQTFkcGxRbkFibHpiSXVEbk54QTZNbHN4VzdsWnRDMVNvNG91akZrU2NnOHU1aXcyWG1vSmRaYm9NQnpBdkV4RXhHeHgxbWhUdlJqaVJ1dmIwQ0NPNEI3YWJnWEc4UXhncUlONjJLU0ZyQy1YcTV5Y1VhY1FlYnYtYlhlcXdqUExUR2FlQnlWVHhTd0R1TGpYV25YYkU0Smk2ektfZjNhaXJ5SHBXa1JxZW9EMUdsYWxhSFpwWFF2MTlBQlE5Nnktc0dUS3FWeEl0NHRuVDdIWmp6N0JpZFBHVHhYR0VkaEF2T0pucFpjRXB5RTBRR3Z4M3VPZ3NRMW5PQjZreXM5eTl2SThwbUhUZXctOGhNOTJwT3JnRXExVVpUQ0Rj?oc=5,"Wed, 31 Dec 2025 17:00:00 GMT",
2026-01-02T01:44:51,Google News WSJ,Exclusive | The Incident That Prompted Trump to Ban Epstein From Mar-a-Lago’s Spa - The Wall Street Journal,https://news.google.com/rss/articles/CBMi-AJBVV95cUxQMEJLZ2hyNzVoY09wX2JkT3B4X0owTGM0anlPVHRvVFZ2bERXcF83U01IQmhRZURxdUtHSTlDcXdMX2NqWWl3U1huQ1VramhVRTdVR0djdEVkbnVCeWFjYmVyNThrN2h5aU1CQWRJWFdFWkhtT0ZST3p1amxrSVdEUlppUEdLNWVNcnhiWktITG1DbThTeno4ZlFOeGNqOGthbG5wUGJzdWRrTy1YVnY0TEo0WDY5Y01NNWNvX1NEd2NzNlhwVnI3T2p5N0ItMGZWZ2s1RDVjWlEwNWw2MTNBV2xUVjJjd1hqLVZCOUE4STVhTVItWjZLZzItOHdPMjRCWlpBTUd5dUNQVzh4MVZabVZleE5EVl9GWVRHMDJjYXRTMHJ6WkNEa3ZZem9MU1JzNllSZk5jNFRFUkIzLVFPUS1ZdnVLWDJYbUpBbkJMZHVfNTJmWkpCejF1ZFhienhrekJneXp1cURiSUZoY0VMZ21HSE94Wkxz?oc=5,"Wed, 31 Dec 2025 02:00:00 GMT",
2026-01-02T01:44:51,Google News WSJ,8 Books to Read: The Best Reviews of December - The Wall Street Journal,https://news.google.com/rss/articles/CBMinANBVV95cUxQY01heTRZMTVKZ0k4dmpNeDQwdUJ5WEpwTThiYWU3b3NJMlB3cTBqSGZ2MXgzZUVpZVl6ak9iUDFWV183TEdlWFlNM3V0WXdIeFpkT001cHh0Tl83ZzVVb2hjZkJWRkhCdVk1bnMzUUE0dkgycHg1a1lWdjM3WGQ2TW9vUlNfeUVESHVnMmhUTHU1T3B3bGVhdEpMY0I1QWNVX3RnanBhZ3lLckU2X2FrMF9XQUN1dDZhVFZGS3MxSlA1UmRvWmRLa2xwSERzQlFHa0laRExpVEdJN1JnWmsteVluMFV5SzV3bHE4ZGZSa2JQemhBUktJQWw1TmFtaFpiaEJsc2pIZ0VOa1dSWGpuaVFlVDZpQjRaUFFjUnlWWi1aemREWGwzOGpISFpRUWZ5M0RUQW9SaENCUFRxMS1CU1Q4LUdvQndzLVNQbHlVMml3MHV1TFVweXJFY0dtYTBqWnZVaE5WYjF5emVfaWh6cGZhVHhsUTgzX0lrUGVFX2hsVExFc3dzU2FXbTZJUmlXRzV4Y2dUMkpnTGJT?oc=5,"Wed, 31 Dec 2025 13:00:00 GMT",
2026-01-02T01:44:51,Google News WSJ,Tech Startups Are Handing Out Free Nicotine Pouches to Boost Productivity - The Wall Street Journal,https://news.google.com/rss/articles/CBMisANBVV95cUxNYjFrejluOW1fTW9TR0VKZUhJMC1VNkx2UXFHcVY1Z1dPUU5JOUdaUDJJMTA0WmJNTTdZcC1WUXNGNnBLSi1KbnJ3U3J0czhjeW9tbWowUVVOSFN6aTc2eU9henktRUNwS09MMFhvNEFjX1FVTVowTHpBWENxWlNzV2x0V3hzdnZadU9DOWxHcnhfc1dMQk9EZmY1dzZkaW1vU1hTQkE0RkhVN1pCR05QLW5GeWE4eTRCVENtV0FPV3l0elA5cDNueS0tTURMWEdtb0hHZ1RUbzhnNnptaEcwZTZwOFNCX0VxZHpybVNrbXlXcTFFbVJVQm5Ra21kYjZBclZEU1lRQUVSemluMHJERUhfZXlfVFBYSTFDTFhlYWJLa2VfOWtPSXBTdnJHMkFYcjRsQmhVaFZfMGFQbFUyMEotYUZiMHdTV0NkTG5uSThQR3VCNWZNOFhjSnhFXzJNbkloXzd5MmN6OU1odXpQbFBjX05IcW9VVnpIQ0ZkQU1QbWExS1R2aGdXZ2tGVTZGZXV1cmZtOWNsOG1TOU1uZ2NUQ3laWGt5YnoyNWJUcG0?oc=5,"Wed, 31 Dec 2025 03:56:00 GMT",
2026-01-02T01:44:51,Google News WSJ,How Meta’s Newest Acquisition Target Got Around Worries Over Its Ties to China - The Wall Street Journal,https://news.google.com/rss/articles/CBMiugNBVV95cUxQT01iUWxZLTZVMWxYTEZERUNmdGx6NVQxdnFvSWE0bk5tS2VHbXRlVEF2cG1BMGFIeFJseEtaMVpubkF3VnVpSEpQVTJvVlI3OV9LM3Z5MmdBaWM3ZFM0RzZVelNJaHVyQVlQZGY0dlpIRC16OGN5WXFZQWxqZzJIVGtiWWZJaGZyX3hhdk9ucXhDYXMtVUlBLWlSbW1yaEdXN2xQUk9NVGI0bndRanh0QzB0R2RUS0xyR1U5ODlwa2NBR0pKbUZobDJXZ3FHUXZRLUFISkdOWUpoektYN29IaFZuQUxxcE1xT0NvMUZ0ZTVpUU5WckQ5OXJyNTU5eUVrS2ZiZk8zM3I2Vm9mN29mSXQ5cFlGdEpRNGZXb3p6eWVUbnhJVUdxR1h4QzVPdEJfSlIwd3YyMWc2ckpuUlpoSnV5ZnRZamZ5d3pCVUpXMXBJRllpQXJHcUVVb2V1b0VCdld2aU42RTZjN2h2NXh6RkhUUzNsVHpsOWo0TFlpQWVBaUNCVFBIX0NTd0I2WEVaaWMydk9GZ1hKOTlvdjZPTmtPNHYyOTA3OFpXZGgwbXZSQzJzR1dLdnBR?oc=5,"Wed, 31 Dec 2025 05:01:00 GMT",
2026-01-02T01:44:51,Google News WSJ,OpenAI Is Paying Employees More Than Any Major Tech Startup in History - The Wall Street Journal,https://news.google.com/rss/articles/CBMisANBVV95cUxQZlN3b0FUMnEyMU9hS1RCa0pvUGpYVDgzblA0aHhXR0I2SERBdHFmMkE1dERTT1ZlVlpscFZLVU5qNkFXcDgzNDUwVTd0bFNQbWJSR250UkR3eGdHUlQwWkxJOXBJcXpYRVRoa0VqdEhLUFdTSGJGZFpLWk1UQXo0eWVib3lhRDNvdzJoenhGUGFXSVBNblNwX0c2SHJkRDZqMTUzWVppTDZjQ2VUUzI4ZmozNGhkSE80NzhqQkpQdVZPRHFfbERWeG1tZkZiaTlBSzY0YXUzS0NnTjJ4VE51TnV2MTZ0aVRwdG8xTk5WbU9KUF9IZlpBa0dtaUcxb3BWV0tIdUhpdFJfZkQ2cE0yclNFeDJidm1TZW9scW81WjdwOGlJNy1GbVFqcDNZOXJTUXJVM0pzZ2NJYU02VmFuZk13VXR5Njc0VDMwakZjbGpkS2RwV3RERWhlZzVYY09kaHlkTGdoWTFLc1Nyb0dFWnYwNnB3RUZDRzZ0X05SR19saE90eEF1WUQ0TjJoQS1LbHJuUFRNNW85Y0NPa05ubjR3VU1nSURicHdQeUdxM04?oc=5,"Wed, 31 Dec 2025 01:30:00 GMT",
2026-01-02T01:44:51,Google News WSJ,Oil Tanker Pursued by the U.S. Appears to Claim Russian Protection - The Wall Street Journal,https://news.google.com/rss/articles/CBMiwwNBVV95cUxQVzZCcU12dGM3dk5aeEloNDFLNFhfeG43MXQwX0RjeHRLTWtRQ2dZRVNHU0kyQ281RUdSRkd0VHM2OGRWZFRNQkJpcThSVGY1VjlEVDhQZ1FvQWt1cXpROUI3eUNQLVNtRVp2WEtaMklBdXRRelp5SjlhVFBIM0pQdElnYkVHYmZEYTluNzFPQ01ibXNMSHBfRVBvUWVWeklkd2ZnM05mNGVhVzNjaUQtODZSaXowOTNtYzdxbTdsdGlxZGxnRTRHVXBrcWdBWmVmTnBVMzRGWUs1b0JTNmlkaF9vRDZQQWxCemNRZkRld2FTeWs3M1ZIRGM3dW1LS0ZZSTVfX0FiMlk4WGM4X2l1ZDJPZVNnUXFPZFlfbHhoRF9TZHh1bjNzY2lHRUNscjlJNnItOFVrVFc5MndnQ0FzWUp3Qjk5OHhYYjZTTUt2QlJtVnBlc016UDdva3FVNEN0X0N2anZoc2t3ZVBMQTV0MklUeEc4ZXJoNTdyNklCandTVUlFZE1ocmJncF9sU2M2Q253WDVNU3BlZUVNclg3WGlSZGltbVRfQVFwekVqMEs5UFMySFJ3UHRUX1VGajNXRFU0?oc=5,"Wed, 31 Dec 2025 02:30:00 GMT",
2026-01-02T01:44:51,Google News WSJ,"Stock Market News, Dec. 31, 2025: Silver Prices Slide; Dow Inches Lower to End 2025 - The Wall Street Journal",https://news.google.com/rss/articles/CBMijANBVV95cUxOVFltb3BaSTZxekFDLVdHVkhoTFpuLU5TRmlvRktrTFFlQWt5NXo2cjBJTExxZWNrbkNnWERzNDhWak0xYzMxUUlvbmxrREZVNVF1MF85YVhUbm9ueldOV05nZnBIVDVlMnNINzBpS1k1al82eEFRNzFhaTgxSHdCU2l6VjE3dzBFUFh6S3U4Tm1NeTVOM2I1T21pTGt3bUhyN2NDbHJUNUNrcm82QWwtUm5IQUtiZHRGMHJ5Rmw3RzRXQnBvWWdzUjd0WjFhaGtDakt6SXJYQl82VEIydG5laFVnUmV1b185X2FmVFF3UlBDZGlOdXY4TWxUUDVLWFFoNmhvbFBYNmF4TVVOWk5MRWFDOTI5T3NwdWVSbW42ekVZY0dYMkRudlVWQzZ4ejAxc1hLZHd4VzQyeVZMMGtvMUNERmNDdG5wU0hsVjljcG13a0N6cVJqdmdQSThkc29Ja3J5bDIwVURBTEJ3YnlQMUpJUDBmbE5DRFBKNExTZWtOTkY4ajM1QnpZM3c?oc=5,"Thu, 01 Jan 2026 02:42:00 GMT",
2026-01-02T01:44:51,Google News WSJ,Ukraine Now Has Europe’s Biggest Military. What Happens to It When the War Ends? - The Wall Street Journal,https://news.google.com/rss/articles/CBMi-wJBVV95cUxOTlF2R0FRN0tMUFVEYWowdm5tbEJUdk4zQjJTYUhkcVlHYmwtX3BhZnl3cW84TnZ2bXZHaVowekkwS3Y1M1YtSDFkeGljWnlSS2VfNTRoYU5mNlZXV1FHeExSM19OT1Y0QlM4VUZOMlM1dXlSVk1UcHBhT2czRDZWVkE1WG1UWXZaaXJTMHdjVjZSaXVSTHRZbjdQM0NUNTRrV01mWjl2YVU4TURSdkxTQzRkLUJZNWdmWFlNMUxFQmNlcWVwemx6TGJPOF9nQzhoeEZ5cS1rR2w4eUpqMVYtR2tZcjhtaFptSTlSRVY0VHRTdjMxUHRpdUNmYnhmdnFDbUlyLU1YaEFOTWV3YTAzb1FTajVNc05Wblc0cXBwd2tVNnhsMU9aLVEtX1RmMjM0eWNnNUZrT3hiUWpMemIzdnA2SDdsbEwtaU9PQm93WlY4WTFLcVZwOWdRR29YQWh1M3pUdkIzcDlpd3lJVGpWX0VwbE9OcWFaa2dB?oc=5,"Wed, 31 Dec 2025 04:00:00 GMT",
2026-01-02T01:44:51,Google News WSJ,‘Intentional’ Review: Tricks to Stay on Track - The Wall Street Journal,https://news.google.com/rss/articles/CBMimgNBVV95cUxNNnpGeFFzS2gySHpUUFRuc1lCLWw3UkFBTkZLbHgwc3pDU2FERzB0Ui0zbV9GUXNYWnltd0JreWhmNS1HdXllclZ3R3Z0dldNdk82QzFTYjVpMy1CekhmTUUxbkZYbnNwaG9vdElXaEpHUXAxZmJXS19MSmNoTGdiZVNvVS10WXdWUS1jSUp0MmQ5cjFsTW1IYUljNW02LUdHLXdZdlFTelhadXZuS0RMX2pKUFJta1p4WE1tNGZ1SnA1Vzdxb1BJS1lwR3dkQk1sSmMwOXRYR3YyOEJPV1BmU2Jqd1ZRdGx0QVp2SElLWGNxcnVYZk5uRnFFdDhTRUM5M202ZVhIQlBkY0xYSVdPVVhuVURNS2h6RE1oNnk5MmRNWjJ2NmRRNE9vUVdDTm9MaUVEUHpEVWtHOUxSbm00bzhwaENoMFU3WXA0U1FubVVENy1uVnhhNUFCdTE3YVNCcF91bzBiQXhaSzQyeEV6Yzh0Tkx1TmtCVThjX0Y4a3VtQk9ja3M4MFo2SHRXdl83VEJtNERhRkJqdw?oc=5,"Thu, 01 Jan 2026 18:03:00 GMT",
2026-01-02T01:44:51,Google News WSJ,Essay | I Should Have Kept My Kids’ ‘Elmer the Elephant’ Plate - The Wall Street Journal,https://news.google.com/rss/articles/CBMipgNBVV95cUxQSkNtVGNSTlBlbVhSZ2c3OXFCT2g0R2VNOHFXMVpKQ083cXlpWlFCV0RJNTBxNHVSQk1MSUJ2VlBYTzF5aE5rOWtKSlllcmR4N0l4Y3BETjJ6ZHZNUkJSOFBaaWVCa19tbUxvb0dBeTNXSjBOTVgwdDg4akMzTlZQX2h6Yzk2MEV2WEFjMEpmZEVXekQ2YlhKWGlRcXdRU2Y0czdET0lFb2Y2UnA4bkdNOGhFWElySm9uTEJPcTJkTlBSQ2hKaWU4c3hmenZKVWR5U2o0RVlRNzFsYXphYmxza1NybTR1R18zakxFU3dZMGVXYTk4Q3hNNm8wcWwyeWZ2dUwtVFctQkdYZmgwUlkwNFNCa241TDFMWktOZmN5dUVSYk5hT1RvdHFHQ2t0OXg5WG55X2FEdnhyTHZpNUxpOHAzT1lLMGlQVzZNSGdGdy1kbDVfZEFSOUwxX2k4cnh5anZJanZLeFFwRkRiTzNUaXhoa2dYaW5FQVRLbU85cVp4cVgtd2M2SGdLUDVNeFMwckxIVEIxZFkxdUt1aTZwQk1NbTVUZw?oc=5,"Thu, 01 Jan 2026 14:00:00 GMT",
2026-01-02T01:44:51,Google News WSJ,Precious Metals Cap Off Record Runs - The Wall Street Journal,https://news.google.com/rss/articles/CBMiugNBVV95cUxQRFdtSTJYVF90RVN0OTBmenA3bnczTFl4NEkxQU5hejdfbEZaQi1odEh5WWsyeG5NT2ZLSERCWkRlWFFVSXRBdk1aZHRuMllxSXlMbkN0RkpzVXVoVGZPTk0xdXo3MTduUTd0dlJ0aE1NZkFPaWRRWTRNY0lnamdiOG5GRlJyRHZabFc1S081UEczMzA2U1VrbTBFTHNidFVfYkY4bmo3Y254YXB6RVlUOWtKckpyeVpvMkZQVHpRbjQwTHY5RzNkTDJtVDVTOXNoU05vZHpueHlkZXkzNllqcFY0Rkp5U29uU3k1RXFSajI4Vms5bWpXUW03MGpKM1hIMC1YbC1pcTUxUjI0QmhBU1hxWGVxRHg4QkYyT3FaWjdLaE9KMHpTc25GajJkQzNIVFI2ZzZhY2xqUHc1dHlzMFNzeFVOa3N0ek54NC1jZDRGTXdFaW9hd1I4d01kTXlxQnJPcmpDaVZZZXpQeDZoQWY1dm1Db3RjWTVGS0FCREU0MEV1MV9LdkhQZUVuOVNqS3JjUmNIWHRIRWMxUktudmdzNF9lUXFweHVuRWpYWktrVGE3VHRnZEZR?oc=5,"Wed, 31 Dec 2025 19:42:00 GMT",
2026-01-02T01:44:51,Google News WSJ,Silver Price Slides After CME Hikes Margins Again - The Wall Street Journal,https://news.google.com/rss/articles/CBMiggRBVV95cUxQMjJFVmFVSWlKUkRXQXF2Nks3ZThWSEtTOWtlWmdHMTNTTVpYRUsyazItZWNZTE5tdFlqMmdwOXRYZkk0ZnpoMEhDQjZBZ3llU2pKWVE0QU9jN2ZHRk1DbDYydzBBRFM3aFk1ajFIZGV2azVJX2g5V1VkaGJSNEozMUtwVXpLbTdrVksyV19CVHZxNnNrZVdrSFdhOHpBLV9DclprU2RrTEtGaUQ0VDlsRVRBZi1RNUZzZVZVaGJZdWVzWUpaU3dITUo3cEQtRFRIcTlObkNhWTh4QVZtSFBNV3M2bnN1aXA4cTU3R3p2N1l2SkVpMzctbFA0T0ZMTnpPZUZDV0ljZHlQdUVJa2hlcHhtM3E1a2lDMmkxUjRPVVpmWE8xYmU5TUFyTVpyaTEtT3FLZGI2b0NlUGhSWjV3NXFWbmY5eklCalZ4ZFJmaGYxNnNIZTg3cmtPV3NBNk9FRno0R2R0d0paQ2tONHhNR0Ixelh1bEJJQl9qVkFqOUZ2eUFYbXN0S0tHQS1NemZlQS1zb0J1aDZ1YmMwYU1LZFRlR19LMjhvY0V3VG84RnBZNWtsUkR3Wk96OVF6N2dXZjY3ZjNIOV8zaVhEU2k1VUhranlIdXgtV08wckFjcm5EbFlmSDlubWI3d3Bfbi12MkhzNWZ1SWM3QjJLRk9pS3BR?oc=5,"Wed, 31 Dec 2025 08:30:00 GMT",
2026-01-02T01:44:51,Google News WSJ,Opinion | America’s 25 Years of Decline - The Wall Street Journal,https://news.google.com/rss/articles/CBMi-AJBVV95cUxOM0FFN0VzMGdpMWctVnhzY2ljUnJUa2RVbS1SWGdReThBdFQ3Mm9wdDhZUXc5ZUhWRjhBZFdnRWlmT2I1UmEybVVLb1VRSWthVW5uMTh2TzFReGRPNlVDdXFRME5kSTA0aXBkQnVBdVEwQzlPbTBHcjhPOEZvODZIMldWTmh0a2oxQUhrTnhoTU9FMmVHSFZoOEViNUdxTGE1UHNqa0ZTdGpvUEJ4aU1FWVBuSkV0WlIzR0EtTWQ4WkVRQnlMZEtvVEhtWXBGQzFGaHlOV1AyTXZjM2xuckxXWk1jYjR5Q1hOZGNQOUZXT0E4dmlicXg1QjF5SDd5M3g1a3JPeFNRUnRQU1Z0dXNTeFk5cDNsT0ZGc3hNQ3N0Ml9YZTdqeEh4eW9ycVVXcWFsQ0w3OUgtUXJnaEtGcTM0aWoyZWtGeXlIMDJYTU5MUlBMRXZLQmhrdmVFY3F3NFJMbTF4ZGJRd2hueFNYTlAzbFhTRVVFTXJ4?oc=5,"Tue, 30 Dec 2025 17:12:00 GMT",
2026-01-02T01:44:51,Google News WSJ,Opinion | A Slightly Better You in the New Year - The Wall Street Journal,https://news.google.com/rss/articles/CBMihANBVV95cUxNMXNtWjdHemlzYmNndHlTenlUaUNHeWo2WlZUUkYtSE5vQXhmcFNmQkZjUVJocGl5U2NGMUg3QnlaSGhWY0VoeWxSVHFhbnBCY0dPRkJLdjVvTVhwdDVkX1l4bFBmQ052T010ZlZQeGRUTF9xU0Zadm0zcXlST1hfNEQ5MGRzTEFGNzFOdEJsRzlDYTZtbkRUR1lldl9ablJzZ204cnlfeDVGSmhvMm1NMS1jSU4tT0JFWmRpbTZKUEdlTE83RW1RRm9ZeldWZk5mTm5oN2d2V1N0QUc3M3FSX0M3MHNXdzlReXpkelpJY21MY1FJZ0VUX0d4LUlDWnFhV08zUklYMHBWTWZ3dDJyMU9GQWdxbExOV0phdGo1UkJ3Y0NRUFdBRGs4aE9reFJEUHFJMXg2RmJsYTV3Q2hleDBCRXM3QnJSd3BQdU9weWRvT0ZZSjRDZEI1Y2hFV1I5RDZQaW4xSzVWNGpJN2FXNFlZTnczUkF6WU50NnRqZEFVR2o1?oc=5,"Tue, 30 Dec 2025 17:14:00 GMT",
2026-01-02T01:44:51,Google News WSJ,Cadillac Gives the Electric Limo a Glow Up - The Wall Street Journal,https://news.google.com/rss/articles/CBMigANBVV95cUxOdmdNeF81TXdPV3RyREMzOWVaYUVwOW1fYi1sN0dQc0wycWxrc2lqeDJVdGYxR1RJaVVRR2dNR012Q2h2N0pmd3drNzlFOFpOMXd2eEJQTlc1NXd6Z3RTNEZDQ0xiOGY4U1B4YUkxSE9KT1ZGSDkzS0g3UFliNHEtSEoyZ3g5YlNqamJScnJJdkVJbEFaeDJfTWZUNE8yc0YxWmQwdEh2aGlVd1FZV0VZNWhVYkVoVkN5enllTmJLQnNfempCUlY0YklQaGhRZFQ0VnF3VVFfSDM5VGpFZVRuSGxlVWNaM3hjRk02bkJ5a1g1NmJOcHAtaGp2a3ZGdWxheEt1eUZta2RBa1RJdDh3dXNOaDhxeFZfZnc3WEJCUnJhV0pUM0hwTE40NGVkU21ScE1OUTgtZXVKVHlqZ1l2azRtMGxvUEtuNFBGSzhZcEt1Rjh5NGFGbHk4MFBLNWJSbFNwY003bDhwSHBJb0xSQXMtRlpjcUstWkljTUFBdi0?oc=5,"Thu, 01 Jan 2026 16:00:00 GMT",
2026-01-02T01:44:51,Google News WSJ,"Caterpillar’s Surging Stock Is Fueled by AI, Not Yellow Excavators - The Wall Street Journal",https://news.google.com/rss/articles/CBMiigNBVV95cUxPX1NnNG1mUFF6NU93X1dJdnBjZUVmWTRyc0M3YUozRzZaTUhNWk9mbVh6aFRpSm9Hd3kzVnUwNE4zbFJsLUVBNGdsR1o3blV1Mjc5Qlh3YjF4SVotaHhxR0ZEdmZJbHdLWVhCenMteUh5ekVxdVphVU9QbXJjSnkyeG9OVkpES0FfRnBnbmxpeTFOanBoWmVCblRyZXNvem95Ul9rTFBtOU5yVmlpSnFudjcyXzJ3WVp0ME9wWWxmdElOdnk2OWlzRTBIV3RiREp0a3d6aXVhVTdpbVFLR2FzVWcyZllvUS16cWV1UXA4R1ZPXzNKUERRekxQbkxINmd3cWo2RlJRYWFXX2EwNnRCTFRBZkdvZ3BlR0tqZHZiNUZYQzNCdWVIYzFpdzlqNjJxbUVNanFlN2NXUHdTNHVDM0RPZlFQOUE1czJSU2ZxOTBjRnBvRnBadVRwX3lxTlZXMl9qMnpTZWVkdGZNOUhQZTZqTTBBNi1HN1lRUjFhOTdjVWxWSDZfSmZn?oc=5,"Tue, 30 Dec 2025 12:00:00 GMT",
2026-01-02T01:44:51,Google News WSJ,Opinion | America Can’t Reshore Everything - The Wall Street Journal,https://news.google.com/rss/articles/CBMi_AJBVV95cUxQRHNSUDZLRU1SME4xMXJUTzlQRXhCeXVxR0FBcjl3alhzMEVydGZiZ1lVeWYxYzJNdDZaeVlORkg2OS1NU1lrZlRmM2JqUXREdE9IN2puWS1PRHRNbXNVUktlc2x5djhNRUJxMDhTOVZCejNqcExMVGFqczJ2WkdVV0psc2RLM0EzVkpNSl9xNVFmUmRyWGFTRUEySmhvcXpJcy0tem9hcnlUZmdlSEtDekw1VEc1TGhiTzV0ZXV3emxtdHE0Z0JYYlRzUTVma3FQeDVzOHNBaUpFLUx1NjA1R0lIaWFGWEdINndJVXdTVFF4d29KOG5rb1g0aE5qUnFQWUZOSDBxNXNqSUVfLVQ0NFZzc1lWWUp4cmxJMEFCb3M5dzhJS1B5TGs2akM4b2RDOEtKNVdIVHdYT0h1cUs4VlluYlJGdWE4MlJvbFFwNW1meUZLM1RJdW9qVTNaN0JKWE5qYmhTMkRqdlpMajdEa1JzNXdZaDVfcGp4Zw?oc=5,"Tue, 30 Dec 2025 21:29:00 GMT",
2026-01-02T01:44:51,Google News WSJ,The Wildest Ride at Epcot: Keeping Day Drinkers From Getting Trashed - The Wall Street Journal,https://news.google.com/rss/articles/CBMikgNBVV95cUxORkRXM0xmR1dFanJsWUNld2FDcWZiNTJJa2lDZWlrXzlEYVVkaVp6eDVDc0VycnY3RWRCbmEtXzZoY3Y1NFVMWVdHWnJLR3hQSGp5ZVhGN1VRNUJybmtXaWowclFFOEx5VjloSFJESDh4Sk5weFduVHpNMkZqQUV0ZXJhNlRHSHpMVFBtN3ZhSU9YUGpJby1qVHQ3Nm9sd3ZmWXQzZXQ1ZkdaVy0tTTRybU11RkhJckhWSXFWcl9ueVVCQ2FxUjl0bHVacmRvbVFibUxiRzdJZ1BBTmlRc3IzeTBXVW9HbTc2QVNCUGtWd2pyeENyc0t3RDVZQ1lETWU5bmw0MzZPaFVfVWhMV215UGtrUFFuYVh0WXE4emg5VzRiWXV5aHZDYXJmRTYySUI4dlhPckF5TmltcndMdEdTVUZyc1ZkRkF1NUduM3l1V3piYW1Xdk9TdWplUFo1MVR6UU41NG96TFZyaXhRSUswSGo2dFd4dUVJZ3E2dlZ0RmdtX2NnVlNLeGhJNVpoOHc0aHc?oc=5,"Tue, 30 Dec 2025 10:30:00 GMT",
2026-01-02T01:44:51,Google News WSJ,"Trump Is Warming to Cannabis, but Investors Aren’t Impressed - The Wall Street Journal",https://news.google.com/rss/articles/CBMirgNBVV95cUxQTF9pOE12bk5wTWpEZzFCX0JxVWNMaG5uYm02S2lXSkZWZzFiV05CZTRKb3BIaUtVaUU3MVpfRWYtNDlBVDA4cDZtWTJTamRGeGVyYWU3SjVGblE1LTZqSmI3WmFVUFRMQ09JZlZIVEx4eU9kZmYtVjh1T3NSTERNU1F5Ni1BWl9UVF9GZmxBR3l4U3pDR3NyRDZmS0Z1T2VzQTkyYVVPRF9CcDhFVlp1UXI4T0FjTXI3OVUyalM1R0Y4X2s5UGZKVUFtVXRMZU5SNVFlR1QxZWR1UDVmQ2hzeHZJdXZERXR1MjU1TGtTUDkzdWhHOTFEUWhMNHJ5V1RpM2h6OTFPVzFQX1pscU9IbmZYVEV1NndyTkxwS2ZvMXdnZldyVndmeFcyU0VjS0F4OEJwX0t1RkhXUjFRb1FlMVUyaExEVzFfNk1IQmFyM0Y0ZHRvN2M0ZGhselhwU3M0Zk1xdGxfRml3Sm1nR3dKWm9NXzdRWThENV9HQXhHeEtVdWhrQjdMSUVyUno4SXJ2SkFpeUVOdlAxYUROUllzd09pTlVFcjlJcXptWUNR?oc=5,"Tue, 30 Dec 2025 10:30:00 GMT",
2026-01-02T01:44:51,Google News WSJ,Opinion | U.S. Economy Still Beating Expectations - The Wall Street Journal,https://news.google.com/rss/articles/CBMihgNBVV95cUxQZEhvaVhNUDRTNGRxczFaMUd2VWZ3cnhjVW8zY3p5YXdubUdHNFlXSXBLZEh5dWhZdU1VQnFhOHg0ZXp5LTBtdl9icDQ1RW52NzdGeE1YNlpzTmRkcWc0VE54V0hBV1dsYU12SVJDN0xYRTdqV3VlQ2FXaXJUeENWQU1YeTlZeGRxbEJaTzg1M0ZKM2c3cW9KanU5dG5kTFNSVlQzYk44elIyNnpYRmZxallwZUhrUG5lNFM2Z2x3ckNfWm5qWTJwMjJnWVdtczRSSzN5aHlyLUk2enZfTFhudktFdjRQSDd6aTNZRXhsdEJoQ3MyNEVLcmtYNzMtVlAtZXhiVHdGczZEa09YMzFpZnRGZE53OGVkUmUxX0piYmJwTU0tS2o0S3R0eEZWQXhPeEt1elF1UmVuTTl1djZHU2VrX3RrenhDWkVuYVpkVGpQWEhSNXR0dzJ6RDdSa1k5S1RvRjN5LWxjcHFvMzlyODFPVHpJVXlnbXVDdUFRQ1ZsNVhUSFE?oc=5,"Wed, 31 Dec 2025 19:43:00 GMT",
2026-01-02T01:44:51,Google News WSJ,"Gulf Rivals Saudi Arabia, U.A.E. Come to Blows in Yemen - The Wall Street Journal",https://news.google.com/rss/articles/CBMiqANBVV95cUxOdjZaWUJfeHl2c2VVT25CcGc5QVF3akJxajFhdjNQSGktQWd0WFBjbzgwYUpTdTVSSVcyRElsNk1POS1hMllYWmw4TVV3QkR0a2N0bDMyd2VNZjN0V25vSDVBbk9TSFZuQ1VJSVNpbTVDNEpacndDSzJpWDFfdkY5WTJVUFFscTBkUXk5d1o0bzRuTGRpZGhoVURrQmhyajdNSEtwc3NTNFJTbkFOV25nbWFZaWp3TW03dm1NVGxhM0FSMEtScW5DOXlhQzl1ZUVETi1adjl3ZFM2dVJnYnF3c2ltQjYtcWkwWnFVTzU4UFVRQlZRd1VMdmRwbUtkNnIzNXFLOUxYZXRKWmVZY09FZjhpMmMyWlNkS2Vfam52UF9DR1NVVkhhUmJHeWd6TVdfSW1aSEhraWVNYnpiQXdQd2YwRVAyZ3k5aXZwbFR0ekpIbFNYUXlmdVYydGN5Ry1IazhvTmlYZnlrWHdUMi0xVTMtd2NlWEljYVhUOU5SN0owd2F2c3FiZER3Ymo5LXVmZzZNTWRCZmRZT1BOeGxRemhMb1p6N0xI?oc=5,"Tue, 30 Dec 2025 18:57:00 GMT",
2026-01-02T01:44:51,Google News WSJ,An Eyelid Lift in Your 30s? Why Younger Women Are Getting ‘Blephs’ - The Wall Street Journal,https://news.google.com/rss/articles/CBMikwNBVV95cUxOUUpZS2p0ek1NMFJnV2I2amhLX2tiOFFTT3plMzduSmc2WnlFNnU1S0MzMzNZX0xmMHBZaS1BYzk2b05NOFc5Q1JNeXNXdEFaVzRlSV9PSVFZSFN0NjFmeUQ5T2xVZUZjcU1IWGJBeHRRSVBqQ29JcXg4cngza2NGMEZDZS15R1FDTEtMRGVFdDlzR0p0R3ZhY052OUZhSTVjOVozZXVQT2dvdFhhRk5sNTVIeWJEUmh5QVhIdXFjNVpORVFFWVdMX1BDUVR5bWVoREtaaUZvSnJVS1k4V01DM0FiSTdvRmFxSG9DU3NoM1pqaXFlSEw4dUUxS0pCcUF1VU5YazlHaVg3cW9jUVQ5SmhRY2hTWVZNOFU2bVlCV1VGZ2NYUURFZ21MQkE1eDJVSUstaXZ4VWZSUkFRcVdHdTZ0OTQ0WkVLUkxBUlIwam1Pc3NDRlRwOVNYSnQ1ZTBxV2huSnduZmYtQldUYVN6OWM3dUdRQkh6Y2FGRUlnejN1YzV2aS1KWE80TVZVLWZCNHBz?oc=5,"Thu, 01 Jan 2026 15:00:00 GMT",
2026-01-02T01:44:51,Google News WSJ,"Tatiana Schlossberg, Granddaughter of JFK, Dies at 35 - The Wall Street Journal",https://news.google.com/rss/articles/CBMilwNBVV95cUxOSXdiWGJMa2w3WE1HYVZKNjNNVEdNMVdwN1pKWl9DRmpaZE0xQlBsWUFvREozS0pHUFhwdDhQUmVLVXlkSkRKX1N5WUphYXlVMHBoaXQ5bFppbjd5eTNaTmZXbnB4cVR6WnRUYnMyVHdKTE9ieVFEeWNHVWU3YVFWV0h0c2FoX2JpM2piemhid3dhUlF2dmkzQlJqd05TTTE3YWR0ZGh3LVJYbi10TlRBck9UdGFVOGdlZWVCcVpydW9kdjJ2YXZfLW1xNHZ5QkN2Z3RYMHF1VDdCTy1qaGx6Rl9IdzdMQlczNmpJdXk1aE9xUTBxcDdKMjNvdlR0cTlLTDVySXVfTUFlbk93S21jaWhMb2ZFaXNhTHpoUlZvSUd2aVR0VWtuSHhZWldMcUlINEloS0hJT3ZMX0hfVUF5UkowNlhuUEZPaVNsdmlETG10N0VVYVdRZURwclJIalVOU05nbEFhVlBiS3RZa2tiVU0wa1JkNkU3aUFQSUtQNWdUR21uOXViZGFDbnRHRU9UVVhrTXEzcw?oc=5,"Tue, 30 Dec 2025 21:43:00 GMT",
2026-01-02T01:44:51,Google News WSJ,Exclusive | Meta Buys AI Startup Manus for More Than $2 Billion - The Wall Street Journal,https://news.google.com/rss/articles/CBMioANBVV95cUxOMUIyZTN0NUY4Mjk3SXBzRndmWWRtc3dtbVpIMEpHR1c3VGlfbVU2eGxYNVBXMVlzMm8zOG9TdnN2bXlqV05ZdjktWUZsLUdtSGljZlhsM2lYZDc3TjlsWFJqNU9HaUN2cDQ0MElBTHlYSldNZHZSV2FxeFhYOGZsdU13aUtFbDRIdWxXbldFb1F5VmtpY1ZyYTc3Y2NuaGQ5NlBwRGhWVnlGd24zRUlXQzU3U042NXRPWWtWOEhzdjdfT3pUYXc0OUUtdDVyVHR4TXFoRDFCQmFUb3p5dFp5VXNQUml4WG0xUUZDOTh0Z0s0T1NhZ25EUnlnZXFfc0V5Mmp6bkFwbFVkejhSR1Vwb3FLOHUzNnlVY1lTVVN2dGE3bUZvUHFhVnZsRUFZLUlTd1ZyMV92TThtTUhlRGxPTUlKb01qRFpMOXdGbERnM1pXMXp5WkdCandzYi1QMUxIbFRnLXd5RVdVTXZUNDlBOVVDVjVmYV9KVEJnU0dLRDl0ZV9NTFJHdWF6SmdLajQxbmFrcVF2cFZ0d1IyR283TA?oc=5,"Tue, 30 Dec 2025 16:18:00 GMT",
2026-01-02T01:44:51,Google News WSJ,"After a Year of Blistering Growth, AI Chip Makers Get Ready for Bigger 2026 - The Wall Street Journal",https://news.google.com/rss/articles/CBMitgNBVV95cUxNcVV5ZUhuaEVkT0prajgxMWxhNFBxREhKU3JxTEk5ZmVQbG9BYUdDTDhFazdfeGFaZ0Y0TllpTDVxVzdncGg5SmRDUXR5VlVqWG83OFR2TnF2SHozTDZBUS1jWFBhUlVKdlNSTkFDX08tTEtLS29tN1IxRW01NXhsTjd2RDV2RGVBZk5nYUZzZkphQlFwUTB3RE9GOW5vblhHSElBS0FkNkpsZHhneXlZYjZrR2NqdjNEY1VvaFc0VF9FQTVNS3FOUXZ4YXNXYUlRVkFQTFAzaElBazhDeEhPNWFOd01TTWY4WFZMVGZVVHFSc1BHR045SDNPTHpqMjVLYzVHRVJSa3R3cmhpc01EVHFoS0pUcVhFUjY3ZGVoYzBMalFPeDlYT3pmaHJmUkQtZnV3elp1RVpPZlVTeVJkcXpKQk9ZRUJSaGxlTjNiVnJIRGppc3hFNUlLUkxsejBzeGJVLU5LLWVuZDJjMGlMSHY3cFhCSmpKc0lfMkpucU9GbG5uUS1uSXBDeVRxVGZIdE5Lcm5CNVVIODZ1TlZ3VUdMd28wN29tYVdQNEhXTWpVckQtdlE?oc=5,"Tue, 30 Dec 2025 02:00:00 GMT",
2026-01-02T01:44:51,Google News WSJ,China’s Push to Master the Arctic Opens an Alarming Shortcut to U.S. - The Wall Street Journal,https://news.google.com/rss/articles/CBMi-wJBVV95cUxQM2k0MEtPNXV2OHlGTk5yeWtjamMxVFV3bEd1d1ZQX2xDekpPNHc4U1dpSHhjR2ZaN3VmdERQWUkwUV9uS1ZjaXhqaEdoakp5ZF9jUzJCUjcxbkVsb1NCaURjZTRTYWhmSVpfeTlzcnlBVFU2Y1p4NER3RzF3b3BSTFcwZGNKMmNDNDdTamZIVFRQanFmelByeHVUWWtPQjJKNEVubkVBQkdPMTRCcnREZ29SejZkSklLLTBMczJ3V2haQ0JUcUVuT1lHdXRTYzBvS3BtSFp2SlBGNFoyTERpN29QanRQRjNMeHBKUTVSWm9JQTNpTy1PbWZwY3ZHMHg5Nk9JLVFPd21yQTBFOGR4WGRlZGRSMmR2aWp2YS1qNXo0WUFmSWkyTVd6QTljczJqNndXeXRtbUFPMXJMWGtCc2hBWDAwOFFHelMybnZINjY1TVlHWVpqVzl3blBHSEpMVG1VNXppclJha01QVzRrREFzb1l3R2V1eEYw?oc=5,"Tue, 30 Dec 2025 02:00:00 GMT",
2026-01-02T01:44:51,Google News WSJ,"Opinion | The Good, the Bad and the Ugly of 2025 - The Wall Street Journal",https://news.google.com/rss/articles/CBMihANBVV95cUxOSVRIeFBPckRNMmVlS2wtTF9leVoxUFFaaDdha2hKVXhRQXM4blIwaEw4MllNdjhKQTFGVmxWaVl6amtVVHNFMlR1b2p5a2V2SGZjNUlUamdPdWVib19FTWJpNkNIVzZ6ODBkTDJ1a04xRzY3RGlKM01QMDZmQlhEMnp6M2tnQzdiaS0xQmxiQ1FJSVdJMEk0bjJKS1pNUXlUVU9adm1UTGRmSmdoNnl3NFNKc2xRZDBuQ3NoVU9EQW04S2REendrN0dmTllDVmg4Uzl5V29qRGRxMF8xUm9rbnE0M1lhajRDMEc1azhqMEFLbmJ5WHlyUjR5aGdnU1R2VkZmYUxkT0FDOGR6TVpMSG5MUGw5TUNtb1RYbDhfUHJKazJDUlp5MGZXb3hNV2xfMmg3TmNjUnJScmFCSnE5LXFxb042UG16MHZjVDFPbEYxU24yMzBBQkJtRWRQQ0Y2QTVoSWVpc2pDUGw0TDRHNnE1TjhPSFhya1J0TTZuYzVGNFZr?oc=5,"Mon, 29 Dec 2025 21:25:00 GMT",
2026-01-02T01:44:51,Google News WSJ,Nvidia Is Ending the Year With Deals - The Wall Street Journal,https://news.google.com/rss/articles/CBMi4ANBVV95cUxQbzlFQjdGUnluNm5LcGUySFQtLVVjdzByZzJHbmRRa2l4T29rSTV3bmRreFlSUDVkWjczazNwc2M2bVUxeTYtMG5LYTg3bzBuSjhaTUhPaUpJRTVjX2M5TlNfaHhEbkNkakJnUVo2QjdMTUc2dHdFYzRIU3VVMVlTSFd5TENkZkdwT2lPU2x6Sk5DeVQxQ1J5X2tXM1V3aG9XYU1ISDFxdDRTM0FCb1ItaWZYRHE1b3dpTTk0YVVfSnRuWjQwWU9obTZjeGlDbnJSbkdtWnNqcmRQamJpc3BwMm84TGNxNTJydldaaDR3VTY1b2VWN1hFOXNFRm4yaHZnbmwtMnFHMEtCbmdqR3JtLWpwUm5UUHpCei1qWWJEeFplczdkYmVuT05kSUxBQnEzZE5EZTVhQ1gwU2hRTEcwUGFLVmVyQWJrS1dUNlp6S1YtSjItTGhpSjdhM0pJX2xkNGhlWXRXdlB2bndQYXhGQkpQMHFHRnA5LTNVRjhnNTF1T0VzVFBGeGVmRUs4RG5IYWNKRy1QZUFXMGU1cHY5YjVwM0hWVlFWNEJlQWlBMS1iNzBMT3Q0SzdGcGN2VjB2YjZzS3d4MF9kUXpNYTdtWlhkdjRDSzFlNXBpci1GZl8?oc=5,"Tue, 30 Dec 2025 04:02:00 GMT",
2026-01-02T01:44:51,Google News WSJ,Opinion | The Trump-Netanyahu United Front - The Wall Street Journal,https://news.google.com/rss/articles/CBMirgNBVV95cUxOc3EzUnpDSFl3aFNtcWxwbGFCTzJZcGd5eXZocTlDc1pNUHUwYTROMGhNNEw2R281WUdIWXJkTWxxM2tSR1p1VHFhYjZuY3R0MG0zdzV4N0s1YkthSE9rRG91RXdwMTBGRnJSdXhTRGhnVDJOZXZSeGJobFB1ZXdtUUc1d1RXWHhib2JQMjNlTURvWG5pQzRNSjIydjZ0RWR6X1VDX2NjRjdZa2hOTTJKZGk1eVVkZjBqRzJWOVQzWDZsWEJCVTB3UUEwUGdscU0tbUQ0Q3didTFfOHVJSVFJZFRCUXlCVGhaVXk3c0NjYUlpMlZHU09wLTNleVBfSnM5STNVTWxaS3EyZjJ5NEtIV2JSSUZiQWZPaGlwR0hwb0R6U1dWMjlxQlQxZ3BzM3V1ay1JRGdjYUJhN3luckI4OG9HWHhkemlIUGRuaVAyOUdXUXgzUGJVYzBJSkVEUkdXVDRzbkVSWE1NcWF3S2dva3d1VWJjMWpORjE2V1ZnTnZpbzZiT2t0S3BoOTRLdGxXM2g0TGRqb3pDc1hPTThEa1ZBWTZENndQendXX3hR?oc=5,"Mon, 29 Dec 2025 22:55:00 GMT",
2026-01-02T01:44:51,Google News WSJ,Growing Iran Protests Put New Pressure on an Embattled Regime - The Wall Street Journal,https://news.google.com/rss/articles/CBMisgNBVV95cUxQa2YyWnZTdnhfZmZhZWduVnZtXzFnd0Z5U3ZKSUsyX0ZXdVFIYUI5MlRISjFQaHFublFCQ3Q4R0ZmTV9UcjlldkZLcGFyMjd0RzlmNU9NWURlOXk0VE41QUNhWVN5cTdtQmxDdTh6TG9aenJkdGcxRHpKY0FHeHJyMkIzX0hCVUhNeVVfajJZWnNEUFBoaEFEN3MySTFMbnJLbmtnYzVBME43ck1Bc0owLUNKcFplUlhXUUQ0MGpFQUlCWXhmQ2Fma1lGdk1VV2RwQ29SUHltN1psYWdkaVZjMVBZdWRyWjhpQ3FDd2dXbklwZzhENDhXZkJyUUFRaTRaQ3hQQnd3ZUdnWnNNa1BRMEdzbHNraUdXQTFSLXZSTExDZjZES1JOVDFNbjVLX3dKZmd2QjBza2IwbXU1YlNaZk1HTXhkRFlqR1k4dF9iZk5jWHA4WnN5S2dZSFFYYWhaTVV6b0JVQXZOOEEtZmhNYTlnNWo5SDdHOTFWaGhzYTBfT05na3BmZFVZclcwM1Z2LUxGWkdOZmQ0MTJPczRKNWtwd1hiSWpkb3M1Q01lZ3VEUQ?oc=5,"Tue, 30 Dec 2025 03:47:00 GMT",
2026-01-02T01:44:51,Google News WSJ,The Booming Business in Drinking Yourself to Sleep - The Wall Street Journal,https://news.google.com/rss/articles/CBMi_gJBVV95cUxNMzdLOC0zWktTNUg3emkzTXh5YXhrSEpZX1FJRnNkYTRaSFhuWWZ0UkNRMk9LRUJoYjR5M255aEZlclZVV21sOGtydVdQSzVnb08yQ0I1Zzg0ZjRoMjBXQlhmVGFOVWdWMzVCZmNKUHduNU1BMEtBeXJ2M3lwZ2tySG14bHM1dlBjZXJFNTBLb1pQMlZVN0Q0M1F3czBzS0JvdGlkVmppWG54QVVNWUdrOVBiUWVISTVycHZJMG11V3lleDJQQ2Zkc0ZsbEJzd3NYc3VKNm1EUzJ4ejlhY0o4bjZ0WXFOZU5HakdBc3J1T0dJX0pMYjFXMk5QSnNYV0lKTm5VTXFZdGh1UkZ1MjdJNmRZWXZQX0lnUGxmbU1BLURxVjhVMnpSOV9IbFZUTFZ5YkZJd1VGVU84TW96M1lXdDM3Z3FES3FadTdSVG5qc2FOa1hGcE5WOVRJSjRrcThYQXlIMC05blByMVhZcHlzdU5mRU5lekw3U0FqdkFR?oc=5,"Mon, 29 Dec 2025 17:00:00 GMT",
2026-01-02T01:44:51,Google News WSJ,Five Things to Know About Nvidia’s $20 Billion Licensing Deal - The Wall Street Journal,https://news.google.com/rss/articles/CBMigANBVV95cUxNYWlaUVYxTk5QNXAzVV9ack5KeUZjWFpkMW82cnB1aWhSWlplQXJ2cnNWWE5FZE84XzNpZUdWWGVsaldwcVd0dlUwX3MzN3pxOEhIUDgtRTFUSnE4SEgybDdGcnNpenE0NWhMcUpBdkg4Q1QxQk9ZTnNFNHgza25rLVBVTWdDTUpXd0lVcVdrT1Z5c1B5ZHhCTDdTTHVFZ2E3SWhLUl92c1JkeTQyM3ZIaE92My02UVE0V1NGYUd5T1ZWdDJ5a3dhN2w3aU5MT3RIbjZZM01ULXJ5enRyVzZoOUkwNTE5QXd6dHZwd0FKbC1ZVjIzeUktejZRVEdDY29mY3h4OUl3d1B1SDRpTEt6TGNlR3UwVWNBVm9vQ05pOWFlVHZCQlVCVzVtOUlHT3hheFNObnRqcFY4M1VZbHlaS2VWU19wN1doUnNZZXppSUIxOWtOclVheC1NMllhbEZVRmdXRWQ1cDNxTFFKUkZheFU3eTY3Yy1CQ1dadXVadU4?oc=5,"Mon, 29 Dec 2025 20:02:00 GMT",
2026-01-02T01:44:51,Google News WSJ,iShares Silver Trust Suffers One of Worst Days in Years - The Wall Street Journal,https://news.google.com/rss/articles/CBMi9ANBVV95cUxQQ2g5Q0lNSGptV0htclF4TVprWGM1M0dReHlodXVDa3QwSWpQbWlHMWw5bFJNV2t4enZsZ0R5NkdWME9hMjFGUC0wZTk0b2RDMnlCamZuZTd0NUNkTGwyc2VjRVZOenlLYnZCV3JYczItbmlwbGdaUjhUd2Q1Zk10dXVSUlZ1am13ck9yNThBUmNwS0ZTUnFpN2xTcGU4UHQwWU1UVnZuZGhxbFdSeWNLTW15SVdFLVhQQVVxNEVCMEt0NVlBTTVTdUFOWDVTbWJpV25EWjBmSTlRd0tGU0FBaWN4bmV4X1IwX0NZVGdhUmxTangwdE43TUs0RkJjZUlyYXVyZ3g5bm50Q1BJZmpmOEdIb29CeG9RbkY4OTRhU19BcGhPZk9pVUkyUjFUUmh0QlNTRzRQWk9vUnRLVzkyWmVldkhIVkswRTJSQVRVZFZjWFJFN2RBTDE1LS15WnpaMjVUNzg1MmxZVG9Qa19RT2NFbW96aXdtem5tZFE4OFdQSFpxRlFOUUpWdHJ6WWZhc0VkVlhrTTBSMEo5dDVMZzBmQjhEb2FsQ0QtS0p3M3JsMWRTT1laR2NYclRpNVpyZGtJSndSLWJ5ZGFhb293X3R5VVZhaVFudFJlUHpPZkM3Smg5ckZIa0FNS2ZtbDBxWGUwbw?oc=5,"Tue, 30 Dec 2025 04:02:00 GMT",
2026-01-02T01:44:51,Google News WSJ,Ph.D.s Can’t Find Work as Boston’s Biotech Engine Sputters - The Wall Street Journal,https://news.google.com/rss/articles/CBMipANBVV95cUxQb1FfUWJ5WkV5Tm1KcG9hdkFqY2hpWEI0elFpd1R3LU44cDhFS2NSOVVvdjNDSndnbUFXVEZUbkMyR0M1eW82M2FjY09DdDRJdTdTQm5fRDI3RVJzVHFpQl94cTdXTGJ5QnJiSndkeGNyUzNKNmRBNXJfemZKUXRMelNHQXd4YkZIY205RXBZRnN5bDVBLUhHUS16ZllZSUhodV9CS2RBbF9GTUNCa3drcFB5aHo5Zi1tYnBDY0pCT1VSb2xTR012VnVMYkVqTEJCZnM0N1RGODRlRmFybUphVS1yLVExdmhfSlY4RlRWT3daWkREYmZMRk9EbG8tRl9WWFUzck9ycGE1cG1XaWJneC1uT3hzZlNFV3NfdmFVQkZ4Und4X1Z6RkIzSzg5Q0xIVjBxZGdCSnlIaHg3QWNmaDNaU3RjeXdWdHB4RWJhQ2RRcjR0d1F1NDhlQm84NGtvUm1PNXMzWjI2c3BvaEZuYkRTVm01dTN0V1l1eDU5UmdvUENpNzdLUGUydXY4emQ0bmpUeDV3UC1UOG5ZendQOE1yRms?oc=5,"Mon, 29 Dec 2025 10:30:00 GMT",
2026-01-02T01:44:51,Google News WSJ,Iran Protests Enter Third Straight Day as Students Join In - The Wall Street Journal,https://news.google.com/rss/articles/CBMirgNBVV95cUxNaEtkNTRKeEtZMEdMdXNjaE1zWk0tdXlEWEpaVnU1UjhKVHVscDFMUEdFVFZpZU5mRDJuT1J6aDZuMDhvaHk3WGJ4NlgxemdPVGdydldkb2o3aUZ5clN1NGZCSUtuU0NSZWE3T0p5dU9xUHVVZURKVmF6X3pBd3FuRTVLTlFrWXZ0cXVFeXl6QzlOZEpxNS1jUl83WnpXNUlSUG1ybERuemprY2RKQS1JZGU5SU85dnVnNXVlZG9BX2E1cTBsUUprQ0Q2TFpnWTFndkk1M3ktWkJvS3JwVjI0MDBGM3JuUEdZTkhhWWRndzFUblVKeDZaWHduTkF4bHBjWDQyblc0VnpkS3VZWUNfYWI3eTFGVFpTb1VWMHdfdGFxZllBUG5aSGJxc1dCb1FiYVdpSzVLaV9xVURwU3N4a2lhQkRRNXhLOERuMzBMaHVpX0d1bHYyeWtZakJUTDFwUkxaeUdNUUhKelRYTkNxNU9NRXRwUzFCcnRuNzNlTktQYlBMV092SjRwVWpaNHZTTkdxa3ZxbGY4bHlsdW02MUlQTVpMZ2Jhb3k4UXRn?oc=5,"Tue, 30 Dec 2025 17:06:00 GMT",
2026-01-02T01:44:51,Google News WSJ,Saudi Arabia Bombs Yemeni Port City Over Weapons Shipment From U.A.E. - The Wall Street Journal,https://news.google.com/rss/articles/CBMiwANBVV95cUxOVlVjdlNuZEh6YW9pQW5OLTREUjdwT2JBUG5Gc2NLNGNYbWdqa0JHLVZqZnN5MngxenNLbFo4R2w2bEMwR2RKT0F4Ti1KT3luUkpzLUZVX25UZGp1SzBNVUs3RktLS2NubnhMZ0xDODFvZjYtVnA3RXBFcWZvMmZjWC0xbVQwZzJnRFYzdXFYeGhnVUVSdHVERnZMQWdRS2w5X25PTTJyWHpVakVINFpaTm1YM0hrN1dMdERJWWg1VG1lVVRmSHZrZTdwdWQ2bDY4b1gyeFllaU55Y2pBdGdzT3djYVpnUE5PanJYMzBPVnhUS0o5Y0MycXkyMkl6MmhHMGpuSU5Nam9Cdjk5aEVoR1lfc1pkR3R3a0xsWWRXSlhFOGpnVVRrWlJXUkdYWElyZDg0WmJDZDgtNnlfdWtaRWl3ZW9TMjczbFotYUNXcnhhQ1gwWmdSam45a1NmNDRwY2xMelMxQnd0R2EyR0tOdW14WS11MWtQVTdxbmpQdmtwcUVyaEQ2MkVZWjZidW1VZ0NPblNFVWRXaXBtZ3dEMGttcVBhZnk0UXl1TFBRTXFmWXRsTHR0a0JTeDE3eTNs?oc=5,"Tue, 30 Dec 2025 04:09:00 GMT",
2026-01-02T01:44:51,Google News WSJ,"Perfect Game, Perfect Nickname: The Rapid Rise of Drake ‘Drake Maye’ Maye - The Wall Street Journal",https://news.google.com/rss/articles/CBMihwNBVV95cUxQSE5XdklKNk03T0MxM1RKNE4zdFF5NmRoLU1ORms0dFlsdHo1bFkyNjRvcTFjYl84eC0xS2NFbEM0aVUxLUNablo0NUt2SzFVM2NRcWIwa0RJU2JWdHZkMWVXNVJtSEM2VmZRaTVRUGFJM2FlNEhDX1I5Zmk2UUxYU21La0ZIY1lvaHN1enQ1RExLWnh1RGtRWnZNOXdGRl9Ca3hCa3VScDVjTndPeVpPU2JUWVlqR05ya3gyb3gyamdBa2lXV0ZPaEx0ZXZEeFZGemx6aWVqSVpRMEFKZnZLaHc5TXRjSHczZXhGVXVReWRjMW9HZVpsZVEyeEdkOWdadzN2dzB3cUlsN0JxN3g1dmZrckFJZ2dJMW51MTdnTDM2YnVNaU5haVJYZy1rVDJlSG1RbkNCNEFuNGg3Mm13VWhqM3BBS3JBb0s5UGRrSFdPeUp3RmpBV2hYTGNyR1c3UUNXZDhPelYybEVTcVVvNmpwRnFoV2ZqSlFlcWJwMGVWNF9TSTdF?oc=5,"Mon, 29 Dec 2025 13:00:00 GMT",
2026-01-02T01:44:51,Google News WSJ,"Silver Prices Suffer Biggest One-Day Fall Since 2021, Gold Also Drops - The Wall Street Journal",https://news.google.com/rss/articles/CBMihwRBVV95cUxOSmNvZEVSOE1HQlRKSVYxcGkxN0ZmblhCZkhUZE90bUw3UlptSFVBNDdyXzFYeS1MWFE0V0RFS18zU1JMZUlRMHdfb2otNkdKb2hSTzcyMUZHZzlTVXRUdzdSZG1LWWI2LWNkaVVzd2NlbmF6bVdKSHlYVnE1UHZwNi12OTRiMG1zdDV2ZE52V1JaanNGaE84cGR3eXBYenVseVpZZElVcFdiZ1lnSVhabVBVZDJzQzVyZmQ1VE9VaUNqeWt5OUxXcU1RcjdhdzFIQ3JTU3o2bUQxb2V4QUR5R3RBQmZieURvR2s2SlRKYXpkaTBWbjRadmpqS2ZibU1nSFBOWUlpSHJ6YzhINDN1RU9xWmNia05vQzVpZjFEZGZYMXRLSUVXdzVCZWduU2ZYeVRqY1VKMzg2UzllWjlaNldjZ1BOZU9SMmhkbHNHVmZRTlhkYU9DcUlFcGRKQUFRTVVSUktGbGlvUnpnNTVNT2l6WngxTUdvbVFvelBxNmZNMll2a3BWbFhYUUVVVWN2cXB1eEUtMld0WE9SVEJTRzlxa3dNTjhCX1IwdjYwSlVrQXdQMW9DTnVyUEItdm1IUnJGVG5BNjRHYkhDZHpLUW1pQmlhTFA0ZTNTLWxxamJKalh4UW9zclpYdHF0MmQ3Rjhqd1RIaHRwMjE0aHNqSnltYnRSTWs?oc=5,"Tue, 30 Dec 2025 04:02:00 GMT",
2026-01-02T01:44:51,Google News WSJ,The Stealth Tactic Bosses Are Using to Get You Back to the Office - The Wall Street Journal,https://news.google.com/rss/articles/CBMikANBVV95cUxPZkZWT3MwVFJaNzJuUXo2X0dPMExoX3daYno1Y2ZZeXVSZ191Y01nN2ZKQ1lLMWRBUW5LV0pHZklicjhxb2tqanRBaXk5ZEZVTG13aWdyMFNfemtsSVFuX181SEVIN0RDLV9XZ2FmblVROXgyaG81XzNhY2tzVng2QXo0YkY4RE5EbjZpTTBrMmRldXNuT0llTno2SlVqS3hvbGZtZEdQeXREWWp1UGlKdDJHblhtRGFrVFJGSVJlZlBEbUVmY0Y3MGlJQ0NzVGpkaXJMLTBYV1NGYlB6bEd6dXhhYkFXWkxoVGFtRkNIV0xpa01ERC12dDFWeVB2UzJYV0VTSF9BVDlNWGhrMHRnU1l4RUVqRmh2b2VTY3QtcXZKSlhrMjk1OFA3YTNvZDdmb1Fva2ZHY3BmU0pXV1huZUdpbV96eVgxS1dDMGhDdDJtMXR1dnR0bm82eUhFQnQ5NHd6NnBsZ1VncGw3eXk5ekxwSkRoTDZlWkdETGpkNVREb2ttQVZHRFp5dWhNdUVx?oc=5,"Tue, 30 Dec 2025 10:30:00 GMT",
2026-01-02T01:44:51,Google News WSJ,Venture Capitalists Likely to Continue Pivoting Away From Climate in 2026 - The Wall Street Journal,https://news.google.com/rss/articles/CBMitgNBVV95cUxPNU5SZVRhMklsU1JLSjRjWUVoZWxjd0szRUgxVUo0aUhoYnRvak8ycHE2aWhaalFGU3Zia3FIRkNQdkpKWXYyc19EQ3o2S3dfeFA3a2N5Z2lBM1lOMGtzNkhrbElxVUxka2NwaE5hQXpYamtsVEF1X21ldWh4cUpxNnBCLWtPSjVoVGVCZmNhOUw4V1RaWjRiT2w4ZjZsSWJ6QmNOUmtMRERnU0hpaTBoRlVBU0xuSi1sb1d3RG5IOXNvUWpQYTFwbG9xMi12T2lvS3pMOFlDZjcxQ1NrcTJwLW9CWnhtT3A2N2NLLXZBeHBTdnNYWVNMUUQ3czdDeXRFcjg4RzMzdEJaYTBWT19pbk41X3RhWWhNeUM2dDY5eGZSdzJPRmI5Q1ZNRVdTMDZ0TXVrdVNYSkM1TjZxUkxMc2FBU0dlSlVYZG4wNWFZMnlfTllHLXhyTmZsZ2NQTVNJbjNmRU42MTN1T2lnclEzbTRURUU5OWtMX285VGZJZFZzQnFIWkh3Q05DTlh2eld1SU1MSV9IdHRsZG5lSDdFZFRkV1VhUXpSU0xncWpwRm5KaWRWNUE?oc=5,"Tue, 30 Dec 2025 10:30:00 GMT",
2026-01-02T01:44:51,Google News WSJ,SoftBank to Buy Data Center Investment Firm DigitalBridge for $4 Billion - The Wall Street Journal,https://news.google.com/rss/articles/CBMisANBVV95cUxNRURtLU9RUHNINEZmeFM3SW52NEtYeGVUaWpyOFRqb2tYN19xQmdwQjlObS16X0hGUHgxTVhPT1p2Tm42dl9EbWE5QWJxV3BaRW1INjdzY0pWWDNoN3QzQVcxdERDSVNPSmx1T3BjUUxib3Y1ZHBuUTNtNDZZUHM3THRSZ2tWdVdKeVNsR0doSlFLaTBYOVJWSE1PSUU1THJ5aEhZOURHRUgzTHBNX0g3ZEVYN2E2V2RPSVoyT04tQkI4ajVDTXhRNElhTEJVZjJWU2hpY0psdjNaRWNEMVBDS2RCWUE5WGRDSE1YWVU3UWp6WnNvdFdtc1lyejBscTBtN0E2dENnSExxaldjWE1HX3BGSHU5X1N5dGJiTVlBMkR3NS1YYlpnU2otS05fVTQ1emFDcDRLOHA0c2VzRGs0UklYT0I0bW1aTVZUYTZWRHUydHlJUVBrQUI2Yld5eWpocThfWi1JU0l2X3FRSjZfRDNKU1RTVm93cF8wYUNZdnNEY0l0OEIzSzRUbUxZZmxDb19WQXhhaTFqNEx1YzZmYjJUNS1faWlxaTd4TzI0M0k?oc=5,"Mon, 29 Dec 2025 14:41:00 GMT",
2026-01-02T01:44:51,Google News WSJ,Trump’s Latest Venezuela Tactic: Revealing a Secret Strike to World - The Wall Street Journal,https://news.google.com/rss/articles/CBMiwwNBVV95cUxNWF9hMmZwLXhiWXJZbXBUMzNBM2NyX21peTE2YUpzWDZGQzJvVW5lSEEtU3d2SzFRQnVkeHJOZVlHdGp6eWY5SWJkWENzejN6YU4wazhFSi1XYXlyOFIxdjVsOEhfNEJTbW01YW1zVmdfc3BjS09xZjZ4NXh1NmJfVW4xNG5EMmstWXBQMHBiaU1wcHhCZGNzc0Q4eDdtTml0Vm1CUGhaVnhZNkxpYjA4SlJ6YUdaWEQ5aTlWYVhxNm9XNzZMQWRRT2twV05QSEhXamZxa1RKZC1XQ1FhZDlOcWtSc25Qd1BXNjFIZzhXelg0ZVc2RnJTbFIwUG5Iemh6YVVqNnRibXJNY1JUX0VJQVpHejlUSTlHSVJKR05sM3loTkZ0MS1lSFlhQjlQMGpGSXg1LXZIem9Sb2hEZXhKM0hlTlEySm9MYmdPeTVOTVU3aEU1RkZ5dkJCZDhsM0VHRzBieHFRUkpseHhEdFdQX05SWVpIMkozZkVMaXF3UDBzOEFLaXVxSWs4ajU0dTNlNHdjdGVzMkd2S0FYdHh0WjhvUTE4eS1XVWgxSGdaaFpfS2Zxbmh2d0c5amVvdU9pQ0NF?oc=5,"Tue, 30 Dec 2025 22:59:00 GMT",
2026-01-02T01:44:51,Google News WSJ,"Micron, Trade Desk, Western Digital: 2025's Big Stock Movers - The Wall Street Journal",https://news.google.com/rss/articles/CBMijwRBVV95cUxNNVpnSkFNd3RpeDdWdUpOR0RYdjllUHI1bHpTckN1TVpyRUh5bVFfblgteFpSSEpjelpXdThkc21fVENXaldTdVFJNEZQdjcwd2lLRHBpM1pWT2tJVlVoS0FfbzBIWEtqRDljTWlDZE5qQ19Oc0libjlBaVFwOWh0WXd4U1cyeHl0U1M0ZVhFcDEyQUhUZWV6NzFRUldkWFJvTnNDdVhCek93dUtaOGFsUXlKUXFxa0VsbU9vUmRvRU9oUS1UQl9sbHFWZlU1S2oyeTdiWGxIeEotc3RNWVk5YjR3Z05QeFZNQ0JWYlhVUlVjMUY3ZGZySW10c1dIb2ZfNDZDaUtkeVpzX0ZUNHY3M1JBTU5qSXkxbk9UUFZNRU9nWUhsOFgyeUI2QWpCUTdGR3ZLZ2tXdFdxazlqMWJkT3RYNDVrWjZFSk1hZkYtRTVSMng0YTBPQ0U4ZGZqdWRHSjRucnJCaWtDdjd4OElBQmtKd3RzT2pFNlQ0VVRyVkdrNTYtNF9mVkF4blhvdnJNaEVpWFZiRThkN3F1TVJxYnZ0ZEJ3RHZVWWFYcWpEbG1qWHZycWNpMmJhNlp5QVRJNHRfQ1E3ejg5NVZSbHpSanc2WHdBV2tuY0dtTUFnbGZLekptSFZqbFNtUUdsZXVKNG5Pa3RfR3kwZnpFNXpfNVJMbThESzlsNEd4Qm1SNA?oc=5,"Wed, 31 Dec 2025 08:30:00 GMT",
2026-01-02T01:44:51,Google News WSJ,Silver Posts Biggest One-Day Decline in Nearly Five Years - The Wall Street Journal,https://news.google.com/rss/articles/CBMikwNBVV95cUxNQy1pOU5VS1JFQmZqNENKNnhCU2hIeE5NMXFrNW1HN1MwSXlkLXB0cURIRUdoR1JIUUY3c2E4ZW9QaXFiWGZ1WFMzMHoxcURWWDYyak1qWE5VeE5jazhJUmNBbDY1MFQ4MlFESnJjQk5RSnZYZ1JQdzFxMmRJNFNUcXVRLXdMNkVneUdWSk55aFVsLVNrX2xrMHd0TUFBcVE0dWpzTW9la0hqUjRja1VWNjZPbWg0bHdNNmtaZEptV2tpRERpLUF3WVFlNW0yYnNydmhSaXFGQVJUc05yUENNWWNJREJTN3BENnFCWV9LQ0ZTd1VJOXZHLV84eTZ6ME5LQ2c3VzI3OHJzWk5JU09QRU5ENm54ZXFITERKNU1lWDFRdGFBaFMyVE5qc3hhM0ljSWQ1bFd3LW9GdktUX1NSQ19PYnRqczZmSWV2RUptc0pTWHdnMGxiQlY5Y2RRT3JrdjFJa2hZdjMtWjNxajV5N2I3NzdQRFB6NV9FUkh4Nm5UdTVxdW85RldabEdVOHFRSXN3?oc=5,"Mon, 29 Dec 2025 21:35:00 GMT",
2026-01-02T01:44:51,Google News WSJ,Watch What You Say or ‘Two Tier Keir’ Might Put You Away - The Wall Street Journal,https://news.google.com/rss/articles/CBMisANBVV95cUxNV2VVN2c4V2xxb1NiNjVPc1RhcmVmVzlTSWZua19TNFI1ZjNwSWt2cjlTM1EzUGpBZ0h1cFpncHJGeUdjcl9fVXpkbmhySzk3eG5TTFhoc185UFFsbW5oMjNtQ3d6WXRMNWpZU0VFNWd3eTNqVzZDLTZJX3N2Yk1Ic1Rod1lFZVozZDh0QmFIVzc3cXB1aW5yRVZKVm5nZkZGZ0JSam5vSWkxdkNINGFDWFNPenp0S3Ixa1VFSnJ5YXhkd3I5dWJvamEzX21CSUlUQmloMlh4TkE4RXdmeXV2SzRHaTQ3N2JLVC1KLVN3VURGNm1mRmZ3VWRYV1JrS0JxQXBqOTNJZG9DZUlRMTRNWUZtOXM5UW9vNUJ6U0JaVmc2WDdOLXdTdkJsY0xSWTZ3VHBpeElRcWUwMlZsNlh2VVpBS0loSG9KSmY1aGxTR2JKOHBXX3IzcGNSdTZnS1hCdVctM1hIbklLMDRSdEZTWVlDUXRQRnM3ajFMTlFqUUpGcHc5b3N6QTZWRE1aVUpnNVhyeFoxc3pNNUwtaENJMmZ4VmUzYURscFJBckUzZy0?oc=5,"Wed, 31 Dec 2025 14:29:00 GMT",
2026-01-02T01:44:51,Google News WSJ,See How a Chinese Attack on Taiwan Would Be Japan’s Problem - The Wall Street Journal,https://news.google.com/rss/articles/CBMi_wJBVV95cUxPcGZ6WTRIUGRKd1dTS0lFS1ZaNFF4WlVVempTS3NfQWhzX1lWR1h5OXdoRl9hQ2pRSWxhNkJBc2JlRnI3ZE9BV0VOa1lMRnhnQ2dtR0syZmljMVFIaXlWcEpwQ1dUOGZhSjhUT0k0Ql9UX2JDdzFJWlBBMktTaTFraWVZUmkwVlp6UW1fZjZaZU5scE1YM2x0VTBvNzFOVDRCam9Bdm9Kb1pQQVF0YmxaSjNCYTVQR2dLUXRNYy1jbF93dzg2bEJXTDBZSW1lenlHaTlMTjdCY0U5Y0kxWnprNDZBRDJERDBHUktHcmt3eGVsY2duaTlWM3lDdFV5SnVVdmpiS2pNeHdjYnVGa0w5NUdmeUFIMU9yelhhb0t2NFl2UGNzX1FibE8xSmU3Y0o2Nk1fV3hOSF95dDU2M2ZFWkkxZ1hXQThzR1RHalIxRjIwaVZaMl92SVhYT0JkcmlpSkxfbnRDT0pLam1SNWZ6MFZOZHNTU1poX1BuVXVDRQ?oc=5,"Mon, 29 Dec 2025 04:00:00 GMT",
2026-01-02T01:44:51,Google News WSJ,Exclusive | The Most Expensive Home in Florida’s Panhandle Sells for $41 Million - The Wall Street Journal,https://news.google.com/rss/articles/CBMiwgNBVV95cUxPR2xMbGZGQ01LMEhrZW51akpTYmJlMjRSYS1GU0x3ZVJpakd2NVpvY08xYkxlN3RiT1NNbjRPV1p2am02dTFhQXVoT1dqY2ZrTmhsaFMwd2tPQ2hlVVByZ2RqTEs5TmwyeVBYUFh5dDdxbldPZVRESlptYWQyUVNPUUFrMTZKZEl5YVl4LTdhRTBaWWRUTnJSa1J5dkg1M25uZ0tfbTJfODBCSmJvS2FhN3lxZUNhSE10M282VlhxdkxHb1g4Y0VXeFZZOFg1VHJ3WVAxTU9uaDk2eFRWVF8wZXRPc0VudGo1YktIT21IaWFRd2FsWTB6bnoyMmJXMVhiNnZ6VVd5NzJHOEp4UEIwTlg1TWZELTBtdVo1d2Q5bWZ2aFYwR2lNTGotRy1qTW5TYk9DQmRlOVh0M1JpSXJNeU1rSXpIYzR6U0VqYWhmVWRZS1JfMnFzbG9SeVRpQUFqbmNVdmFvdW1CX21YOEROZENMYy1PTEthbDlsb2lCZDVlR3FfelpaOGFPSzlRdEx6VGxMY0pteXlRd3dZRkhWZTlINngtS184N2hoQ1kxWmw2SWJSWFpWc0ZfdGhSN0xYRlE?oc=5,"Mon, 29 Dec 2025 20:47:00 GMT",
2026-01-02T01:44:51,Google News WSJ,"Rahsaan Roland Kirk’s One-Man Horn Section, Recorded Live - The Wall Street Journal",https://news.google.com/rss/articles/CBMiqwNBVV95cUxPY29IdWl2Vjg5ajU1bXpDWm1CZGJtbFRiZ3VsSU9FWEhaeDhDdGpDMkR5RW4ydGJtbWJqVEpMMnI2UURaVlZLUGhWNURiWENUVlo2bVU0TUtXNnl5MlZJUzVBNVZhOVROa0dCRFhKbF9EcjB2WFZVZ2Y2RDBHOGlLbVIySWdfZmhkME9TN19XTTBtaEVySDNObnZCSTN3R1FQVlFuYW1rUUlsOUhRVVRlRjI1TXJRS05GT3plR09yQ04yV1ZwR2wxcXpjZzNYRlBoVWstY2pGVDY0TGJVTkpTZEpLVFNtOGp1S01oMHNVdExuUVAyd1NyV1dGWG5sS2l0bHNtSFlYNWNyM0NwOEFGdEdtbzJ0OXJnMl9HZERNdEw4RTlwd195WHQ0T3lrZ2V5ZXFOQnEzZWZGWEoydDZCckZaUXFPLXRqWEpsaXpHV3dEWG1jQU9jS01oUHB4VUYxUjFQY0F1T1U1QWxoeFJYVWtKc1ltVGdDRzhnUThpSjdaX1dkdERadHNFZTkxdjh4WDZTNk42TUF2VUd2RGlGNHJaZWFhZUo4XzhJ?oc=5,"Thu, 01 Jan 2026 12:00:00 GMT",
2026-01-02T01:44:51,Google News WSJ,A Surprising Treatment for Chronic Lower Back Pain: Cannabis - The Wall Street Journal,https://news.google.com/rss/articles/CBMiiwNBVV95cUxPZkdwemxaSVVmN3IwRUk2RG4xQWttd216VTc2bUItaDVINERQZEU3VVNZTWRDcWZ6TmFxWDNWZXZPVFFIeEMxUlVwNnlSdkRIbHF6NnZqTG9wbEpxX2FTam9ZdG9oaFV4eXdHZE5aMW1fbGNfUVBxcEk4dHJsbjFwVGV0UVBMS3VlMHNmRmR2VE41UVo5TWV3dFc3alktbXV6RXZ6ZTltWERWdER0dGphSzBhTFNjakdxTmNibVZya1RyR3JWTU1OREgzU25LUWRVbWV3eDhhMkpydlZpclc5Mm0ycHRYbEtKdC0yeWpqdkZfWnFnYzVvYjM3TEpxV0hIUXdfcnctTW5TUmlzbzF6ZVlHWjZEUmc2bDMyZUd1YVVYa2dwYUdULWlnRnNSRFRJMXpSaHN4STZIeE5qd3FRVTZRZXBhU3JVbFFreDgySTFTZmQyNmI0QnNvTURWVGU5ajFsMFc0V0QxMVBYcDJzNTNCa29MWGpSWDNMZ1JxZGVFa1ZkYkU5NmdCVQ?oc=5,"Mon, 29 Dec 2025 00:00:00 GMT",
2026-01-02T01:44:51,Google News WSJ,Why a $500 Steak Dinner Only Yields a $25 Profit - The Wall Street Journal,https://news.google.com/rss/articles/CBMiogNBVV95cUxNUGt6TUxNamozdU5BWFdvVVEzRjZES0s0Y2I4OTF5SXRwR2Q0Ujl4NjRzV1Nmd08wY1h4azdiV3RreUFMTEhsZy1JdXNmdjA5SFRtcXE3OVRkZjF5U3BKa2ZaVlphV1BYVHFTV05nTW5MdzdEMFhNTk9ad0U0RGlwR1NvUHB2TnlLb2JaRThXbnpvNEd0TUJ3bGg5dzJWSnkwbGg0TzU4ZllCejVQZVZBNDhHTUhJTE9CYnNmUDhNNDRLXzQ1M3R6LXpVU08yMHZtVlR1bDQ3aUtITVNDSDVsM2tWbm8zYmtqMEhIeDFnUk82WWt1MTZ6UVVZM2tOMWhqVW5sYjhNZlJUUzk0SkszOXVsdTBiZ0dsaGpwX2tYT2pOQ1FzN0tsbFB6a3E0dE0wR3RUempLVjJDRVN1eWxFcmxNWUM1VnB2emFIMGxLWXRLNjRNV291TExRUjc0T1JrSFhybWgtU2kwM2kyVDgtbGF3TnRGYXFCVEktUlhyczE4VFBwbmtMQ3NMVWlwR3RKczZLSm84TnEtNzJzci0yTDJn?oc=5,"Sun, 28 Dec 2025 23:00:00 GMT",
2026-01-02T01:44:51,Google News WSJ,"Silver Prices Suffer Biggest One-Day Fall Since 2021, Gold Also Drops - The Wall Street Journal",https://news.google.com/rss/articles/CBMipwNBVV95cUxNQXQtNEM3c3BoVTRWd0lhQTJrQ2NkR3dDVzJUUktZckJrNk9Xdks0b0RyUmY2V0l4NFFmVDRBbnlrQ3RzNU5XUC1UUldXRGQya0NpcW5VeUY5ajF2RzB1QndpR3luWE1rR21fX2k0SThSX1Z4UF8zWkpYazZ1THVSbVBZemJBS1FrX2hRX0ZEQ29hWnNzLUF5cVNHb2lKTDVCYWJvRDMzZnhlNDVPTVFGMUVZZXJHOVdJUEI4eGFBbGczSzFNMy1odXpVaTkyV3ZfY2ZuWlFkOF9nYXJpM0s5UnJaR0Z4MkVMdG5xZE1oTndvdzNEeE5peWRBaFk5N0d4dTJobHBzdFNsYWhabTRVaC1KdmxVVHlDaDI2ZEpEWGRCaF9abjFsMWI3R2hDb1VDSnI4eW1WYnhEOTlhbXU1MXQxemhyRWR0VjlDdThzUUowbWtOZGZwdnpleFZ6SlMwRzRDLVM0d3JoRWVBMGdCR1JTeDBScXNtbmFnbTBOQzd3RmFiOWhhRnJqMl84SURJTy0yNnZhT0dqUjI1QlNVelcteDNjWnM?oc=5,"Mon, 29 Dec 2025 19:00:00 GMT",
2026-01-02T01:44:51,Google News WSJ,Opinion | ObamaCare Is a Money Pit for Taxpayers - The Wall Street Journal,https://news.google.com/rss/articles/CBMihgNBVV95cUxNVFVvcTI5dHFLUmdLaG5peEVJckZmX3dYeUJSdzdPQ2hXU2V3NFlRMUhOYl9Kckl4UHN3XzdfMEdnV1dUbGIwNTlVY3VodjFxdTNzMkEwT01MR0FGV0JYekJ4ZWRtbXdfOEQySjUyWmxyeTZvdkdfRE1pUDV0ZTluOG9yRU5zaUJCMUczbmtCeEN2bExTcGhoNkRualUzVDJZcVNld1dvTHZ2clZmTFZYTWFPTE5QUnZ0MDJhcUFBNHhuMjV4RWp4U2p3MVhPUVF3Nlo0XzB4R0NEOHJQa3AyZXhXVlY2M3ZXYUlBMWR3ajZWd3M4TWlMQjRwaXROaURIRmJpNUN4U1B1Zkdod2pCQ1NoU0Y5SFFaRG5OVkt1SXV5anBsU18wX21sTHlqTkJDdkN2eEc3SGJJakdNYkp3cG92UnNSSDdBdFpYUHhPT1dOMkktUEd0V1NMRGF0S3IwNTdRWmVNbGhDTHNDQ2J0d2FvOEdfU01DT2RqNHliWUNUS0x2VHc?oc=5,"Sun, 28 Dec 2025 21:00:00 GMT",
2026-01-02T01:44:51,Google News WSJ,"Opinion | Trump’s Economic Struggle, and Clinton’s - The Wall Street Journal",https://news.google.com/rss/articles/CBMihANBVV95cUxNNWJadFljM0ZaQUZTWlZheUxWamVsVGYzNmE4OXRZczBONnlmeFJtblFzVmRDRnJ4bWJ4cWY4VUM4YnpFTUZjT0VXVl85LU5lMUJLM0hnZXY3djlwWHdxYmtPcVJJdkcyOUM3RDREakZveWVObnQ5R3VtUUVMbmREUFk5U0NZRkZWTHl1ZUNPTlM1TzRiV0NpLXFNeUlUMzRwdnh2cDdxR1RJZF9mRFAyelBvWkdyS2kteDZLMVhFNWJuRi1SYWVIYXN0QjZpVGZtcE5tY2N6VkpXX2NhellWS1Q4TllRX0daLUhZVnZNVjNFQVJOcEpoZmNJZVFYZldPNF9sZ3diRHNEbWx2VHBXcWxfMGNrUVpYS1EyN1BqY0tZeFJpdkg0Nll4SVZJRHZXQjNwYXQ1MHZOSXpQdWQwSTNGcjNPZTZKdERSRWpSSVRYYmdBSWtxRnlBOVpUQ2QxblhNYXdGNm9pdk5NWFdTdEFvcWUzVkdvOFBsTW5zd3QtZ0VQ?oc=5,"Mon, 29 Dec 2025 16:56:00 GMT",
2026-01-02T01:44:51,Google News WSJ,Opinion | House Republicans Had a Great Year - The Wall Street Journal,https://news.google.com/rss/articles/CBMigANBVV95cUxObFFGRFMyYUExcjN0UU9oempsUXRhSWRUVTg0YlRKN05HcnJFLWFoMkxtM3h6c1FqcWxwem93bG0wOWJmajd6MHE0aW9TcWNPT2hxSFNlZDBrc0UzZDdKNy1EeUI1MzFSb2c0eF9rQXhjNVp6WF9IOU9HRUhQbW1BZk5BSVN5NjVmUU5Hd1RKSWxVS21YaWViVlpndFpiQ1o2YXZlRkRmdU53ckdVR2hBUGR0ZnV0a3hpaURhSTdpa1RIV2xjZW5MbmdybDhHbmhRdXR4VU5JQTVPWFNjM09lUGkwcEV6M2YzYWVhejlJSFlRNnozbnlxTDI2T0YwYkhEY3lnSThjSjhKTUktSWZJOXZvTU1kRUFCVkRYWlUxS0hXRHFPNk50SUM4OVkwWHhuQkJkYzZvSFM0bE01Mmh1cldPdmdXVXFZX3R1QWpDcTRLRnEyOU0zWVljc1RrcGMtODBqTHNodzJpZ0tpNGdEYjJfRmFEMzQ1a3NmRjh5NV8?oc=5,"Sun, 28 Dec 2025 17:08:00 GMT",
2026-01-02T01:44:51,Google News WSJ,Print Edition | Wall Street Journal - The Wall Street Journal,https://news.google.com/rss/articles/CBMi5wJBVV95cUxPQU85Y3JyNkNyZFZGZ3RJWEpOVHNlci1udUtnUlZkVGFwVWtIbU4tdzdySThycmc4N01TTFFGcm1fSVlqZ1RCTUJScVNFRW1oYUVBQzZCUlEwb0trYXRZODExQk80WUFqYkRoUWw0bmtjRkhhbmtBbFcza3hnTmJPdXJ6R0xjZ1JINzNoM1VCRlZpSWdtRHlGUy1ZelVnUnNwb19FVEc4VGtiLVVjdzNoR014TmxNSlp4d2lxNFJoQTZPTk9PM0VQMEVvZHlkV291NTRFSFZybFFvTlRMbFBBX0dkRmNaLWppem5rcUwtWl9Md0Z4bTR4M25LRDN6VWNJT1V2eFI1RFpZelNRcVEtYjcybDFPR2lUaFJjdlZjNEVMNHNaOUdPbElPSGc5QjlkLUVHN2o0N1dvUGdvTUdZQzMyc040SXJaOG9Jc3RGVy1VZXBSLWRkck5FNDBkWWdGVGZfbFFxQQ?oc=5,"Wed, 31 Dec 2025 05:37:30 GMT",
2026-01-02T01:44:51,Google News WSJ,Colombia’s Cocaine Smugglers Employ a Deadly New Weapon—Drones - The Wall Street Journal,https://news.google.com/rss/articles/CBMikgNBVV95cUxNbXlwdWp0Q0s1dDBSc0Y1Wm1BRWplRHZybExJa2UyNHRESUEyU2s3QnpPZkp3TzZsZGZqU0hrUjlncU1iWUM2ejltV25iME5oQXBoYmVIZHdBT3lBenkydWtCQ1k4dEo0QTRUTVV0RC1kM2IyY1pPdzhxWDl0OWY0S2lrWU53aG9iUFcxRjFzZERRLXhDaFJXZUdRYVRPQkZ6cWV4RHRlOUJMbENVNmQ3dEM3VWc1cE1hcHRVQnlnUldxV3I2YWdVM01TVHFRbzctTnFHOHlZSk1ERWdRX3dnM0VrMHVTSVFZWHVzSzhTSnczcXA1N0xTX2lIR0tuaXMxU0RmanVVZjB3Ymc1bTlPYTR1YW51RTJseWVfZVNDT0RaWVEzQmhfRnowc0FqeDYzWGhtUWNTdXVXUDNybUFORERBNlFyZEVnSFlTNGo0SnNhZHQtdi05Zy1fT3dMQjVKdTY5U0FBeF9pcUQzNV9KcHNkOHFzMktQRllVc0JQZ1NRal9SQUR3cEcweVRwckJtaUE?oc=5,"Tue, 30 Dec 2025 20:40:00 GMT",
2026-01-02T01:44:51,Google News WSJ,"Stocks to Watch Tuesday: Boeing, Meta, Applied Digital, Pop Mart - The Wall Street Journal",https://news.google.com/rss/articles/CBMi6ANBVV95cUxQLVNVN3JaaVB4RTFTNExIdEJVaXVaclVxeFJTUXEzUk4zSWwyekxXVzlEU2RfOHNNUmdIM2tjTENvUlROZTBzbFJxVVEyNEJka3JZNERGV3hHS21QbE1WTEQ1Unp5Rl9yZlo3N0l5RnpHci1INFBtTXdBRkROS29GMHZXcWNyNVo1MEVOQ1JFWWNLNmVJQVN0NDFZdkRvQnFwM3JiNDlEWl83UUszTDNRRjYwTFNObExUSW1wUEQ5bW50NUUzTXk5bUFXMzJqdHpPbGMzV3VkVVhhYWo0eTkyRWJyZUwzMXl0SmdrQ3I0b3NiOTJsNVpPMDRXckRTMUNuazFBSzNEZjJwcndyRFNob1J2MVpNSEplemxwWm9KWUhJSS1xeS10N2ZiRkR4XzZwX0hUZE1YM2hBZTJkWm5zTThycjY5TGFVYmVmTldudnZwSDl3S2FkdE84Y21waWFBQURxbTNwOWhnTGd1OGd4RG5jUU1nR3RPTzVtNl91aXRoWTMxYmR3VDg5cm9lU096UG9VYURBc1lndFZXdWg5c3VidUNRMXlOc3FDNGNabHhrT0tiemwtQVlZZ2VpV2hKRXh4cXVJdU1GVTRrNXNzR0VmbkZwb2pfdDIwcE51bnNBb21Rc1ZvSg?oc=5,"Tue, 30 Dec 2025 08:37:00 GMT",
2026-01-02T01:44:51,Google News WSJ,Dallas Is Booming—Except for Its Downtown - The Wall Street Journal,https://news.google.com/rss/articles/CBMijwNBVV95cUxOWlBwWmg1c3NJSktZcExjekpIc0Z3S1M0elJIaWlBaGFMbFpERDdBNzhMZTBNMUJhR0pOOHF4M0FRLUs5S2VjZThoRVN3WHItVzhLbVJTWWhYTlU3MTU3NkluMUZ5NXowUHdUcGlFZ2EtUmd2dkE5aUVVZXFIbUxobXZMRHg2ZGxFdWhsNHNYZW9XWVUxbE1LTF9zMDR5QjQyWU9hS3pUZVJJOVhoam5QUU9ZU0N0azM2ajVWV1FabkRmT1luNU9RRWR1dzhpTTkzUWNlbkVtMl9SNk83NHF4MzIzUVBpSXZXRl9DcGpQYXQ5Z29vcFVnSTNIV19vb0xJMUY2Vlc2V2JTWlY1eGl3TDdSaWtDXzR2Z0xKOWV0ZnM0aDZFaEh3MEdSRUlWcGhaUEZuSmVwaElxamkyeDZldzVQZWcyZHZpYnQtY29DbWlqaTJkdkNXSWlnRjVmaGtyd255Q05qVUhyTnNzdzhqV2FrcGUxTzVQWnMzdTJrRzRZX3FkMGZpWWFNaS1zUUU?oc=5,"Sun, 28 Dec 2025 10:30:00 GMT",
2026-01-02T01:44:51,Google News WSJ,"Three Months, 19,687 Nautical Miles: This Lengthy Trade Route Is Peak Globalization - The Wall Street Journal",https://news.google.com/rss/articles/CBMiwANBVV95cUxQTFJSZlNEMmpIbGc5MXh0bmdkQnQyS0tuUXBkUUNvVVlhdS1DQnJFZE5oRFplYTBWM0hnQnVnREhwajVERzBxalhaTW14bGIzenFXbWQ4RnhENGlfVjFSQzJHV3Z0YUphZ2hZcnhYV1RXRzRkZU4yQ3dsc1B6UWwyNEhQd3lCSnVXcmJsRFdRdVpFalcySUlIMG1KOEdXbkdUY0pSangxWVdRUEd1cC0td01TOVZiLU9OZkdQNzNRR1h5TU9yclhuamxSTDVBcjktLUV5alpSMnlwR1FXT0w0U0RUUHlZbFZXdWhScmc4VHlNRmV1Z19WaTVpdjNoZHdocGZKbG1RZFdoSk5XNDl5eFJPbkVGTWNSMlA0aHczRHkwTE1FWmdpaVFVN3VPSHRfcF9pQWw5X0lSdXF4VGViRV95bUFJSE9nMHhONV90eVA3aWlDanppZVR5YW4xUEdIWGduQ2h5NHVVcUozdFpLMEpLZ2xmM2tWWG1QWC1UNDF5RlhrX3hEcjA4azh1UU5penJ6QnoxQlR0SV9XcXlleUpnQ3BCcTQ3Uk5UeUJBZmtMcjVEMmRDRHRiMDJRNjdL?oc=5,"Sun, 28 Dec 2025 12:00:00 GMT",
2026-01-02T01:44:51,Google News WSJ,Trump’s Broadside at Europe Also Swipes at a U.S. Legacy - The Wall Street Journal,https://news.google.com/rss/articles/CBMiogNBVV95cUxOcFVGTU5XZy1sZEQ3LVJqOS1IVGdlWGhBcUItUXRzN2FhOWNCRFNvdlN3S2pUdzlFWEd2Mk9HMTRhcUtRMVlRQURWb3I1aTNuOTJ1SHZrZVdzaVN0ZXVYR3VvWU04MGdPTXJ5OGNxMWdWS25za1NyTF9adXNYbDdhY0RzMWQyTm90QUh1V2lDSy1jTUt4Y3JlYUY3YXFoeWE4VmQ2emd1ZW9lc3ljTS1fcVFQS3FPajBFalFDVThyQUVMZEgzbnpvekl1emoxUkxuNWd6d3MyaXNUSzY4OW95ZWJSSmlya09mWFFfbnZzQU5BRi13STNTZldYalhlSy1ZOXIzN2d4NkRpMTFmZk1fYzVlZlpqWk9yTnIyT3VVTkdaTkdLbEtvQ2ZBdVdJUXBnMG5GRkE1THBuUEFOLXlreGN3eDBIT0pnT0U2QWhkZFpLamV2aDQwM1pKdEJpY2ZiTUxtbFBDcVZkSDlxRnhrMGtRd3g0c0ZWdkFleXZjcHFzRThia0poR0NTWm9Qc2FLbjRLZ2hrMkFvQTRoZjNPb2ln?oc=5,"Sun, 28 Dec 2025 10:30:00 GMT",
2026-01-02T01:44:51,Google News WSJ,"If U.S.-China AI Rivalry Were Football, the Score Would Be 24-18 - The Wall Street Journal",https://news.google.com/rss/articles/CBMirANBVV95cUxNblpHWE42b25TMXM3UG1XU1U1Zk1jWmRVeFd3dmlUWXE4Mk9IZ043NGZTZlVraHdFbVNNaUZwczBaazFrbDJvRXp3Nkh3OTV4OUNDT0pxN1pPaXl2YkNCMG9JQWNtcGlxdU9fNl9BLUpJZUxsV0xpRDVXX18yNkdncXpvMFAwZTk4SHp0NDFHWWZtWnp0bXFwaXpTZWJKRkFvUWFhM1dBRWVtb2JFZ19YUUw2d3plMF9kc19XRjdoYnV0MzE4aG9ram40Y0dFd092Q3B4WHNKQXVRVkxiTVQ4RktDQ1lmOEgxN1BsRGNUWXB6Ni0zSG9mZU9hUGs3THdWSGJmRFBPSkFhbnNUdkxpc0VESGpwWHBwTVRhOHk4cFJOcGdVWktPTGd4STU0MUJZcVlwWnZHYUtuekJ3ek1IOEtoTXFhZk01ZklQZENTb2NJUjRwOXprTXVZVDhHemJBMmFFaUlQWjZ1aDY5T29xeWxkNTFTdEFVTmotYmk3dmd2aXhQaWh1bFNNWHRxTXNJZHNWVzV3S0Z0VlFTTHN3d2llczBEUWZoV3I2RA?oc=5,"Mon, 29 Dec 2025 17:00:00 GMT",
2026-01-02T01:44:51,Google News WSJ,Silver and Copper Prices Rebound: In Charts - The Wall Street Journal,https://news.google.com/rss/articles/CBMi2gNBVV95cUxNeGNacTdRRGJicVpFd0pGSkw1Y0tEdlE1eS1hYlBtcWRtZlJMZmZUZFd0aURLTW0yZWw0MTBFYTBhd1pVbFZDdER0OEcwUDFfZ2VuUmgwdGd4TEQtYXdYTmxHdko2dTdFNWJkeV8tZUREelF5djJhblk3Zm91bFVuRjFTYUhUcjNFVzZFZnpjYW13NHNCTDl4dVRJZEZFaWVGejB4aElxUGZhdUprU2lvY3FmYkdsM3lUb0FNS0JVbXhETWYyRUZWNF9LNnVId1FWak9SODlTUXpUandpX1J3NXR5ZGQ1YkJpQTU2Uk1SMjRKaDdpNnR3NU91ZW82UWQwWUNQVlJIZGlsTHdQOVJGb3M0LXNzNWVoWUlTNjJpeGJQTktYZ2U0LThOc05vTjROcnNxN3FybmxOSEtIbW1sQVpjYTZ3RlR6czY5QUZZVXNSMWJXUTFVaVBUR211QzNyblp6NlBoRXM1ZGNYbXJtTUFsdElTbWVyQ2hZTjQ2dlhkRzdjd09PRTBya3RRdWNYaXRsWHdYaWFjWmVwMlktSWM2SFZOVUFITFotQzhVOVpPMFdyY2dwd1UtQkJqbUpaUi1lTmc3WFRkN0tCbXdNTU13bzZKc2JIS2c?oc=5,"Tue, 30 Dec 2025 08:37:00 GMT",
2026-01-02T01:44:51,Google News WSJ,"There’s No Happy Ending for Movie Theaters, No Matter Who Wins Warner - The Wall Street Journal",https://news.google.com/rss/articles/CBMitgNBVV95cUxQR2Fta09hUXlITThsU2dNWkRTamNyS1NyREtYYXhYbEpJNU16RGhrT3JHcld3UDQ0YUZMREhHZ3dZbktlNHlyRndSdF9DaHhUZEpwUEhmTHhyYkR4ZTJ6MVptZU1iZUlOVTdJNzZiS19GeVFjV0Z2N25ibE5WeHJmcXdncVBBd0FGY3VPMlJSMlJvVjlmU3YzY184WFBuNlc5aE1aQVVVcWJyMEthTmZtd1oyRno0bzZTMnc0LXNQZldteGNqaE5Mdk1KbERWWmtFWFJ3QS1KTVI5UG9wNXNCa2h0bkdvQ2ZVQk9WN285SWVTdXktdk5NX3MxRnFqUnE3dHZNTVp4NlZMa3dIVnJLdF9mSC1LWVYtc3ZEUmVOaTVDeHg4ZjdZcU1KUktDYnQ5QzNDZUR5d3E5UTJ6UlJBb0JhdHB0cm9qLWhoaEhGZnBiOW41anNSVjdOdVlDMWZTUVozNlNVQ3MwLXgtOFJFUzhqeTJRMGFuVGZ1MmVBNm9IeUt2d3ZENmZHUXRtNGVEcUgyTk9QYnVGY1ZKbzNGd1lTM21kU3F5VHhsbml6NVRFTnZ4MUE?oc=5,"Sun, 28 Dec 2025 10:30:00 GMT",
2026-01-02T01:44:51,Google News WSJ,Bankers Are Gearing Up for Another Onslaught of Monster Deals in 2026 - The Wall Street Journal,https://news.google.com/rss/articles/CBMiuANBVV95cUxPY2J4OUtzc1FlcVk0UGthMjJScXJNakw2dnVnVlBraUxCWlUxZWRZZXI0QTZnNExwY2lDYTZGMjR4UmtZTWEwSUxwWEZJUFA2aWZnVk1XNHFMOTUxMUtubExPcVJFOVRYWF94MkNaMHU1Ynl4emVvc05DaUVPdHR0eXpDejZrWlE3UUgyaU0zNEE2ZGljQkNORDZPRzNtRlI0LURwdXc5S3N0czc3bkJkWVB5eXZKWWltaXI1c0pXQzZWVTRoZ1NidUd3T19SUWprUC05ckdzaXNmODRtdjZQaFVyOTFoRkt1LWFndV9TbldQenlMVHg1U1lrWXFwZVBUWHplaWVuOWI1TGF1bWNxcjZLNldsLUNFcnJSTWR5OU9rVllKdlp5VWlWb0pTaDhpclRKS0RoV1B5bkpZNlB4NkRVSC1YV3RfdG1Kb0lZLWtPSkhvQmN4TzFVR3pvQkJNUFNJQWtwTmxaWVlxVnB5aWNDS0Z5NklEWTcwd0FCNVZ2VFlvNnZYcFNsWDBDaUl1WWNZZ0pTdzRlODJ2NV9EMXRQXzdER0FuQWQwdDctcEFNYkNlM0hSZg?oc=5,"Wed, 31 Dec 2025 01:30:00 GMT",
2026-01-02T01:44:51,Google News WSJ,"AI Chatbots Linked to Psychosis, Say Doctors - The Wall Street Journal",https://news.google.com/rss/articles/CBMi9AJBVV95cUxPTUhjbkt6dDI4a0N2QTJ3UVRlclNGaFUzcG1Gei1Dcm1mdC1teDk2RmVpSDIzeTJMLXBxQTYzLU9tTWRTQ09DVUxqc0Jjb0pEZkFXQVZoWXpQVFRiOTFzU0xsdDRZQmJtVno4djBiSXdubzdPRVZweVkwVlBUTTk0N05qY0dZQUJpYnVPenZoY2dPSWRtZTlEOXFqa0NUOXU2OVJmN0JXa2NFbl9ZYmNwQUhicmJuWktDOVVEYUNSYW5DUnROLXhadEhldnpRVmVmZ3pvbVN6RFFObTUxUkNQQ051NTNSYU1ObzUybXBMaEpYV1I5Skk5dUNVVWU3S3JHLWtiaGlCMjIzOEpBOUZIaVhFZy03X01oLXV3MkdKWDhEbVNUZ2VneG5ic2JXd0kybUt1QXJJX2owd0JkMEtLMGFVbUY0cmlyN0J6LWd1enpCa0ZScW5tZVJTR3pQT2VsV2pZQTJsY1JDZmtNSGNGVFpoSHU?oc=5,"Sun, 28 Dec 2025 03:00:00 GMT",
2026-01-02T01:44:51,Google News WSJ,Michael Burry Bets He Isn’t Too Early to Go Against the AI Juggernaut - The Wall Street Journal,https://news.google.com/rss/articles/CBMitwNBVV95cUxOYmxMelFBOElBeWo1ME1BM2F3a0dKVjhKM0pTN25JX2l4Zm5BMExWbXBRaWFPcmZuWmM1NlRZejBpVGhqclEwM2VTeWs2Mzlid3E2MWxRRUxVLUk2Yl90ZTJhM0xoN19qYTVYcDluYUpEN3lEVzR2N1h2cE81MXktbHZaZkVTTTZ5ZkxaRlYzY0VVYVEtOVQweXBKY3NkWEdCUXlDdTBhZFlvU3N4WGRZMEN5bjRkcUxUT1JUSHlVQkhzYWQ4emsxNGVtQ0dpTFBHend2cDJyTWJkNzNBVHpIRDdURFB5LWU4T2k2MGtMcGVzQkFCLUY1V29kdVN0TTFVN1llZWJlOWc5MWcyN0hhci05WjhMZ3RsNzBGSFFpQTU3QkZjT1FIME1LRWlfZmVwM3Y2OS1RdndVM1dsVUhvN0VFWDNLMG1BX19qY3V2U1Nremd5cC1IdUg4cnpRaFpQX0M2T0hZb19JZGFmdjB1cElxR3I1QWd3THh1Q0w2RjFfdkYxZ0RoZ1dFZ2w3TllVR1puV2pTa09FNjEzQ29sMGVfc1lxM2lENnVPbDA3SzBoMjhBdnRj?oc=5,"Sun, 28 Dec 2025 13:02:00 GMT",
2026-01-02T01:44:51,Google News WSJ,I Tried Answering a Big Unknown in Retirement Planning: How Long Will I Live? - The Wall Street Journal,https://news.google.com/rss/articles/CBMi0gNBVV95cUxOY3NPQ1F4S2piYnRHQUh6MjNuaThyUGhZSERUeWY0Y2VvZm1nNDhVenU4U25GeDJGN0JhSXNuc1JkendranZtYmZWbnBhTnFCalhndG5ydzlWcWlNQlZDUmtSMmp2YXhEdFpBUHhvTWJUMkVqTEhOZEZ3azlFZDZZZC1WalRWUU5FSVhQdjZaUmlDRS1SZ3dDQ19ySkZqTlUyUFVia3dQQmdROC1ETTVSRVd5cjV2ZmNwbE1IUkNYdzh0WDRpb00zbVRTUHVwWUN0SXJBVEU4bGVlM0o5ZEQ5cEVlY2ZRNnk4LWJwaWVtNHhLUnc5WHpaWExPeUtWeVlnRkt2aWFUUHlCMmJfN2sxUHZmLWg3X3pJb3R5T19IV3hEX2Y3UEtmYkxRMTZuYl81YnRvRG5KbS1pU3I2N0Vla0d0X0JZT2FSNHBZbDdORkwyVVE1ZXh2b1podHJkbG1JMHVPQ0ZndGQ4MFIyVVBxWDA5eHZGRVlzUXJIcE5ycWl3R0lfb042UTU3a19yTnY5ZGR3ODNpdkdNMlFBTVFlbWJCTk45WHhTRWR5U3ppY2RjZjR4RDdkLWFzSGl3S0FpMXUtZW1YLWtfcEFPRHJ2cGln?oc=5,"Sun, 28 Dec 2025 02:00:00 GMT",
2026-01-02T01:44:51,Google News WSJ,Companies Are Outlining Plans for 2026. Hiring Isn’t One of Them. - The Wall Street Journal,https://news.google.com/rss/articles/CBMi_wJBVV95cUxQbWlLalFvZWZXOTNUTTF3OEJtdWZqY0ZEUTktaVVTVGZsYnZhbUJwSUxTSmZDeEdNUDhSZ2g5Z0pkVmhzSDh0T21xS2R1Y2FmQ2E0c2RtT3N3TXoxbjRjLS1IeGxOcndiZUo5Z1RZTEtuM0YxcG9NQktaeGdSdm1VbGVtZXAzSkF4NkNWWVBtT3BlODFjYlQ1TXlhVGVCUmtJZ2lNdTV3RGMtRGR2d0JmUkx0TkIwa2V6cmJrYk8yVGRETkMzQ0NpcUhVUUotNHZ0eGtMaVFEaDhnUFhwdm9JU08xUmxfR2VTMlJQOG9kQnRoWkphMWNhd0trM3YxWUdxemJERU9wc2ljeDlOZExscHlLbVlVakNBam8wQkJ0X1ZaTU5IdERXNmdDOVIwaFFzYkRob3F3OVoxLVNIVjBRR2haVzRHa3A1Z1F5NVRnb1VxaWM4bjdNOUk1Ni02S2prNE0xZ0N3TDZPZEpOZHZ3MXFjQlR3NjNQY3B6d2d5Yw?oc=5,"Sun, 28 Dec 2025 02:00:00 GMT",
2026-01-02T01:44:51,Google News WSJ,How Trump Became the Unlikely Champion of Easing Marijuana Restrictions - The Wall Street Journal,https://news.google.com/rss/articles/CBMivANBVV95cUxPd0NHRkFFQlAySEhheDF6Ml9vdnVVRWk1cS1ZNzlzTlpBZ0Z4QkpqWDY3MHpiM2l3SUpKaUNYZmJHTlg2OW5Wb0lTVUhxUFktRmFFdVBlSlZtNFBfS2lxWlJyY1ZfcG92dTlIN0tSU1E4Rl9CTGNkT3BoMDJ4WmpETEhVLUMya0pXczhuWGJFLWQ5ZUVNTjZXV3AtMEpXOWtqOVhUVTdyU2psZ2RjZy0wbW05MmFobnpZS183NXNVdkphTFFNb3M3WUlOTUQtR3ZsTUJYUVBSSk9kR2FCMGxDMVpWNWJod2NBOTJiMWkxUG9UemRGVW5zQkY4T2MtTm9jNzBmVURvQ2JxWWtsX3F0bElvN3JVNVNqMnAxTlZyMDItQ0JrSm43SUJwaFl6Rkd4eERCZmJmU0JQWmVNMjh2TVI4WlNmVXBtRGxUM0xhLXRHUWVwdldfV2llUmx0dnJubmNxTTdGS2VnaFYzYmxxYmJvT0ZpRDAwb3h2MzF6NkNycjdFWm4wUDJrVHJZOEZFSDRINFJpWWZFTkNCdjhQV25GNGVjYm1uaEQ4MEhfaDVXUmdKcU9WdngxdmQ?oc=5,"Sun, 28 Dec 2025 00:00:00 GMT",
2026-01-02T01:44:51,Google News WSJ,Exclusive | Justice Department Using Fraud Law to Target Companies on DEI - The Wall Street Journal,https://news.google.com/rss/articles/CBMiiwNBVV95cUxPVkZnWHRQamF4OWhpVmMwbGxrUHJ5TTBsMmFDcFJobVF3RHBsb1BZZVRxdTdyZkF5eG5HSWVocUpXN2x6YnozU0lUMTlQY0JqN0Qxd2pQZ0xhRU9YSlZhNkJXR2ticlRYdTFlTWJUQmJwNEVZeDhGSXo4OHc3ajVvbGJrYUVna1p6cHl2RWpsYmlia0NMc0tCNmJkNjRaa0Y3R1VBeHhfRGpxMDVBUkd6TUp3SFFlM0syRFRwVGZKQkNiMWFUaUJUeVlQUFgzbUE1TS0tb1NYVU9OX1loZmJwYVNkcnNmaGIya2RWY2YwSDB0V3o0TUxFRTRxSzV2OUY1TEZRR0lEM0NMbTJ5WjBQT1puUGVPYl9XOVV3VVUtVVUwTEI2Nms0SkJLZXVlaEc1YVVWNE9KejhRNDY4WVdFR1FVSmJKNHRNcnpsQnVTem1fQjFHQ0hrakVEQktCdWFrZ29fYzFWYjFpZXZFOUxmdk9TamtDeDNEMVI2TTg3SG9uSHJCV0JGY3hQMA?oc=5,"Mon, 29 Dec 2025 02:00:00 GMT",
2026-01-02T01:44:51,Google News WSJ,Metals Selloff Hits Mining Stocks - The Wall Street Journal,https://news.google.com/rss/articles/CBMi3ANBVV95cUxPdjAwUHo5Tnk2cFhNVWQzV0NEV1FISlZLQVJmNlRlNG15RDgxaUg1SGE2Y1F5ck5YYllCaE5JZVYzSUtHcUxxb2NNZXptQ05WOWI0ZjBwN0owQnRVb3k5Tzc1MG1vVGJLTUlPekhtbms3T0VKLXl0bng2S1pQZXZoQmFjTHZNdVRhTlZacW1uWmV6NHE0ODl1eTBZN2M4OXZiLVlxZUppNm9KbU1CdHRzSVM4S2hRd1JqdHNGNENYaG81ZHhsZ18tNDBJNVh0Q1V6Q044b1otU292VUtnV2h5bExmSGVvek54Q000eTBxd0N0cGVSUDlibm1aaGlyWDkzTjU0YWlsc3ZqTVROdEZURWJPaUZ0b0lBTVlCTFc4WjYwZVNiOUg4WjEzZmhDa3psS3lYa1BtMGxEcy1xVFdOSDBteFp3X0FsTjNTVUhOdktYXzAya2tGa08yekJCVFZCNU9NSEs2WHM2aFlPOUF6eVA1MzEtc3VpeEkzTnc4bHp0M3J3ZmhyY2pkODJJRzVROEhucnJMVDdJdzBvMFNJQm04c2c4SHItU1NVWWQ1bkUtb09XalJRM3BaRVBBTEVodW4xV0JTdkQ3TjZnVDJDOXh2YTJTLW85cDFSUw?oc=5,"Mon, 29 Dec 2025 17:41:00 GMT",
2026-01-02T01:44:51,Google News WSJ,U.S. Stocks Defy ‘Sell America’ Warnings and Are Ending 2025 Near Record Highs - The Wall Street Journal,https://news.google.com/rss/articles/CBMivgNBVV95cUxQbWZ4akEtVTA2U2JRNlhMaFFQSjNydFQ5RWFIUk50NzUtVzhULWRRVUtvd1llb3JwSTR5Z0JxVHNLb2NFMmVlTnFMZVhoMGstdUtaWHZhV2ljT3U2akVXZEUxVEJOUExQZE1MWXpDQ0xmM1ZmZUJoQ1JScHVHOTdUR0h5d1ZmTW56VnVFZWZKLVB3U0lKNW1RTmtwSmp4Nks0Zm93VU5sS003TnVXa0dSQ1h5RVZHR3d0UjdvZzFQSWlkWndpRlE0c2V4OTBtQ0VDQ3JwMVBjaTVVQ0M1cHpfdTBMV21pN2x5R0ZrVzYyelF5dVpJZURhWnUyMmVUUEk0LUZLeHdIUmVmYlhqX01xbHA5eEJtcVVOSUhKOEJEVTNrczBBYVhDUHZVaFhhSXZRMzYxRHZCSmtpOGJWT2JHOU96Q01uSWlYRGQ2ajRaU2pkMEYzMFZST0trZTlBeXlZT0REa2RsaEctcUxaMUk0dkJ2ajdBbG5kM1I5VEFLZXlJVUFqNW5TYkdqT0MzZXNadVhoYzFoYllkUDJLaEx6UWl4MEg5RVhwVUt2bVlqN29SdWZta0tzUXpjRXVBZw?oc=5,"Tue, 30 Dec 2025 21:54:00 GMT",
2026-01-02T01:44:51,Google News WSJ,Trump Wants a Weaker Dollar. Some Chinese Say He Has a Point. - The Wall Street Journal,https://news.google.com/rss/articles/CBMisANBVV95cUxOdnlMbEFLYlF3OER1SXNrSXRPenY3RjNtVnJOT2NDQTU3eWFYMlA4aFY5TXpMTUd6REMxZ2lBcnh3azlvdV96WFBMc3ozSGxCZUlSNnN3RDRZMmk5R1lOb1hjY2d1dVNwNjlHOGpiTVFwTW9rNkRkam5CVlVBcjBmOHdheXhSTTNJTlVyZGFscjkwei1GNXdXblo3NU9oQlpXemVUekVNYUJQODFIeWt5bE9yNzl4alF3R3F1dHJ5NFJKV1RGYTZwY1dGVERtcU9hNl90MDBrYnVTTC1LbzJhWWpDTUpxb19XUnhsb055TjF4WS1GeTV6TUR0aG9lRGJsdnpCR3o5d0RJUWVGWkZvczlYRUVNOEhVa2NqOWtfUmNDRFNtWXFNTFFGNWE5bExTbm1iN0N6Q0FmalJKdGhvcUlBaldzQS1MeUtjaTFhOEpiX2FQZlNVZDFBUXBuNUFMeW9VejBITGdVMVlfNjR3VFZONzZjWGVIeVB1RUdCcHNON3RBVFRTOVUwZVpUS1A1TzYxaVZRQVpnb1dlb3MyXzJwR0RjakZQTEwyTkR4V0Q?oc=5,"Sun, 28 Dec 2025 03:00:00 GMT",
2026-01-02T01:44:51,Google News WSJ,"Stocks to Watch Monday Recap: Lululemon, Newmont, DigitalBridge - The Wall Street Journal",https://news.google.com/rss/articles/CBMihARBVV95cUxPd2h0ZF9hS1lIRi15VGdUX0ZRY0hrQ1dobndnSU1FcUtkVF9uVUFSQVlDOWpuOHdvbVJ1UE1yTTljT2U5V0ROa3MwTnRXREZnMFR5U3l6RzdxSUtmWHpRVTFoN1FObEI1MjJPekJVNGszZXVxVE4yUnREbnBGYjhmQ3oyLUtjMjdIMlphYkxMVzI2aS10YVpFR3ZyeENTUkFOenNYVTFmdXo3SDVxbUxNQy1IR1VDT3Iyc2t5OHo2aFNQZEMyNFoySVVCR2txcVF5b29KRV8zWUFIdDM0aXB4N2hFbmlnU3BuWEttdFdWTGZocDVjWWk5RFhoZEZIaW1yaUMyYlBHLXhoS29HUEt1NTI2anVWakszd2lFUTI3VmJkRllwNmw2UTJsYXU1MXpfOXVVVUU1YVJadGxQUkViNXkxNWRuNXJfazdEWFBEdGtVcExCT0k2b3c5MHlGMmZmM1dnVjVNWU1wZ3M3Qk8tWEpuVTBONTNoUkVoNGhfeVdhbTV4V1FhcVIzeXV3Z3F3eHhHTUo3RWxIZ0RKWU01WW9XUHVJQ3ZEVzZGM0FReDJkelZ0RV9kZEdOSk9vaWtvX1VzdEY1aGJ3Z2tZV2V6ZG9YaUJEQy00UlEydkVTYVhaNzVUZTNFc2RCQXk5RTJSSm5YaHcyY1BZV0pReEFOaGEycXo?oc=5,"Tue, 30 Dec 2025 04:02:00 GMT",
2026-01-02T01:44:51,Google News WSJ,Europe Tried to Slam the Door on Russian Energy. It Didn’t Account for Turkey. - The Wall Street Journal,https://news.google.com/rss/articles/CBMitANBVV95cUxOQm5scVpEcnpWNEhST2hVTXY4QkxFbGFqbFdnemlkdVlzZGItNnBiVFhCejJ6dnhhbFE3YXdXLTFWV1BLMTh0bXNkZHF2bVVCV19hV04zVnM1VmpaSzU3cFVtNGp2YWVrSVpwd0xKRHZuRXNseXB1NkNkU2dCTVdETkdrNE11SFNCSE9PNmlhZ0VCOGNZbDdwZFVWVXpTSmZJVXZOT0NCWjl2VnFYMWF2S2pVN2FfTEpKb251WjZHSTNzcTlaR2pXZmxYTW9RMlczZHYxNVltQnh2TUxDMVNhTnNuSUo2RGIzOXJTMTU1b3gzV2JUZmtGS1dCY3RxODRjanpqa1lYOUJ0Sjc4OGVpVzRCTjB1M1Flb3RYM3ViM2pQTnc2dF9RZEZtcjdZaWVxTzFGczRPSHpTdElRdk40WjYtQTlVZ2U5TFhNYXRoLUdRUHBVMDJLU2dfb0FEenRFd1I2TkpIQWRwRTZOczU4d3c4VG9kZW1Sel9GMTBkblJHeUNyZG96Unp3Y0J0OExra2lPRlNBR1V0M0dpUm55TWROMUwzcmE4RXRUMW5NTzVZWlRx?oc=5,"Sat, 27 Dec 2025 15:00:00 GMT",
2026-01-02T01:44:51,Google News FT,Iran offers to sell advanced weapons systems for crypto - Financial Times,https://news.google.com/rss/articles/CBMicEFVX3lxTE1WM05zVUVUTGVTd2V1Mk12TWNyX0dZU2s4WFpfTWtLdFVGSFhKUlE4RUExUWYySjdzMVpOa2ttMnh3TDYwSmtYaS1TVTlGaklsNWliMXE2MjJiUExRbnRjN2w2aXZ4U2xsTGwxT3NVR24?oc=5,"Thu, 01 Jan 2026 15:00:09 GMT",
2026-01-02T01:44:51,Google News FT,Warren Buffett hands over Berkshire Hathaway’s reins to Greg Abel - Financial Times,https://news.google.com/rss/articles/CBMicEFVX3lxTE1lSEgydThtY1FSb0ZuNDM4YjY4RnN4a25wbVBiMmRpNy1RZk13bHNFMkYxWVMycm9IZk51RzhQbjVMdG9mQTRKbDFsMlNKMEVEeEpWVDJZT0pZNjFjT2h0cmFHTlZjLVpUSlBJLVFiT04?oc=5,"Thu, 01 Jan 2026 05:00:27 GMT",
2026-01-02T01:44:51,Google News FT,"SpaceX, OpenAI and Anthropic prepare to launch landmark IPOs - Financial Times",https://news.google.com/rss/articles/CBMicEFVX3lxTE5xVlVwTElBQ0lkTm42ZjFOQkRrcHNvMW9XZi01bWhRMjFpelZyLXBYVnpodUhIRVljUnJ2VEZ6bXNyQ0VsZkdyVFBMb2sxUXlxVy1hbXZwMTl4eEUzcThqNFUybWlJdkRRSDNpTzNVcm4?oc=5,"Thu, 01 Jan 2026 05:00:19 GMT",
2026-01-02T01:44:51,Google News FT,Bulgaria joins Eurozone despite pro-Russian disinformation - Financial Times,https://news.google.com/rss/articles/CBMicEFVX3lxTE4yU2FEWTE1Sk5pbEU0amNtb2FtelVsVFY1aWN1NVhmMHcxOTA0STJVdTZHa2FSYzRyNUVNX2xLU3RtWXRFSUJLOHRzU0xsYlQwOEJ3X29CZkllYnNxNzV4NjVLR2F0dHNqUWJLSERtMFQ?oc=5,"Thu, 01 Jan 2026 05:00:27 GMT",
2026-01-02T01:44:51,Google News FT,How Nokia went from iPhone victim to $1bn Nvidia deal - Financial Times,https://news.google.com/rss/articles/CBMicEFVX3lxTE1hVlhUdVlwbmxwRlp5dGh4U2Uyei1HdmxjelN3cVBnOVQwV2ZOdGFHVlZrU1hncmVwNjVFdFMtTjB1MWR6TUxHUE5YR2dkMHl4VnFNU0RUQjdidkV0eld0MVhzSUw0T25tMl81NFRZSnI?oc=5,"Thu, 01 Jan 2026 05:00:33 GMT",
2026-01-02T01:44:51,Google News FT,Apple cuts Vision Pro production and marketing after weak sales - Financial Times,https://news.google.com/rss/articles/CBMicEFVX3lxTE5kQ2duMEppMF9CNC1pNkdjelIxSWV1cWNUNk12TjJDTEc0WnlDQXAydVZ3RHhaRWx2RVpodTMyRHo3NmNLZ0RycVBaNWdDMWpfMFNfdU1TR1dXQ2puMi1ZQW8wbnpWTFVZUjJBbXNvaXo?oc=5,"Thu, 01 Jan 2026 05:00:19 GMT",
2026-01-02T01:44:51,Google News FT,Zohran Mamdani to press ahead with tax rises for New York City millionaires - Financial Times,https://news.google.com/rss/articles/CBMicEFVX3lxTE4wbFZFWEpoOXRRTTFGYzFWYnJlaV9fNHczYUVfbzR5STBfbVFKZDhuekxvaUFlLXI1S3NqM1ZqUFNVeGZibC1Zai0wNG10S29kOWR1aXpqaEV3ZHhuSmdvbVNncG9qOEZhVWNSdTNHalQ?oc=5,"Thu, 01 Jan 2026 05:30:05 GMT",
2026-01-02T01:44:51,Google News FT,Forecasting the world in 2026 - Financial Times,https://news.google.com/rss/articles/CBMicEFVX3lxTFBmd05HLWxDX1Q1Z1JlV2JHNzlnbUoyYXNuUVd2X24yMVFwWmFsbnFUQlNDU3AxbUtINTFQVVd1Z0FBcVB3NVVPZldSZnRrMlFTWUpJR1BMQVpJcGU2cWxFYm1kdnVMY2hLZ3JIcEUxdkE?oc=5,"Wed, 31 Dec 2025 05:00:38 GMT",
2026-01-02T01:44:51,Google News FT,Central banks enter the gold trade to choke off smuggling - Financial Times,https://news.google.com/rss/articles/CBMicEFVX3lxTE1kalZwbUl1VDhlNmdwbFlLSnk1NXo1TFhDeFRUaktFdlo2QXZkS1pSRFo2MXdXeFM3MVFPb0VTaGNGOWM0TFdRZDNGaFM3cHVtdEJzdHh6aDhLSHVPX2M4NFJvMnJWblFEZDAxMHJvVkI?oc=5,"Thu, 01 Jan 2026 05:00:07 GMT",
2026-01-02T01:44:51,Google News FT,Trump Mobile delays plan to launch gold-coloured smartphone this year - Financial Times,https://news.google.com/rss/articles/CBMicEFVX3lxTFBGb3BsYVY0YlRKekduYll3UXZlZkVaNEZ3NUljQkpqaU9Rb1IwYW1PbTBpaXhCRGNsNzJBN2RBR1EzdWh6UFhyOGZPellVN3A4SVE5ODB2Q19WU2ZUODBCZ2k1OGpGWEtLSE00djhVb0c?oc=5,"Wed, 31 Dec 2025 05:00:34 GMT",
2026-01-02T01:44:51,Google News FT,Netherlands overhauls its €1.8tn pension system - Financial Times,https://news.google.com/rss/articles/CBMicEFVX3lxTE9TdEZKNkVkMjlkdDdZRkdjdTF6MmxybE5aNXNsSkE0a0lWRTBHYUhyV00tbnBmejdCV3NaeXJaMkZKU1JfZ2lsbkxRcnVrVG52eURHSmRlR29wVW9KZFgyN2RjcDdIREFxZUpNbm9FWTQ?oc=5,"Wed, 31 Dec 2025 05:00:28 GMT",
2026-01-02T01:44:51,Google News FT,Crackdown on crypto tax evasion comes into force - Financial Times,https://news.google.com/rss/articles/CBMicEFVX3lxTE56N2s3QUJ6eWFSQVRfTS1xQ2R1RUlIT0hjbU5FYkVpM2NMamFTTUJPVXRUcm9aRUdhOXNjUVpXZmFDVlFWNjl4WGlENTJLSmVCZGNrbGJYVEJoTWRFYXpCQTFQeGlrM2VROVo2bEIxelU?oc=5,"Thu, 01 Jan 2026 05:00:19 GMT",
2026-01-02T01:44:51,Google News FT,"AI forecast to put 200,000 European banking jobs at risk by 2030 - Financial Times",https://news.google.com/rss/articles/CBMicEFVX3lxTFBUREVUdC1aeWVsV04zNVVpVTEtaEVsNVpGa2RYUXBodW9odFUtc3pVeHE1OUNYYzlSMVNQUGx3UllZSmhBV0NIUjlJNUR4VWtmUmVoUU4wZGVqQlREbC02QkpXdXE0MjBXOF9KRWd2STY?oc=5,"Wed, 31 Dec 2025 05:00:28 GMT",
2026-01-02T01:44:51,Google News FT,Trump’s momentous second year - Financial Times,https://news.google.com/rss/articles/CBMicEFVX3lxTFBLa29BU1dFZzBkOGJ1dGFZdDI4M3NDd1NjckE4dEVYR1BjM3JIdHhpcTI1VG5IZnpyYmFUOFBJeXFwM244X2hlMW9yQ2RpR3k0ZmhEYUNQLUFVeFlfbWM0SnRpa2Jmc0thOGlVMGJtSG4?oc=5,"Thu, 01 Jan 2026 11:00:09 GMT",
2026-01-02T01:44:51,Google News FT,"‘There’s a real dislike, even loathing’: why voters hate Starmer and Reeves - Financial Times",https://news.google.com/rss/articles/CBMicEFVX3lxTE5hMjFsV2lXd0tlMjJnc1ZIWUxPSzFwR1pNczEyQzBveFVTTmh1ZEs3aDZDUS1YOXBpclJvTDY0QlcxbzVnbUJKU0pLSlV6azA5bENDdmVQQXhENldzV1JQQ0R4bTVwNlN4MU5kMVlFR1c?oc=5,"Wed, 31 Dec 2025 05:00:41 GMT",
2026-01-02T01:44:51,Google News FT,Chip shortages threaten 20% rise in consumer electronics prices - Financial Times,https://news.google.com/rss/articles/CBMicEFVX3lxTE9uSDdqVGJQZUJ1dHJnTndmZFlVa3VIUi1hRzhxSlUtS21sWlM2UVhuWFZDWWpwaGZYT3k4cGZxRk5RaWNGOEFCN25iX284QWpRMV9EQjNIQy0xUEIwMDkzcGh3ZFZwQlU2QnZzSTlSMUc?oc=5,"Thu, 01 Jan 2026 01:54:52 GMT",
2026-01-02T01:44:51,Google News FT,Five simple ways to reset your finances in 2026 - Financial Times,https://news.google.com/rss/articles/CBMicEFVX3lxTE1vdnNwTW9IZGNMaFRvOTZ1WXBSVlBhWVFFM1ZFVlFhalBJME9rdGM1S2tZNUM3aXh0Q2dpcW9pMWd4cHR6YmpuN0xrYXkxMFNrczB1cDRnZWRmVms2X1ZQejBxcV9UUzA3M3JGUXdzdWk?oc=5,"Thu, 01 Jan 2026 05:00:20 GMT",
2026-01-02T01:44:51,Google News FT,How the UAE-Saudi Arabia alliance ruptured - Financial Times,https://news.google.com/rss/articles/CBMicEFVX3lxTE5kMk1fdUlfc0xDcEx6WF9fdkROdUZhYVo5ZkpCUVZ5NEtWdTRTY0NTY2REdjVBNk9tMllXdUhrcXp5V3lxblhzYkdWQXViTE95UWkwN0JfaDFJMUhuY2NXekJGcWJpRldlT3h2NUJSbGU?oc=5,"Wed, 31 Dec 2025 18:16:57 GMT",
2026-01-02T01:44:51,Google News FT,"Top US law firms hand associates $300,000-plus bonuses - Financial Times",https://news.google.com/rss/articles/CBMicEFVX3lxTE9TOFhVbmgwS2hldXVnbnk4ek5SVTh1QkowQmFWcHNkc2g3RmN5RmFLbk0ydkxsY2JubGc0WlBtdElvWW11dUN0WEdnMGdXZkVzZVRlZklkRjEzODNXUm5HOXF2N2dMem9udVRzZzRjNGQ?oc=5,"Tue, 30 Dec 2025 05:00:40 GMT",
2026-01-02T01:44:51,Google News FT,"About 40 people killed in Swiss ski resort fire, police say - Financial Times",https://news.google.com/rss/articles/CBMicEFVX3lxTE9kQzgtb25CLTRXR1BZNmNzbGdic3J2TzFZYm8tYmlUcDRFdklxenc2WGZDaVNyQzF5am9OVWxRLXR3NjZwWTc5RkhmOE1id1hvQ1hxaGNFbHRsdG4tYTNyNzJKNXZKeU1yN083b3NSZnI?oc=5,"Thu, 01 Jan 2026 07:49:08 GMT",
2026-01-02T01:44:51,Google News FT,Private equity firms sell assets to themselves at a record rate - Financial Times,https://news.google.com/rss/articles/CBMicEFVX3lxTE9ob0w1a2E5YWJMZUpLTXlMOUE3clNiVUlMdE9pNk13SXRIMlBleHptcUhaenZSTDRRZDBLTDY1SExrQS1CWEtFZnpJUkJON3JhN1ZrUGZZWXB3UVkyUTdhQ0FRXzZacXJsdXBIaGtzZVA?oc=5,"Tue, 30 Dec 2025 05:00:40 GMT",
2026-01-02T01:44:51,Google News FT,Microsoft’s Nadella overhauls leadership as he plots AI strategy beyond OpenAI - Financial Times,https://news.google.com/rss/articles/CBMicEFVX3lxTE1kUVQ1dUlFWEQtSlJzNm1rSHRLbVUyN0drLXhBbHVXSGFJdlJqWjFYS3lxa2kwcG1mV0JRYWZCS0ZoMVgxWkZMaGR6LWNFRm9OVXl4ZzNDaVBpVnV4OXZJZ1o0QnlMdGlTX0ROMHo1dTM?oc=5,"Tue, 30 Dec 2025 05:00:40 GMT",
2026-01-02T01:44:51,Google News FT,The Gaza bookshop that refuses to shut - Financial Times,https://news.google.com/rss/articles/CBMicEFVX3lxTFBxWm5rTTdTdThQTjZpbUh1bm1qTV9Ub19iVTFVcHF1LVRJTjVSRUFwNDV6Q3piNUQzc29LM0RSQ0tkX1QzcXBlbXd5MG1RVENNcjVDdjVVUE1ialJvQk5NYTAxdk80Z194TnAwanY0em0?oc=5,"Thu, 01 Jan 2026 05:00:20 GMT",
2026-01-02T01:44:51,Google News FT,Dollar on track for steepest annual drop for almost a decade - Financial Times,https://news.google.com/rss/articles/CBMicEFVX3lxTFBPY2VKSF9NejBqLXlEbnRYalE0MFFTQjEwc0Q3eWljY25taFdDMDJCWVNnRFFNZ1VBZXUyM09jaUhENnMzVmVVNXllU2VfTWt5V0pOemFtZkNJRVFQaG5neDJjaFBsUWF1eWRYT3VxOEY?oc=5,"Tue, 30 Dec 2025 13:00:10 GMT",
2026-01-02T01:44:51,Google News FT,China steps up Taiwan military drills with live-fire exercises - Financial Times,https://news.google.com/rss/articles/CBMicEFVX3lxTE9tbi1qUHBPZGxBVEUtcFB4TU5lMkpFclpobE42UHZqTUZfMXdNTmlOcUNsclZGNk1KSG9WMmgzcHZTWmxDNUJidmlfQWh0QlNRMHctV1FuRFlNanlDTlhma1dDeUdVdGFQcFdoYUtjVXo?oc=5,"Tue, 30 Dec 2025 08:48:53 GMT",
2026-01-02T01:44:51,Google News FT,Meta buys Chinese-founded AI start-up Manus - Financial Times,https://news.google.com/rss/articles/CBMicEFVX3lxTE9GLVVYWWFxMDRGVjZSNWRoczVmUGkza184X25oajItTWx2Y2JTdi1MQXBfMlVmWXFVMzFrRVhKa2dESmVlVGd4VnBLdGx3ZVZrR2gzNkFrWmkzcXlxUDhOU3BrRzlVczJjZjhrVzNBRWU?oc=5,"Tue, 30 Dec 2025 04:41:15 GMT",
2026-01-02T01:44:51,Google News FT,"Business trends, wild cards and companies to watch in 2026 - Financial Times",https://news.google.com/rss/articles/CBMicEFVX3lxTE9LTFVhem5mVkdwd21XbEdaTjlvcnU5VUcyeWhmYWVRcVNhRmpqaTJWOGw3bkJzUUgwSVhLUGtrQkIxVEh2dVVEclZaWk13WXZvMk41b1FtTWd3VEI5U1FaRk9Fc25pekdaMFQzODBWb3U?oc=5,"Thu, 01 Jan 2026 15:00:09 GMT",
2026-01-02T01:44:51,Google News FT,Ukraine seeks to contain diplomatic fallout over Vladimir Putin’s attack claim - Financial Times,https://news.google.com/rss/articles/CBMicEFVX3lxTFBsMDJpUmpxOUtQV0dXZVRpZm4tLThBMWN5OGZqSHZGX3Q2TVRfUDFneXQ4TTJrMWdxdXhVMG5XTFlOclVkU0puaTBpWEJyenR3Y2pmWktJSmM4am13cnNwVGxKejhVMGZQM2pHcVFMZWU?oc=5,"Tue, 30 Dec 2025 14:40:58 GMT",
2026-01-02T01:44:51,Google News FT,The Night Manager TV review — hit spy thriller makes a confident return after a decade - Financial Times,https://news.google.com/rss/articles/CBMicEFVX3lxTFBJcTNzYWJkMXN0d1ZXZldjNnlfaGIyMnhnUTZ1dDJBWDR3d3I0cVRydzBsbHh4YXdqN1pHQ25RUUJQZVlkYnRfTlNya0x3QkxKVFp6b2dUTGZuQ0VDdW5na0lLMGVDLUFESHFUOV9IMk8?oc=5,"Thu, 01 Jan 2026 00:01:02 GMT",
2026-01-02T01:44:51,Google News FT,The plot against London - Financial Times,https://news.google.com/rss/articles/CBMicEFVX3lxTE1yd2JsMWU4UUlLdlZSaGJ1WnJHT3U4TTIwQUpvRldoUmhVdm5wQXRIX2dqMnZCWU9HdEE5Um9aeXVIRHhRMkJRS1RXejg2a190Q3QzV21CLV9xZmlrd2x0b2hHQTN0VDNlUUR2N3gzZFQ?oc=5,"Thu, 01 Jan 2026 11:00:09 GMT",
2026-01-02T01:44:51,Google News FT,The AI Shift: Our bets on how AI will reshape jobs in 2026 - Financial Times,https://news.google.com/rss/articles/CBMicEFVX3lxTE51QlhldFZkXy1KSVZpWlJEanlZZ01sSGhCTTczZG9vZUtDZUxWMktPRjdkSklJWUFyRVNQcl9lUGxGVGpES1Z0Si1zNGdDTExkOGNlWC1ZVGZHbVM3R3FfS040M1RTM1Bac2RnQjhUd2s?oc=5,"Thu, 01 Jan 2026 12:30:08 GMT",
2026-01-02T01:44:51,Google News FT,Mini nuclear reactors are already losing their glow - Financial Times,https://news.google.com/rss/articles/CBMicEFVX3lxTE1XX3NrWjZ5b2xIYlZneUg4S2E0MWQ5dWd6d2l2amUxdHMtTUtCNVdvdl9YZEMzUTJSS0dFanRoa1k3RDEtWHRtTnFnYWduNGlXbDRSWW9uNUpBM1Vray1ISWkzOEptUkM4eDQwdXU3RlA?oc=5,"Mon, 29 Dec 2025 11:04:48 GMT",
2026-01-02T01:44:51,Google News FT,The AI boom is not a bubble - Financial Times,https://news.google.com/rss/articles/CBMicEFVX3lxTE9fVWxCX1RwV0ZMRFg5NnlLN19VSkpJSDhJaWNTVS1hNXMwc1NDejNtTFhFNnB3bU1TX2YtWUJ3T2FIamx3U01hdlFOUEVGMzhQVXFoQ2FBd0NPSkdzYy1SLU1xV3BMdDJSZHA5Y19TdEI?oc=5,"Mon, 29 Dec 2025 05:00:46 GMT",
2026-01-02T01:44:51,Google News FT,Iran replaces central bank governor in effort to contain cost-of-living protests - Financial Times,https://news.google.com/rss/articles/CBMicEFVX3lxTFBfdE9Ndl8zendQRFMtOTlzZjVsMDZ1UkJJQkEwaUl0ajVVT2VnM0tKVDJIa2tDUHFkelktNEpqbW1xdmY4X2hRV2h4aDgtNHN5TmFENE5sTFBETTZKVjNGSVhHX3NtV0JrTFNySlNEdU4?oc=5,"Wed, 31 Dec 2025 09:58:25 GMT",
2026-01-02T01:44:51,Google News FT,Accounting body scraps remote exams to combat cheating - Financial Times,https://news.google.com/rss/articles/CBMicEFVX3lxTE0xV2Vnb3VtUjh1SEp0RDN1cEhiNXYwY04tSFBjcEJOZ3NNRFhFOThQVW16UFlMWUszTTlMT1lYQnV0cVFab3RldUd2am5pSDhTeUUwanV3SVRRRlgwRTBwQnQ3WVB3aE9HZS1lUVVRRUM?oc=5,"Mon, 29 Dec 2025 05:00:29 GMT",
2026-01-02T01:44:51,Google News FT,Donald Trump expected to impose new levies if Supreme Court strikes down tariffs - Financial Times,https://news.google.com/rss/articles/CBMicEFVX3lxTFBpTVdieWM3VTJQZnR0dGNtWUlBcnh0NXlmWi04MzJLc25ISk9QSVh5YmpYcHpwNVR4b2x4MnZRMkpxRjJycDJLZDVIU0RpbVdLYWUtZjUzbGhzd21EWnNCMGlHNFRTczNob0VWYjBtQ04?oc=5,"Tue, 30 Dec 2025 11:00:09 GMT",
2026-01-02T01:44:51,Google News FT,Donald Trump and Volodymyr Zelenskyy talks fail to deliver breakthrough on Ukraine peace deal - Financial Times,https://news.google.com/rss/articles/CBMicEFVX3lxTE5uZERQaE92eDNrZ1ZLQ3N4RG5vTEw5d1h5UkhnMXdNMTF0dlYwMnNSc2JMaWdHY2d3NzhkdWdUbGVMczFvMWdBMFlOaDlEQWQxTjBqUVpkZlJtSnFPMFBQc0wtUGcydHNnRFI4UmhLMW0?oc=5,"Mon, 29 Dec 2025 11:13:53 GMT",
2026-01-02T01:44:51,Google News FT,Ukraine and the battle for Trump’s mind - Financial Times,https://news.google.com/rss/articles/CBMicEFVX3lxTE1kQWpyWU5nVm9Ed0ZybjRXUnowb1hsdVA3X05HeWswRk5wdHdiRU5McHdEQnhZTkluRFoxeGNPY1RLUHFLMjNHQlVZNkExYVpYNXJNcV9CRUljN2V4dTAxb245cnVrNGNCYW8xdDZmbEs?oc=5,"Mon, 29 Dec 2025 10:02:59 GMT",
2026-01-02T01:44:51,Google News FT,AI podcast presenters are here — but I’m not one of them - Financial Times,https://news.google.com/rss/articles/CBMicEFVX3lxTE0xWG1yanpyNWlKUlBpcmtIZDY1RHVad0JBQjNZTVA0aTY1SVJFOXQyazRFYUVlRmlIazdVa0NhWXNzQ09Yc2drZ19wbjkwTTRTMXpiVGNzTlRXcFdPbVl5dTAxRFpuSW5Ia242VU5ObVI?oc=5,"Thu, 01 Jan 2026 05:00:07 GMT",
2026-01-02T01:44:51,Google News FT,US stocks eclipsed by rest of world in 2025 as investors diversify - Financial Times,https://news.google.com/rss/articles/CBMicEFVX3lxTE0wMEd5LXR2RU44NUxjYUJXd0I0dEl3VW1jWHQ5TkVLVGxPaU1ORzdpb3dReFlIeFk1ZTJlNTZCYVVXdEZxaU1EVmZkQU15ZUE2dG5BTG5PS3hDa3BzbUhJNGQyaUJnbDk0X3E3X3BCWEM?oc=5,"Mon, 29 Dec 2025 13:00:04 GMT",
2026-01-02T01:44:51,Google News FT,How diamonds are powering a new quantum revolution - Financial Times,https://news.google.com/rss/articles/CBMicEFVX3lxTE9xQi1fYjRfc0tnNVlOSjFaeVRzNmZlX3hzRTFucjR4NERNNWhFUmVTU0o5SElzUHc4VmYxeEhRbHJCZmpEdTBNa0VIcFJrWU15SzBiQlAyS1dYN2lKcDFKdnNOU1I0N2EwTTdoLWdZa04?oc=5,"Mon, 29 Dec 2025 05:00:52 GMT",
2026-01-02T01:44:51,Google News FT,"UK weighed merits of trying to oust ‘depressingly fit’ Robert Mugabe, records show - Financial Times",https://news.google.com/rss/articles/CBMicEFVX3lxTE5HaTRNcDJCZjZDNFJwc25jYzFvU3RNVkVKU3RUTVNvdUhvREJYb0s1VU9ubG1KdWtNNTlKNWZSVnlOa1dwZmhoNHp3cnA4SlZ0N2FWQXQ0SjRCbDhIM3VSNkVsTTR4QVB2cUFDcWhfM1E?oc=5,"Tue, 30 Dec 2025 00:01:19 GMT",
2026-01-02T01:44:51,Google News FT,Which food tracker will work best for you? - Financial Times,https://news.google.com/rss/articles/CBMicEFVX3lxTE1Vc3RLY25FWjRxY1lydEVnLXk5OUNhNnZaUkRYejVsbGh4RGg1NWRRbGFHdmhhaVN3b3RnRVMtazJEMDAxd0hWOU1jN21FeHozTG9SSHU4Q2llWnl6cElHRGVvdDN0eHBtQkNYMXEwRDc?oc=5,"Thu, 01 Jan 2026 05:00:07 GMT",
2026-01-02T01:44:51,Google News FT,Volodymyr Zelenskyy calls for 50-year US security guarantee for Ukraine - Financial Times,https://news.google.com/rss/articles/CBMicEFVX3lxTE5oWHdMV21TUHVvV3E3eWIyMUtjcDNWNWVHdklTNFh3WTYxTGJJTjQyMFQtTlR0cnZGcC1Ga0lLbHR5ajhmR0xsS2V4M3ZZbWhkS0R5cnIzZWJ6Mjh6dEZmUGpJNFdZYVRBSGVmZW5malo?oc=5,"Mon, 29 Dec 2025 16:41:40 GMT",
2026-01-02T01:44:51,Google News FT,"Move over, Tokyo — the world has a new biggest city - Financial Times",https://news.google.com/rss/articles/CBMicEFVX3lxTE5JWnlvUnNSdi02OHo2WlhwTVU5QjRQTUNKYXhaQW5hZG41SEhVMnFxLUJKOF83VnlTV3ZhdEw1OUZWWFdENFhWaVJpSE4wM21FenZoSS1DSmc4VXlpWHhiWm9sZjBFeUU5NGhobXNtUEc?oc=5,"Sun, 28 Dec 2025 05:00:36 GMT",
2026-01-02T01:44:51,Google News FT,Global stocks post third straight year of double-digit gains - Financial Times,https://news.google.com/rss/articles/CBMicEFVX3lxTE1nQm03NzV0eExiTzJ2QXNNRnB3aGxmSVRHZDIzU3NqZmR1QmRPSlZiaXBjMGY3QXlhWUlJOFlPR1RUN19RVFpmREU3dXFlR0NESUJlNlpGUjBpZERzQVoycENmUEx4SE01aFB6amdvbmI?oc=5,"Wed, 31 Dec 2025 14:30:58 GMT",
2026-01-02T01:44:51,Google News FT,Charts of the year: Trump’s attempt to reshape world trade - Financial Times,https://news.google.com/rss/articles/CBMicEFVX3lxTFBVckNFWlpHVUpHTTU5R1VlTFpjLVZmMEpwd3puVEg2NHRLcHI4TzItQVlISEtqLUtZc3EzR1V4OTE2SFhkMkxKZ3E4SEY4SzBjOGw1bm9vV3pFcEFkRkRxT2FWODN2UUR3Ni1PdmhqcWs?oc=5,"Tue, 30 Dec 2025 05:00:44 GMT",
2026-01-02T01:44:51,Google News FT,Xi Jinping hails China’s rising ‘national power’ - Financial Times,https://news.google.com/rss/articles/CBMicEFVX3lxTE5ESFEwclJSMTlGT3d4Nkt0VE1vSUV6R25CZzZSb3ZNRTRidVkyZml6QXZVYk1zZ2dCUkJ4WU1fRlFzd0gwd24xak82NjUya2k4SmFMTlA1V1ZDb2VGcnZNc3BUaUJmOVlIMTlSd0gyU3E?oc=5,"Wed, 31 Dec 2025 08:52:30 GMT",
2026-01-02T01:44:51,Google News FT,India’s billionaires struggle to woo Trump - Financial Times,https://news.google.com/rss/articles/CBMicEFVX3lxTFB0ZE50a0stUWh1cGhuQlVUbVlHQVFZcEZ4UDNBcmkzYWpVMXQ4eTJ1UW0zanpLcTg0OFI1VlB2dDBIeUVsMXJodmxyWUt3TGJKNmlEcnVWS0hhel9iV0tXTzVEbDZMQTZsTDlPOWlmdmo?oc=5,"Tue, 30 Dec 2025 02:04:06 GMT",
2026-01-02T01:44:51,Google News FT,US-Ukraine summit as it happened: Donald Trump says several issues remain after Zelenskyy meeting - Financial Times,https://news.google.com/rss/articles/CBMicEFVX3lxTFBmMHFRRVhJdFVHdkhzbzFxWXRtcU54R3ZJQ0RXakFLTHpZZzY0WURtZHZEVXZHTnB5R2JUY3JuRXlBNEtWOWRZT2hyT29vb2VROW1jdnVaWlNfSHFoMG5nYlpPNFVDNXNvTTZJR282di0?oc=5,"Sun, 28 Dec 2025 23:06:58 GMT",
2026-01-02T01:44:51,Google News FT,The relentless rise of YouTube - Financial Times,https://news.google.com/rss/articles/CBMicEFVX3lxTFBLVVVTRVRDUWhxTTBiYXJVY21tSzAtd0VWSG82MVluV0lZVkhPTEZVMUxuTTJwUGRoa2JsbjBJT0JfbnNkYl9vZUhJN2F0MUlwRnZKRXl1TDZrVnNkZWZ1Vmw0SC1wT0NmcEpLUlNHNmM?oc=5,"Fri, 26 Dec 2025 17:00:08 GMT",
2026-01-02T01:44:51,Google News FT,AI boom adds $500bn to net worth of US tech billionaires in 2025 - Financial Times,https://news.google.com/rss/articles/CBMicEFVX3lxTE42aXM3UTVqYVhWOGVzWjNUc1czd2JMaDNfUUQ3c0ozeG5XYTZYckRQQzNUR21EYWpGdzhDQnRMMFBTTEdtZXpaYURHUFljZktlc2t1VTlpek5hTTFUQ3NXc3RxLTZaMHlwWHpGX2FBcmQ?oc=5,"Fri, 26 Dec 2025 05:00:43 GMT",
2026-01-02T01:44:51,Google News FT,Solar power surplus in Spain triggers ‘discount season’ for plants - Financial Times,https://news.google.com/rss/articles/CBMicEFVX3lxTE9fXzJGZGtObVA1WFl5Wl9jX1ZEVDdfMldGSHN0YW9IX0pXUTBaTnRWZ2Q2V1o4cHR0V3ZKTThCcjZZNWpfY2VYOWx0NTdnUnVDVExpSlBDU1N0LWptR3lQY3J5Q0lmaWI4QWUxWWk1Zm4?oc=5,"Fri, 26 Dec 2025 05:00:51 GMT",
2026-01-02T01:44:51,Google News FT,What to read in 2026 - Financial Times,https://news.google.com/rss/articles/CBMicEFVX3lxTE1YanZfdmhvQk9VWmZ2QkF4WUpyVGJMRF92U2c5Qm9pdDhkM0czeE91RHpfeGNOSFlFRmRvQjJhNThRXzh6dzhTUW5IZWM3NTVKb1FWVlM1VzRNdE11YnlwNE03YmJ1STAzemVUdHV0UWo?oc=5,"Wed, 31 Dec 2025 05:00:38 GMT",
2026-01-02T01:44:51,Google News FT,How the AI ‘bubble’ compares to history - Financial Times,https://news.google.com/rss/articles/CBMicEFVX3lxTE9uMTE0b1N5bzFIa2FPdGR6MzlVR1EwSE1WTTFJYlN3UWlNRXBaRHBkQU5XaFVfVUZrVFZOd2N4dnhCcHVwVWwyUGVVd2xLbHM5b09CSzhFcjBrTGg5dkNmWGdZUFl2UFJMcl8yYjBvdE4?oc=5,"Tue, 30 Dec 2025 15:45:01 GMT",
2026-01-02T01:44:51,Google News FT,Reinsurers extend profit boom as they cut cover to cope with disasters - Financial Times,https://news.google.com/rss/articles/CBMicEFVX3lxTFA3NFZudzRtY01jTThLdEtwVzVoSFBKY0hVbG9yQmxuOER5OU1tNE5jcHpoWXZJaWFjbThHSDgtYm1laDNFbU1vMHBSekxsMndxOGIxQVVlNVlkdFljbTBVZ2ozR0hiYldlbTBqbEFzZ2k?oc=5,"Wed, 31 Dec 2025 05:00:41 GMT",
2026-01-02T01:44:51,Google News FT,China factory activity returns to growth after record contraction - Financial Times,https://news.google.com/rss/articles/CBMicEFVX3lxTE9uSDQzM2lQX012dWJreGFFSWRiYnUzTnhFd0lrNWw4a1FDTndieTU1XzhySHlyR0ZOcTFlVnhZUGlxbkVybm9QNnFVWl9iZG81SVp3OWhjTEIybFNCbS1OdGxPVHU3bEVweTdSRGxCRVE?oc=5,"Wed, 31 Dec 2025 03:48:07 GMT",
2026-01-02T01:44:51,Google News FT,US fines for dirty money drop 61% as Trump retreats from enforcement - Financial Times,https://news.google.com/rss/articles/CBMicEFVX3lxTE5EemY4SEFQLTJBeVZYUnVMTzZXVi1YdmI5YXR1STdINFdadklIU3d4dTJkR3ltcXRwVmVwWWpCY3dFNmtaN1F5YVpWXzh0Zk1HNmxFTXR1NFFJckR4TG1ZcEw5Vm5ybW5nS1ZWUEpmYUg?oc=5,"Wed, 31 Dec 2025 05:00:34 GMT",
2026-01-02T01:44:51,Google News FT,Zipcar’s business model is an evolutionary dead end - Financial Times,https://news.google.com/rss/articles/CBMicEFVX3lxTE5RQWs4Y3VCLVdCeF83MVo3RVpqendaVVI3SzhmSjl6R1pCSnE4MUoxVURjdms0eTNsRzJ0Y2xqUkNtQnpHaFp3RmpfazZ3TzZadHlNR0toYmpkdE5NZ1JaQUdLM0VIMXZvNzd1UlA0Mjk?oc=5,"Wed, 31 Dec 2025 05:00:40 GMT",
2026-01-02T01:44:51,Google News FT,Climate policy suffers blistering setbacks in 2025 despite clean energy boom - Financial Times,https://news.google.com/rss/articles/CBMicEFVX3lxTE8wajJqM09rNENZUnhJekdIbkNBd2ZTNURJUTV5NkgyeXl0Nlo2eGdsTFBDRFdxRHRYZ3ZNeDREZkpXOXY4WXVVeF9IUDlJd216SXlaaWl5NlJwRXBWdkhfNXVIWEU3RVk2Nm0tLVY2OWw?oc=5,"Tue, 30 Dec 2025 05:00:40 GMT",
2026-01-02T01:44:51,Google News FT,The ugly memes driving crypto sales - Financial Times,https://news.google.com/rss/articles/CBMicEFVX3lxTE1Pb3Y1eVlTclhCR2M5ZFl2OHZPa3JtR1F5ZGlWMFNRTnBnRWhEZzR2QmJjTkRoUXVnWXNabHNjOExsMmdsT3RNWmRDNVRwQ1FlWmFEcHRlajVwYVFZcHpwUnM0WFlYbmowTEZUVThaT3c?oc=5,"Sun, 28 Dec 2025 12:00:04 GMT",
2026-01-02T01:44:51,Google News FT,Trump media group plans new token with Crypto.com - Financial Times,https://news.google.com/rss/articles/CBMicEFVX3lxTE1TM1loeEhwY2RDWHlYOHFWRGNCNkVySm5uaUtpTE9HS1lnWG1CQUFBdHJyYmVvLThyM1A5bmtJRF92ZFU4VzJUNVRqMXpJQTI0XzhOVGlVcXBRWjlBczZycHQyZG5oT1R0VlNIek9HbHY?oc=5,"Wed, 31 Dec 2025 17:15:23 GMT",
2026-01-02T01:44:51,Google News FT,Canada’s ‘man of steel’ calls for US-style protectionism - Financial Times,https://news.google.com/rss/articles/CBMicEFVX3lxTE5nUnRWMmhiMS1QMXJsNlgxNy1ieTZSeWhuQ2xBbk9QQjkxYVQ4VEdUVlZoRGZZS2Q0ejdoX3hHTm8zMGduUG1oeVRVbVhJc1lKNF9EVk9oNDBjaEdVX0ZrYjVWUUUxeWF3anVtdVhJNWM?oc=5,"Wed, 31 Dec 2025 15:00:09 GMT",
2026-01-02T01:44:51,Google News FT,Warner Bros plans to reject Paramount’s latest hostile bid - Financial Times,https://news.google.com/rss/articles/CBMicEFVX3lxTFBvbk1hemR2am1fZGlaYUc4VmFWSWllUjVUM1psNm1LanlOUHc4SlNYVmdQRzBhMkRpYlc0NkNlWm9RSWd3V0xXNW4zR3BwLWtxVWFOM0hGZ3pDdklwSWoxQWNvYUtmdTdpYXVVMHprNUU?oc=5,"Tue, 30 Dec 2025 21:11:09 GMT",
2026-01-02T01:44:51,Google News FT,The upstart exchange drawing traders to the world’s best-performing stock market - Financial Times,https://news.google.com/rss/articles/CBMicEFVX3lxTE14bjJPdVJoNWZ5djkzZ2MyNUpBWkdkMDRXN3FxcTltbnJjRzZqUlk2Q2x0V3UyRURUajd6Mk1JUEUwZG1CSm5PbnZSenVUVkxhT0tZRVRuOFlWUmRSWUVjVVNneFFWeUJOWGJCU2lKc1g?oc=5,"Wed, 31 Dec 2025 01:48:29 GMT",
2026-01-02T01:44:51,Google News FT,European investors must brace for a year of geopolitical instability - Financial Times,https://news.google.com/rss/articles/CBMicEFVX3lxTE1rcTdEVGY1SFRuUWxtQ0U1ZzQxX1g3V1BIYXFaM1Y3TFc0Y29tcjBlaXZNVUhIa0oyTkFRakhyVlhsTTJPTXBhTHdVUVBiRjNHQVJGMGJuTnJHZFRnODVkN1ZPQXlLXzRoUHJwOWRuczY?oc=5,"Wed, 31 Dec 2025 05:00:38 GMT",
2026-01-02T01:44:51,Google News FT,"Drug gangs pose grave threat to European security, agency warns - Financial Times",https://news.google.com/rss/articles/CBMicEFVX3lxTE1idFJveHgxd1lGLTBQSFVkT0ZJdlY3ZENTVlY1NGQ0aklhRnY3c2pPSlFJemZfOGVkZXRHZExPZHlPS3NGdDdCT2ZVSHJ1WF9nNHg5ZEp6eWsyV0E1YkhlbzV0OWpwdDl6QnpIOHdfN3k?oc=5,"Wed, 31 Dec 2025 11:00:09 GMT",
2026-01-02T01:44:51,Google News FT,Tech groups shift $120bn of AI data centre debt off balance sheets - Financial Times,https://news.google.com/rss/articles/CBMicEFVX3lxTE0tcGFIZVhzUWUxN2FsVzBZZkVITGJ0eXo0c0thWmRvQ0FmUUdnRmx5eVlKTjlLcHF1dHBVVldTU1NBWHd6ZnVrT1pvSWhtcW1HaUJKODdMdGhzbDJNS3RuR0pCNHN0WmlIMDBzYnFfeVM?oc=5,"Tue, 23 Dec 2025 08:00:00 GMT",
2026-01-02T01:44:51,Google News FT,EU to launch carbon border tax despite opposition from trade partners - Financial Times,https://news.google.com/rss/articles/CBMicEFVX3lxTE8tVDJoVEtlenc0eVA3dWJLN3hfak9xaDE0SVBMUWl5YjFJd1RQVm5DOXdjLTk3aWNTNkk5Z2VCeDN2MTUxQmVISlRocF9mbVdjLUUwMkRISW1Vd3J5dnI5eXlJVm94cnk4T2ZoaGR2b28?oc=5,"Wed, 31 Dec 2025 05:00:36 GMT",
2026-01-02T01:44:51,Google News FT,Year in a word: ‘Peace’ - Financial Times,https://news.google.com/rss/articles/CBMicEFVX3lxTE9nd1JrS1k1YjM0RlY0Mk56QlYtYjE3MlgydmRHaWFEcU9RMl9TTHBtLUk0TmV4UkZXSmlJRG5nZFp6Xy1hX0gzWGtoSE9QTHUySjdRbTc1S2o4WGxjWGJmZkc4elJzWjBjX0lEeTdwUzA?oc=5,"Wed, 31 Dec 2025 05:00:41 GMT",
2026-01-02T01:44:51,Google News FT,How tax trackers influence wealthy Americans’ holiday plans - Financial Times,https://news.google.com/rss/articles/CBMicEFVX3lxTE1jT0Qxek1jbDhRazE3dzlJX1I3Wk1aSnJYMVdidERKTWlCMDJsUXV4eF9JcXoxV1ZBb21GTmpUNG1rb2tnUUMxYlRKdnJ0UV9pOFU4OGtaWE1ETVdQTFA3VXBGYTVtODkxNnd0ZlJDZjk?oc=5,"Fri, 26 Dec 2025 05:00:40 GMT",
2026-01-02T01:44:51,Google News FT,Narendra Modi turns his focus to reforming India’s economy - Financial Times,https://news.google.com/rss/articles/CBMicEFVX3lxTFBoQmNXaXU3RENLUERWYnQ1YVdrZUxDV25nR0g2YjhUVEowcEVURnA3a2xmb0YxY0JVN0dZMmE4cEF1OXRrZzlDZFYzcV9PQjBla09LRXZYaFNQZ2pDQmIzcURDM1IzVVBXTklfNUZyRmo?oc=5,"Tue, 23 Dec 2025 08:00:00 GMT",
2026-01-02T01:44:51,Google News FT,Federal Reserve minutes highlight deep fissures at US central bank - Financial Times,https://news.google.com/rss/articles/CBMicEFVX3lxTFBGc0ZUSEc4bGNzTjhfeTVpWjhVMEM5YjgteUxldVI1Nm1qZjVPRER4UUlXM2dwSFNIaF9Ua25HT1BqWGpoTDZLNFBKZUxhcnJPaXEyT2dLNldLNHlfRi1MZnRzTDZZNDluNUFqSjBTd1k?oc=5,"Tue, 30 Dec 2025 19:12:16 GMT",
2026-01-02T01:44:51,Google News FT,Australia opens trade frontier on its doorstep as counterweight to China - Financial Times,https://news.google.com/rss/articles/CBMicEFVX3lxTE9oV0d3WDFMU0hMZ3d2NW84VUFIWDR6YlVCRFJ0bjAyZEc3enNhaFV1THJvYkI2RzJ5MVdPWWFKMTlwZGpMdlFneERteFZ3NzZXeTdIZ2I3UFlMVnNsTXdlTm8tdHp5UVdzbjhHUGlHd2c?oc=5,"Wed, 31 Dec 2025 02:03:02 GMT",
2026-01-02T01:44:51,Google News FT,Trump’s new special envoy says Greenland should be part of US - Financial Times,https://news.google.com/rss/articles/CBMicEFVX3lxTFB1Vmtmc3pqem9EUUJJUm1QYWE3dEU1Smw3NXdwdEFjTHZ0MmdJWU16aXZ3SHpJcXRyRWRyYV9yTHBkZDVJM1ZSUms2ZktWYkJ4eHhCT0RKNFk1U3VwU0lITUNnelpILUk5VzRxNkNqZnQ?oc=5,"Mon, 22 Dec 2025 07:18:00 GMT",
2026-01-02T01:44:51,Google News FT,Asia’s wealthy turn to Switzerland to park assets - Financial Times,https://news.google.com/rss/articles/CBMicEFVX3lxTE5EREttYWNwNXNfMngzTnhsS3FFd3Zha0lrb0xtQmZXUl9WalVWV1pwTF9jQkNsOE91T2d0RHhXSGJvNElGVlBEX2REelh0RmhsQW96b0x1ZlFPem5PX3JldHhFbmVaWnZhYVl3S25qakU?oc=5,"Tue, 30 Dec 2025 05:00:27 GMT",
2026-01-02T01:44:51,Google News FT,Predicting 2026: Will Trump and Musk officially reunite? - Financial Times,https://news.google.com/rss/articles/CBMicEFVX3lxTE9jeUdoUUwtMDNlRGxOeDlzNHB0NEE5ZkY1SEZwczJDQTdCbVN1LTFlbGRjN2tjZnhDX0x0ejJ3M0cydWlQZ1VmaW8zaWpTTEJ1OV9hRUFNeGc4cW16bi1FeU1YYnlWcU9QdnlFZVU4blA?oc=5,"Wed, 31 Dec 2025 05:00:00 GMT",
2026-01-02T01:44:51,Google News FT,Revived Siemens Energy fends off activist call for wind spin-off - Financial Times,https://news.google.com/rss/articles/CBMicEFVX3lxTE9fU2FOQ0JQSmM5ckRkUmIybzE4MEp1X1lpcjBVdTdsY09fZEFfOEtVcm40LWhpX3Y2ZGpwVTdyaEtEQTJjajcta2J2dUZxQ3V3al9Jd3o5OWl3NE9sTUx3dmlhaUxhT2RCWW40VFh4aWo?oc=5,"Wed, 31 Dec 2025 11:00:10 GMT",
2026-01-02T01:44:51,Google News FT,Role reversal: how foot-dragging France blindsided newly assertive Berlin - Financial Times,https://news.google.com/rss/articles/CBMicEFVX3lxTE5OcHowUTcybHdSa19RZzNhQVl3T20xclB2YU0xQXNTUTVBZjNJaGZvNnEyTlVtY3dCZmNjOF8tWG9Rd2hZc0FINC11aGZlX3V2aFZDUmt2MS0zeHY4a1U3dGdtSVg5VDhqTHJ2azZUd1M?oc=5,"Sat, 20 Dec 2025 08:00:00 GMT",
2026-01-02T01:44:51,Google News FT,"I opened a bookshop. It was the best, worst thing I’ve ever done - Financial Times",https://news.google.com/rss/articles/CBMicEFVX3lxTFBaWTR3bVBrT3VlZGd1MC1jUWNLd0RfMnBldnlZMWZSMHpjVHlZUG1fRmtWdnlwWDZ5T3ZULWtTVkxfU1ZobHJHUDY4cjZOSk9qWkxYbG1GaHBMNUo0dXRRdGptamI4T0lxazVSa1cxYUo?oc=5,"Mon, 15 Dec 2025 08:00:00 GMT",
2026-01-02T01:44:51,Google News FT,Why big online retailers are setting up shop in the real world - Financial Times,https://news.google.com/rss/articles/CBMicEFVX3lxTE82MTFtSVBKMzlwSU82QTJ0Y3dSQUwwZHlKUjV3RzVfMnRVTjNDZ3pJMDB4OEY3b1dmMXc4MWtMQVJIdkhkYkVoY1Mtbkxlc2FrRW9mTEJDUFh6NXV2YmF5VFA0TVdBTkhmVlYtMnplOU4?oc=5,"Tue, 30 Dec 2025 12:32:15 GMT",
2026-01-02T01:44:51,Google News FT,Pop Mart pushes global expansion amid concerns of ‘peak Labubu’ - Financial Times,https://news.google.com/rss/articles/CBMicEFVX3lxTFBzQUZ0U1lDUlRyOTRodTRSRWd2N0FDc3U5NWV3cFhvOGhXMkI3Q0J2YVRoZXpoVnFjWFpjcVJsOElFU2J6Z1V6ejVHbTVDSjAxRlJmdkQtdTJjNnZyOWR1NXBDeVB3NkczLTF1Skc5N3A?oc=5,"Tue, 30 Dec 2025 02:04:26 GMT",
2026-01-02T01:44:51,Google News FT,Javier Milei battles to bring multinationals back to Argentina - Financial Times,https://news.google.com/rss/articles/CBMicEFVX3lxTE1BR2pRWHlkOW11eG5qVEp5cGNXcEM3em56eUdFTVRzZElMRzJYVHdLMzJPOVdyMDhkV2FYTENWYmdwcV9mWDFSS3JpRXJ2WkJlYmhRdENZZENyZS10R0R1TnB4VFB5UGhPOTRtLVpocEE?oc=5,"Wed, 31 Dec 2025 05:00:26 GMT",
2026-01-02T01:44:51,Google News FT,UAE pulls troops from Yemen after rift with Saudi Arabia escalates - Financial Times,https://news.google.com/rss/articles/CBMicEFVX3lxTE9ySHBjXzN3ajBQTERNNXJWYUhIbm5FVU9xdUFVbGRRZzNjVDR1cXRsZnhVdVZjbTlwbVdpQWpMbTAzMl9OSUdmRkF1OEhuOTNNZ2NhOVU3WFpwSmVvYXJjMllCV2xJOEM4b0hZTVZ4bnA?oc=5,"Tue, 30 Dec 2025 08:46:40 GMT",
2026-01-02T01:44:51,Google News FT,Recipe: The Dusty Knuckle’s persimmon and blue cheese salad - Financial Times,https://news.google.com/rss/articles/CBMicEFVX3lxTE1hU1VBeUJRLVpTTlNLdTIzOHJDd2YxbDFmd1lKcWpBUmpvZ2Z6RWlPdk0tZFBMbVpjNWlGSTFHQ0w1VG9YckMxX2ZGck5ENUYzb1ZmLVNTUmlESXZYTHQ3a21GRWctMlpNVnZDcmFmLWM?oc=5,"Thu, 01 Jan 2026 05:00:26 GMT",
2026-01-02T01:44:51,Google News FT,Reasons for youthful cheer - Financial Times,https://news.google.com/rss/articles/CBMicEFVX3lxTE9XRUo0VjRVc2R1SlI4dWlnVGpjLVVJSHFZNWExSHhSX18tYUZtLUM4Um1PNlNUeFpUZTFWelhKYVVLaWxNZUg5VEFobTRJWUpFX1BjNmN5eldIMWViTzVMQTJVbUxSZXhnSENncWg4aTc?oc=5,"Tue, 30 Dec 2025 12:05:39 GMT",
2026-01-02T01:44:51,Google News FT,Can AI really help us find love? - Financial Times,https://news.google.com/rss/articles/CBMicEFVX3lxTE1RZl95WXZ2eFg1NDFZTkRKZEFVeFk0cWREVjN4ZVlmRmFwUlB2bS04UEFZWXdmMkxaLXZkVklGT3VjMHNLNDNwRjVuV2EtWWZSbFBsWEhOcER3WHRyUHF6enkyUGJxNXFDUUwzb1VLMVg?oc=5,"Wed, 31 Dec 2025 05:00:34 GMT",
2026-01-02T01:44:51,Google News FT,Will the new Steam Machine transform the gaming landscape? - Financial Times,https://news.google.com/rss/articles/CBMicEFVX3lxTE04SkdxUEdOTWNwY2l5NEF5Z05tRldKaFZDOERLUWdiZ2NBWUp1RGtMSUtjaDFNYVJscUxGYW9va2U3ZERnSTRsR0ZZcXhhZnZjN3otaUZqN2VUbnkxbTQyZE9TNXVRd2xvRjZNWjlXNDM?oc=5,"Tue, 30 Dec 2025 05:00:42 GMT",
2026-01-02T01:44:51,Google News FT,Tunisian olive oil production to overtake Italy’s after bumper harvests - Financial Times,https://news.google.com/rss/articles/CBMicEFVX3lxTE5oMHAzZnZrdjNialVPQmxZbjZnamwxM3A3bVVLOUYybWhDN2o4c0hIS004RkpydUVZY1VlcXp1WjlaTGRRaHFxcXJrb00tRHhkQW1sczRBUkRZYVpjaVhFMnNJYzNLcDN2SjY2cUdUM1Q?oc=5,"Thu, 01 Jan 2026 05:00:07 GMT",
2026-01-02T01:44:51,Google News FT,Silver price tumbles as record-breaking rally goes into reverse - Financial Times,https://news.google.com/rss/articles/CBMicEFVX3lxTFBLNFExcVpaZzhHWUVyVURFaVlpVFMzbVhxb0NTaW9kRTQ2dl9sbVFJcTRtT0VDUFVsalloaExuQzNNbGlTemR5S1lxX2lSRWdBOXVTeTljaXlBckF1cDBxX3VHX3hsTWZuWGJrOG45bC0?oc=5,"Mon, 29 Dec 2025 16:32:19 GMT",
2026-01-02T01:44:51,Google News FT,Rwanda builds ‘global scale’ mines to shake off conflict mineral label - Financial Times,https://news.google.com/rss/articles/CBMicEFVX3lxTE1xSFRUUFNTcHVraFdBZzlaQjJaR0cyT1pjMFI3dDZMRU9Fd3RPT2ZzWkhsZERYdzBVR0RlRlJuV3NOYVBmZkFYbWcwSno3d0NXOUpEZy1QV2FhT09ZbGhGcW1Lb2ZRV0oyVHUwVFJRVTc?oc=5,"Tue, 30 Dec 2025 05:00:40 GMT",
2026-01-02T01:44:51,Google News FT,Politicians and the romance novel: a love affair - Financial Times,https://news.google.com/rss/articles/CBMicEFVX3lxTE5sWW9GLTNIekc5cTcwWnJlbEVDd0VJOHhvcEd6SWJ1Q1M1ZmR1eDRKZy00MVZ6d3VTTVFTSW5Nd3ZOelUzV1YzeGhDRFpaazVHOFlJS09RTTdmR1dBR2VfcllOdlNISTR1QjZicHBMN1g?oc=5,"Tue, 30 Dec 2025 13:16:23 GMT",
2026-01-02T01:44:51,Google News FT,Wild London TV review — mesmerising urban doc is a true David Attenborough event - Financial Times,https://news.google.com/rss/articles/CBMicEFVX3lxTFBYUTVQcF9ER2xtalpNVEJlcXV0ZGx0UFI5czQyclBSaDgwanJWYm52ZkdkQVFKVWlaNUlSMHo0VklCSnF2TkpkQ3lBUlFDejRzZk91bDNncU9LOGxZZEhFOU9KUnBZdXlpbTFDU0szQkI?oc=5,"Wed, 31 Dec 2025 05:00:36 GMT",
2026-01-02T01:44:51,Google News FT,Eurostar warns of delays after restarting Channel Tunnel services - Financial Times,https://news.google.com/rss/articles/CBMicEFVX3lxTE9ZaHJhanliUUpEY1IyVHA3ZlVZZTRJMGZGYno0WXlWcE5XVUx2WjFIeDVnZVhDZzh4WDNSbmhCdjY1RmZZMi1fQlotbzg4WHkyNmVjc3FlZlRTYkJiSDhQM3hscFZ4a181OU9xbTFSMXc?oc=5,"Tue, 30 Dec 2025 12:28:07 GMT",
2026-01-02T01:44:51,Google News FT,Russian shoppers pay double for sanctions-hit luxury goods from Europe - Financial Times,https://news.google.com/rss/articles/CBMicEFVX3lxTE9sV0RoRVZZWVBMRUNPSGxHWHlXczZDS2VwNzNoYlVRN3lUVEVvc29sa1I0cTBmbzlIMThwRDczS2FnVjdsSFk0ZnlRQS1oQnZINTduNng3bDVRQ2VMR1k2M0U5cFdjZEM1TXdYWTd5M0I?oc=5,"Thu, 01 Jan 2026 05:00:31 GMT",
2026-01-02T01:44:51,Google News FT,Zohran Mamdani’s inauguration speech raises expectations for a ‘new era’ in New York - Financial Times,https://news.google.com/rss/articles/CBMicEFVX3lxTE84bUNLZlNGSGlteWlOSjFLdWNxdmJ0akVZSS12LVZvQUFSTWlYb2lWRml4N0NWc0hJajU1ZTdLc0YtRWdnLVAzajNwS0RZWXI3TUdnaG9rWTUtTGZSMzgyd0RnbHVWdENFem5Mc2FDWGY?oc=5,"Thu, 01 Jan 2026 21:51:26 GMT",
2026-01-02T01:44:51,Google News FT,Iran’s currency ‘turns to ash’ as economy spirals - Financial Times,https://news.google.com/rss/articles/CBMicEFVX3lxTE5rMHp2TWlqUWpHTlpNX3hIWW9JTmxYNVBmZC1NcnBraUF5VkZ5aG1XcXpvX1RwLW53Z3pLaUN3WUh2dm9ybDJJZEhTb1pzMmZ3N1VOb2NWTUFlYU05QUxtZU1JZlNJZXV5WmtYOVhRbnQ?oc=5,"Mon, 29 Dec 2025 16:51:12 GMT",
2026-01-02T01:44:51,Google News FT,Year in a word: cockroaches - Financial Times,https://news.google.com/rss/articles/CBMicEFVX3lxTE9yT0hOM1U0RzZzMW1TNFV1VmxMVUF5ZDJ6Q0M3eWNZemVUdnVVVmlzaERXS1V0dks0UE5TWGl6cHVaOGFnd0U2dG80VWxmVTBWMi1zMDE1NVlMalBROGdVMnRKTkRCTWVGYnJtS2VZb1o?oc=5,"Tue, 30 Dec 2025 05:00:36 GMT",
2026-01-02T01:44:51,Google News FT,Best of Banx 2025 - Financial Times,https://news.google.com/rss/articles/CBMicEFVX3lxTE9NZXhBT0ZuSDNuNTNiLTNLMDdGMEpWNjhtN21iQU00Ylo3blFxMDRNNjItZTlYRzNhSWxEMElkb1AyTXU3UmFfQ2JxSW1BbmQyMEFJR09pLU1IY2I0U0RYTTVqUFc0Nlc2LTlRdVpnQ1I?oc=5,"Tue, 30 Dec 2025 12:43:01 GMT",
2026-01-02T01:44:51,Google News FT,The Belgian company at the heart of a tussle over Russia’s frozen assets - Financial Times,https://news.google.com/rss/articles/CBMicEFVX3lxTE5NUEJfUExQR1AtN1hrZHZCZm1pdUhqMmNHZklGZGEtSTBJd1dhQjJqZW9yRmxWa1M0MUVLa2RCWGYydXpNbzBzdVJydE5aMFNySjdYb0dyTndNSDZlVmdTM19tSjk5OUNFYXh1OW5WcFo?oc=5,"Tue, 30 Dec 2025 05:00:40 GMT",
2026-01-02T03:41:16,Investing.com All News,Oil prices tick up amid geopolitical risks; OPEC+ meeting on tap,https://uk.investing.com/news/commodities-news/oil-prices-tick-up-amid-geopolitical-risks-opec-meeting-on-tap-4435055,2026-01-02 02:24:08,
2026-01-02T03:41:16,Google News Reuters,Samsung Electronics says customers praised competitiveness of HBM4 chip - Reuters,https://news.google.com/rss/articles/CBMisAFBVV95cUxNQ0lHYVhQdERpMlRmbGpXX09OelZfYzNKS1Iya0VZNUZ4WlNxX2E2RU02eFNjbUlOMDdUX09rVFR6WnMyOUpCV1BtTWF2SGJ2R2I5X0lpZUVXRlhDTF9GRXZHVTlNXzFoN0pmb1FDeHhWeUpWWmY2Ullwd1o2VGxvNEJheDFSaVdYOGJvdjBTWDN2WlRWZjc3WGh0N01VYWdKVVRkU0hJdEZ2NE9VT1cxUQ?oc=5,"Fri, 02 Jan 2026 02:26:00 GMT",
2026-01-02T03:41:16,Google News Reuters,North Korea leader Kim Jong Un's daughter makes public visit to state mausoleum - Reuters,https://news.google.com/rss/articles/CBMiygFBVV95cUxPVVdldTA0RkdqZzRvRjItUU5CcGlETXBVSHNnYTA3NzRpUXZ4bjNQUEFSSVotbVFERzRldkVzU1p0S3hSZzJXdEJBclg1THBnOXRndnQ5MmE2bjNvdDRNb2ZkNjBURTZsOVBXUkpiS2djNThkdkROOEZBM2FZaWxaTWtOQTRnZGhsU2xnWDktS1VOdzItakRzZ3p5eUJGSkY5c1ZkeHhwamk4VVQ4b0VYS1hHeVQzQUtVZUtfa2ZQNzNrVTNmLVE3ZGtn?oc=5,"Fri, 02 Jan 2026 02:16:00 GMT",
2026-01-02T03:41:16,Google News Reuters,Dollar makes a soft start to 2026 after sharpest drop in 8 years - Reuters,https://news.google.com/rss/articles/CBMisAFBVV95cUxNWmRaTmxDcEx1eUN2dXFpSVQ3Ti13aGR0TFlEMnlRNDliRUZrVk1rYW9aSVU1SEFhdzdVeTJQVXJNdUk5bS0wZFVjRHJ1bFU4c0U1NGQ0VHpSZGRaNDhNZm1remRhZVVHYVdOUE5JY1VlOXJwNHgzd2JqVmlfdWNhVm1hcU9jNllkaUttcHk1SVNidnpock0wYmV6MmJvYVRwOWhSSF9IeWRIY2tPUzRBeA?oc=5,"Fri, 02 Jan 2026 01:08:00 GMT",
2026-01-02T03:41:16,Google News Reuters,Baidu’s AI chip arm Kunlunxin files confidentially for Hong Kong listing - Reuters,https://news.google.com/rss/articles/CBMivwFBVV95cUxPX0Y3RVBzTEgzQVVwaFBWSVNVbFktMVI5c290M3llcF9KSW5hdGRNOVlWVFh6MzZsWWREOVRkd1pZMHJOcHQ5RVNPd2ZFNkJic09mbS1tMFIxOGxYYWJhZEZibk5RN29ZbDhKdEtMUk10SmVkdlgyVVpwTWRQRFNNRWtaRS1YaUt2VnFwNlNZaGxvOUNCQ2thdWhkang2cTFyUlc1YlRFLVE2d3JJeUpQTWtfM0c2WVJ5eXhYRGhHQQ?oc=5,"Thu, 01 Jan 2026 23:53:18 GMT",
2026-01-02T03:41:16,Google News Reuters,"South Korea factory activity expands on stronger exports, PMI shows - Reuters",https://news.google.com/rss/articles/CBMiugFBVV95cUxOanRkOUlnZW1oM1RSMnFVWG82a011ckhSZzJkWXNaZ0ljZ2tXdU45OXUxM2ExU3NxcExJUzBuNzZwOWUzcWlyUVA2RkFOZ3ktVk4yNzdjdWNNYjNzT2xMWVBYeTJIckZNeFM5NUt6MXZ2clpMZkVQbHJlYVR3dTctSTZ5NkVNdFAxMmdFNGZGZjJSSC11V0t2YmdERU42WGlreU9jXzE3bkxTdEx2R01RMVZiR25oU2lrUEE?oc=5,"Fri, 02 Jan 2026 00:39:49 GMT",
2026-01-02T03:41:16,Google News Reuters,China AI chipmaker Biren soars over 100% on Hong Kong debut as IPO wave builds - Reuters,https://news.google.com/rss/articles/CBMiywFBVV95cUxPdFFzMEhMZmliUklIcmVJSHVzRTJyV09SVTl6a0R5ZUR1WHFlY0o1STAyUk40UVZucWRxdGVuRVF3cXFiZWRJSUN4b1FOaFVrQmV2dV9VTlNHamVfaUpWLXZObmFWWFhoSFIwWFZHMDFBdGlLdWYzQmxwRkxkU19saTBKbk9ZTGRBMlFBREhwUGRFTVRPdnkwWGlQaVZNZHh5d3l0bmZON3gxel9NR2N0VXJqX1I1ZUJ5ckdYdm1PSlozNXdIQjJyUzVDdw?oc=5,"Fri, 02 Jan 2026 02:28:00 GMT",
2026-01-02T03:41:16,Google News Reuters,"Head-on train crash near Peru's Machu Picchu kills driver, injures dozens - Reuters",https://news.google.com/rss/articles/CBMivwFBVV95cUxPSXM2ZGNoZ2RMQnUwcFBhdlN2VmtzMzNUUklfVkYwRENNZ1pJZFVPSUg1NXUzTzZNdWhzMnIxSHpnRUFPQmVJVC0xLXNKcER6Z1BKMVgzYk03MXRFYldXTzBubzYxWlg3SG11T2RKQk9IbjY4ZldRc2ZPNmZsWE4wcE45c2xlell2RDhhYWNWcEp6cmZMVnBVUksxaHhIT0NubHFlTlhZMWhjNlRMakxfdkUyS0F4UXJuSUViSXNkRQ?oc=5,"Wed, 31 Dec 2025 02:43:00 GMT",
2026-01-02T03:41:17,Google News WSJ,"Exclusive | As Signs of Aging Emerge, Trump Responds With Defiance - The Wall Street Journal",https://news.google.com/rss/articles/CBMimgNBVV95cUxPLU5aVzBJTFk0a3RNREgxRWJPNHVWaEpaRXhmWWFKZWlZeXVPNDFUNE8tcTdIWW4wQWs0NjdjbDFkcS1lVVdWWkQ4VnJvclREVVJBdUFyNzRlVWZOTF9HVVpKMzI5SXdSYlVGX3pZNGNtN0o5dTlVRnZkalAzek9NeWQ0Vjh1SFRCTVMxVDVfenJSMERpQmZIUFJTaXhTVzZWSU9lcWRtUlc0T1hSQlZjNXpwX2lZSWpPWFV0TkJZME9lMzdublJMemliWDdVcEtsOGlOUXE3dF9EUm1lN1h4dzZTbzN3V0l3LWViUlVLeTNISWxwb1g4QjRYcFJBVVlBWkFicXBzYXhLbDlaczJtc2tHNy1zVHN6ck9WV2lKd2ViWXhHb25Ld0ZBVVdiTWxHUzAwZzRsZGNsUFRmWmVNQlVxWWJpYkFfc2RydWxabTluYjlad3VidnBLemhsdkpyQ0RocWJmUWJxTGNNNGZKY2w4UWk0aXM1b3hQcHJJbVVfSXVuU3B2NktyT0Rabi1obS01amdCZFJ3UQ?oc=5,"Thu, 01 Jan 2026 21:37:32 GMT",
2026-01-02T03:41:17,Google News WSJ,An Eyelid Lift in Your 30s? Why Younger Women Are Getting ‘Blephs’ - The Wall Street Journal,https://news.google.com/rss/articles/CBMikwNBVV95cUxPSDZ3Q1NrN3VlbEFCRV84eEY4STNjMktSZl96TC0yN1EzQXBjT1oxcTJmU2JaZ2NoNlVfc2pLQ25EeVpwZmhzM1E4VjMxYU83ZE9hU2tZZVZqc3lpaG15MGpmUnNQME50ZFNUdXRoOXdUSjZZTkkxRGp2dURITHZlR3NUbGFhXy04ZWtSTU40YVU0T2xJQjhoVms2bUYyUUJtSFd6WWtmZTlGeExjWEY2blZubUFKYjNRMmtEREhoRUQ3NmJaSk5Xa3pfc1I4VzRSTUc3ZkNCUTBYeTZjbnZWMFhDdnBCcnI1TWhVZ1BQcWN5SEpZZ2pnd0ptY0d5eGtrMDA4YnZHVFZsX1J4bHJrYV9VSm5BbTV5Q0Y4SmlocFhaM0trY2lzMnFZenJHTmhoaW5UdHpTTURoZk9WeWtnRzgtdkkwX3AzcTZ2YlRaaTR0dUM1eVBJcmx2WTRpT0dLY0pIQndvNnlwMWFfOVkxTTJXMG1OcFZPR2duQzJWWC13QkFjNkZKTnpkbWFrT1ZEdlYw?oc=5,"Thu, 01 Jan 2026 15:00:00 GMT",
2026-01-02T03:41:17,Google News WSJ,Opinion | Another Trump Tariff Retreat - The Wall Street Journal,https://news.google.com/rss/articles/CBMihANBVV95cUxOQ2Z2UzNoLU0xc2NlZXJWaldSSlF6WE1USm1IRVFnbUJTa1R5S25aY25nVXN2TVVzMUJHQ1lMRFExX1JQQjdfNGQzcEFXSVRXU0JtNDRqY2xBN3pYNkFka2tmM1I2WjRhbEZpMVZNM29tMFhSVF82bFVXck5mUHpMbXpfdE5Ld3RGZjBhMG85TFNkSTJzdXVpajd4cFZqSldDQnp3OVRPLWlvSHhUMGZPSEhKQm1XWlp2SnA5R00xV0otN3ZMX3BiM1RjSkVzTS16Si1JazZ2UWZyLXFLb2RmSmE0U1ZaU0Q4SjVSMUQ3Wkt2LXF5N3FnbzJvU1ZrUnVndkxzWGhOLWtaQ1V6aGVJTFNLVG1PZW9QSVdzNDUwT2J6YTFHc0dDZVVZLTRrVjJUMktfV0Zzcy04bUprVFg3TWJRLUZzZmtwYWwyNjZuaF9KQ0ZOeUt3Vms4WjFPcm5ablVycjF6U3BhYnJkUzYxNlgzdXA0MHdhcTZrVkdsdDZwSWgz?oc=5,"Thu, 01 Jan 2026 21:15:00 GMT",
2026-01-02T03:41:17,Google News WSJ,Fire at Swiss Ski Resort Kills Roughly 40 - The Wall Street Journal,https://news.google.com/rss/articles/CBMilgNBVV95cUxNRDFTN3JtSXp6bk1UMG9sWDJzcWJvVEdQSGV1SHhYakRXanJmdWhMQlJJTmw0c1VUTzZQZXFTYWdUSC1JVjVnVjUyeGdzOHBiVmVYVWFQaGxIVzdSblFNYWZxcHZuVGI0X1RPSGhMWnVlQjZCU0lOSTIxdi1VZDBaaldXSjQ4aG9DcXZDcVZ0TGJHVXMyaVhELXJfcldwU0phUzAxR3l3Ni1VZE8zelVCaWh4bV9Hd0E3RElveEM2c1J1TGkxaFhwWlQ0VUxEQlR0M1U4ZFJmOXlTQk1oQWhiWUxiWXhxODc4aWVSbFByRlJILXBZTGdjbVBqa1BTTFBfM21yVC1Gdm1jalNONHMtVEJydUZacUNWNHZHYV9LeHcxSGl1Z2phQzhsUTNvYzBkMXlLSlllOGxhSXJ0ampjVHVNQUp5N0JkbHQzV2NuMFV5My02QVpQZWpBQlRuZ3NzVUZJWEdBSU5CRHkyQWgyeVJKZmpfN0JlR3FGM3R5a3paSms0aFBpd3VYZGdGM1lKcEZQODF3?oc=5,"Thu, 01 Jan 2026 17:43:00 GMT",
2026-01-02T03:41:17,Google News WSJ,A Booze Ban Since the ’50s Is Being Quietly Lifted in Saudi Arabia - The Wall Street Journal,https://news.google.com/rss/articles/CBMihwNBVV95cUxOQ0ppZUtQaVk0SDNTT0tnTVpWcE1UU2RHcHZfd2l5OHl1OWs2ZS1xR0JqcThNci1leExvS0p2eW5seXlzQk1hSHpDNUJGQXhWb0JrOW02MmNWWUx4dThpT2hPblRDVlN5a3VlU01aenR2LWJIa2NuZURJbDIyb2FtdWJ4dldGeTd4Ry1CcVMtOExSd3BiaGVpMlIzcm1OamxpYXFERDdqazRzYVlhWHAtRGZ5MVc4ZmExU1RKNGZpMi0wME1SMjdhV1NCem9zWW44cGlUSmJnVVZWWVhGckNzSzFnRWR4TmlUeGNfN25HY1ZPWVV5a2dQbkRhWXVFUUdHakRXVDFFZzVVTlBkalp4WGZOcDZpVnE5QTd4VHZ0MUFxd0VrQTFwYUQtTWgwbUppUDhaV1M3NmRfUDU4bTFpQ0x4WGdIbGlrZ3pna3hxU3prTDdjQ3p0NDlVTEFwajgzczZEb09MUXZOV243VzFtZm4zcFlFZUdsMlhWR05RT0FUQ04tM3M0?oc=5,"Thu, 01 Jan 2026 04:00:00 GMT",
2026-01-02T03:41:17,Google News WSJ,Gold Rises Amid Geopolitical Risks - The Wall Street Journal,https://news.google.com/rss/articles/CBMimwNBVV95cUxPVUd1b0wtVTFOWmhtWUctdkpVSXd4U0Ryc09xX1JaTDZHcTJTZVA5aGZuTWxaaVc0OGVKUURQSVBiMFFzWkFOWnIxWGR4THJncjNlbVluUHo0d1FNaFFQaVctdzZ0alBtbVdDQlVEZllMMk9uMnBFZHZHUEpzRjhOdkN6Sm9tYy0zSDMydV8xQUU0SjM0UXdpSmZjQXpfQTMyZHlyam9WRGdGSDR0TE9SQWgzX1Vsd0FZSEtCU05iZjdSc283cm1mQk9SakhsQ2ZleGdNbEJmbmRod0ZpREpmQVRaRHdwVnd0Qm1OZ1dEUWltTnV4OWxCMmEwZWYxTDBIeHZDUkJQdm1iS3ltREZ1aVdNMXdiZy1WWll1OC1MemQ4SFF0bXdjYTBqOFFVUUJjRENHQXVIWlVkMkQ2bEp5QjQtcjV5Y0J4em1JTmZMTUJ5UTR4S293b0hSb2kxX3VhXzh0OHBmQzBrX2psa3BISkszVDlqMUxfSnBZY0ZuTXAwLU9YeE1HSU1LYUpYV3RvcHcybnJSdTd5YlE?oc=5,"Thu, 01 Jan 2026 23:43:00 GMT",
2026-01-02T03:41:17,Google News WSJ,North Korea’s Kim Welcomes 2026 With a Salute to Russia - The Wall Street Journal,https://news.google.com/rss/articles/CBMinwNBVV95cUxNT3hzY2pYSjVmT05OQlE0bkVkMXhIMkh5MEZ1M1FMT1AwYUZLVTREN01BaUVUc0prMmpLd0tmdGowQjhQamwxZ2NBaV9wMjUyWG43VGViNDdCWmp2N0hwNFEyZkNjYm1QblVvNnYyY0o5bW1GSUNXRWdxSXpZQ3VUYk9kblR4NlRlZmVYeEJtVnhxU0pzclNqeFJQd3Y3YzlrWWhocHNXeGZYWnppV0h5aFNEQ09aeEhnMmZ4Zkg5Z1ljemRPTElEX3dqOEgtV2tKWU5KWlRwVjdFazVZWjJkSjhjQVktTlg4VmtnRGJ3TkNPVFpWSmlSMzEta3YtTUpoVUdpcFBZT2tPZFhpLS1vMFZLTnd4cFFQMXlPbEtIRV9WNFJQRkNzdUxXcVhJQ2NaVjRBLUgtQjdvb1JTbFlwclJnajFLOUc4Qk04RzlWeWcySld2MWxZM0hFUjhCZ19FbDBFUmhFTkRJZUNiMzZwUGx1S2hFdllmQkxfZVR4Vkw2S2UtQThDb1d6S0J4THRkeW55eVdGcFM3WjNqX3ln?oc=5,"Thu, 01 Jan 2026 04:44:00 GMT",
2026-01-02T03:41:17,Google News WSJ,Opinion | How AIDS Helps Cure Cancer - The Wall Street Journal,https://news.google.com/rss/articles/CBMi9gJBVV95cUxQT2Q3VlZwUGFHVWZ4X0VWOTNkZnpUU2hGcVJDdDYyenpMYW9rNU9zV1ctSlBCRER2ZEl2THZpb2V6NFJUeFhpZGhxTGpiLWpVcFVsQlpadDdNSFc5UTNsb2xaamRKMVJ0THhIMzd1YmNvcmsxRG41TzludUpCWUEwMFJ3MklwcnNLQTRBczdSZXFFNXdraWdtclNnZm1jd0xXRzJsWlpjYTdFb1M2RTlQMVdSYTZNUS0yeG1jMUZ4M3lVQ0FrMlZacGxnbTFaeEwzVzRPZ1VRT3g5ajZIdGRQdXloYXB1YWlwQ3p6NE5ZY3oxVkt4cDkzdHg3WGJHelZ2Xy1qV0VHX1M4RFZKY1Q0ZEoyZWlieEV0Q3pQeDZ2YWFNQlQyV0NUb3lmTVNRRlg0TF9BSzM1UVhGd2ozWnlTWTg2NWdNQ20zZ3lTbFRxNzdBS3NQa2ttSEY4UlNHRU5jaTJWSXhTUEFkUGRCRWE1QmtSTHptdw?oc=5,"Thu, 01 Jan 2026 18:33:00 GMT",
2026-01-02T03:41:17,Google News WSJ,China Signals It Won’t Give an Inch to the U.S. in Latin America - The Wall Street Journal,https://news.google.com/rss/articles/CBMirwNBVV95cUxQaGhFdkU0TU5DcENxR093VFNIdGswU3BFN1B2cndjZHYwUzR5UWZ6NGFhbld0eDNLOTJUa2x0NmtmVHFyaGRXal9aSmpWNkJvRGdvcm9fWVhwbjR1UDFPWVNsWmFNTkJhWHMtUHlkOGFMSFFKQUJVbmhmcUdSdHFLa1dhcXhzX3AweGlxQUpsM1dtQUxJZG44M3ZyYzVPbGNMdXRuall3ZDY1RlRZS0Y5UE11YWl4RjhLNmlwbnVkS1FEUWFyeUtKa2VSWGN1UmE5QS1ZYnZIdUxmUU5tNFZadjBULVpWQThOU09mTUVVaWU3YzA1ajRETTdhajlGVmFuSG5jQ0RUYlFnclVjTlJyY2Z1d2htVVhMbTNKemp1eVRQenNkNnlPWHlfaXBucmxqUmFDNUtldWFJNzA3ei1XMVRIV2lnRDZNOXJkUGIydGZBRUJ3bV9BaDRzNWlXcDdRZi1YRlkzU2RtN3l6RXNEWFA5XzAxanQzR2M2UEF3NVQ3aEVZT2c3ZHZqSkNhMjlsREpfRFFZMWg3d2h0YVE3bFJDS3ROcGtJNnpJYUtESQ?oc=5,"Thu, 01 Jan 2026 04:00:00 GMT",
2026-01-02T03:41:17,Google News WSJ,Q&A: Curtis Sliwa - The Wall Street Journal,https://news.google.com/rss/articles/CBMi_gJBVV95cUxQSmtySmVveU9WZElnR280ZS1kRlRyNXByZGRUMVJLSlpJNnVNdGtyTjY0cW81OGE0ZWJldXo0UEdGcFc5b2drTUt1d0Iwcjl5QmF1dFN5bnk1UUxoLUppWDVHUFg2QUVLbzBOTkFsN1A5R2dub3M4V0cxWm9iOXctN3hSVU52UU5lZHVRbXVOMy1IMkc1SklXSjR6Y3JMUXFtaWljdG9CazR5c0tjbWtiZW9WRnZ0QW1TR1JENG1ERVhCU2o0YmxsZzBON0Exb196Q0wxWDc2LUF5ekJHZnQ4MTNjY1hja3kybXB0aVQzbFZLWHFDalItUmdldk12QUNWVUFpNVNYT0hrdW1JVXZ1QXlDRTJFd0MtLUZfSEtNYm9qSWdfQ3NXX2lCQzdsa2JIVjlMWjY0Sm9Vc3BzLVI3YzRDYzRDaFlqRkRkeGI1X1ZjcTNzVXpDMlJXWVdoalRVVmlJbEVDWjdYTjNwbWdtaGxzbl95U2tmQktIUFd3?oc=5,"Thu, 01 Jan 2026 11:45:00 GMT",
2026-01-02T03:41:17,Google News WSJ,"Opinion | China Seeks Power, Not Only Trade - The Wall Street Journal",https://news.google.com/rss/articles/CBMi_gJBVV95cUxNdU9KTGt2TS1ZeHBhYzRMSHdVeFQwOHpiQWNGeHJhdlhGd0Fqejg0SXRUbjJ3eU1pMVlBRlI4M05WNGdHajZjUjdXS1BjaE4wSzE2Q1RIMUVpWFdRZU9PWERwQ0lNOEF2OWoxN0F4Qm42cnN0WlN6dlV0TzQ2aFBmNnl2X0tkaFloZ0Z6b2I3Q1hfZmluYnNMQ3lrSUpuQmxBa0YyUk11b1BPc21hTnBZdW41RURNeTZYY0ZNMG9JMF9HelVhN2d3Y2N2cjlRZGhZY2NqcU4wejNVOEhkVl9WdVV0UlRPLTlweWY5R2VLOWF3SmstaEJXU05yemdodWJUWTYteHE5X1IzZlFqcy1XRk5Valc1RS1EaXF0VXgtYmJ2YWh1ZlFmRlRMSWl4d0hTSWU3bXBydThRdzdsd3FqUWFLdnczNTFucDdxUlo5SWo0RTJiYVlEUDFrRmN5NUdLMkpaY2ZDRHgzUGIzQnYxb0QydVB1RUpTRWprTzl3?oc=5,"Thu, 01 Jan 2026 18:32:00 GMT",
2026-01-02T03:41:17,Google News WSJ,Essay | My Parents’ Secret for Living Well Into Their 90s: Embracing Strangers - The Wall Street Journal,https://news.google.com/rss/articles/CBMiuANBVV95cUxNZG90cXlOTnN0ZTk5X1EzeGxzeEFVbTh6TEFhb2Z1V2FnVFAtVzJJcTFWa2I2YzlqVjR5cmJFNmk4cVp4QWZEY18zdDUxcE0yZGRPeGJPUktwQkhRS21DUU1CcXVaZDJCVGJMTkdNXzlUVTdfRFJVMEc3bUdaZ1RpalJEcU1nWDNRak00WjVabWpsczJnM3gyblp2Q294SUpmSXRnUDFLZ19BV3BSY19kcGVTZHJEUmRVNlYyQnRqbHFKRWRjWG5xd2k5cERaZUlhTXphNDdtYXFwTm9iNDlaR1hqT2gtWnVsOTNkTjlqLVBvcVVuYVBUaEhjSEFOQ0lscS1EeVduZEFJbTRzV0FOVkMtb1J1OXNraXFEYjdCSFJvVlZGek1kbHpvOXJOZGluYWNacnpQOGh1Vkd4MExXS29mWk1wUk5pelNCajJnYTJ3Q3VTdVZMRXNNYXN2Y1JWaFRYdHNuMmNzb2FqY3FCYmJHVVFGWl9MUXBnWS0wcldjQlR6cTNUXzRpdzZrUmxKYmNuMGcyQmtHaXFjUDctVElCYWJNWVVPU2t5eTdqOXR5R2dkbmw4Sg?oc=5,"Thu, 01 Jan 2026 02:00:00 GMT",
2026-01-02T03:41:17,Google News WSJ,Russia’s Strikes on Odesa Aim to Cut Ukraine’s Economic Lifeline - The Wall Street Journal,https://news.google.com/rss/articles/CBMi9gJBVV95cUxPdEVBdERsa05pdUVFclhKdUkzSmZYN1lCaVRrM001Z2hyaVRjOWh0am9YaVlzTEdNUUJkSmg1RjlobjFjeHcwOHpkTGh2RHlCTWIyaW1iNXhHTHNzcWpoOGFFWEVROEVfWlVvbTRvQ0QzejJCM2tvcFZJcFRIdlZVb3BsZHhqU09vTDJmNmlZQlZ4NDNCMmMwbUNVcVAtLVMzdEN6ZHh0c1Y0aXBid2Y1cEpZYzN3ZzQyZXA0LUhsNlNIQ3pUUGJRRTEwNVgtR09kbHMtczBMLXhnUHA1Qkw1QVZvM2ZrTkVWYmgyZW1zT2tGXzF1M0JDYWowLVk2eEdMNHUtem56OWppd2gySHlCZUw0QWM5TTlnM1Q1Q2dMQngtdmx2dnZNX2ZscVc3Tm04UUZsalVySGlhUjdwVF9pbkZGbTN5eTRKVU5UVDI0bjhLbEV0U0hVa2tBUUtEOG1fUUxGa2t1T3M2aUFIbVBfbE91cGg4dw?oc=5,"Thu, 01 Jan 2026 04:00:00 GMT",
2026-01-02T03:41:17,Google News WSJ,Opinion | The K-12 System Isn’t Making Boys Into Men - The Wall Street Journal,https://news.google.com/rss/articles/CBMinwNBVV95cUxQYWdTOHB3bGx2aUhSaXNRMExTeFUwc3ItWjhxdVVvbnp1aVN0Nl9LOHRzbTNYZ3NUUVdyZE51cnVVdWIyOExwSC1ocGZlNXp3cFJqNEVGTEJtT3U5YnBuYnNza2thT0JfTjBVT1EtcEN3endSdHFKazRRamwzckF5Z0ZNOThrd3dQNVpEd0l0eE5aTUpOdmZUWXpTVXlURHh0ZTNjWjI3cnJFX2pVRXFyZDVWX3h3bC1rcGtlQTdTNWFpSEdMM05vaFNGSFZQN29PMHhoam1DUExQRVg3cndKWDZiQVhLMWFDLUJESk1YUWpLNTlmaGVCYmtVWlRIQkVla21pNUJhMVgzeVVTSWcyTUduRnFoVkRqNmFGSjZuQjNlTzlUTUJsMGF3R2trOHBRTUtzVHpIalBCVmRpenQ5SXViekcwaS1RdnlvMHk0aFMxekotSmxnbE9YUXd3VXAtbThqMEhMZDdWQTg1SnhUeUI2QWtSeHEwcXotZi1BV3RNQ09kTVVzWUdnWEVQcUdiQnBLcHk2emswaXAtZ1pN?oc=5,"Thu, 01 Jan 2026 15:08:00 GMT",
2026-01-02T03:41:17,Google News WSJ,Exclusive | U.S. Finds Ukraine Didn’t Target Putin in Drone Strike - The Wall Street Journal,https://news.google.com/rss/articles/CBMisgNBVV95cUxPOW9zajZfYklhU1NPdW5tSEZKMW8xNnROQTB5ZTczOU1vb1dORWI4Y0NEZGF2elJKSE1XUmRHbmFLcHpZZ3R5czN2SWZVellET1Z2Qy1yWTBfc3R1UWI4ejMzQU03a3BocURfVVhqTnJHMGFvVWJGNlVlNXlMbmlhci1Na0lCM3llX19lbXQ2Y1MtSGI3bTlkM2VQYW1yckpLdlM5NjlCakY3OF9MdmVXMDBVWWoxNjJjaE94TUVwc3dNRVh5MGZNLXdOWC1pQzBqQkxaZVZET19RdFFUZl9XWVZRVXA0V2JKUzZ4S1VhT3FyaWp6VlZIQWJRU3hid0tybDh1eXk0TUlwUGFPdkVDQWRaT3dZclFhSm9KbUp4MUY0RXNqUUFIMzR3MU81VTExUmdqUll0NWRQMXJkX2dXVkdRdklnMzhFb3pQZy15SzdGdDM3RVBhVzZUaTlrREJKRWFzNmd3Vk5uT0c0WHlWOUpRc1puTTdZZ3lUNVUycjUxNUxWMFY4SEF3OEZiMk1EMzZrQ3RPd0h6MUpWeDlRRkxJMzZzQm1QbC0xOW9GNTVnQQ?oc=5,"Wed, 31 Dec 2025 23:07:00 GMT",
2026-01-02T03:41:17,Google News WSJ,Exclusive | Saks Prepares for Bankruptcy After Missing Debt Payment - The Wall Street Journal,https://news.google.com/rss/articles/CBMinANBVV95cUxNNXp5NDBHUlI3TE1IZFFBS0cyOG5DUlNPbzJ2Zkx4QzV5bjI4UEloQ1VVUFF3V0c3eElTaExjNjVyOExlQllDRG1vRjJfN3VYV2FnRFVpdGJrZWVHd29fLUljNGRyUlFVMHB6eGxiUjhiVnBiaWhpSk1EWldVTFppbTlDd09SYjFQeno1dmY3SkNBczNTZk9rRUpmMG9BZ3JELV9BamktM0xwQ1R3dmRHYnhxQjRYbDdVamxVMWxBTkVDUng2Y3F5RFk0bUt0Y05wdG84V1pabUFvNkY4LWRVRTQyenQyZGRLa3haUzRPbUluNVAxSlA0bWZtSkRRREJZbERkMXZ6MG9yX21FdDNrZGxNTVhpYkliUEw1YlBxTS1NVDE5emZhR2UtSHNIR2ZyWGRTc3h2amp5cjVtcmNDeGl1LU9hRV9GT05nODd4WUxxdzBHVUhSYWMzYnMtV2pGYllXNmdLRWZGd3Bjcll2MlpGM0VtS2FmbV9iSXNkMVhpaVoxRFFYc1FwdnhqeURrNVJIRmMxTkRhd3Ja?oc=5,"Wed, 31 Dec 2025 21:14:00 GMT",
2026-01-02T03:41:17,Google News WSJ,Iran Says Regime Loyalist Killed as Protests Turn Violent - The Wall Street Journal,https://news.google.com/rss/articles/CBMiugNBVV95cUxQWGk5dC1iQThDVk03NUZsSTdpdzRuWDhZZ0ItS1AtLUxaZ0xmTVU1Nk9uMDZEbTNqUjhCOE5OMkx4VlpLbXZzNUQ4ZjJ4LXhlRUVxcDluamxlQ3ZVTWRySnhCbjU5SVN2MTBScU10NlRPWlpxUmdkYk9mdGo3SktZZzNyeVBYcTNTTHp0c2NxdW5mcm96MVdqbkxjQzFfQTc4ME41eHR2dU1uQWtrWWN1Z2ZMSXJMd01kSmw0WTJqTm8xWnlyM1pJZ1lyUnVXcFVOQVRXWVp3YnVhMTRGUEVwalhjSW1xZWJTOU9ENGIzM2drbE9uYUp2bk5IcXZjOE1RWUZTU0JMZThOT2lYYUhwMHdGQkZwNG8zclBGSTRUSE9EY0hqQUE2R0dGU2VFVHFDVUgxVTdSLVRkUUF5YUNlZHF2UVA0ckM1bWFsb3k2TG5EcE5pRG9haFZoOThlVGtSczY5ZWMwcnJQMjRjSDBzSUgwRm9wMWtHQmhvdHhyZldjeThRSUFGVTlfcEMxUmY1UGxYZ1NiRXo0ZDZibU9nLTJ0ekszdmJ2NzBKc2Q5T2Q1SUxuTW90a0ZB?oc=5,"Wed, 31 Dec 2025 23:36:00 GMT",
2026-01-02T03:41:17,Google News WSJ,Boston Went Big on Luxury Condos. The Buyers Didn’t Show Up. - The Wall Street Journal,https://news.google.com/rss/articles/CBMiiwNBVV95cUxQN0lvOHFmb056YjV4VzlPNzJQU1BLcjR4d2JGN0NBSVlHTkNlNWZhaEtVbGh0cGxfT3cwSGtPNW5fMTd4UGluYzVJT2VQX0xiUFNhVFptX05STENqWUlEUlhaWGhaS1A3OGNNWC1Xb2s1T2pENmRHblR3VGhoQTdiV283M0c3OGViYnp5anJXTjZhWkpHeXNsWjRpZUFXdVEyNXloc3Uwa3hxX19GekNnOGgwZGJoQmNIT3VDX2t6cjc0S1U5cTR2QnlSY2dmcGptQU8wZmdmU0hZbHZXV2ZxRWdzUjg4Y195TVVTd3VtY2g5dE5XeC1lOTNWaE5oekMyRi1FWGcwWExWMFN0T0FWRzY2dXVTd2Rub1ZtVTNWc3pTMWEzRlBVeURQUmd1SnFHVHRrNkoxM29iMk43NFQzdWU0TXRWWDJtUnEyUVQ0LXVkR004YlpaVTBRUm5STmY2Mm1xcmhrdUt2N0w4RXhsRkRSMElQVVNoVnpCSWkxaTRLVWpZSWt4dk5abw?oc=5,"Thu, 01 Jan 2026 07:08:42 GMT",
2026-01-02T03:41:17,Google News WSJ,Suddenly Everyone Is Scared to Dance at Concerts and Clubs - The Wall Street Journal,https://news.google.com/rss/articles/CBMikgNBVV95cUxPeWQ5aHBGTzVkdmNjZDMwRVJSQU1LdXVvb0VKQ3hTYTU5ZHY1ZW9OOEhSVVI0cGdPNnhJOVdHN3BhT0FWcWhlTmdJU3pRdkFYZFpkZXUzR1NLSkRLVVVKeXZUR3Q1RXRneG5aUDlCWEs1TWszdDZubTV6eHdqcG0ybmVGczFYeUEtR09wNVZoaVBVcG4tQ1paX24xM3dLSXNndXlQVWh0dW1SdFVHeG1LRGFwa0NLMHdTNXo3THhSNi12SGVWS3N5dkpZNzZWdURETC1qaTFIQ1h6dzQyb1U3eGRPOFJHdUJIYUE3NDVHSnhGU25PNUlIcFdvV0pjemVydnJUOU9YdlJ0QkFqMFFzdWJFcGVHV3R2N2dQbXd5LWwyU3VJUWlEV253QUEzeTZ0S05wTVBsN19CdWRQTHUtUW92T3BRS0sydERwQkZsUDdIb2p2MUZoQmVjWF9CWUNvaUVIQnN5UXg4WEk1X29UY3BOZDIzeVdxWjZoTkVYTU1ja1JTdEtpT3d2MFdJMnJVSlE?oc=5,"Wed, 31 Dec 2025 10:30:00 GMT",
2026-01-02T03:41:17,Google News WSJ,"A Shrimper, a Carmaker, a Lawyer: How the World Tackled Trump’s Trade War - The Wall Street Journal",https://news.google.com/rss/articles/CBMiigNBVV95cUxQN0N1T0ZvSHY3enAzYVBOT21jSGJIc3lCck9EMUs5NVlaaGdBQTdpcWppVHd1RWtzSXZSdTN2NXhJZGY2T19Wc2pOQjYwazR6QjZHak1NY2VWYTRzelgyc3Q5QlNkS1BaYnhMbUtqY2ZWQlRvdlJ5cDNHNG81b3ZiRmVZaVVldFN4UkYxMjNaUng3U21UQTRoX1o3a3c1eW56NUNnalhHc3hveHFSU3A5dkdvNlF6VE1HVGV4YlJzQjlyYmdpcjZ4UHFxVzFBMEtGMkhIY0NpRkdMdHpuMEpYdFpOM0RScGJIcm82OEJJLVEwQ0Y2TGR0dUs1RWt4Y3RXbDRVN2I3cGdBSzJodEE0aFJPZnkwRUw3d0dCSFdvc1RHUlJkY2ZMclhYVHg2UU16aVA5aHJyM0JvQnFNeGlQMVZyc0Y2TTBKWklKdEotNVFfdjRjTHRsUU50VGJoUTdEN1g2UlEyVGQ1clNNTmw3SVlOR2l6S0h0THUtcWphSFB5RFl0VlFYMUxR?oc=5,"Thu, 01 Jan 2026 23:10:11 GMT",
2026-01-02T03:41:17,Google News WSJ,The 94-Year-Old Author Sharing Her Tips on the ‘Final Fifth’ of Life - The Wall Street Journal,https://news.google.com/rss/articles/CBMitgNBVV95cUxOYUUydFktMEtKTmI3M1AyazhhMHFFMDRSOFo4aTRfLV9DaWg3UjljeERpaTJIc2lsMmtCaFR1M09lYng0SWxITXNNQ0l1VGhxaWpyQ3Q2eWo4bWt6U3N4dWRMaGZFTmY3VHJhYTlOLXUzZ3g2dUMtS3pzWUprVlNHaE5fYmlqc1FORWVzSW80WE5iRmVDVnZWb2lqQ0JvamJqT1lhOW9tNjhoSVVFR0pDWldxcHF3NW5NQk51YTIxOGZNNUZ6Um5SR3RmUHUxeVV3NlcxcDM4LWJORGVELUNvRkdBZkhqbGdsQXNudlNaR1JWYWhPVWtuUHprajZIbVphQU02bDVPdVhCdElwTE9JZE84RTZiS2tHY0I5dnlCNjd0SFdsM1lvZFBicTdRRy1QN1p0dTAzSTF6Mk43cHpMcndEQ0FndzhMWWxEREY2c2N4WGo1UThJZVRTeDdlVDI3ak11UFZxMkJIcE12RHQzOEYwUFZmWl9UNVVfYWJlYmVSakJyVF9zaE1DYVlOWExXV3pVbzJsclk0R0tTNXVYR1BCR1dCdVBXOWMxdC1jTGRQYXk0R3c?oc=5,"Wed, 31 Dec 2025 15:30:00 GMT",
2026-01-02T03:41:17,Google News WSJ,Five Challenges Mamdani Faces on Day 1 as NYC Mayor - The Wall Street Journal,https://news.google.com/rss/articles/CBMiggNBVV95cUxNSmRCZXRCbTA5OGlaSG9hMEE2WHlDc205VDJra2VjRFdIYXpEdEllelQxVVZfSVVlY3pITndIVl9Dem5CdkdSckRXT1QwZzRMQkl5Zl9WbmtGMmM1UXZDS1I4TVNaWllBdGlNU0xJLW1uZjAzTlNrZDJQaER3dE9zS2dMR2hFQ1ZuQ0ljNGdVTWZJaEVsWUtwWDBvSUJhMUEyYWpUOHdxOWw3NnRLWHVBLTROTTdkMlFGd3FraS1DbkFITExsM2FkMzE4QjhtNkdYSzF3bWNMcWZmdEJFQlVNS3R3MW5BbGVxSEVpd1pPUzItN0Yxb2hMNWV3ZjgtM3FtT09FMkJpUVRjN0JJX1FPMmN1M1pNdTZOZXNWcHdhV1dac2ZrZmJ2Q3FlVElHSmNtRzZTdjBvc3ZUQmdaekdOTTkwNDZZVXNheUh2VzBHdklITVZDTE93cDZjdUE4RVZRTjlrdG9WXy1jOWl2ek11SDdaUGtORjZVaGJ2V3N0RHlKUQ?oc=5,"Wed, 31 Dec 2025 10:00:00 GMT",
2026-01-02T03:41:17,Google News WSJ,Opinion | The Best ‘Land Acknowledgment’ of Them All - The Wall Street Journal,https://news.google.com/rss/articles/CBMirgNBVV95cUxQX1BRTzJBY1NGekF1ME1MQ2NJUHpiS2xwUHRnWEJYeC02b0tDTHY3cFItS2hwMjh4REhTc2toR2V1NmI3REJrU0ZKVk85bko4LVRma01CeTlON3JUWW5jT2hXQXE0WUtfM3h6VUJRLXhQcEhyd0k4LWh3NHIwR1k4OWxCLVJ3WnVuTU1jZzZ4MEpOb0diWTFhZ0F5a01nRWVhNHJsR00xTkw3emZKWjllT0FKbFhyVmlfN2V6VUdPWXotcTIwa2pOcVBjem03bE1GNExkYXotd0duNmNKZVUwODREQUVmQ0VFcjljZTlnaFRkREkyMll2U2hNLXVrbHdSUEhDSnctT0N0cHdwc2NCQ2h4QV9xdnNkYmpsWXRxWVBoWTBsMzkyWjA5Z1RjVDVFbDRKMjdvMjZYUThpZEJCRWxURTRhSmlobkcxTjFPbWlKUmQzTGRuZmJGYWRiS0xKVl9LbDFIN19ZODZKNk5ubjJqN3k0R2YyZllHNnAtNDZIUUlTdUYwRV94cVl2OHhsd2h0eFlOUUphNVB0SWZxZDRvZEFGcURLQV9CS1Jn?oc=5,"Thu, 01 Jan 2026 15:08:00 GMT",
2026-01-02T03:41:17,Google News WSJ,Why ‘Do-It-Yourself’ Religion Falls Short - The Wall Street Journal,https://news.google.com/rss/articles/CBMinANBVV95cUxOZ0Q4SC1yUExzT0VuQ1M2R2JKRWFRdEpXSDg2MHFRRnRvUktkQkwyT0xaV2Q4cUVwY2dJaEotTnpVUHNLN2s2ZkNRaVdhczBWZy1OYlNNRUFEQ2pOaHRUZzFFZTFOSzN0SFdhOE5wZWJaSmgzM2E3M1FNaGFhWG1Fdml0ejNqMEx1UUJoTFBqcGQ0clk3UVN1TmpGenZ5VUljeUFxbTdjdXU1UTBaNXV0TnNHUmw1RlJRbDllRmtkNEtmNVd5TDZRaVd6UWdnc2U0N2RHTVZSSE9JM29YWldLTWhKZHdkd3ZzN1Q0Q1pPUUNLWGczN0NLNGxfdlZFRmI2UDgyVEI2Y2hWMXI4MFBQZmFCUTBkVWZKUzQ4anJUUUNRcXdmcURDUEtzaEY1SkYxQTQzdFU2bHBRN1ZscWw0YWg3M3R0WTdaR0hCbnNEeDFNZXBpd19FQ0F5MlZaZFVnWk5KeWxQODY4LTFaYzMxRUNmWXp1Q1p3VEQzM1J6ajQ0WFBXWjNIUHlpbjBKZkRrM2o4QmZpVkthU2Mx?oc=5,"Wed, 31 Dec 2025 12:05:00 GMT",
2026-01-02T03:41:17,Google News WSJ,Five Takeaways From China’s Military Drills Around Taiwan - The Wall Street Journal,https://news.google.com/rss/articles/CBMiogNBVV95cUxNSnRqZEFqV3NHZWRWTklfWVBURXhjWmlXVUVoeVJ2WHNNYkhSNTJXVjBLVV9ydUV3TGdIb3ByMVZNV3EyWFk4S3A1NW1yYy1sZldOUkhmeWxtclVEX0VRdXFocVNTMjFFamI2d1JlRzU3TVBrRDRZTlg1R0JmUTB1dEtyV01BWEdqOEZVZ2Q0QkVid1VNdmFaLXNwZzA0S044LWVVY3NQeVVKZGp5dExnM2RleUNPcGtJazhaXzlILXVTZDcxZzNub0NoQVl0akxDa25TakE5Wk9UajF6SjlHa3kzYTZ5aVh3OXU5WlZhX2VuSGpDQWJ4aXpvZXQ5SG5hczdhU3RMYVdWTWd1UVRabmVuMzBFZndJTTVnZFYxckM3dTBDdDNHTlY0OWk5dXg1SmxIX3pneXhLZ3RuaW9zRy13Z0RFcVZwN3hzZUlYbU5PZURtWGItQWtLWV9WalN5OTJaVjllYV9ZQTNpbVNOS0FNUUpEU25xbXhFdEJ1S0JxRjBqSDFHTGJjXzFMaG1LejFUQk9Kb1VEc2ZScVJaQmFB?oc=5,"Wed, 31 Dec 2025 10:53:00 GMT",
2026-01-02T03:41:17,Google News WSJ,Essay | I Should Have Kept My Kids’ ‘Elmer the Elephant’ Plate - The Wall Street Journal,https://news.google.com/rss/articles/CBMipgNBVV95cUxNRzBsYkNXQnR1bmVrOFg4cmpRWVlxQnJlZjdEMnRZalZrWXZIdTN6SnNUUEQ0a3VUYlplRGdaUFozMDFNTy0xS1BHSW8zQU4ybHlsRzMtTEFrcllhVlN2U2hkMkdkYXpvdmxOcEQ4OXI2M0Q2b2tkLTN3bl9xSUlFUXFSY3pYVUhadGNuRnlEcUIwSUp0NUotbFZCYUN1cm9ka0gtaGxHVVJoUHNIUHF2VUl1aE43cElEd2JQZTBCY1ZfbGtVNUItR3hzZ3NjVTMweFpwdDRhX1FUdDBXeHY0M0J6dGdLR1NjV2swWDl4WmNtZlNES0pKdXpUcVA5dklnSGttUzNBandleEFKZHBmZnc2LUxqOE54cWtYbERQYnVObTJBLS1jam91QTV6WkNVdzQwSG5XSC1IUldCbnl6enJLMVZrcUhPanR0dkJuUkZSaE5ldVNBVkhGT0FzTjhwOUF2b1J3UHh3clk1MHpVZTc3NG41cEVzZF9OdmNPcEtVNlFJd2YxQlRJZGwyQU1NVVV6WVlpV3NfYVZlVm9DbWVMOFcxZw?oc=5,"Thu, 01 Jan 2026 14:00:00 GMT",
2026-01-02T03:41:17,Google News WSJ,Opinion | Why the Heritage Foundation Is in the Arena - The Wall Street Journal,https://news.google.com/rss/articles/CBMivwNBVV95cUxNanF4VlEwc3M5UzZQTE0waGdBVUV4TElXSmF0OUFEOWFDcnNKZ3JkVFhVQzYteTQ2NndIMXVvcGFuX0NYVUw5eUMyWE10Rk93bnp1V294bkZ1Sld4M3hEajV5a0lrZVkyZng5T3VWWWlGNkVfWlV5Vkp1cXRMTDhHOG43Y2pibmE3WTBkeWtWZU02VnZYLS1jcjctUng5amFaRGpzWm1EM1NWWF9US3dVcENqaXI3LXJrZmx3cGUtSGQ5Mm8tSkFsY0d4Z21OTGRxc21WeXh4RjhucF9GeDQ0enlsZFNOZkJ6QkZVMUxva0gzTU9KUFNLa2h3WEZQV0JJR1NkN1l6NEpEYW9laE9YbVVqS0ZKN2J6QlJCRlRHb0N6VHNDcFpHZzdTTTYxOXFLRkJ0MDFKLVpBSDdGOGx1X254RjBOVF9kVE8ydDFpZ0JuTEIyVjlyZUR4Y2FvM2JLT29vWldHLXJwNThvSzczM19zQngyVkZwX3huMl9wVEZYYWc4U0JEV2ZwalRKZ2w4ZjBLMWRlcDd5b1ZaWVl5eWxrMVFDdW55U0FlNFZjVUN4N3d4aXItR3k1dnE0MTQ?oc=5,"Thu, 01 Jan 2026 15:10:00 GMT",
2026-01-02T03:41:17,Google News WSJ,Exclusive | The Incident That Prompted Trump to Ban Epstein From Mar-a-Lago’s Spa - The Wall Street Journal,https://news.google.com/rss/articles/CBMi-AJBVV95cUxPQzFnS2dZeGpvSGhsRUhXM1RRVUF2bHBObS0td2I1czBCUWVpR0hwemlRb0JrSlpKaU03OEFuTDl5UFZSUUZuRE5kcXlxVXlVbEpLUDhtS3ZFYUpDVlZ1S2h3YndKQjc2ek5JRVZRdVhvakYzcmNoZ1ZyUEd2aWtydUtrdDJKclRUbU9zSUxvd2lmMm50anBIbWZZd01qcGptZDl1MGZPVEZEYnp2Q3UwQTI4VFRtYUZKNHIxM0FuNU9NTVRRdHhpWElsMUlKZFVEaUV1aXhLMVlJVWxnQ2ZxUDlHeTVmbmFCVkZRZHFkdExhWlM0aEtvTmt6TjVBX2x1aGs4QjJXeG1iVDRqSVJ2ZDVUcVZHLWNldTZuSGNnb2VmYXVNWVZ4cU56S1JOVmpPdDVXZ3ZlWUJYUTZ6cDc5Y1JXS253cWx6RnlPdWxwbWx5ZkNYSVNIdVBoZ0ZhanQ3UnR1SWlNeXMyVEN1a2liYWZ5OEg4Y2VI?oc=5,"Wed, 31 Dec 2025 02:00:00 GMT",
2026-01-02T03:41:17,Google News WSJ,8 Books to Read: The Best Reviews of December - The Wall Street Journal,https://news.google.com/rss/articles/CBMinANBVV95cUxQbUgzM0YwRHdUVUVvOS1zTGJPVnYxZGZkdEJybGFNWlZkS1VSSWd2aUMxOVJaaGwzN29KdzFWUGt4SnVzY1lISVhEdEEzWEtsbXRhRk56dnJmX0ctWnJ3aUFsT19wbmJvTzRBN3lhM19aVkRWNE1wQTYwOEJXbHhEcVdudnVMOG84cGV3NHlSSWN1N3htbXNWNmZWWDRJSDVYRDZUcXNYYURucWlndnhPUGtQTXk5aTBQWTZLaG5ESGJxOF9HYXB4Qlphc3B4Z0dXZlVaeXpyQ0laMHFucmRoLVZuRTZleElGa2JrX2RFRGdmemJhdG0tdjR0MXRDaUFQZVRxaG81eHN2VkcxcC14RzZBTjRVNmFVRUpUNWhTOTlxR0h4VkdQdUVvLTMyd2F6eGRxb1NqWEtNcG8zeTF1WHBRd2ZZdnp4ZW5UQ1FiaE56cnI3ZFFNVFNITlNIZWl3aVJhNVZlZzRzMzlPMHdtU2o5RmkyWXhPQ19GZlpQSWN6cEFGLTJ1WnJGdE1zNThrNzF1VTE2dEtYYUhJ?oc=5,"Wed, 31 Dec 2025 13:00:00 GMT",
2026-01-02T03:41:17,Google News WSJ,Tech Startups Are Handing Out Free Nicotine Pouches to Boost Productivity - The Wall Street Journal,https://news.google.com/rss/articles/CBMisANBVV95cUxQMVloOG1ZNmFmeHlpekZTNWVHZE5paFBPbnRsdlpoanJBSWM3Mkh0bXJxbVQtLTNLd1l3TjNvY1NhZDU5Vk10czZZLXNHYUFLeGFpWEVXRXlneEpMY2VkNXNWYkMyM1o3Z2lwcnlqNUF0Rm1qam9PU1Bzd3UyR1dsem5CR1hlUlhVTEYtVHBiMUxPR1ZZZC01TWJQOXI3czd1cmN1NGdFOUc3Uzl0dHpIYlFOVDZuTWFDM0s0RWNucmFMQ0FpM2VjYkRSSlNMUjB1d0xDTlkwRnNQUXhuVWhWMFhIX1hmLWV3SkVlMHQ4b1RxUHROWWNWYzZjaWM4dk9Sb05obHhKWkJzeXlUN0ZtYWRXRlNKYzAxUmdCUkpzU2cxc0I0bE53bEloMnpOREl0WERVdUVNcEs1S1lpaEV2RWlBSy02WGJYOUZUTVpRb3FOZW5lRDU3WU5PMkh0aThqTDdfUGx2NFVVTnlNak0wSU1pUXpfeGVseDNGa2YzWV9hcnRnOTFaeU44Y2Npam5tbEtCTU5ZUWJrZmdUM2pRN2FfOFl3bllTcGJ6X2dUSzQ?oc=5,"Wed, 31 Dec 2025 17:03:29 GMT",
2026-01-02T03:41:17,Google News WSJ,How Meta’s Newest Acquisition Target Got Around Worries Over Its Ties to China - The Wall Street Journal,https://news.google.com/rss/articles/CBMiugNBVV95cUxOLWFKMUlaeXVpbWMtVnJwbmFuOFItemc0Tm1XbXdSRngzR0ZWNDFTUklFMjk1V3hXVkxNNzlXeHJYM0VlTl92NlBwMFpoTGZ6QXdMMkt3bzdNWEVwajJ2UE5uLWZCUU12cWxWT19TaTByblAzajRSS08zZjBwNkJ1ZUdXLU44eWo0T1ZkX0Zqa1BMYWplaEdOQVFlQVlPTnFjZDlJV1J0S1NIdXdZZFN2WlBobkpkS0puUGRZOGRVRTExRlFfSTN4aUNLbG9WS0xjaVpJcHpmeWtmMmxyNnFURGFnTTQzZ0txQnpRX0FvY1BramZhVXZtems4NW1ETEFRSkZZcm5pT3l6ZnRNZ2J4M1g5U3o2bFRfVUJvcTdwTDRxM2MwTHlwSFpzbnBBSEJGdnRRSUEwVHdVWnRtYWRJdWlLR1V1YUp5V2hCdkltM3hzeXMwcWdocjdSQ0JJbjc4VkpqQ0d2M0VqY3FJOUk0bE5XZHJXc1oyWGxxM1ZIbnV5YVhLalJlWWRSR2JyQ2s5VFhxcDMwQkhDTzNFVEQ3bGFBbi00aTdKOWNKZV9GbDJXYXFMTy1sUlB3?oc=5,"Wed, 31 Dec 2025 05:01:00 GMT",
2026-01-02T03:41:17,Google News WSJ,OpenAI Is Paying Employees More Than Any Major Tech Startup in History - The Wall Street Journal,https://news.google.com/rss/articles/CBMisANBVV95cUxOYjktTlhZMWp2a09DLUNnOHhKVVRTU0tfeHZXN25hdUxCNVZPaUNuQU9WVVdCSGUzdmJUd0F0d1U0MkhFdUg2ZjNYTWh5QnlyblpVTVI2b2VTbnVNR21QRGIyU2M3Z2RzVW5meWVvVkhzcXBMLTJ6b1pMeFY2ZnJycWhDakVfelAwMXp1WFM5OV9kYmJEd2JMNXVlcjdtZm5lb3RZRmdBNDN1ODRLTkJJdkJLMGFDdWozb0ZMQzd6NG5CcVF3UkFNUEtrZDd1T2xKbEw2MVhzSjNiLXd6cnh6aGlmaERKM1VtODVrMFZhWmVyejcwcHFTX255d2tWNGpTVXBSZjFFeWduTXFwekpFdHk3NkRWMlNlX2NXbU5rd25NYkJKb2VwazdjUUQ5U2Zac216cldvS1VpMkNHaWlsZ1ZxU3NMRFpaS0M1UVlIRm5fZzlRY3ZoTTY1QUhGdXRFQ192dDk3WC1pZkY3VVZEejQ4M0FIV2RyOER0c21RSm1rRHJlblU1NEc4QjAzZlJDZlloUFYwREhKNnhxZlJEandtSjFuLU5za0JJREVkbEk?oc=5,"Wed, 31 Dec 2025 01:30:00 GMT",
2026-01-02T03:41:17,Google News WSJ,Oil Tanker Pursued by the U.S. Appears to Claim Russian Protection - The Wall Street Journal,https://news.google.com/rss/articles/CBMiwwNBVV95cUxNTWZuTVA1c2tNNk5RdEVlWnJ1UVRxMVlIR3hDczRNUTNJeEJVZEVxLXdqc00zZWdvQTNYUTFvYXlYRkRtOG10bi1ZdmR4OHJ0Y2FYbXNjSkhxSDFJV0NiUFRJQ1JIemhLQXRtamc4OFlIVHpsVTh1YmZRbWZBN1p3eHctUU9NN0hnZDNOcjd1Y0JuOXBsekdadWJhMFE3NkJhMnJSQUxLa1pMYjdwTk9wRzczSzQwTkxfRXFQSlI4YzBDdXpIdG05STF2dmFmSkVFM2V5OS0wbndxRnJ3SkRuNDBSOEdwa3NPRFJUVUlaOVJWT3hwWHdtR1k4a25FNWdBNS1JZkF6STNtZjIzdG9IZnVCWl9ZOEJGVk9Cci1FcjhiUnpxLU9UTUFnTXdDZWlZVHNMUkpsdWpFMFhLWVZlVGlONnJnTHAyS1JaVFgxZDZsWE8yQW5JNk9kNDRwYml6S3B5ZGg5Ym96Ulotb19BTTIzY2djWTZUMHZ5ZWdfZFpxbTJza3FSajUwSTdlOHhmenRSLTdKandpWUxnV1JrT1VpN1VnQWREVklBTU55NkpsbTZEelUtNlpoVnBLcFY3OEhJ?oc=5,"Wed, 31 Dec 2025 02:30:00 GMT",
2026-01-02T03:41:17,Google News WSJ,‘Intentional’ Review: Tricks to Stay on Track - The Wall Street Journal,https://news.google.com/rss/articles/CBMimgNBVV95cUxPZE5RejFZX1R1d3RUMU8yOVlfWGlIVTdKSThmODR1RkFGbTkta3NlMFRndG1FdE9RTVNrbFVXY3hRLWFPbTVoR1dESkQweVNpdTdIclpHVVByTE9LRkFJTlBSQnpjQnd4SkZFYUVheElJMzdWQkNpZGJjaDFsV3VWZ1NMTE55akRFbVZTcXRnTVQ1R0xaRzduclJPX0FDT1Q1MUZSYk5LSlU5QmdiR3o1N1g0bjFic0N5QV9pQVRoQXh0aXhaOG9HeFEyaHlFbjNnZVY1SHk1eFBzaENTRE5PcUpKdXBwSTZuYW9OQWZmek9Pakh2SXRMX2g4cTcyeEpiTFAzamZDcDJRWTUzMzNZLUdSRS0zZ3ZCYWZjLWJ2cmI1Q0ppUE1uRGN5Vzhvbmx1YXhhRUZyajY5RjlCc3M4VTY3SUg1V1FwVnI0TlJxQWg1aGswQnFnaG1oVU1ndnB5cGZfT2daS2QxVEF0ODdsOWV2a0VQQzl5NERtUVZKRzR6TWczTC10TkE1R3o1WjM0QzVPSTlVZ2h6Zw?oc=5,"Thu, 01 Jan 2026 18:03:00 GMT",
2026-01-02T03:41:17,Google News WSJ,"Stock Market News, Dec. 31, 2025: Silver Prices Slide; Dow Inches Lower to End 2025 - The Wall Street Journal",https://news.google.com/rss/articles/CBMijANBVV95cUxPQXRKdEk3RlJnSWp6OW5NR2dvWjJibWRlbXhraXRvRGFWZ3JCaEZYTjhpb0ZlZVpKTVBzUllfcWJpRDIwMGMtSUYyODNKUGY0RXpVOEo4bXpSclh3ZnlYYjNBZUpjYW9mQzAtekpvNTlBUzkyS3ZTLVMwcGtTU3oweFFlTGpuU0w3eUJ4dlJtdUpkelZkR19jNTlVei1mWGZINVNhekFTdi1MY3VFenpheFh4TE4zWkJxSmlsTHZPWmt5RmRXcGREMDhibERlVE1lNVEyUlFld3RGT2U5UlVwaU9iTGpuMTMzUFRsMXlIWExDZHczZlBhcjUxVWloQ3VpQWZJSk1SbENYVVJTbWJYaTJKdzY0TVVuTWZjWmQwR29BOE5FeVRqYTJ5bFlQRmpvVG9sSWxtbWJMYk1taFpyVGNpN0U2Wjh5ajlfRFZ1cW80amF1aU1ZYlFjVlVKaGFXVmFldUFWZGNZZFRpZ21BSE9ELTRMbjRhcG1fOVdDYlpzN0ZHenFHUUJGWDY?oc=5,"Thu, 01 Jan 2026 02:42:00 GMT",
2026-01-02T03:41:17,Google News WSJ,Ukraine Now Has Europe’s Biggest Military. What Happens to It When the War Ends? - The Wall Street Journal,https://news.google.com/rss/articles/CBMi-wJBVV95cUxNckNvR1VyWlVaalQwaEhLcXl3SzNObi1iNWhQQ0dISFlmRV9yY0ZCNVV5SU9jaDJ6Y3p5OTFkTzI5bENnbjZOVHA3ZkdiV3RkNGtteGV5MWYxTFJLR3U4bXVzNk5Za29uR2IzZHV4aF9McEV5cWRCdDB1M0NpcTMzR3A5V29STEFwTWxTTXNkdU04cFlsbzBMWDJRcUNnUlJyN3l3OU54ek1NVVZlNktzeWg2LXVvVkV1ajBEN1htenJERk53TU5KMmJSZi14WGs0WXZFcFJSSWgxaW1ncXR6ZzhGWlFHeFAwUWF2eExRRTdlVmpUTWhCeG04NnJsWDZIVFFpbnVlX19melc1cGJQclJEXzVMZDlUeThpTVpFcTJYOUJiZk1YZDFhd2xNUjNYQmJBNGh5YkhqdDIxOXpmWUtpTEJGeU00V1dFWHY1cWkyaDZTQWRqaVM4VkJCd0QzSjR2elE5bGRVVFZPM0p1QjdzVzlYeVV5MzNN?oc=5,"Wed, 31 Dec 2025 04:00:00 GMT",
2026-01-02T03:41:17,Google News WSJ,Silver Price Slides After CME Hikes Margins Again - The Wall Street Journal,https://news.google.com/rss/articles/CBMiggRBVV95cUxOS0xtX1V6NUVWNExSQ2FoZ3o5bWdoaUZfMFQ4UXFIb01CZE1hUGpBMzRwejdXVVZnMVEyUTVTTFRyZ09CdV82b3ZweEZoOWhDNHh1bm5rVldMSzhvbmZJNjVRMVgxWF9WTDB2QXRsVTdwWFYtbnNFZklra3gyeXQybWdBUWlsUXRjdktTRmswUG5ueC1aSkxER0h3VEs4Z2tOeGVvRmI3cEQxVVRPVnRvTUpkaTFEVjhCbS03R1ZGenpQQVV0N2hNOW5NQUx4UWlfX2Y0bDBWUmFCLTBQNzN4LTJuV1JhTE54N29NYUI0dl9KSnFHWGp5cFIwNGVPUDJReXBUNHJmZlNmd0xHNU1qWGtkb0FtUk9zSzJNcWp6Y3ItMnFHU2JaM0gxTlU0TFBXMkhjVFh4ZGhYUW9OWmp1Q0ZETUdneUNrZ2pPRXpPcWN0U1dRNDhVTm1ETjZKalQzbXY2eTZNV0l3Sk1lNjUtaHpabkV0dGJwTllnZXFKc1JwUjVnc2FLZ3NxVC1OeUI4VWtMeDhYZ0RkdW1taUpwSTJtdlhyNDg3OWQ0alpCTlBESGRnUVp3czdPLUhpNjZYaVNOd2pQMlNDdjlwMHlUbG5WbmVhQXFBZ3h6cGdQYXFweHNFaU0tQ2JXcEZHdkdDcmFZM24yclVCS3VzWDFXSGJB?oc=5,"Wed, 31 Dec 2025 08:30:00 GMT",
2026-01-02T03:41:17,Google News WSJ,Opinion | America’s 25 Years of Decline - The Wall Street Journal,https://news.google.com/rss/articles/CBMi-AJBVV95cUxQRUowbkdmd21QUU9XWTQ2QkhTaHhFNllydHZrV0ViclpsRndLQmhOZF9uemJwaTNDNHVNNHRjZUxJckdnTmVjWk9ibVFMZFFlOEJwdjc5ZlpTWnJSX1l3ajR0X2FVT1lUbUFtT2cyTENwc3hfQUN2MUw0Vl9mM1ZNMnd5anprdXFXeGdKbGpUQnVET0J2NGM5MG9zQ2d0a2xVTTREQ2xmNHlvVEhPelJDNVVlUkxqQjdKNkNzNTJQdC13MlZMRERsM09yOUxIVDlDeVg4YUN6bC0xTUZuSXY4V0FMV3F1WERnZk1KV3J1d0FXSENfcHFwc1d4Njl1eXBvMUEzNXFvaXp6SlBIaTRxSHVMS1BNTXJKZHdKSGhva2JndEg2djJxZG1LTks4WHRaREg1NDJKdl9Fa0VWaW1zdVJxUzlLcS1sQkIxV0s1cHZDNkdlekhYd2l6NUlKT3l0TTdyNFRQU2xpNlVJRXp2MTBWQ1I3VFp5?oc=5,"Tue, 30 Dec 2025 17:12:00 GMT",
2026-01-02T03:41:17,Google News WSJ,Opinion | A Slightly Better You in the New Year - The Wall Street Journal,https://news.google.com/rss/articles/CBMihANBVV95cUxOU3NxTV9sVE5ac2p3VS1sd2ZiNnJkWFJtUTJHSVpNTFNBdE0zTUliVXpKcDhuSjNvWDRXM0VrWkFGYms3dG1JRFhtYlpmS1l1WldYcHlpSFRQbzdhQVFJelpqdUJiMl9LS245R3V2QnV0Z2lFN2tHTjNZZEVhX0xYS3hSMENVa1I3Y1RrakNXZElZMGhDQjZ1VWlvbFM0OXJhc19uR1ZkR3Nqb2otSDVIbUhiaVlSWUNVT204VkRmdkJYaV9FdnV3Rk9IRlY2ODZBVElCamRLVFpCN0tNbTl6WjZtUDVSRGpSeGQweWVXQnpGYjhRRGNsWFFZQVlTV3NUZEVyTU9tYk01M0FPc3hWQktycTYtc3NGNWlkVU9UbkdBT3lXNkR3S3h3UmV4MF9MV3MzWS1YNEU1NjczaVZzb0tqQlM2MWpyM0NSMm5EY1prS0lna2dWbm96VG9YWGNjcWJpVGF3cF96RDJhT1l3RFJtaUg4Zkh1d2hWQUpURUxnQ0J5?oc=5,"Tue, 30 Dec 2025 17:14:00 GMT",
2026-01-02T03:41:17,Google News WSJ,Precious Metals Cap Off Record Runs - The Wall Street Journal,https://news.google.com/rss/articles/CBMiugNBVV95cUxOSWdxWDZaM3NiZVJ1aXRra2JJb3A5dTRWSnlLWmFmMWNPRDg5eG1DcEExZEI5UTN3TUtnbkZzS2RGVVZudkJCRmtEa2cyZU5BSFVoNWxyUm1SWW90OVVRV01FRlEwSDhGT2xEVHN5NzhVMFJBYkxNbmROSDh1ZWExMndmMVlUZGJOdERHUWVGTUdZalBmdHEyd1JjSVRyNVplbHY3bVZ4cnlCVlpUblZFeENyd2F0ODlVVUY1VHVxdG8tenZYNlJtandpV2dBSGpvS2YtaTdMQjNjV0xnbTNzR3BzUnZnWk94djJkQVd2QndtdVBhRGpSR1FLcTZPVjRvZ2o5Q1F1Q3VIaDlsM21nQ0RORTV4Z19kdkVfOWxCb0psOURKS05wZy03NU5ISlhXUm9RT19wQlBPdE12eE5JcVR1UGNYeTlrUmVyUWQxaVVGUXNTdHoyR0Y4QkRvTk5CSHlKeVhvTmtOMmZ6YnR5anpjcmZKVmNzTU84RTZxX2VlaGZ2QmxGYUZyY1FhMV8xblh0aVNCQTFfRHFIUnJaTHRCRjFEdGtOc0UxRzdCREhNTXFJMmNvWUp3?oc=5,"Wed, 31 Dec 2025 19:42:00 GMT",
2026-01-02T03:41:17,Google News WSJ,"Caterpillar’s Surging Stock Is Fueled by AI, Not Yellow Excavators - The Wall Street Journal",https://news.google.com/rss/articles/CBMiigNBVV95cUxNQmIzbUtlckh5MVlZWE9oR2xUc2QzMy01eGpxTHlURklRUlRIXzlubmZRS1AtUlRPcHVaTV85X3JxaWFhLTJ0bG9EZnplWlFneThwaTc0VThCS3ZjcldLb3lwa1Z1X1lDYU13MlFQM0JNRXVHSy1yd0xwY2ZfdW1lbmZ0V2ZVZXV3TW9MRHJlQXlBczZ5UU1YRUVOa3ZQR3JsU2lROC03UFMxS0FTa3NuVUdtWUFiSm9VdnBjeFJ5RnZSYjRZSTdjcFNfUjBlRU9TTmRRSnBQTFhaNkdVZHJxc3JfZHludDZEZFV2ZHRDZ3RQbFRpUGRSZUozTE1zV3BweDFwYW9FLUhnS213akliTURzZXJRZnBmbmVDRzQ3UUdpTEJlTkhvZm05ZHIzRy1Yb3Y0a2U2RXJBQjd4dzFlbTRsTTMzbmxSY1FLc0hXZTdia0ZVMEFXUE42RWpMVEhXMGtHbXhQRGNlNVNOYW8tOXZkSG5sUU5jbWNCRVc0SnJLdWY4RFp1eXpn?oc=5,"Tue, 30 Dec 2025 12:00:00 GMT",
2026-01-02T03:41:17,Google News WSJ,The Wildest Ride at Epcot: Keeping Day Drinkers From Getting Trashed - The Wall Street Journal,https://news.google.com/rss/articles/CBMikgNBVV95cUxQRWprMDIxTnlGQ05UbjNadWFVWVdKaG5va2UxLUNLLTMxNlZoR0Y2bUFRLUczQVpqZTJTSjBYNzZnM3RBOWZHei1nUnFNVmNOd0tmNVRiSm91eVI5MFlhSmNBUTBnSE9VZHBVc0g0bWxaZHlTbzRndWtNQlhvQ0FQN0hITHBFTDlPMC0zdWlUR2Z6cl9BZ0dreWppLXhzbWpvREQxcGFVaVk2blBkd2lDemdSWmtDRktnMG9HN1VPdVVndW50eGF0NmNwb1RfVlRPa3JZZ1IyUkhfRlB1Z0FzMGQyZlVGdlFtakVEZnI1UVg0anNOcDNvT1QwcTdIR3VJczlCUWdrclhZeWp5ajh1TDVIRVhTWHliYlEweXNpN2hPWkxHMmEyUnZ4aEo1U2hleEVDX2hrY24zcV9sV2RGVm9PQVNsUTg1TVVLQ3Nhc3RlemtlUnZ5MWxKMEVMT3A3bmdaaTVRdmpmd05RUFhTVnpVQm9pNEtRM0xQYlJ6dUxWUU9ZbVZLWUlwdC13TUt6N0E?oc=5,"Tue, 30 Dec 2025 10:30:00 GMT",
2026-01-02T03:41:17,Google News WSJ,"Trump Is Warming to Cannabis, but Investors Aren’t Impressed - The Wall Street Journal",https://news.google.com/rss/articles/CBMirgNBVV95cUxOeWZaMi1TTUxRWnJ4Y0RMRGRzTVNyZ1RMYmgzenJUTUtSU0UzdVBoZGFYWjZXZzZNcXVrN2JrTmtwbGJJLXR2ZmQzbVVzcTV4T2FvLWVwWnd0MkdhZEg3eXBKYlpWYnpfOXREa3lyN3RNeDBrX2Zkelhmcm5WT1NGMzdSTlJpbEVTLVpEY1RkOW5OdVpvYVVCNzFZNzhxMTAyRFluOWNYbU5Oclo4ZWlKV3E3a1p2dTVsR0RxR0VVVm5ibURzRzZrdTlwSC1wSUYwM3NCZmQyVnRCd216Vm4tdnpfMXZHcWtHb1VIQlJyUkkyMVROZXVacGFmeks5bTJacjd5c0xHTVFnaFVrZUs2OTBSN19iTkdXS1lqTUtYT1JpUXNTRElUSHgtaVJ5TEZHX29BMUhhTUlTWUZSV3c0ZVNMdC1teGRWcGJ4cjlicXhuQWhfQ2FSZmJ1Q2taSFpUSTdTb0szZFdyUTRQTnNCVlJOM1hhVW0tbmcxbUp5SEROdnVXS25KN2xuRmxTVURnQWluNXdlZ3NvZ1k3bk0za2xVOFpNOXFwLVgwcmVn?oc=5,"Tue, 30 Dec 2025 10:30:00 GMT",
2026-01-02T03:41:17,Google News WSJ,"Gulf Rivals Saudi Arabia, U.A.E. Come to Blows in Yemen - The Wall Street Journal",https://news.google.com/rss/articles/CBMiqANBVV95cUxQUEQ1MlNiY0dreVJ3NEptRjk1Z3RGY1BnUGZyY1REU3lITGhPaGcwSkRpVXpOOGRZR3ZBdW1sd2NyUWVzT3RlX193ZDE5YkhJUFZzc2tMam5iOGYxcU83WDhFc1hRVnY5NGZneGZGZkV3QlVHSlgyN3JMTDREcC1BbmdZcE5UUllPb1laeXFxdVZNSmtTWVlfZFlpUG0tLWNUaXhtVEI2Z0l0cHB3WVZYdHVncUt3X1FCelY3OFdPNjhocll0YjdPcS1UNC0tdkktd1pPRVcxRnUxNTc2QWlubHJOM3F2eDRlRTdCUE9qaGNJVzJfTzFtOVhRcVFDdFZVRVZBeFVrVGxaVHUtd0RsV3FVYi0xazc4aWEwdFpOV09EN2dEeHhKTVAzMXFoYktuczJtcVNDN2l1X09lQWdoZGpRTTBUNGdiOUpualBDand5N25aNUpvZ3dPN19sci10ZVNfRWkxdFRac3VZTFZhS2lVVEo3dThtdjR5TmxpU0xzdW1Md0ZwMFM0dlRiVk5SMlhNSmZpMVMyRElUYVBaOTlRaXk5VF9S?oc=5,"Tue, 30 Dec 2025 18:57:00 GMT",
2026-01-02T03:41:17,Google News WSJ,Cadillac Gives the Electric Limo a Glow Up - The Wall Street Journal,https://news.google.com/rss/articles/CBMigANBVV95cUxQWjU4WGhiWlIybzlhbUtzaUhrc1dYN0FaN1Y1SlEzTkRicURWOHFFNERRanc4NFkxNzRPSndkOTdodFNUV1o1NkJ1V2t5RUxuYkVWazJaajNnRVA1LS1GbTRUcl9HWTBmcHlKa2JsTTNTMlRzRnVSUlY1OWVmb2ZqOGVnbWlYYjVwT1RpNUlkNmtJOW9jWm8ydUI0VVJ0dkZ1YXd0d1NBSzNnUXVVNHlRWTA1Wjdxd1JWTlNlT0Q2UUpveTF4VnI0NnNXOV8wS2hzWHk5WjZaVkpSeUc4TEhNSlpPanh4aDk3S0pMN3ZNemhsc0QxSDFESTk2enhRVkVTR2VMa0l6WFpkZWNpTUR2ZFZodFpnZXNRcTlZZlRzX1JFbXp1N19XWW1ILXAzMFJJVl9hWTRRWGlJdEVGMnZ4NU8tWncyZjIyQnoyYXlUbnR2MGl1WkNzNDBCUTlLMkNUd1VEN0lMR05uMHJxZ2lTWUx5TW9VajR1eWRiSV90el8?oc=5,"Thu, 01 Jan 2026 16:00:00 GMT",
2026-01-02T03:41:17,Google News WSJ,Exclusive | Meta Buys AI Startup Manus for More Than $2 Billion - The Wall Street Journal,https://news.google.com/rss/articles/CBMioANBVV95cUxNajJfdFNYRzEyQmc0VVlmZTVfenlFRS1HWExoclh1clNzMXFDNEtsRm10TnVSakp3YWlyX0RBT1ZlWmdGYmp4eWFlSHlSQlFNYk9JUm5oMUoxUHpoVkpNS0IxR1o1cUt4SWNaUGR5Y19CNFJuQXRmWDJjem5wUUd3WTBWNDJna0RvZExZSVd5THFsdEVaSU9ta1p6LTVzWXd2cjhkLU95aUt3WTlMaWkyX2N4dHhmWWw2cVNmUjFtRXlOckw1bGcyTXY1dFRDRURucVItMkl3QnlHN3pCOVpDczRlQnktcXh2RDVGZjA2eVFWN1diUFdYRjhXVF80RWpmUERDcHh4TU5LZXg0RDEzaFNIU0cxUjVSaXBQeng3Wl9HRmVOQ0QwUHgyeFB5djJrR3dYN1VKYU5EUnprUGNaUlZSNjM2R0dIUjhKLWRGT1NBZkNnbW80YnNLN2FIbmR5RThXTjlsMjJ0TWZjZG5lcjVncnRBdFNFYzFBOHB6MTNGdGQxakpDRzladTdfdDdLakY0WENyeUp6d2h4dXJiUw?oc=5,"Tue, 30 Dec 2025 16:18:00 GMT",
2026-01-02T03:41:17,Google News WSJ,"After a Year of Blistering Growth, AI Chip Makers Get Ready for Bigger 2026 - The Wall Street Journal",https://news.google.com/rss/articles/CBMitgNBVV95cUxNQkZKeC1JV2piWHFCNUtzR2FabFpvQnNQWE5GWURlWEw0Z2RvME9tQ0tjM1c5RUhXUV9TNkt4WGhiTVE3UnA4R1BDN0hpRy0yQk5kU3RpSmJGOFBjeEUzcmVVMURtWm1feWEteXFodnlwQ3BCODlBazB4LWZxN215ZG9nek5sNnZIU0FLMXVib3Y5UXBKdkFSdlpNTWhpWTdnZERBSGRSa2RyQU1ZaXcya3BjTDBYZGVKX3BBMjlqUG5YZUEzaEFmZWxKeEhCVUhmZGZPaV95Uk1CVFc3NnZSOFRMV091cExORkZGWXY1Y0dya216NnhOX0dfR1ZNVW50NVl6WjdrcTNleXBwYS12SEtZWmNrR3dTYkl1ZF9nVHNtaXBkNFR2TjJoRTRGc0tNUDhLWm5tcVl4OHEwTEpiU1JQWUxBV1E5eENYajBrRzhOcDdPWElFYXJwTGtibklhbWN0NW11RUhJelljeDltWFhVd0RPbElMTnVwaDRDOUV6ZUtPWEt1ckJLZkxNU2lhbDJKQlFzc1l3THBmckhQd0lDVEVhcUhrWU5DM1lhcjJpRFZYa3c?oc=5,"Tue, 30 Dec 2025 02:00:00 GMT",
2026-01-02T03:41:17,Google News WSJ,China’s Push to Master the Arctic Opens an Alarming Shortcut to U.S. - The Wall Street Journal,https://news.google.com/rss/articles/CBMi-wJBVV95cUxOdXR5WWVWVmFmZHZLRldZelVpX3Y1U1JBaHByajIwc2Z3enlvY1VRSUtVTG9YcWdwbjNpcUpFNW11ZmlxbTAtZWlpUzM5MUdTcjlUTno5M19CaHlTTHUtdmlsYVRyb1BXSkVveGl0QU5DdmtJTk5EeHVhYjIzc3NaREdpU2I5azRUdGJsb3pjaldSdWZmRVAzb2hrNlBTS2FHU2Y3cUtyVHA3dHFLcHpESzdDOFdaY3kzUVpkVFF6WmJxcTNwaTlZOU55TElpNDc5NEVPX0VtanJVUEVJcnAzSGxZc1R1Z04xNHJ6aU90SWxXcEdVVndhMS1aWWdoZ3RvSXVqQlNqV2VoZ3Jxc3RYTEhwQjRvRGNpQ2UxdWFwNURtUENCdktGVTdZMTlBQkVweDY2WWJoR1VuY0JVdTBlQVNyaThCS09qOFhrTk1rTDVSODRWWUJVSEtEV1ZxaWNBeGUxNHZZX19qczlfZXllR1l1c1dEamdxYUxr?oc=5,"Tue, 30 Dec 2025 02:00:00 GMT",
2026-01-02T03:41:17,Google News WSJ,"Opinion | The Good, the Bad and the Ugly of 2025 - The Wall Street Journal",https://news.google.com/rss/articles/CBMihANBVV95cUxPQWRjV1Frcy1FM0pjRDZldnVZN0E4aUVvZTg4Z2xJWWF6RUV1bmo3UWJHYXo0ZzhnLW5fbXFQLURZNVZ2ODNSMXVUWEJRdUk0aFVrOTBCTE43VWVPeHYwVUlpU2tZS0duN241ZTMtV1JyWkhpbndNR082bURrZG1hSGR1bmtKRm1BMlVQVDhsQjRaeGJtOUlYTDM1YzVVMkxfTVdzMkZJTDBhWFRocGtEbHFwRjFxTExoN0t6eDRXQ3JQdWJLS1hiRDdob0J1R01PMkYxQUFrVEw3ZjRQOXp5ZURYeU1IUzNHR3ZzWHVVM2lodDNoY0ZkamRfNnZiZjhiMDFxLVBOVS1tOWtWU1luLThsRE85ZUtHeWZoaF9FUHJBekNWSkZ5S3JZRlBfbk1qOE8zUmpMdndTUWRQYV9wZEx0TkYzNllOOF91NlJsZG1WXzNIbjRCQUJDZXY2WWgweUN1TGUxVnE5WWY2SGNHZ1VEY1VaakhJZ1VDelExLTJaYUkt?oc=5,"Sun, 28 Dec 2025 17:20:00 GMT",
2026-01-02T03:41:17,Google News WSJ,"Tatiana Schlossberg, Granddaughter of JFK, Dies at 35 - The Wall Street Journal",https://news.google.com/rss/articles/CBMilwNBVV95cUxOZVVNZW96VlFDeGE1SmRxZ3Z6LUFCQzBoVlc0eUFGcmFLQm1IT1hWOFdaWmQzWnhaX3oyazRvektIQVRmclJUc2s3Sy1YaThWUENURW5CYllHRVJoQ1VNc05BLXlnaVA2MXIwYmtMal8xV0dmUnJCa2ZHLWdzVVl5a3dHWG82Zm9Oa0dhdjU5WmZablJPQU9RV3VORnBvdnZvbEZsdVBlenhPS0hvRXoteGZYNVpIeWRCRnlfcGFWTHJqSkRQWWdhbENPNThJanVydXEyRDFxdXd0WXc1czhDZ2xvbGdXZ3NQRHR3QjZqazdzNlBaTTVWdFp1a0VzRldqQi13VVlaYmJsd2NOVGVRS3FJQXBwcmtuamhVVEtqNnhiSDlsNXpOTVU5S1lxVTBSTmNVR0RyTHlBSEFnUzNCbVhSN2pyc015Sl8yWXd3U3pjYTNrNmRPT2pVNFk5R3paMkV6X2lxMVZFajlSaVZqaHlSU01YTzlfZUx1ajRLN0JTSHpIZDVlU1ZGTEwxaUlFYTJ6bmczMA?oc=5,"Tue, 30 Dec 2025 21:43:00 GMT",
2026-01-02T03:41:17,Google News WSJ,Nvidia Is Ending the Year With Deals - The Wall Street Journal,https://news.google.com/rss/articles/CBMi4ANBVV95cUxQVV9CTDBHLVhQQ0s2RXE5cFN3UmpfQlFTM1lMcGtEUXF1VWxqRmo3dHNmX1dHRlYwQXpUdnJkWXJnNXF5SDVtcTNSLXhiT00wVTgtR1hBUW83QzlKYWZUMkNEdWI4c1hJYWdsOVV4NGxlSl9UYXNQeEtEeFlzTnNyUTNiOEdKQy1Bek5QVGlJSTJpdk8tNXVXYUFZdE1mNDNDbjZqOEdlRm01SVFCbDJuVU9tWTdtelJpdFVwWWxfTllpMzJYdVl6NEpIdXFOUkZ1ckVsbWlGUUhRRzZ2THVxVlpXaEE0YzRSblMwQkNQVXBDV3VDblFTTHpLaUhxRlF3Y0JsclpINWpyb1JoMzdLd29nWE9ycW4zUGdpNnZYdnJqOFd2dGxvcEVibGcwaFdxRWlRSkFCcU0yLS1GQkZtb3ZSTl9BYU5obmMxM25KLXBqSTAtWUJpNHh4X0otTk9jVkhqRnJHWlJadnlSSWRObTVFdThhRmMzdzVGeEh2eUxRbUQwUnpwUE1IM3ZCaW5yQVlOSlRobmhldllMZTBtUm5SUENtallsZGpncDZGbWdKaDRVMU9id0xQUE9vUzRPV0JNS040N2w2aHRDN1dFN1F6Q2ZhVXpCUi1MY2VhNl8?oc=5,"Tue, 30 Dec 2025 04:02:00 GMT",
2026-01-02T03:41:17,Google News WSJ,Opinion | The Trump-Netanyahu United Front - The Wall Street Journal,https://news.google.com/rss/articles/CBMirgNBVV95cUxQTHZwTERFSVRfXzJ2RzdNbllIeVBRd0lvVVJnX3c2cXpvdlR4TlBTRjdZVjR1R1YtTUctdUMwQllhWnFhSDJObHhNT0JJLVpyN01LMk44NXV2OGpERHBRR2FiemQyYmFhMkhFVWV0bTlhUGdMSS1sU1ZVYU15elBSRnk0a05tVmZKUnp4ejRra1hnVWRMSWpFTV9HQ1pwNUF3MGJBTk5LSk1wa0QtSHBTVTRGOV82ay0zVHU0OTc3MUtFQmtCamk4eEJKeW4tZFVGbnp0aF9nVDNZUHpXZ1ZvSkIxcV9ENnU2NnVrbEtwMGNmdzRYQjRadDk4MmxxVkZJMmxDazlHa3ROX2hfUVNXcElQY0dHOVlEVlBjZTZhckV6T1hvUUxiMDhidDN2RGJPNlc5a0xUVi1lbGVfLTZyQXZ1ZGZBZnRYMDZ1eDhQODI5dXNUeHVwR1U2WGJSeTE2UDlyX2xEZjQxUjdHQlM3UXVVUmhoZl9ILWJDNVBzUFRtTjdiUjhsYmR4SzVPanVhR3dHbDhvaS1uSjAwS25KbVVMT3YtRDVYU2hpdmVB?oc=5,"Mon, 29 Dec 2025 22:55:00 GMT",
2026-01-02T03:41:17,Google News WSJ,Nvidia Is Getting Creative as Options to Use Its Cash Flood Narrow - The Wall Street Journal,https://news.google.com/rss/articles/CBMiqwNBVV95cUxQNmZlUVFBcDVGTl9YUV92ekN3U0tqU3FvVTN3ZlR3N2YwNjZndFY5N0lRd19OZlgyd2NsakJLSU1LRS1fQWJpdGxlcDVQUnY4aTViVE1pd09DUDZ1ZnBEOXhoSUlDTm1CT1FxM0RTUG1zdExYYWpNZ2NfWlRhVS1rSVlCcy1laUEydGVfT0d5RzFLY216d29fZk1JM0E1ZDViam5YRTZya3FQcm5McDNoZEVvOEpQNjlvTTZPamZuZXBZak0zV21EVlBiNy1pLWR2aHdiQnpiR1Zpd0RYdEFrRGpQSl9fSk5JaXA3YnpoQWNOQmFaTWFQMmJwRDNHck0xaTRUV3o5bnNfRnlpN1BQMXNTMnlEX0xUdkhRRTJmTzdXWW96bUtXWmJhQW9iUklNeUw2VDFxSWVZRTJRNV8zaE1ZQnZQZDU5c1UzNlU5cnZXcHc4MGQ5M2F0RHh3eVRhRWlvLTdaaXhBQkQwM1c2ZFliSjJQMWRjUnlsYkJsNzJoWXdSczc0a3BkNm9sVmNjMnItcGRCRVU1UVowSzBLNEVqZTRtRVlSTTcw?oc=5,"Wed, 31 Dec 2025 17:00:00 GMT",
2026-01-02T03:41:17,Google News WSJ,Opinion | U.S. Economy Still Beating Expectations - The Wall Street Journal,https://news.google.com/rss/articles/CBMihgNBVV95cUxQejIwcWZhOW9hTnVHOUM0bnBzSzRSM0MwcXNGQ3lndVNKXzZscW5iY2luVWVhU1NBTkFnazN3dHJnR3VtTlRZUFpFVmcxcEhjc3d0dGpYV0tCU0RQY2FFSW9YWnhrb2Jsb1BGeEJRODR1SEZaZTZtNTZQOVRhZXJCMXJ4TXYwOGprbGpoUk9Qb1NCNjdZRzkxOXNYS1dPazU2QnVaRDhDMmZiTlVJTU1sODdLcDdlMjJyOGI0bjdkMDBRYWNfbVBFZ21NdjQ2bnJUaTdqUzkxZlh2RUhyTU5FVk5LRFZNTWs5U053SVd6Y2ZZeDhzcTgwbTktR2w5allyMlZpa0FRMnhZYndMc2ZjSTdVQURyMVNYZUpsQXFKMFIwSl8wd0gtYXFfNVlhVWpHeHpvaUx4QzcydU5Ta2hnNE8yX3N1RTRvRFhtN0QwZ0lnTURQTXNCNnB0OFd5MzM0SmJuR1Z6THFBNnNDRzYxSF9SRmtZT3N4S25XbDNCVUdXc2FRMHc?oc=5,"Wed, 31 Dec 2025 19:43:00 GMT",
2026-01-02T03:41:17,Google News WSJ,Growing Iran Protests Put New Pressure on an Embattled Regime - The Wall Street Journal,https://news.google.com/rss/articles/CBMisgNBVV95cUxNaFZRVHlOcHZtT1Frb3NENGtrVXFnZjc4RTIwcDgwRklSMW1BSWFsWF94Z0Z4N1phbEJQdTZSVlVIaDl1NTljZWRWMWNnY1EwRjVPRGhxdUdmX09GWWJsb0VMbDB3NzBXZDBZNFRSQ0pqZTNwemVpbl9GNzNsWURsX1J3aU5LZ0lvN1p5STNTUWE3cGMwOWZRc050UU1nRkhKWWdfcl94ZE1OaG91alhkX2R5bnBYVUFYdUNJcEVma1J0aUxuZVZQSUFuSXZfZmhEX2kxUGM0d2NzamZiRkFDZFV1Tzd6WWY4dUthem1USFZkOTZCWFlzLUkwenp6QXFuLVZvVTVkdFEyLWZadzJMRUVjRHNHd3hHeDZNTFpqRUc1NlpMakcydS0yR2Z1Qk9hb0FHc3FBSFQzWGd4SEtEZzF5c1FySHpqdGdzWmtWaWtsVjR1ZS04bWxFbFVJUUNGcFFheEJuRFo4S2N5SG0td3JYTGplMmJyRmF4dXJXZS1mZHNsUFo4VkZmVnVyQVNEMldZdEoxRHI2cThfcjZCU1dJM1ZpVmhMVVIwbElWdFQ0dw?oc=5,"Tue, 30 Dec 2025 03:47:00 GMT",
2026-01-02T03:41:17,Google News WSJ,The Booming Business in Drinking Yourself to Sleep - The Wall Street Journal,https://news.google.com/rss/articles/CBMi_gJBVV95cUxQYjVpSUNkdlNKNlJiWTYyODgyLTh6U2VvcmJVeF8zVUx6TTU0Q3JOclpkU0UwSGRBbHZYaEVQYVpEUE9HNjQ4RTJhekxTUnJoYlk4R0VqRnBEN1VEbDNfS09ZNTRSM2tKMGxxTEpOVkVKREp4Zkk3YXpYbi1ncFh1U1k0ZUVpanp2X0xVX3RMYnFkYU04cUtmY19mZURuNkFtWEQtTWxPSWphdHZPNm9vWnkwNHhLOTltYXd4OE5HbXF0cjE2U1Y2Y2MwVmh3blBTTlV6T2hyZHFqdHJwNnU4QkVVSlBhX0tXcW01WEFYajNqUERMNzMzUnZaTmRDRHp2VGhVRnhkNnhPTnVxcGpkb3BZU3ZSQjk2dHdDcjNOQUlQcXVmWHFJTVZlOFl3OE9JclJfcUpMUjFjb2NSZmJzRXdmRjJZcnUtSDYweHVodTNyOUZ0dDctWER3bEpza05FTXJ4SXk0T0ZRWTZzNmI3M2g2cmJBc19nZ0pZMXFn?oc=5,"Mon, 29 Dec 2025 17:00:00 GMT",
2026-01-02T03:41:17,Google News WSJ,Five Things to Know About Nvidia’s $20 Billion Licensing Deal - The Wall Street Journal,https://news.google.com/rss/articles/CBMigANBVV95cUxQSEpGbXdEa1piNXNQX2t4QXJ6cnVRbHVVMTJ5OE1fOU1rUWFzejdHMlh6QnRMYWZra3hNTl9wNGs1YmxoZS0yVDZkN3ZXcTVpS2hZS05HaW0yN3hWTHdDa1E2VHNGZGh2ZldlYXd1UTc1RWJESVdiTmdJRXV0RTd1T0FRU0ZwLU1ncTdNaEJXOHVIOTFwSml0UUpKeWxOZG9xazRKOW9zWjlHbDdmdzdhdzFXNUhDaDRQbzhUNlpxQzlxVHd4eUZ6YXN3dnVVbHJGYzVEMTYyMTd6TmhoQUZQSHh5RldjY2FrQ3FfTmtvX1FKX0RiWGNmbmR6MHBGRDJUampSSUFKYURpZTV4OXhiaFVMdVVWdndmQmcwRXk3bnAwc0ZBS3lXZU9GaUZjU2NuMFlrWGUxRjBKMmtBZEhVSVJNMDB5cFJzNnhqNDNGLWdHTzdHVzFFR3RoYlFUY3NleHpOVVZhaGJwa0wyQ1NPVW4tcmFMNzFGVUVENjlUX28?oc=5,"Mon, 29 Dec 2025 20:02:00 GMT",
2026-01-02T03:41:17,Google News WSJ,iShares Silver Trust Suffers One of Worst Days in Years - The Wall Street Journal,https://news.google.com/rss/articles/CBMi9ANBVV95cUxNYlRLXzlnamJsWEpPQUJSUHZrbjMxNmVxRnBaRzA1THluZDhNUHdRallSU2lLaUsyQU1EaW93ckh6ZDBHb2M2XzNPTk5HTUhnZkhSM0tsY1MwR1VicmdIRjluOUtLZkp6bUtYY05XWGtaM3N3dWphamtPN0kwQ2tSUVRKY2tQeGZGb0FRV19YNmd0RXJxaXh6eFlkdXhTQmRlSjhJMlh2RlZyVUNKVHh0NlRXTUFVTGIwNENHUlFXN1dVel9ySUNtRE9XbzhUY290eFp4SnB1cHVQcDVxa2J0M3ZBV3ZZb1F3WklKa0U5cm8zcWtJN21uVFpXQjViMF93MWNCS0U5UDZUakJXeDZHNnNtUGZtVmZlMUQ1MGp4X0pZb0ZsZGNJUFFRWVdFTi1iU2t1aHdhTW1KU0pyb3lqc0FiT2FqVmZfTnJ0djh5ckI4SThId1V6TnVBR3J6QWFPNGplTklOejZQRllKQjZGWEVjQ0ZBbVVrYVpISVNDOW5VSlo2eGk0ZnlaQ0RIbmZCTmM0Um9DTkpScjk4QmhSX0RXUXdpMzJzOUFsanB4VEdYTnZKQ3VmNzFSMDI2UE9LUmlDVXRONTl0SWxyR1BZNTMzZmF3WmRkd0d0UmltWWRXdzBPZVBDYlVqZU1pR2lIS3pGUQ?oc=5,"Tue, 30 Dec 2025 04:02:00 GMT",
2026-01-02T03:41:17,Google News WSJ,Ph.D.s Can’t Find Work as Boston’s Biotech Engine Sputters - The Wall Street Journal,https://news.google.com/rss/articles/CBMipANBVV95cUxNQS16SU83WkRBODZPZy1sYTBsVTJiMm5lNG9VY1UwNE52eHdoemsxR0NWR0J0MjdpNGRac25oR0xnbVVzLTV5X3BzeHdDeUZiUXV0SzJGU05rN09Yazd6ZWlQQ3JzNl9BSjB0QzB5NTZEb3RZOEFWNk1qQXg1RG1sWTlVN3hneU9RRTlpOF80UG1FSkRnMlZzeHdjeEUzd2Z1RllHOTlacy0zMDBmMEktNVpGYl9ualRIN1ZNQzZxUm15VjhkWkVOSlFuMU5fM2pnRHM5SGVjZDFqa0NlV1E0aGMzRm5ySXFaQkcta2EtX0NCVEt2bHlaVU5OUlpMZ244ckVCZWVOb0FOYlNzNV9VYWFjUjd6VGJXN1JFNkM3aWp5SDBJZU9JN3U4YlRYeWxSYm5aZjFEMzZzX2xyZjZ1SmhnM01NS0tiN1dtQ0FpNzhnUmJBWTdCcFdMZTVadWZ4cVBTMWtfQXh0bzRxYzd6NDVWZ3VfcGUtZTA5UndDZW9vdWJUOHdsamlsS0htQks5TVZPWFVtS2ZBSEVRS0E4anRPMms?oc=5,"Mon, 29 Dec 2025 10:30:00 GMT",
2026-01-02T03:41:17,Google News WSJ,"Perfect Game, Perfect Nickname: The Rapid Rise of Drake ‘Drake Maye’ Maye - The Wall Street Journal",https://news.google.com/rss/articles/CBMihwNBVV95cUxQTzJxeERrQmlTWTFsRTRPVU5LaXRURm03LUt0aXhwVkRJNENzLVYyUnFIb1BHWk9yMUVOMmJmc1JveWJsQ1F4bWpESjNOT0c5Yzl3UkNyc1BVUkFfX2JTcTk5UXhyMGlpUHpRckoxR2F6SUp1Sk14SkVSbmpaQUs1anFqMWkxZGV4cUxxZDBvUW1YbjBUQ3czTDJLLXZGeHJZdUFrS1VhUlR0cDMyeFJZdWctYlRYYllWU3VhSTBDQTg0RnZwTy01SndUQldMbU9RdkF3X2FkT0ZGbENJVmFMYmdTem1RYkhmQ3RxY2R1MWFlZlAxZDg2QWV5czEyMDVjZmRNbGtEQ0QxSFUzNWpwSHpQS21RQlBIRlVaMEVsOHZvajd1SXpSVzY4TnNnTEVJRHRzZ1NJZFBNZVNvTi15TkwyX1dvR2lrR0g4UHF0SnVPSk9fQVFMd3JwYUNEX1llSE1HcDhGeUxmeW9ZTHlaNHFPbzd5NTVwRl80LU1HaU9IeWc1Ulln?oc=5,"Mon, 29 Dec 2025 13:00:00 GMT",
2026-01-02T03:41:17,Google News WSJ,"Silver Prices Suffer Biggest One-Day Fall Since 2021, Gold Also Drops - The Wall Street Journal",https://news.google.com/rss/articles/CBMihwRBVV95cUxNZ1BTOVV2WEVZQ2FHc2Y0WjF4dkw3a1JRaUhXYi04YmVESHpRN290ekpmZE5qeS0wSW5jVnFscGlfV2d4MDVONThWQ05IVXpFemZXWGVmOWFfRjVPQ1lVOTVYanM0NzM2NWFnS3FSOHFCdXBBY1poOTF0UVFSUGJpU0xoTnExdnNiWm0tUWFoOF9ESHZQb1V1bmVBejhwRWRqWjQ3ZVhjRGtqX2RZUXlLN2JlWjVZUm5uNHB4QktGOFBLUWdfRnp6QUhnTU1femJGd29OU1YxVlotZHNuYzk2X2ZlZWxld3BHN052QUs1WEFjSkdRX2pqWV9ETDhfcVNHU1FJY29MdWxtRnJVVmRDbWVTakt5RUxDanpldEh1ZUp4MDZ3emxBWnBRS2NLcWRLZ2ZIbWIwY25TcXpGcHdZX3lSdXFlb2pQVi1aclVOa3Bnam9UaUhOSFBicWI4ejBfcXhzUVdzV0hRWUhFWTkyaC12dDJmQ1pjV3kyeEk1d3ZlNjY0Qi1CbFBqU2RVNy1nNjNRYlpmSXR6TE5vMS1ubmlZaWxLdUVMWnNGMzlBTlRSbUNieDZ1YklQSzFLWXM4RzVSaFJ6djR6dDRuc3o5X2hwekViRE8ybGlmMUs5OVd2Nk90YTQwQmFJSUJJZlVLeEh2eS1NdmNVcXB0UHJmN0ZfdUM4c0E?oc=5,"Tue, 30 Dec 2025 04:02:00 GMT",
2026-01-02T03:41:17,Google News WSJ,Venture Capitalists Likely to Continue Pivoting Away From Climate in 2026 - The Wall Street Journal,https://news.google.com/rss/articles/CBMitgNBVV95cUxQZTBCRXQyYzE4MDMtcHN1cHJ4dTgyTExibng4WXBmRy15RnMyM3laMl9kNUR5eTZxSWFDMmNrUjZkYjZkVTdwSFd1djdDeUtzZzRtTkNWejVSODRGbmZwaG9rMEVNOU45MnA0ZnZnTlA5ZUFhbmhDb2hEeS1FU3lDWXpwaHBXWG9VbFJwQmtBVnVlSlExTlZ2SzJYaDBFZDlhWVJQNkNkV0FCd19yZ3BvVWlEbkdCanNiaUNKYm5yQ1V5NXgyMHRjZ3VHaHRGTmp1eGF6VGJSMG1CLVZkLUtSZVVSWlZhbFhQN0hLa0tkTW5QYTJnbE00UjJZTVNzNXhqNGJjSEJKV3BUNk1fYUd1aFJWbG5QUmhqUEU4cS1JY0JIZ3pvTzh4YmxHU25sTDdYejUwVW92V0xqTGVfc1R6dHluNzFCS1NaRGIzY2o2VHpZSGhNNGtuZl9NRFJCN3pGbGJBZFdzTlpzdVpaeU5uZkdVX1Z1RUR1NkJUNDNiVWRPZWFHS0FKSTBRMm1zZnc5UTMzNllIOUZtZ2QzX3dpSzVsNHI0cldfbTk3cDNtUjF3SC03S0E?oc=5,"Tue, 30 Dec 2025 10:30:00 GMT",
2026-01-02T03:41:17,Google News WSJ,Iran Protests Enter Third Straight Day as Students Join In - The Wall Street Journal,https://news.google.com/rss/articles/CBMirgNBVV95cUxOR1JqSXROdklET2l2SmRrWU9fSnZoNTVrVWh1dGZKcDBHY0p1dkNPQWJqZ1hlRnJkVmk0V2ZoM3doUzE0NmZUcW9iRkRYbTRYNkI0Q2xvai1nNlQwYWdmb1BNb21vaDVla3ZBNlpNYmdhQ05BaXowWXJTWWRGenhWOWwyR3AzZ09HNHhUOFFGeERmQ0RzT2h0eTVjcno2NWppYlRHZzdhdFY1LWdxdmt4RVp5bmZwR2RLWVR0ay05YWI1NWp4T2llaWlZZG12SzRPWEUtVjdGeFZBQ0FYMEt5elNHaVdDZEFrRzFaOFNXMkF5QTZtMXhKdlMwanRUR2lFbEI5SDdBVjBlT2JxUzJySDZHRVh2cXhia1VYWWZpajlubms4UzJ5cC1tVWswVWlyNXJTVEYtVndDb1RXLUNVblVYMGVJZWYtTVJyUnVScUh0QklsYkM5a3I0LWhnM0ZrdUpQVXBickl0ZEQ4N2g0QTNIWGpHUEdJV19abkNpdzlFUXdBUHdzYjNSXzluZjVKMk5faVlhZGp6ZHJ0RzdOY1hGQVhvQV96TUM0Y0ZR?oc=5,"Tue, 30 Dec 2025 17:06:00 GMT",
2026-01-02T03:41:17,Google News WSJ,"Micron, Trade Desk, Western Digital: 2025's Big Stock Movers - The Wall Street Journal",https://news.google.com/rss/articles/CBMijwRBVV95cUxOZ1ZIc3FoZFlSYmwzUlE0S1NtRTFwaWlsenNtVDVwUUZXeXhCRDgzUzBpeXNmcjkyajJjRm5kcmk5cEFNT2gzUmZSNXluOXp2aDlBbXdPbWhZVVRkOHBzSThxT1VtUUxxQU1qdW5ObUtuek1xZTR5Tk9zSlBkRFBQa3VTVXMyazRhRU9CYnk0TXA5Rm5UTkRVWWlNdkJfLVFmc2EwZUs2bVVrbU9ydmVNcnpNcEFnRWk2QXNtbzQzLW5OLWtGZTZDS2VhQnpkWjdJUVFBMFhqRHdtWV9uOFg1bzhuMmltOUlMNWdZSWNBaUIyYVNoVzU1Q0J5ZjNXd0RTMjZHRWlaSjZxU1dPTUlDamM5UmNYUS0zM2h1VTd6Ukg2d3FXM0hHbDBmMjdBU1hpamlDQ3ZRT1lkSlY5bGR1UnNCRF9EQWpwRHZlVmZaWmRnN3dKODE1ZzNxRk1WWk5pZlAyaDQwODhEZEpTcmVxQUxxYkk4ZjVIQjhKR3dBY3dZTDlmaS1LeWtQRzlwRE0wdlVFNERaMUlxVXllN2Fhd2NDUnU2ZGhRTTdNSWMxMk5Hbm43M1V3MnRRaHNybE9xSEdLY29veWNTSHJTNVFaR194cjlycThMbmdJVGdWdVlHMGl3SEJhc2laTDdMRFhZd3BFa2JRcjVwamRaVVVaNzBscmc5WWhzaFdkRXpfYw?oc=5,"Wed, 31 Dec 2025 08:30:00 GMT",
2026-01-02T03:41:17,Google News WSJ,Silver Posts Biggest One-Day Decline in Nearly Five Years - The Wall Street Journal,https://news.google.com/rss/articles/CBMikwNBVV95cUxQQ19zalF5VHhOMHlILVQxWVEwbUVTM183QkxhUjlzNjBZbDUwTC04SV9INHNLOFk3OE9OdXhpdkJ5OGtQbzNFcTFfQW1HVUFIbVc2enFBUndkVWozLVpYUVYwUmRrbV9OM0gyRXdmUldlNFh0dlp1Q2w1TzUyZHZJR1BITUdUMWVCUnRaeFRzYk1RQWl6U3ZJajZVQUxveURzellSSVJkMlNBeDctaS1RZU16SVp6U2xLUTBXZDUwSzBfQk1tSmUzTXpFbGhFLXMwTU00aUVfQ1BwTzExMWZaVHo1bVNUSWtJbHk4OWFRbVpCY1dFVnlna3JmUmxrRjdvSldTYkpUQlF2SEV5d2tFQzZCa0RocmZpeXpfMVdSaS1TS2F0cm51ZUJjeXJaa1czdzBhek92YVZET3MxOEFDenRZZE9xckhxalo3eHFXdDAybHVKb2taZ0lEclk5Z1NrOUY2MFVHcUVDYThWbVQ3dlhnM3RpVlRsTDdRV2F3OXF4NFd3SDZDaURaLThERW1oclJn?oc=5,"Mon, 29 Dec 2025 21:35:00 GMT",
2026-01-02T03:41:17,Google News WSJ,Watch What You Say or ‘Two Tier Keir’ Might Put You Away - The Wall Street Journal,https://news.google.com/rss/articles/CBMisANBVV95cUxOM20zMXcyQWNaUnA5Zl9lY2dBQ0JlekdaRG9fbGV5T2pjQmYzRWFZazVkSG5tckdoXzh4NnBYcDMwTl9xRFpFcG90c2V2VHRQd1NucU5oMlRJS215WXBqZUxSYXhHOGtwak5BYmlOX25mX0FSUEtta3Bhek1kUmUxSlZidlBFdVowelJGa21ZSkdzSy1wNVpZZ0V6VGhGcGVfRWwxY3ZFUjd6UVd2ZHlHRmM0cGdVVm9LWWJkVGs0NzVzeURPSG1QYTVpQ3pRcFFOTzhaLWtybWVWVTRFRXlWZ2FDOWdETExZTDlYeVRmYzdNd1VfNnNmSTVzWDJlTTJLWkNTYjFZTFpTV2VaTUNHekJaa0lnQ3BOaFc5SWxmdVVmRkhOdFJsTFBySTJUSDhiQ21tWlhSc29LSlRacDlsSFlpZFR6bUVrSGdYaGd0bVdLQ3EtSGpKMnc4M25lU1BWVG1Lam96TUhmTXJ1RHdiekpnUHdOMDRyQ3dmZXpOdVdCeHBhT25wMGd3cS1vWHMtLXRPeTdMUzI0TmduVFJBcU42Tmx0VUZfeEd5QzdTdXo?oc=5,"Wed, 31 Dec 2025 14:29:00 GMT",
2026-01-02T03:41:17,Google News WSJ,The Stealth Tactic Bosses Are Using to Get You Back to the Office - The Wall Street Journal,https://news.google.com/rss/articles/CBMikANBVV95cUxOMkJ4aEhPSlY3ZmlFZ05CRUJ1WW1GNXpaRXB4ZHdhN0V0dFExUW9aRTlBQ2JWSEp0Uy1raG5JQzI2bXM5UmFRU2JIOVVMWnF5MVZhMTFVUTJ3d1FTa0kwcjE5NzVkSjJKeHB2azZwdkd3akU1VmJGWmFta2pWX0FHVjFHaG5jWmV0S0h3b0pPYWt4ZTFzOGFrZmsxWDZGVVU3OURnemhJWlZBbWpFcS1SWFJ0em9DX1EyaUVrdi1aSXV4UTRFTDJlbnlsd0pLdUlXUEoxclBLaEVkMnE5TWJpbTV1Tjc1QWJQSDRGQndKd2ljQmtMc3pwMUZFRnBaV3dTOTZ6NFJReXRHVzdQSkVVOXJsTkFKQ3oza0JXaFJURTlGS0FGM0tlalpqLXNEV0pjdDFFN3Y2Z1ZpWDBRdjlkY2p6Ul9MMzdFQjFWc29xcGk3SmNMUmxtWFkyV1RNaWF5M054WmVvd0cxVE0tVWtWWlZvUHplY1JCX2xndGNXeWJBbDFLdmZpTVhSVE1ndnIt?oc=5,"Tue, 30 Dec 2025 10:30:00 GMT",
2026-01-02T03:41:17,Google News WSJ,See How a Chinese Attack on Taiwan Would Be Japan’s Problem - The Wall Street Journal,https://news.google.com/rss/articles/CBMi_wJBVV95cUxOeTRtZVVWSFJ0cmRINTMyX3JtU1IzUEh1RzlhTExjcTFXM0VGck52ekdtTE1UejZ1bzdzUFZScHZBVWxTc0tRaG5VRVJFWWM3R2NWSDhnQzJUUzM5TlpyYnk4VkxQTzVKdm43THV0NDlLZlRZZ05EX2VQWHhTU1h0N2VFX0puR3JtWGpCemlicW1CdVdnRWQyZlVmbVpteHQzc0dlLWRnQWlNelFtMTRDc0JOejZNMnJaN2hTLU9iZzIxY3FKZmxXWV9GZUl2OFZWM2FwbklZSkZHQk12VVBqSS05SXptT240X1h4ODRoUDA0VEEtcjM5eFpVS2pBRVNfQ3h1eHRYUmt0X2FUMFMwNXh4RlFFSFlQUnIxbV92OUp2Z3ItZXR3UjVyZWhDTk4tZmxUVklnamx3XzM0UUZ2TkhtelJ5b2RBMlRtemM2b1lEMGZYT1JkdmhQS0NQR2VmVkFQUjdBblNwRHJPd01sNEw5YkRfeDVkSkxtN2RrZw?oc=5,"Mon, 29 Dec 2025 04:00:00 GMT",
2026-01-02T03:41:17,Google News WSJ,Exclusive | The Most Expensive Home in Florida’s Panhandle Sells for $41 Million - The Wall Street Journal,https://news.google.com/rss/articles/CBMiwgNBVV95cUxOVFZqNXpaeDU4RmM5Q25MZW9JSTRiMm1jRklzZjdlN1E1SEdvUTdIeVlEUGVzUHA3RHNXYXJVbnFMZUFqQXE4dkw2LXhMVUhVNGg4RHJpQXc1WXRwZE5OSFVkUnBLaEtwWkFPV0I0cDFvQWhWY0ZsVGR1T0JmU0lfQlFMRWlDOV9XNHFXLWFnWEs2TUl2dGYzOTQwLTJZYTNKVUlBTmIxSUxHSG5qUXFoWlgxOE9hWEJqMXRHa18xa0F0SGtQYnJkSlA3MWh2eWswTUpMc2dmN2NybU1MZERkQzM1WWxfbUFBSHBOT1p0NFAtUDJXbFpnd3V5WDR3V0o4dmw3Z1dvYV9TcXhvS1lWTGx5MkFlWGFCbnRIZFN2Mlgzc21icGFDRzlsU3BnSDhzZ2I2QzNzSTF0QTlGQnlYdDlVTVJ2VTJyMUZzQ0xnVWdJWUZJSmtBeVF4X3Zic2xtVnZLTE1sSVlyN0EyMG9TSnk0RDd3bVdYSXZsWW9BSkswSmIzN3BaSk9MZTZvVlNYYUtfa2Z5ZjVidDhKbk5WZjNCRzJpR3ZhUlJjQ2gtQlU2eFZEbVFNaFJMUDgxNk5QaXc?oc=5,"Mon, 29 Dec 2025 20:47:00 GMT",
2026-01-02T03:41:17,Google News WSJ,SoftBank to Buy Data Center Investment Firm DigitalBridge for $4 Billion - The Wall Street Journal,https://news.google.com/rss/articles/CBMisANBVV95cUxPTzZ0Zm4ybU5SUl9vbXhmdmxsVEx2bVFRdWdxMkNPQ0Q4MS1EZzlrM0lKMEFVRUw4REl2SFdlWlJHQVMwNEpNSDRzbUxyTWNnT191bFZTQWtvT05zNVFrZjBPV3RxQVFJMHpuTVVFZWpJV0pkYVZYRjJrMGh3YjVMNkpSUm5UWXJJTXJ4SW42M291WVp4d1BUeVE2UzJYTDZqdElPMFY5VUtubVgxaTVNbUE1V2pGVUgzMnR0cFptRkQ0RkdfM0dFSERub0Fvc2VpV2hSekVtTVk1TmF5SkVLSFJDZ2FLZ3VnWFp2b2toZWQ5VUJVTjdNcWtkTG9VNjloTHJpT0JxeURaYTRDSkpCenlTZ3hIQVhxQ0hQS04zUVFwWmtXcXNiQVVXWTRLaUV6LWhFdHBqeUprcTZjX0FHQ01fdFNJTTZQdkdTRTVBM3ZBLXFhc3FoY3UtNkhCMDRjOVd6XzBNQmNkeGJjLWZoNlRGaE5fc0J3Z1lOclRJNjdLQ3F5ZmxhYlBlMzJfelhiNDhjQnNadXpuT1RlWEZvOWN4Nm5wWVFIY0ozeFhwWXY?oc=5,"Mon, 29 Dec 2025 14:41:00 GMT",
2026-01-02T03:41:17,Google News WSJ,Trump’s Latest Venezuela Tactic: Revealing a Secret Strike to World - The Wall Street Journal,https://news.google.com/rss/articles/CBMiwwNBVV95cUxNRnUwRzBfU05pNzlGTXVRSk1nM2sxUFBpaVByOGNZQnl5Sm5TZnMwUmM4dzd3UXZSc1E1RUxyQVhnWjZXNmxiMHZOdFUxQnBKUDBrRzZSbVliOFY3anZLMEhEaUlBdThsT3YzMVVlalk4ODg3dWVHVUduMERvNjNlUHE2NlY4OXN0dXR6d2ppUV9qdTZlN3VRRl90blFIVWo0VElCZWg3OUp6N1BzUEVPWksxMFhLRWQtXzM3QVVkU2JheVRmSFdEVHN3UFpodTBCSGpMTmdNQkl3VlcybGkzdUNPVm1OVzE2UHFiakQ3N2VrZlJWS05jWmQ0bDVpTEY3UDVZYURQQllHYUVUb0Z4Si15eDRfLTg1UVpOcG51Y2tLMS1aUFo1VkZiQlhWYkdoMWJrSTAzQnc2UTFYTXFrZTFYNTN2SldEcnEzQ3YwRkZ3WURsU3dib3FRamplYTZfVjJGenhuYlhWU0tfd3VLb1pNY2xFRGxkbUFEcVdBNXpZZ3BFZkhzclJYWlFNTTVpUm9Nb2hfREU1d1MyRXJnSmFpYVBLQ09wQ3Axa2NSMGFWckhhNmRULVFYUUQtazctOE5B?oc=5,"Tue, 30 Dec 2025 22:59:00 GMT",
2026-01-02T03:41:17,Google News WSJ,A Surprising Treatment for Chronic Lower Back Pain: Cannabis - The Wall Street Journal,https://news.google.com/rss/articles/CBMiiwNBVV95cUxQQ3pFUGZTSlNrcmdfaXQ1bnIzTTBUckNvbjdvVUgtYzBvUHVlSGZpejBaQVd2OHh3azA2OHNIbmo2c21xbzRsSTRhb3FUUXU1ejVsVktqS2lwU2xHZGpuZVhWek1CRDVpS256a29yc1ZaazNoVnlxNFRiNEZrOHZ0ZkxpeEp0RnlJM09HaHNrTGN4QTdKSWlHdFk5VmlGWmkzS0lIWERfY1dKVjM4NWl4Vk5fdzByYzBRQ0RHcEhiUkl1RE41WGt1WVVVVXhBWjhSTVMzd3FJa2lSbHZhdXVLemRrZHduLUU0Q3gxUnVVWW1DdHY2NGxiX2tuQWxKc0hIWG1FUFV0M3F0WV92TUMwQ0xaM3N6eGZPbm5iRURDaWZOVjZSN0hRdE1kVXFib2pNZE8yYVpYRm1DTFZydm1rRXZJVXJBYVlEeGM2dTcwYzVFOVIyZU9aYUlKLWNlaVBCNXdqbHZmRm5LWDFCekJpeHVwNlBuX1R2NkFqMDZFeC0zNEVJUmZZTTJWWQ?oc=5,"Mon, 29 Dec 2025 00:00:00 GMT",
2026-01-02T03:41:17,Google News WSJ,Why a $500 Steak Dinner Only Yields a $25 Profit - The Wall Street Journal,https://news.google.com/rss/articles/CBMiogNBVV95cUxQQURsSkJuMlo1ZnN2XzB0eUJYR0lhTGxrNUZZLUl0ckdTZnFfVHVLaDEyam50bDc0N0MwNVpPUXFUQU54S1A1dFQzQjZXbGVvVzE1ekNhanM2VVQ0OWRZT0JTWkJMaC1TUVBJWlJ2YThBZ3JXSU1JYzBVTmVNYlkxQlRXcHkyclVWNDBtQmZTQ25ZbHFjbHpRd0hDc1NIcXZWNHN3dFdUWU01NXdLbV9XZzFabDJuR0tzbnlhUEVRWUNDdWFUbEVBQjBxWllaVi12aUlyTlh6eExOQlc3SVlINThkbTExWXZHMTVRMWNvWHhBVkR0NGNhcTRxcEtGdEJ1TXdsZDRzbDJUQVh2UFcxTkRUQm1lckMyLXlLMExGRERfVGRRSHFoMFZQOUFDV29TUFZ0WERmQ2lQUEl6ZnpvWnVjZHhwdXJPR1JVeVZDdldEVE4zZ3lxaEVFaWtwb3BwVlRKSjBXY1dRM0t1UGp2ZTBFQmE0WTdCWFM0RFNNUEQ1WWVFT3Nkb3ZPaTM1MTQ3Nkp3UEE0bXRwcl9VRlJZcTd3?oc=5,"Sun, 28 Dec 2025 23:00:00 GMT",
2026-01-02T03:41:17,Google News WSJ,"Silver Prices Suffer Biggest One-Day Fall Since 2021, Gold Also Drops - The Wall Street Journal",https://news.google.com/rss/articles/CBMipwNBVV95cUxOV0ZJd0xSU3RNMmVINlRsNEs0bTltcU5IUTZsVFpfdzJoT0pZQUZaRUh3M0dUSkhsT1RNcGRNaVRCcW90VEtWVEFZNWR2bEJLb1IxM2xPOUd5TnZoOXFBVFF5MW1GczlPVlNlNmhDTzZjMDBqZ3RqVkltcGNRV00za21nNTE4M1MxQ215WjJZWHF3MFlsRDltQ0ZseEc5S0Z0YzQ1amh4Ynp3NU5COUFic1VoM29DQW82TEVxSkdzX3I3TWpST1BaNzRpTlR4VHo5N2YyOVhndHVXaG5yYVJXN0U1bE5aNVhjNUdka2lwNmdUMHpjTFNWMmZPWTV2blN3dU5sSTBlczlMOW5BYkEzS2E4X3J5VjlQWlRsSGt2X2V1cm9FdE92MjVsQTRoTEhmNlBGMlJUd2VQUVNYMWJLSWU1ejdNVHYxS1ZQOVdHUXNyckU5QUMxQ0dKSEJMWnBNbUNxRUhVVm5aVmVRWUE3ZURKUnBvM01WQ3RIN0tySXdOWVBrWmpvSlZsLWtnemRPNW1GZkkyaGc1MVF3UWNMeTZGS3VRcFk?oc=5,"Mon, 29 Dec 2025 19:00:00 GMT",
2026-01-02T03:41:17,Google News WSJ,Opinion | ObamaCare Is a Money Pit for Taxpayers - The Wall Street Journal,https://news.google.com/rss/articles/CBMihgNBVV95cUxOM3VVTlNFYjJnRldqdFZ0VklBMEpBVUkwa29lb0pMaVMzdGNoUGdBcWNIcTF5ZHBQLVhqQVhhSmxnRkpqckw0Y1RJRlFZdnlaZGk5cTFRek5yTGxfSThDZjhSYXVTSExfQnc1SnlnWjZKUjQ0TU1faTB5MXppdmljdXFNcHpEeHZleTJpeTByR01kZ0FkLXRXN0czcm1oVzd3b3dqOFNLblFKcXBabElVTWFMbFR6S0pqNWREZEN2ci1Zdi1idkJtSm5adUxmLTNfbUZfSzc4Zi1qYWR6Q2pha3lDdEc0NTJFNjgxVHBpUmRsVEN4Mk1BajQ3VXc5RzZCajJ6X2NmeUJtUDV2bWd4LXhZOXAzVDUtT082NVdSV2tvMWxkRTFiSG1zNGduMTFteHBnUW9vazI3Tm9YWHBRczZwR054NjQ5WlJNcjNsX1gzempvQ2FXSGpJOUx1QzhFcGF0WVdNSmQxNENfRGZRQXdNMFFNb2d4cG1HcjFTQkVPeERGZXc?oc=5,"Sun, 28 Dec 2025 21:00:00 GMT",
2026-01-02T03:41:17,Google News WSJ,"Rahsaan Roland Kirk’s One-Man Horn Section, Recorded Live - The Wall Street Journal",https://news.google.com/rss/articles/CBMiqwNBVV95cUxOUklUdGcyRHp2cGNjakV2MW55R1lmMEpqTDZqRHotWjBhQ2cyQk00djJhUG02bW90a25nMWlfUk5QMk5Ga29hU3g0V0xfMEdyNjlzWW80NXVXeV8zVnZmYTZrUnJObm1SdGlpM2p5YWVEaHdlN2Y2LUhEMlFPMUQydDFTV0J1NGtCeGdYX2hVMGpOUDZESVVRTkI4SUpucThvRVVEX2k1X1ZNUDN3b0xiUXdsZmY4NlpnTEZHb1pXZWQxREo1Q0tneXVIdWF4Yld3bTBndHN4ak9YZGhfZXQ5eUpsaFFkM0N6bjVNRTNJeVA2WDh6elFydjBaQW93amIycS1ISFI4VkZ1QmQ0aV94YTdWVzFvdHVxYjVGYUZPcGo2QTg4aVV3dFViTDBOTXdzY2JsT20ta09xUnBXYW9GUWRVSFVBTURoQXNwVjdPWk5YSWQ1aU9BUjZMRkhaX0lfUkNwUUJZOV82UzZqN0pqRGFQWnQ0SndMWVFqcXlKYnJxZnFzNFZkRVdqRk4ycHgyMy1RTzYyUWN5VkRiUzcyN2Z3a0lHLVJuWDZz?oc=5,"Thu, 01 Jan 2026 12:00:00 GMT",
2026-01-02T03:41:17,Google News WSJ,"Opinion | Trump’s Economic Struggle, and Clinton’s - The Wall Street Journal",https://news.google.com/rss/articles/CBMihANBVV95cUxPLXp0WDVUU3NKNGIza3RkcXFXWkY5YWFhakMtT2wxdWtpbDcxRmF1UHZYNjkzdzVuYWd6WFhJR2hGT1ZKRkthd1dvUFEtMHc5T3VySU9sY3kweTBfdzFPMm1pUks0WThLUGtJTkZpRjRQMmxhN0wyVTNBcE9JamRsRThud1padU1WM3V6MjlhdkNPLTJVV3N2djdsa29xMXp1VERrZGNRY1lZZWhRSXVYX3NQX2lpS3oyWEFwZkxlQmVjYVcwQ0VUQUpveWVOZDNZWkFrcjhicGRPUjhTeG9QSDVyc0xaQnZVTVBrUXVENzhFMGkzdHhkS2dXa3k2ZlliX3YwNVlrbldWeWgtZnVCWDEtVEJXS1BxcmF1MFM0YVM4clVhcXJDa1Vvbmp1X1hVa0RFWlJiZmVKanRZYTdEQVA3bEVmNWRibFVvY2pPTjBVX1pjdHpha0NUalNSYW5HOUtoY3V2UUxUQ0RZSkJaSkdneGxxNlZYbXpuZVM1MTM4VlR6?oc=5,"Mon, 29 Dec 2025 16:56:00 GMT",
2026-01-02T03:41:17,Google News WSJ,Opinion | House Republicans Had a Great Year - The Wall Street Journal,https://news.google.com/rss/articles/CBMigANBVV95cUxOb1BkeVEyLWRMM2lCTjdnZ0pvQjZyamdKNW8wTjRaMm1SZ1o4djFLdXNUeEJOLThKajNCSEFoTTIwaGVJdXhmdDNzc3RlQk43REVYbWZZS1N0Y3FZQ25BdEF6SzVzNDBMVHJJd29jU0NSVDlyOHFyYWZlOWRBMmZMbzNJZ08xMGxjdzNlMTJoVnM0Z25NR3J1T1VHRFpJd05WQUFtUFFTYVdkQUlUU181QlFFa1BPUWJnX0ZHRzYtT3pOeTA3bGlOaXpQOE8wbGdDUzdEaUhqSXIxTEpYN0hjOUR4VDlxcnMyZThTTWtQaW9mcTJKVFBRakZUamtKdW1oc2tjVDRTcHlNMEcyTG1VUl9ONjQxRkF2SU9SWmpxdnBzRGZNTzFReFVZTWFXSGRhTkFMcXJuaVJYdlRkcVBnb3pKejJxV0dlMmJ0NW5jeWVMRzhNMkEtV3VfOEoxNm1aRG5SemVid2ZmU3BvV2kxZWRqVlNJblpETElMaUhxdEQ?oc=5,"Sun, 28 Dec 2025 17:08:00 GMT",
2026-01-02T03:41:17,Google News WSJ,"Stocks to Watch Tuesday: Boeing, Meta, Applied Digital, Pop Mart - The Wall Street Journal",https://news.google.com/rss/articles/CBMi6ANBVV95cUxQTlpGR3NISllLTHZiWDNGdUdEQWhDN0Y3T2V0bC04b1h4ZVQyNzJlX1hndl9Kc0xHNTFBdlRsczR6UGs4ekdEQVhaNlFtY204SHpkd1M5dHdOZklYUnUwb2RFV0Zaam1ZM3QxWDN4b0xxenNZRGJzNXA4Y3Y2SDBzMm9GV3ZsQXpMOHlNUlczZGtUajRON0dSOXNnSDcweWlOcWt1Qm9NcjJfUFBIbmlrRkJVVmVLb0pHSTlkR2N6dlB6b01YVDZxNDYwaktfb2Z2cWg2QjUyZHp2cmtiRmYwR1dwbzF4ZTJDNlhfY2FJUC04dVJrN1oyQ3BUTU9LTXYteVh2LUVfY09BWXpsZVBEc1pvZWdBUURDQ2hGSm1sNGNDdTVvS3JjT19ieGJVZjBSTzJoMXN2V2tOMGEyYzhpU083LWRYZnE4S2d5czJCb1pWb3ZFOUd3cFd0b1gxd1p2a1JHRGxsVHRUa2lwak5oa3lJRmN4emNBTjQ5MTMzOXRyRnpubFBEQ2hqblJ2TEZFY1Z1SnRrRW5QU1I0RERHQ29ZcmQ2c2J5Snp2X1VONXhrZnM4ZFd0ZXFZNlkzeVVqa2Y0aUl4UUJwbmFJWkQ0NmhQcWhNWmxxd2g0dHQzS2hHWWpQXzk0TA?oc=5,"Tue, 30 Dec 2025 08:37:00 GMT",
2026-01-02T03:41:17,Google News WSJ,Dallas Is Booming—Except for Its Downtown - The Wall Street Journal,https://news.google.com/rss/articles/CBMijwNBVV95cUxQeUFxeURJek5GREluLXl3UUgxdmpZN2N4ZzVOcmd3VkxFZ1BCVmhocGJTNUh3cDQ2UmtfMUdMQk1MdGZiYlljMTRqOEd5bmdVTHp1SlJnYjhaZTRaZXBPSHJuUE1XcmZVajJETWhZTldTa3UtdGRMWnVBamVzZDJPeEk5TEVhVllNYTNPTWZmVm4yMGZPSFVYR1c5cHZwUmZTTFhaN2EzUGI5c0dFeHR6NWg1UklQZmJSYnowUUFoN0czaVIzVE5DVlh3Zk9jWm1HNjNZNjJkSENUODVOaWZxUEZ1Z2E3QmQyX3pSa21yQ0x4eldmTzczREhhLUE5V0lkTWZRaFdLT05SVXpFZDUtUDJFNlE1LXlwQ1I2MnRpQmlrWTVMN0pmV19pQy1DaXFwSzlxblEzNzh4RUN5NUJzVDgzMUVWUUtfMl9XXzJDUVpwMnJDbWVoeFZWVWx3OUU0MXRfXzBTSzFZcVVoSEpMenZHZndCZVAwVFpUeWYzSFp0WGEwYTlGb3otbEoySGs?oc=5,"Sun, 28 Dec 2025 10:30:00 GMT",
2026-01-02T03:41:17,Google News WSJ,"Three Months, 19,687 Nautical Miles: This Lengthy Trade Route Is Peak Globalization - The Wall Street Journal",https://news.google.com/rss/articles/CBMiwANBVV95cUxQQXBPRUhtekpXX29qYzlvcnh1VTJmR1lvUlNVaDFuVWdwMkhIZzJ2YWhMNXZQVjFMNy1jTktjSVptZ0pYQW5WYkpaY2FMRnpVaGhkYkY3eWxfempxVkxmeDlVY09KWGZOcFRkQ0lGVHozMUNpTWNyOXhqeXhZNl9vcVNVQzNTZnJid1RNbGF3M2RyY3NBRGR6ZUlMcGd6bFdQSEJlbzh3UkhsaGgtbGxWcFdTMFhKa2FDTGgxbGFpbE5zSUhLWDBKYWZyUEtKNjV5elZGcUo3aml2b1EzeU1BTWpucGpyUGZ5dHlXWkpRREhiYk9HR3N2WXdtYlctdnoxZVB4R1NmYklCbkNHVkJhamdRMmpSWXhnUWVqSWJmTU4yRGgwX0Z5d0MxbUE5bzNuYzByRHZRM1FhY3FDaElXMXZGSjVHRzNoTlJ5dHptT2pSSUdlaUI4UHVnbjJ6cnBXYzRNMGR3ams2TzdDbV9wbllNS2M3eXkyOUVXc2c1Vm1NX1Ffek8tTlZwTHNlbGlvdnJ6STlzcWM3QXFUeU91amRuUFQzbWZtQmhmRlRKZUdxZUZ0NVdCY1NsQ3pGamQw?oc=5,"Sun, 28 Dec 2025 12:00:00 GMT",
2026-01-02T03:41:17,Google News WSJ,Trump’s Broadside at Europe Also Swipes at a U.S. Legacy - The Wall Street Journal,https://news.google.com/rss/articles/CBMiogNBVV95cUxPVmw0WHIwdDFjNGcxS19WMXlDVXU3X3kwT1U0NUZVQ0xJck9LMkNZNkY3Q2d4dlZPa3BCekU1b0F6OHQ2OEF0Z1Bqa3dMWkkxX1YydDVjTFpJTXFVNWF1dXJLSHFianBpTzRpWVpvR0VSM19ROHNkUXFJcUQtT0dkX05wX2ROYmFyZVJGMGl4SUhQQUpCY0lOTXpTb25qdlVhdG5SMW5VOFJmSWlrTEZJQW93elJZLXI3TEMtVlFpMElUel9vbEpGNXZBaTNwQWYxRURMMGZ2Qy1HSUtMUDBNU1BmSF9FQ3VXZUlyRGZIcVFNaXY5eGNGdUNxSW1YUVpCVVpvOHFaRGM2V2hpdk93NE9LeTBaVWZ1bmNvUG4yOGVXLXNLcmxOckxMbHZzajRKUkV2YnktWW85Zmc1N2ZqQmVad2U2ZHFzVVRIbklOeWdrTmg1ekk3T3hNamgwTGxHdmx6MGszN280YmsxM0E5ekJoeTJyUUdsSXFwWTg5TnBJdkpvRkFmWTM2cW1DRC1qSTltcmRGMjV3SVFrbW9fY3FR?oc=5,"Sun, 28 Dec 2025 10:30:00 GMT",
2026-01-02T03:41:17,Google News WSJ,Silver and Copper Prices Rebound: In Charts - The Wall Street Journal,https://news.google.com/rss/articles/CBMi2gNBVV95cUxOSVZDU0ZpZERyRFc5UFNGT21rZktMY3ZFejBWczZMNVJxbnU5c1NCWkxBQU5aUmE3QUQ4dFZ2VFQ5MmU3TW9KbS1nNWVEQ2dEMGkxdHBGbkw0Z3o1QXN6ZVl1ZlkzVkZ4Y2pKX25HUEZ5Rm1Ba0haZGgyVkM4X3NkVVhlLTVEZW1KS2dpa0V6TXVqZzVQUG9ZOThZbEo2WGlKNEZCaTktaDR2dktudGliS0RQMXpDTXRpTHRmRmZESkJ3MGNQaU5MZEpqWlAzelpvTFhMdElCeWdqTnh5RkpSa3NRMy03R3hzQVR1cU5JekdjR2QwNkwyOEN3cUFxbV9NRFNZaXEzUUQweWo2NEZoSXZqLU1CdndEZkNNSUZQRmdsTUJvRTRtTXhpWm1SbC1VOXUtbDBjN25mMUZsX2xpRlFiVTRnYWE4Tm1wNnNTWUppUnQ4OWQ2czl5eHg3dWJrVnZibHNoMF9qNFRBUy1PRDZUUm1NQUxOZnRtckRjWDBBeDJnNklaWFotV3hrSWlVd0hXQ1VNNFpYMHBTSHZQVXR5UlE1M1hJWFgzZXgxcXBHQ0JuRm5jbHplZ0wtRy1ERVJxUVlQRVg5ZXN2b0NYTDgxT3NfRU5BblE?oc=5,"Tue, 30 Dec 2025 08:37:00 GMT",
2026-01-02T03:41:17,Google News WSJ,Print Edition | Wall Street Journal - The Wall Street Journal,https://news.google.com/rss/articles/CBMi5wJBVV95cUxNNzdoUWxqQWYzZ0ZzaEpmNml2dlgwYW9HbW1sN2xYMG91Yy1KTWhmNFAxeUl1anotWHc1eHZwMllGXzk0Q3VtcUthWVlQN01jeVpOdGNESnNTZEpyQWJ5ZkN0LVVGc0w0dk5tdV9hcW1BNUNPVUcxNEo1Y1VKdWJUSWZiRDRRVHNMWDQ5ZG9XaW9PS1RTaWY5SmlZRVNYQTJ4enBGbEllVnhBU0p4aFhYcXBiTHhLRTRMcUJuU2QxeVpicXpfM2FrYXFvcTk1RktvZHk3UVdYREQ5Q2xaYnM1MTBTRW9sNHpNTjB2LW5RV28tSVVXTFpOZVRnZzhPSXM5enU2bXNmbldCTldvcWFjUHZ4NlNOYzBGMWhreFlzb040a0ZZUnpsVkdOc0FMSW12cXE3Y2NlRU44TVVKYk9EbnFrUkZfQlpta3l0NXVMSzNhOUFaMW9waHI1OUtOWURFV2YzblpFVQ?oc=5,"Wed, 31 Dec 2025 05:37:30 GMT",
2026-01-02T03:41:17,Google News WSJ,Colombia’s Cocaine Smugglers Employ a Deadly New Weapon—Drones - The Wall Street Journal,https://news.google.com/rss/articles/CBMikgNBVV95cUxPLVBscXdzcWk5dHJ4TTVOSUlvYXF2My1HT3ExbzF6U0laQ0xVM01EZWt1SE5KbC1Ba25NcHg2OWZyWDVONDhjY3pJdnhLeGgwM2M4NTB4eV9PcXlqVmtmb19oUXEwRnR3R1l0TjgwZ3JwMnE4Rnh4TVhIMHpZR0YyTnpoWTFSQXU0MGYyMXlrMzdHVk5UYVRPUDlyQkNsUmZJemFuNWFoNTcxWFN5eThSX0R0dHNWWXkzS0hMNU5IRDk1c0VoS3NqQ3BNNHRIemhXemQ4cnRwWE82ckRVYXNVS3pBYWpaYVZTdE1EZzBuakdKVEN4dHZYYzdFLUtCcWN0ZUZ3eFgyUmJNOXFxWURzN29aRl9GZ2ZXbDN6N0J0QVpMLTBMa28ySHdWTUtsX3daSkZpdXhRSXFpZTJNWmhaQmgzOFRfRVB0Smp1TFlCM1FEUjJSVUhDdzRLcnpQbW1JN1R4bDNUYjRzTEcwdUFWUHhSR3ZneVplU0FRYnptcmVubzZ5d015bGlFWGszRHZOUGc?oc=5,"Tue, 30 Dec 2025 20:40:00 GMT",
2026-01-02T03:41:17,Google News WSJ,"AI Chatbots Linked to Psychosis, Say Doctors - The Wall Street Journal",https://news.google.com/rss/articles/CBMi9AJBVV95cUxOdHRqUWNSdWczaHZXTWN0aFlYQmFDWjRBY3d2VVRtcVI3aTVxQllSMUU0TE9DUHJMYWVUM1V5YU5YenZKZmdkX3ZVbXZaYW12YVNrVTlzV2ZIQUJLamZsLUZNS2lSbUljTWVxeTBtVV9IYnVVS3FjV1ByejJ3UUlxbURQTko5QTJCd3E0clBXVlgxWnpRb2JpaDRmcU40TTBYZ0t4Rks3ZmZQV0szMEI0QkdaWTViUW5XUG5ucmRoN0x1dFRuNlE5a2N2YnEyU3piSlFaWmFfdmhzRkVfRC02TWRMRXFwUjJ6YlpDSTBQNlJKeUpNbGdqMUNnNjY1SWlSNlFIM1F6cmhSVTNPMEdENzcyRXF0ai1HZEEzXy1TU25SLUdUclZCaXJXMHV1R3FLYUVFQ0NOUjI3OG5HLS1pM0J2Nmx3NHk0S01YN1ZxSnJiTXBiUG5YWlJld1VvQ3JtdW1ObWwyWXdYQlpCRk4xNUlWMm4?oc=5,"Sun, 28 Dec 2025 03:00:00 GMT",
2026-01-02T03:41:17,Google News WSJ,Michael Burry Bets He Isn’t Too Early to Go Against the AI Juggernaut - The Wall Street Journal,https://news.google.com/rss/articles/CBMitwNBVV95cUxPWUFCdjJQWVExTkNCS0c4cWpNSEh4M19pTWU3ZXFuZGZkSHhzbF9xS2lYYk96akF3dG9RbUVJWGdJcVZ4UFhLajRyTlg5VXJ0aDYyZ0dXVnhpaWlRYXpvZ25TcnByOXl0RVdZdzJlTC1sYnduVDNiY1RZZmNQODhXOGxuN2p4RE9aSnNubEZURWVZWUpiMldJVEFva0VYWlhCRkhvaGdBQ29Kcl9xMnM2Vk5FWWtweXFSSzRsM3BnYmJKYmE2emN4Rzlpand2elFQY1Z2bW1fb2dnUkx5SC1rVkFGMmpsa0wwVUhKRDNfMjNqSXQ2ZnJSUkRSN0dZZHFHYVhsNVR3VGlnWUI3bHRxM1hiRTBlb3BpSXVpVHhzMEtPLVJPbkNBSUxZZkxSMGhoaDJjQWg0MlpFeGNJZTV0dlgyQ0M1UjZQSFlSRng5ejlWNVVjOXhreFczSjBGalFkaVVxYUZhT1NfTFViS2NvWVV0cTFIMG9VN3ZuX1YtWlJ6NGI0ODhCUVRUMG1JaW9pYnYzdTFnRjZVNVp3eHlYUlVULUJoSS1sLWtqdkQtTUpZS0RYcVZn?oc=5,"Sun, 28 Dec 2025 13:02:00 GMT",
2026-01-02T03:41:17,Google News WSJ,Companies Are Outlining Plans for 2026. Hiring Isn’t One of Them. - The Wall Street Journal,https://news.google.com/rss/articles/CBMi_wJBVV95cUxNLUVRSXVfUWVObjhpbHFFQ25zaXZySWlLTkFZUTlOZkdkMkxwZWNGRXo4UXVFQUFyaHZDZDVOOUlKdkVmYk5ESjNSSjNLQXI1SUpUWXR5eVlOWVF4VDlxY0ZMWWQ0SjQ2YUhDenFPalg2czdIOUFKdHVEeHA3Y3ZvVEFLR1d0WThNQndsaV9OQ3NIX1UzVEVHZVpHeUptT3hmdkxwNjVib3l1eUlRTEZ1SXc3eDdEbjg1THI3aVZxa2pIN0RtUmc3eHBhOFNkRUNBTXlmQ29sQldMSUhXQ3piU2VQa0hmY3FLZVBYdmlFRk00MUN0MEZDQ1hpY2kyZmVCVzYwTWtCbVVYOTVyVE9mY01PYWxudUlOT010YzlIWkJsSks0VTl2bjlDT3VmZU9WQ0RwLUZ6M3FwWFF4WXFpLUVnajdBLVdzV3BOSW1UNTFSekp1RnVGZ2d0c1VPSWF3QXBXUmZfZ0ZvMlpfQWpsQWdHa1BLX1dnaTJZaUFEWQ?oc=5,"Sun, 28 Dec 2025 02:00:00 GMT",
2026-01-02T03:41:17,Google News WSJ,I Tried Answering a Big Unknown in Retirement Planning: How Long Will I Live? - The Wall Street Journal,https://news.google.com/rss/articles/CBMi0gNBVV95cUxNNTRIVzREd1RZYk8xeWZVQkMyQTlmbTd1VjRFVUNqSHBxcFBqdE1mS1RseVo2NmQ2dkdJWXNKa1lZQnZvUmNDSEpRSV9odVFPQXZLOWY2aW5Sd0hYUUlEVXYtWFlyXzNRT1haalNqZjlEV1p3OFlTLWRhRVZuODl5b0FnbGFDYXI1OUJveDM2SVo0TkJVQWdFTHNCR2xYTkptUjlyRUYycFhDUU5tcTFTa21YbFY4aGcwYVZnTDJOMUw1UHh3ZmZPallweDdNaEppMlB4YkRsY09NT3lUNG5tYi1XVkpyU0lWOHFnUHBVRlJ1ZVZVTHNENnhBUEVhMDdxbzJYZ0NZa1d6dnNaSFR6NmRuM1E3QmNrM1JiQVBibGJqWnY1U2R3aE1wbGtvTGI2Y0hoXzdsVkZPbm9RcFNFZVB0ZUJranIteXI5RGI2RmZDNUs2dzVYUlh1YnQ4YWNYR0o5MnNTTkVVc2tOdGdfRVpjV3c4MkVqcUZzaFlQWTBEQ1AzWXIycVplOGQ2amh4V2tYWlEzZHlqVEZCRTBwdmdKQi1FOGd3d3ZTanlRT2d4MGlzdEh6Znh1SFp3YTd5UVRaWUtoSDN4SXEzMVJPbEFR?oc=5,"Sun, 28 Dec 2025 02:00:00 GMT",
2026-01-02T03:41:17,Google News WSJ,How Trump Became the Unlikely Champion of Easing Marijuana Restrictions - The Wall Street Journal,https://news.google.com/rss/articles/CBMivANBVV95cUxNNF9McE94bF9WN3VySzd1VnlPT0xKQVgzSUxLSlFPejdQOXBFNDhfbU8yaUs5ME1IT2hLb0lDSHN0Q2o0UFBYUmhDWUZtSnBWdnlfQjNXSDA0RDMzQlBrU1NPVVZpZHRyeU50M0RCZ1E0RkRuMVZPZGtHZ25Gem94UmpEY1YwRHF6NzhSRFZVN2pBRDZVdVc1XzdrNURkZ3lLeGhUU3hMT1hQUmNiWFRkZFhYRDdxWFZ1X1FWa0lyQW5IdUJ0U1B1T2I3YThLaVJIUE5lbVFST3ZjZWR0dUo3OXp3MXRQWnZNaFpqam1UREtKMTBTU3JJSE5hRTVXUV9UN3Y2a2pydFhyZllPWmQydldTckIyeF80RUQxSzkwWVdvc2c3NHRXZ1ZJRWswY0ZxS2laQWl6ZlJUQ3ZnYUZOM015VEloSW5GSlNMdXVXV25FNXZrT084dm5YUTNQYzNEWVdLNHlHbDZBZ2xuZFUxNXdXRFZycmJ5a2Z3ZHU0ZF9tVW4zd3pGNzVmVng3RWdDOWM2SEdzNkdaeVRUOHhMMXlDMTNkTHlHaTI0T0YzQUlBbGtLbXZsVE1ENVM?oc=5,"Sun, 28 Dec 2025 00:00:00 GMT",
2026-01-02T03:41:17,Google News WSJ,Metals Selloff Hits Mining Stocks - The Wall Street Journal,https://news.google.com/rss/articles/CBMi3ANBVV95cUxOcUVOOGtiZ01CdXRWUy16MlJXWEpYUkcwbUVaNnlpeG54cDJmanpnZklVMHRKdlg1dVdNTW40ZzRBeWJWenFmTTJHMHVsYmp0NjdSY0liZExUYkJXZTRGOTY4ZUZXNGlJNlNjYTNJeW9oMnRQUDZMU1VWY19fZF96YnFlY0ZxTUZvYjJMVEF5WF9iRmFybXhjTXFKWEJocVZHMUJjZ3BTeml6ck5NUEtKZ09tZWJJa2ItUlBaZFUtal9HcWhQdjBrVkd5aE9fOGxmMWQ5cnlEbjFObGd6a0NrTTN5LU04RS1yS2trQlJmbWRKQ1pqcXAwVmJYVWs5cEpYQTdlVGt5SHhKb3lhbkRSUjdLbHY4Y19pMG12U0J0Q3VJWGRSczlmb010MzhUZ01oQXhzM240cjNheXh6WDNjN1A4b2NxZ1lWNzJHa2Y1VHJpcmx5NFJEQTZ5OXp2ZHhrcHRiekgtR3UxY1lZUnZyc0cwaDcxS3NHSk1JMTd6ckZoNktMa05vQ3ZEUUZnbU9DeXo3UGVJblEtZzEyVjF4ZGs3dEhUMUd6WWRXRDhWTGlHME5wa2ZwemdwRHhqc1ZZc093cTlHeXRUdG9ZVEVxWjJBREpjd2Z0eWhpeA?oc=5,"Tue, 30 Dec 2025 04:02:00 GMT",
2026-01-02T03:41:17,Google News WSJ,Bankers Are Gearing Up for Another Onslaught of Monster Deals in 2026 - The Wall Street Journal,https://news.google.com/rss/articles/CBMiuANBVV95cUxNLVlHclNpRWVsel9kTXVFTHJIQk1TU0JsS0dxMV82ckx6VjY3R0JkM1pKQVRGVW15el9IcVpEeXVZQ1JHc0hHT0hWbFlwVGNyNERjQUs4bTl5Qk04TzlfZjFMaWhISUxXSV9FVFVvUXdkOEg5Z0Fxa1lQQmNTZ3k5WGd5dWdQUWV1V0NaUWFOVU1pSXM1QTNDUld6MFNEbVB1XzRrbnZuRG1YejA2OFRVRGNiYTROUUF1Y3J6YUh5Tm5iRlM0eGduN3FBbGR2TGNyUkhyQzFfRldLT0hQb0phM0RldC1qcno3MzZXSUVxY0RHcUMtY082dUtqOFpMcWhRZ1dFZ3RRSGlydUR0NzJzbWFENTlUQ0xnZTA4d1NXYTQtTnhmNFduclpQX2dvWTlLYzA4ZnhzRi0xWGtQS1F4NFlJaXE2WUtaWjFYVWo5a2dqRHFIbmk3c0VTb3pIVUhNTkdCcEVPcjhUUk9DX01OWEZFaF84dGo3SklmdWhwLXZkY2pxZXV6aE1DOTJ3Q0tXX2RqVjNfNEV0dkoyY1B6MnU4SG9sWE9RbVRqdUhqUnlyc2psVEowQQ?oc=5,"Wed, 31 Dec 2025 01:30:00 GMT",
2026-01-02T03:41:17,Google News WSJ,Exclusive | Justice Department Using Fraud Law to Target Companies on DEI - The Wall Street Journal,https://news.google.com/rss/articles/CBMiiwNBVV95cUxNQXdyaU5iWVl1NzRjZnZRbGFfWnkxNUwySFNoalo5WVhEREE0VDZPaVpHaGRaWF8xbzVwYkg5YkJVWWg1Q1Y3ZXhoWUd5VDgwRkpYcDQ0SkVYSWdBRkpqdGJGc2MtdGJTanY5cTBjV2dmaDE1d3lXbTJnYS10UHQzZzZwM1J3UC1WZVUxYlZCMWV2UEVxVlFmMzhRMkF2d2V1RFlqbXhCZGtzSnkzenF2YUlwUmhaZzNYRUdDT04xWlBjMGVOMGtVZlRIUGJaQXY1UFNmbkFiVkFneEIwS2JKbW5OSGZtSV9aV2cxTEdTeWo4Q3BQWXJZb191NzZfeVVNRlF6aVdCcWpGQXVPZldFTnp3Q29wUWJmNkFNSm9HUHRqMWR0a0FXQXFmM2JjNlhIVi1nYlhrUDMycHZpWWZ6Y3YwclZxS1VkNGFkNXQwQjBHVTZDM3ZoZy1GbVR3Y1lyTmJ2YXZibk1KVk1xbkJXNFp1YnhTNENqV0R0c211WTBOQ1lvdnpyc3hjOA?oc=5,"Mon, 29 Dec 2025 02:00:00 GMT",
2026-01-02T03:41:17,Google News WSJ,"Opinion | In Ukraine, Give War a Chance - The Wall Street Journal",https://news.google.com/rss/articles/CBMi-AJBVV95cUxOaEJ3eWtaaG02NHpZLXQzNlBJRnhIRXVtQnlrNWJPTEE3cXA0WHdwdnZNdjJLWEdoQjl4UHdhb01Eb0tmclM0Mno4UElkTlNWWUpGZWtNbXViVDBPemxzNGhiVkFDRGNZbl9sVzRhWnkxVWpPengwaE1xaXEya0pTMHJyQ2dPQ3IzaDU5LUY5WW5IVElLWXg5Z293cFBkV0RSaTNZYnNkQlBINUdjRi1NVkpqUm1oTGhJYzk4V0djU2NQTjNRMGNoR3ctazQwakNRazhlQjRKbnFxZXNTbEgtdHI4MFoyQ05zeVJuTFp6TFlSVGttYTRLYmRYbWZJbmh2bzg4bmpJVTNSUElsYUJVZW14VXhUTlFZMlZycGtHa0dNa1ZWcWNuS1d3MldoNGZQVm9iV0JKRkpJTUQxUF9DV2ZqMkt6dlBObFRlTGtHNk9xM3pPX1JjSk5pcURHb1hLV1gyeS05blZsSFdtcDNjb01LckdjQms5?oc=5,"Thu, 01 Jan 2026 00:31:00 GMT",
2026-01-02T03:41:17,Google News WSJ,Trump Wants a Weaker Dollar. Some Chinese Say He Has a Point. - The Wall Street Journal,https://news.google.com/rss/articles/CBMisANBVV95cUxNYmZtV0lraXhMTkR1MGh5WFFCNmlicU1rMERuTVFyZVdLLURSaFE2ellFcUdTb0lvT1h5QVZIeElTX1hLWUJwVko4YzlYWkItclJsQ3pyWDFfQlpoVDlKU2YyaTFmblNJR2k0ZGRIV2RNNnRJbWVoU1FjbVpETzhaTV9nZDBQQW52RFZ1QWZIR1p4UHZmaUdlclExcURZekZocGdvNmNiVjB4TDllNUFUT1U1SU53QjAzaHZhQXN3REFpMFZvbkg2TUw5b056ZGNzb2RZcHprc05UWTlPTjZkdTY5OFg0aTdOS0t4enB6S01TdDJ5RzFUY3FDVXFkRElScFFhUE5uM3dRNl9oRXIwSVI0a1JSTEFON1BkalR3TWZKY2R4WDQyeEhyc0Z4U19Fb2hpOFFoSmxfdFUxY1RFSEtzT3cwX2JPMEtESlgxQ3FrbzZNTkJVTUhXZkppYTVEMjgtNk9HU0RPRDliUGJadnl1WlRua1RFOWROU0w0Z0xJTlpqSTZJLWVLRzRtUWJ0bmNkLXBUczNQbm9MM09ZLVdWLXVJcFZEcW5FLURJS18?oc=5,"Sun, 28 Dec 2025 03:00:00 GMT",
2026-01-02T03:41:17,Google News WSJ,"Stocks to Watch Monday Recap: Lululemon, Newmont, DigitalBridge - The Wall Street Journal",https://news.google.com/rss/articles/CBMihARBVV95cUxQbERQeU9UZEx3OGZ4UUZpVHhYV09zVmhtcko5Z3NuN3EtelBsMXBSOTFIY0N3b0oxTGpBdE9ZaHFDZ09sSEFaeXdXNFY3VXVNSHFvVzBSSG00TUdfRmVadzJhcFBGNkRnWkNEaUllNGxMT1RsRExHbnk0RWJkMFAwdDM2YjZ5ek5WYUpZanNORUJfdGFxRjZ2cHBCSVZyc0Z4dVE0QjFGUWFfYUNhY1NPNWUweFZvdkVpbDcwUG01eUFXMTdHTWR4RkNrZEJHVVpoSzg1TlU0NEZsd2ltQlNUZWxXeEZUVUw0QkpwOW9WMTF3VGFqVkcyb3N2UExXcGxCSWVZOWVQak1jbGpZX2RPQzFWaTk4TUxJNTJ5aTFON1JwY25QTTZnbUlRYXRGRG5vY3Q2Q1B2WGNZdlN2NUNZX3JzcXZLOHEwTFV3MkxXUHVBQ0cwRkE5X29uWGtCSFpoclpDMmZheFNENW1NNmhpMGthYkk4UEFjX21PSDFjTVU2Zy14Ml9icjNFR1YtRmlnaTVLWkp3Y3VDOE5GNVFxNWc0SE9wQjBmcTBWcS1SQkxzN0R5d0pYTm1sNHVhaDNXM1ZJT2dCbi05ODV3SVFRLTlCdUJFdWV3aU9seXFybnFYNzQwMGtYM0RzX1E4c1Y1eWxjUzdpOTFMa1RXQVlxMERaVjM?oc=5,"Tue, 30 Dec 2025 04:02:00 GMT",
2026-01-02T03:41:17,Google News WSJ,U.S. Stocks Defy ‘Sell America’ Warnings and Are Ending 2025 Near Record Highs - The Wall Street Journal,https://news.google.com/rss/articles/CBMivgNBVV95cUxNZG9wWTEzbnFydERaa1VxTXNVSVEwTFFHOUcxdl9aeHZ6NUpZMnV3WFIyTGRqc0dkUm9yT0dkRE9WaW9JWkhNQzBFSEJGd3lGMGdZN2hSSF9LUEJUTzZjb1pYandKRElodjFRa2RFZGt3MTdoRjNXbEpmZlV4c3pSNlJSWlNPcjc0MEFiVVd2TXFlZ0ZZbHAzcFpwTXFCM1dENGhtTlVKZEQ2anJXbUhkLXNCV1hRckRGWXZJOTBxRjVGSjNQR2xmQUQzTFpRU0NXclQ3M1FiZEZ1Z1NqZktwT2IwUkdLSmQ3SlBNcGc5TkNLN0JXNXV5T2tnQUgwU1pYNGV3aVdGUUI0ZkdwUi1WNzQzZFhjejlDSkpRTUVtSDJTWkotWm44SEg5bHRyNFlscXh4bDg2X0VtTWJ2ekhPOEVKcFlvWU4zdzlXU0ZJdHlDWElCakRpcGx3X1hnWnJpNHVsdzBWSGJMbTZILS1rMVNqaWk1WVBNMmlPa0psTmRHOGRRN2ZTQ0Q2NnpGWEw4bHdtWVVIZlZ2d1l5bldUSzZFMmJEa1JhdlU2b0djd0hiaU1hU2R0cFJpdTJtUQ?oc=5,"Tue, 30 Dec 2025 21:54:00 GMT",
2026-01-02T03:41:17,Google News WSJ,Europe Tried to Slam the Door on Russian Energy. It Didn’t Account for Turkey. - The Wall Street Journal,https://news.google.com/rss/articles/CBMitANBVV95cUxQZFFtQ2RqODBUYmIzLURoeVMxbHZoelJ3TmlrU01Kc2MzcWtqaTJPZVNOWkprM18xTG0ydTBYWHItTk5fQU5MekpneDNtZFZVYnNJLXJGUFA4UDJDN0ZkWUliN1VLaGR6aklrMHA1dFFmdWFsQ2JaYmJaVHVrajE0TnJoM2dYN0d6Q0tiUUtJTVhHbmFEbEZZU2VCa2FQN3A3NDdsU3kzeDJLS1RwSTZjeXQ0cVBxdzBLbnBYTmlqUFZlRURic2xmMXA1bHdIaTBXQXo0bU14VGZHeFUwTFBPUDF4VGVGb3dfb2NJam1wQmlpZDVUcC1NbnNvejkxbTY4RkNqMUw3ZXJUWXRXbDZvWi1XczlwYUluWWNEcHNzcUdLWUZwMXVHUlhmbWhLM1IxdEVVRTYzbXdOalpZeFB3MFJKZ0JwbmhnUFQ4ZEVMdk9Ra1JtR1ZHYXBkLW9UTWs1RUxOd053VlZjTC1DbnpCSzdVSTdhaWx3NFhBc3JKcEdjdE85TVBleDdXNEpiMmp5MnlCb3p6TlBGLUc5YndCZ2NPLVJtSThrX3dDTEdDd1psVmhD?oc=5,"Sat, 27 Dec 2025 15:00:00 GMT",
2026-01-02T03:41:17,Google News WSJ,Classroom Phone Bans Work. So Why Don’t All Schools Do It? - The Wall Street Journal,https://news.google.com/rss/articles/CBMihgNBVV95cUxPU19WWGNROTg4aTBVdVE5UmlLRy1VQnNwUGllM0ZVcGhmcmFMYTctUEFIeHdSUEhHd29kcHVEank1NUNWZ3RHRHlEeGpOZkFGM0VCdjFyZy1wYVhxejkwVWVDTV9CeVdES3l6Q2JRTFI0QmZ4VnA3OXBHOWdiU05CRG9xUDUwd0Z4T0ZTQkVGUk53S0R5MXhoLVlnbWxEeTFjbGtCWWFjQ0dmcWtQNHIxMTBTeGI3RmdJNzJFa0tsWVJYWXhCU21SU0Y4T1VSUWpkbDBFZjdwYTNQTDY4cUczbDdoR2JMTkl1VFZwdzZoSS1xUGFaU3hZR01xZ3NuOF9YV1hScnQwb1pNNVhRSXhSRHZWVUpwSmtfdHhxZlpqaHlHWDhfLVQ3SXdYM0d6V2dDWjNscXJkb0dZX1lmdzZfUlpXYWlrdUdfSVM3cmhGRmhKek90RVlya3hzVEkyOXRIUDFiT3hxeDliVWtPUWRRODVFM1hGcG14ckJkeHdFMHE5VUZHOUE?oc=5,"Sat, 27 Dec 2025 12:00:00 GMT",
2026-01-02T03:41:17,Google News WSJ,An Ounce of Silver Is Now Worth More Than a Barrel of Oil - The Wall Street Journal,https://news.google.com/rss/articles/CBMiugNBVV95cUxOTzJSUTV2RGRkaHgyeHVmeTJjMEpmWjVQYWx4QlMxbktsNHVsa3QxOWxWX0otNFIzWVpjNS1fREZKaF9PR0M3QkFRcDJqV2RkV0pmNGRIUGFrZll5aDlsNk5ZTDF6ZEJHbEk2NVhfM09rVTZxMF9IMVJBaEJoM2REd3Yxb0pqeHplT0hpOHhxMi1ZbHNvU2RRd0pXRFNFQW82QUNqcHFvWDJEU2pPM2NOOTVlQXNNS3cxaW1feG8zVEJSZ3BPR0xWWXI2c2JoQTI1VTdKMFlSYkNtZEFRNG1rRW5UdzZFZEFyaW1RUzBJbjg5WTJLcHFfeXByaE5fajNpTjNmTnB4NWwzOGNaSk5adUNlcU9ic2ZxVkhsazdKMUg1eHlsWmQ4eU1jSkVaLTRUQld5dm9JTDZBVERLajNnRjR6VWlfNDhGU0prZjNweW1qWDRIZjN4UHYzR0xqVV9IYmt6ZWtqMHNYellScldOWXY0UklKRXBfdXp6WDJwdXM0S2ljQ21CZDhua2VQSF9teWgta2FEcmNwZW5sYVduM3RTcWRHbGVudzEzX3hrLXJqb3c4LUxpN25R?oc=5,"Sat, 27 Dec 2025 16:00:00 GMT",
2026-01-02T03:41:17,Google News FT,50 holidays to take in 2026 - Financial Times,https://news.google.com/rss/articles/CBMicEFVX3lxTE9GTWpqaGtTaU5XTklfTjNnOG1yWkZ5VUFSbVlkaThEV1YweE1BcWhLWlZYZFNiR1dwR0tYejN4YVBzbmhtWUlVR18ycjZmNWN1b3ZaTnhaVEVtY2dMeU5hY2FBVU1PcTdiQlYwSEJ4VVY?oc=5,"Thu, 01 Jan 2026 05:00:08 GMT",
2026-01-02T03:41:17,Google News FT,Several people killed after Iranian protests turn violent - Financial Times,https://news.google.com/rss/articles/CBMicEFVX3lxTE1yMGs2cjZtOVlxX0xHVWJNdG9IOWlSM183NWtSQ3h3SWpVTnRuZWtRSG1EWUJ0OThUOFotZ01nVDI3NHpYdVVrR0ozQ0FxLVRmRVZoTzBLUmRMbS11aEI5MkZVakRNNFF0X0xGMGFpVDM?oc=5,"Thu, 01 Jan 2026 17:36:37 GMT",
2026-01-02T03:41:17,Google News FT,Israel’s Horn of Africa gamble raises tension with Arab and Muslim rivals - Financial Times,https://news.google.com/rss/articles/CBMicEFVX3lxTE9CS1YtRnRUXzdsZmQyQkw4X0h5ODlBN29ZZGZyTEEwakJydF9xb3otVk5BUGVuX2N2a050akJJSHpDLUMza04zQk5YbkY2SWNONUtyWXBMd051OHhRWGFXa1k5SkpRXzZadTR1OVNOUnI?oc=5,"Tue, 30 Dec 2025 12:00:10 GMT",
2026-01-02T04:42:15,Investing.com All News,Asia FX steady at start of 2026; dollar dips amid Fed easing bets,https://uk.investing.com/news/forex-news/asia-fx-steady-at-start-of-2026-dollar-dips-amid-fed-easing-bets-4435057,2026-01-02 04:38:10,
2026-01-02T04:42:15,Investing.com All News,Revolution Wind to file injunction against lease suspension order,https://uk.investing.com/news/company-news/revolution-wind-to-file-injunction-against-lease-suspension-order-93CH-4435056,2026-01-02 04:16:08,
2026-01-02T04:42:15,Google News Reuters,Oil edges higher following biggest annual loss since 2020 - Reuters,https://news.google.com/rss/articles/CBMirgFBVV95cUxPUzNoODBIcW5CN1ZOc1F0X05NX3JobFBhZkZONlctanh1RE5mcEg0WE1GMk1rYk13bFpWNE1ocGYwOFdtOVhKcW5JM0YzWU5vWjFURTNoNHJsa01PdHU4eG8waGU3WnpVdFI3OWhzNHBqVkxvMzdhN0dVdlRMQ20wODNOUXRzTS1UbWhxX19zdFNDZERTRzFsZzlITE56OENZNmRyeW5qNmI2RjBrQ3c?oc=5,"Fri, 02 Jan 2026 02:02:00 GMT",
2026-01-02T04:42:15,Google News Reuters,Stocks make upbeat start to 2026; precious metals extend sparkling rally - Reuters,https://news.google.com/rss/articles/CBMigwFBVV95cUxNM2E4bWc5NFl5RWFnSDFuUmMxZXQ5Z1JpdzVkNFpJNjRoc2FyLWVhUm11NlRpcDlNOXV4Nno5VnBjQW5HMHVFbU05NG5ScG1rTU1lcnhQYzNtQ0Q0aXh6SElfLWxVWXVGVXdEdXVjRzVfck9MVFVoSHNjMWJPYTR0cjNMMA?oc=5,"Fri, 02 Jan 2026 02:48:00 GMT",
2026-01-02T04:42:15,Google News Reuters,Asia's factories end 2025 on firmer footing as orders pick up - Reuters,https://news.google.com/rss/articles/CBMiuAFBVV95cUxPUWFGZHdFQk9XYkFOYnJieHVFOUpqVjJ0MTBZdHU0RnFmLVBCMFJTVWd3ejJmUDZCVmRwYzRNMlAwY0lZbDFJejh0em1BOUdmMjJHaEJET3B1THdzUEZ3VjlNdnNwWFlSTkE2VFdhR1lwZXUyTVpOeV8yejRHYlhmN0ZrT09YTGpXanYxS3gwYzlQV2I2TVFjYUtxRjNFZXJJdnhyQUJYeHV1OWMxd1dnWkktV2w0c28z?oc=5,"Fri, 02 Jan 2026 02:53:00 GMT",
2026-01-02T04:42:15,Google News Reuters,India's top carmakers log December sales jump on tax cut-fuelled demand - Reuters,https://news.google.com/rss/articles/CBMiqAFBVV95cUxOa3NwY29BNi1OSkpiWHZSUTZDUlFzd2VyVzRQTFhlYWo0T1FScERaOVdVcnc1bDlnV2ZhZDlSVk1vSi1YZ1YtUWFWeFVpNFMyYkFQT3VVSzJ2aTN6eVVXMnRGb1lxMXpZOXJSSWFIcGVVZmVxQ04xWHZtVEg1bndvclctLWhBcXJTYmhFbTdXbGp3bHVYekxOZ2JpZVRhLUxmRWIycmZPUXI?oc=5,"Thu, 01 Jan 2026 11:53:31 GMT",
2026-01-02T04:42:16,Google News WSJ,"Exclusive | As Signs of Aging Emerge, Trump Responds With Defiance - The Wall Street Journal",https://news.google.com/rss/articles/CBMimgNBVV95cUxPZ2otWk5PMkRfZmlCbFVEUjdCRE5nOVltZGoyNkJEVkQ3X0hhVmJnMjF2dnNTdDVGMjFLc0VKUWNnMXl1UmowNS1EeklYY20tUzFSR0dla0pTYkszVUMtVVdiZjRMS25MMEpPVzc5TkVEMVB6eC1hY202Mzk3RmlyWDZOWUY2V2o0dWJXOHdKZzczbGpQTlJpYTZ6SmRVRlZkVzA4dXhLR3ZGNUZjSGtvM3BLWnJfRFM2R0hkU1BRaGxab3J3Q3hlbjd0SzlJWGNwYVNaNmpKeW1TVmRPYTl0MUtBRnRmNFhvXzdBQlRUV2c5VHJfUzh4WXVDMDZqUmpvY3J2SUljMU1tdHpzZjV4U1dMV0ROX1VvaVVqVVo4RUYyekQ1dm02ZlZld1p5TnlLS0FaelViUE5TTWlCLWgtN1Nrei1IdGo4TFRsc3cxOUlRTDlJTUVfSjI3dWk1QXpzR1lpOVJlZ1NaR0d5ZkZMTklfOG9faVl0bXEwSGhCYV94RllJTnVYNTIwMWt2R2tQelBUblBQT2NCQQ?oc=5,"Fri, 02 Jan 2026 01:39:00 GMT",
2026-01-02T04:42:16,Google News WSJ,An Eyelid Lift in Your 30s? Why Younger Women Are Getting ‘Blephs’ - The Wall Street Journal,https://news.google.com/rss/articles/CBMikwNBVV95cUxNUXBLQnlrd1k1cUJFcjZtam80N1dCanpzM3cxc0JIRXdqb25uZUdSeG1PelhscUNJNUlpdEhIWUxhaWxoOTlCNE85TUlyWW5Gbm5PMm5pZ3R6LU40aG44MXY2R1lGWmNRRmhGWS1DUFJPeE1KWWRDMHkzWlBEVzBLTWFDOUJ0Z195TGg1Z2hmbG5pWkU3VTltR1RTUy1EaFBHTWVCUExKSDduUzZsbDEwVXFkclBWV3N6UUxmTFhGdlBreWEtLXVsdWc5QzNoMnN4RGlPVlZURGtLZXZ1NEZuRzlpOW04ZWZBdzRyZmplekNQQXRlZE9aZUtMZy1OdmRsVmE5cHo4a0Y5SlkwdE81LU15ZjlqcktOdUpqa3VLVVlRbmdSYnZ1WDF4XzVUbXJCNTBqOUgtNzBDWGgxcHEtajE2VXZTRVNhTWw4V1NRaG1jeS0yN09hUmNTbDJlTU15cm9BZkpvSC1oTUxXaFd2amtBSjlMUV9WdGM2dWFHRlUzTGpRZExhV0JTbTlvSFhnLVBZ?oc=5,"Thu, 01 Jan 2026 15:00:00 GMT",
2026-01-02T04:42:16,Google News WSJ,Opinion | Another Trump Tariff Retreat - The Wall Street Journal,https://news.google.com/rss/articles/CBMihANBVV95cUxOdVR5RnJpNGt4MEx1OUE4WE9PbXNFY05xaWswanJQVWdEbUJqSUwzUnA3WU9abzdrckhpZGZZc1h4N2JFWHkzczhFUEt3ejVoNWZDclM0aVl3WVFGb1h0ZDFkdUhobWdRcXo1b3NzRF92bVFkaTl5QXdZQ2hhd1VERHBVclZNSEUySXZrYW4tOUVuVTBhbEpmc1F5VXYybDYwbjhEOXRqZDJwcUpmenQ0ZjUzSTdOaU11anFmc05IRHRXb2FGQmJpU3R6T2dxRjhVbDdZMVhSNk1NbFFLNHFzMU5fbXc1MTlYMEVRdnFaN3hpZWJVckpsbjVGX2Vza3E1MjNyQjFCU0ZEcTlLdW5sVHBmZ3R3Rlc0ODZOUXpnM0ZyQ2hxbjc3X3RvSExwZGxMQnh0SHlvWHBYZzVxTFRIMURPcUxlZzlONjJDYS15MmI1WVlONVpxQjUyN1BocTl6OU5LOWdHZzFuOW9hRUlpRjR0NG9aNkVscW9CUjFUcjZlS3pM?oc=5,"Thu, 01 Jan 2026 21:15:00 GMT",
2026-01-02T04:42:16,Google News WSJ,Fire at Swiss Ski Resort Kills Roughly 40 - The Wall Street Journal,https://news.google.com/rss/articles/CBMilgNBVV95cUxNdW0xTm91WnB0SENIRExRX1VSN0Q4VldoQXVVRU9JalI4Q21mYy0tNkxVQ0NtMjQ0NkhYcEc4bmdldy1iUXBHZXhIbmpiTGwyR3hzSXRFdkZQcjUwR0ZTSjVYTmVPWHZnZHZYNTB1LXVxUXZ6MmF1QW1BZUp6b2d5dGxiamVYczZCNnEwd0FvWjE0OE1yT3p4RklJLUQydVpYcXZuazdBNXJuS3Q0M1VvWG9BakR0M0dMcE5taDNnQ2d2UTlJdER5aUdySmRGQlloSFZVazgta0pkV2k1bXo3SFBsT2RIRWZjWlNlWUJwaW8ycnBKaTRIcVRpQ2NQcEJQTUd0ZkcwSFZ3NXpTM0JiOXhqbW9IazhCZ3pyTGVVb29HRTVEWTlHY29DemlZZXlDZjczSWRjekxuS1NWQ1NWUHp4b29tYUtodjk2d3BuaGRWQ2xmWHBVWENyaWpOcFJaeVJMbXUzUFhQajZOYUVPSGpXVUdrU0lIRWRzS05PdEQtbVBrRjk3UTBod0RlMkNHNlh6bWNR?oc=5,"Thu, 01 Jan 2026 17:43:00 GMT",
2026-01-02T04:42:16,Google News WSJ,Gold Rises Amid Geopolitical Risks - The Wall Street Journal,https://news.google.com/rss/articles/CBMimwNBVV95cUxOLVR6WmswX2JzYmIzNlBleXpwNjJZb1pMQmw4aHQ5LVJ2bnFJVURZaURvWVlHMUl3UVAxMUlfazlMZ20yOWRMWldaNnlMeXA4SUxvV2UzX3FmZFJ5NkxfT0NRX3NrOFNiYXhweWxNUTEwM05QX3VQNy1ZVWNJVEc3NGtJV19JQkw0NElNUXRTQV9YcEx1NE5PQzBzTy1tNkRpdXZxcnVqazVvWXVmSlJSSkJvb1ktWDZxbTZ6QVlHWnJjX3J5MkRJRUtlNElvNVY3eEFTUGZpVkp0WVY1Qk5HVFFqUjRnYzRSd3RYdC0xTlRlNXBNSFZsN1JkbWJ3SlpreDBjTDl5V0syS2sxcTFwVHdNZFhibXpXeEJWUEtpaE1yOVp4TG1FTkxyYTFZVF9BN2swRnBLakJqUHhjd1dnWTdVQy1xeklpSE41ZmRSdXpXRF9LUDI0WUE3dGZqYjFDNV9LdkY0WF9YWjBnVnlPOHFyN2I5cDlIRlNvbDNFWm1GQllRTUlYNlFaSWkzQVU3M2xVckVjQUNybkk?oc=5,"Thu, 01 Jan 2026 23:43:00 GMT",
2026-01-02T04:42:16,Google News WSJ,A Booze Ban Since the ’50s Is Being Quietly Lifted in Saudi Arabia - The Wall Street Journal,https://news.google.com/rss/articles/CBMihwNBVV95cUxPaHFQSTNUXzNwZDdjdTYyRDA3T2pyYlhGZUMtdmRZOXF4YzFhRmZRTjBUeDMtbldJYktJd2tVVXFMN3hmTHJUWFhHaXprLVljTVdQZm9GaUdNLTQxdEtSamNZcVZFVzJBQnRtc093U1BEMXZwOFRiWTRRd1dvTE5SdWM5NnhwSVR1eVN3Mm1mMDRERkdmNkVNM0hpbGtyNldMa25wNkUyY1hseHFTaVl2RWZHY0FsbXFpblA3a1VzdGF4MjU4Tjdqb0lKOTZLTk04dTNnUXVoa05lZEx3Q2tUTXNzLTFJb083S1Noa18yb1JidVZJRzkzQkxNbEppWll4d3ljSzdtNlpSTG51cTduek1Hd19ZRDRkZV9EQllLZ19SLTBXMXRvY3YyVlg2bHM4OWdCWFdxNTZWODZ0RVZLbWVfdUI4R3k2QWktbVFPVlNqdWplaUQyNEZhd2V2ZF83c0VuVnN2ZVhBTHVxODhMdGl3bXBqSEdfbmh2NVdDQlJxU0lQZUhB?oc=5,"Thu, 01 Jan 2026 04:00:00 GMT",
2026-01-02T04:42:16,Google News WSJ,China Signals It Won’t Give an Inch to the U.S. in Latin America - The Wall Street Journal,https://news.google.com/rss/articles/CBMirwNBVV95cUxOSkxLUTVJZXNnRjB6OFVNM2thc2t3aWRWX3hSU3VUblc3OFRBX3drbzJMX3NRLTlUdWxPNm85Q2pXVDRydGdEamxETGI1dXo1MU1WU2RZZ3RHOURiY2tENXpoN3B5WjF4V1drV1MzZmpIanZyM1c5M05VdjFuN3E0cmNBM2llVjZWd1RIQS15UUc3cEdKRmFJS2FoNUlGOGJDTXB6WXY5bi1jMlVYTFg4TVcwbjNLSkpsY2ZLZjc4Y0N0UDZDMzBFb1BiZUd1V09wdXFSYXlUa3FSMkhJVWxoSFhPTDk3LXZvcW1XY1RCVWppdGRNMEpYNDVXQzliMWRYaTFpalZIQ2c5WTIwS2lweHA1UzVFQmRrWktUUEtuX3hsVEVBbXpLV3gwWjlDRzl4amhoY2M0aklLTjZyeGZGUlZOWjV2c0tBdDhvb012Sk1TRXVQV0tBQWJpT1RWMnlIaUN5WmNEMGdxVUNjM3JpTE14UlhZSDBYN19lZTJQUk1WVU1hNTI4bFp0RVVIQThYREtMR0F6YUxJSERhLWVicVRFWnIyTk9ucTRIcWsySQ?oc=5,"Thu, 01 Jan 2026 04:00:00 GMT",
2026-01-02T04:42:16,Google News WSJ,Q&A: Curtis Sliwa - The Wall Street Journal,https://news.google.com/rss/articles/CBMi_gJBVV95cUxPSlluLXVQbEREVDdSMVNFSzZvS2I2N1V6bWVNUXcwMnlqbEdPVzBSc1ozNkJscGNEUm5hZVo3eW5hZ0cwWUtUcUNvOHNvR1FPbWJqcG91cTVUaWZIR0UzeHhIZ1dvbjFybl9NYnd5dG11WER1X3hUbmNrTk1PbHNKUDhWOTdCb1RpckRrQldYOU5OVTMzaTJjRGliaE9PSzd2dU9hWHl4M1lSTXhyRW5LOWRsbm4yMlczSWVCMUp2VFQ4QmtScmZFMzRJUTlSOC1VRlR5UnY0ZDhza0JlQ0tnbDhQcEFPOTF6Y3pJN1VSRkcya1prRGMzZ3g5TldJQjZFaXF4d3JtbHdYaUZBYWZ2RWk4X2FHTUJlMVNvdVNGWDNDdzRfUFl4bGE3bEQyVExfcVY5MV83NmpycVI3V1FzMmVTVjg1RzRKVW9UVUVYZUpTMmc4T210V05IMjJDZkdPSFprUDJRSnE5REp4UnE5dGV4N2JTOW5uYWpTMThR?oc=5,"Thu, 01 Jan 2026 11:45:00 GMT",
2026-01-02T04:42:16,Google News WSJ,Opinion | How AIDS Helps Cure Cancer - The Wall Street Journal,https://news.google.com/rss/articles/CBMi9gJBVV95cUxPb295YVRtWXRhdHowUTBRT04ycmN5SzBWNFVhV3RsSjJNMjRYNTlXMmJnZld3aUpPeGFzV3oyZjM1RnkzNXg4cHMxZU5ES1NVUmFuRHpURUU4dFBXRW1qVjhjSGtPM1lnclJTcm5rRXJNSFJ1a0xwby02Q0lRdW9QVnhtU0JZVUpOY25BenNhVXVDbDNYQ1JvZXA3YXF5ZlpHb1FuOTY1Nm5rUndNYXdvYVJjRk9FNEUxZldDal9VWG1ocjhMSzh0bVRVdDFxVlRlQnpMRkR4Qzl6QmFnQkd0N3hVOEhMRjVMck9xZVExMlE0bVJmRXdweDVTNGNkbUpDRzFGandGWWRzbl9MT1phU2cyNjdlMldmT0FDSnFxQjZ4dV81eVhxX0tQVmJ4WU9wMDFpZ3Fpa2JUcTdudWtvXzF2RS1Lc0lINFFDWlU5X28zaTBEYnhEWmxvOHd2djVHYnQ5cm9hTkU2QkNFOGFBNkNuazhUUQ?oc=5,"Thu, 01 Jan 2026 18:33:00 GMT",
2026-01-02T04:42:16,Google News WSJ,North Korea’s Kim Welcomes 2026 With a Salute to Russia - The Wall Street Journal,https://news.google.com/rss/articles/CBMinwNBVV95cUxOMXJRQkJkT21FeE1mWDdEV1NQS1ZkRFZYNlJnU2ZCWXVueHdjOWVCLV82djNRN3hmbDdSUk41bGhFcXZ4OXR2NG5YNUwtcnlmRVozZmc5MUJDNWpJOUZJdUEtTG1Zb3ZlUlJHcG9pa3hJZHJId01kam5tTDl2QzNGSHhvbnRxUDVJMjkzMWZFZEk4MDRRM1FpTVU0Undsc1dPcEhmQTgxcjA1YWNJWDVBSFdfQ21Jdjk3VFBRc3FlVnVZalhLTWxhQzVUOC1DdWkyV29lOXVMWEpoczZDUjZ5WC1pQUZLZXVSUEpmYVpkS1BsVXhLVURFNnJxUllxUU9aNThJVTUwbnVsRlJFeTBIMW10RDlqUWtIZ2Zvbm9lSUtqM2NPMW90MWN5Y0RzM0hBcmd4Rlo1ZmlGNzNxUHZlMDl3eWU1YjZBc0gxQjNzOG5uZkJsZF81X2c1bWxCM2dLSklPdXB2U2FzV250Vk9yd3d0VnUtSXV5MjBnMVZZeU5Xa0tWb0NTdnNvdS1HWkpzREVCNXNPQnBhbVRrSDNR?oc=5,"Thu, 01 Jan 2026 04:44:00 GMT",
2026-01-02T04:42:16,Google News WSJ,"Opinion | China Seeks Power, Not Only Trade - The Wall Street Journal",https://news.google.com/rss/articles/CBMi_gJBVV95cUxNeXU1SmRUcWpMNjZWVmV2NFJwbzJsdDdfMTVsWGp1b0JkVUgxelNHRUd0TktacjZ3bTU5S19xUEtmZkZfSWJseW1sNXRmaVV6SlhLQkpvU1RpOUJjemNrWUFlY1VPY0REZk5CRDdZYlpFYk1Ha185VW55MnJaeWFTMEw3dXd4aWFWQzZWRGR5RmtCeDhIeFRHQlZvTk5YcjQ5UFB2Slgya1VNLTJlc2tBdzEzSmRTalFUbGtBbl9weWt1MGxoeWJNWW1CazNSeW9aNnROUnc4QUNRQ0daX3ByX1kyWEFTZFdGR1Y0dXpLZlBXaWo1a1UwdG55d1hfNXJiWVZvVGRCMV9TNkUtWnZKQ3lPdHFzeVo2bllVQ29mOXd3aUItYWZyMF9yWkk5UFlEVVdBS0tZZThTbjZCNFoyU2Q5NXlPNHFiZTNrek93clhPYmpFTW9EbWlmT0M5Sk5rMFVnVVA5ZEZONlhvYngxRU1UaU1BVUc2WGxLc3FB?oc=5,"Thu, 01 Jan 2026 18:32:00 GMT",
2026-01-02T04:42:16,Google News WSJ,Essay | My Parents’ Secret for Living Well Into Their 90s: Embracing Strangers - The Wall Street Journal,https://news.google.com/rss/articles/CBMiuANBVV95cUxNSzhVOUJMX2dRcjBFMU1neEpoLUJKZzYxNUNYd3ktOHVmNHcxaE5SYlZFQ3RRX3VlMlZDOEx5bmlVM2stX1Z2WFd6S19XT0xxWVdUaG55WWk3akhhWEJqNWhHWWtwLW1EOEQxaGMzd3JWdEhyQ1V6N1B5RTZyeUxMY1NnMDFSOTljU1l2ekt4T1JOcXQ0Uzg1ZjlqMlc1dV9HUVBOOGN1TnpTQjFKalVKZmRMcVNjLVdjei1RWlktOFg5azhpS28zc3pxYk5LbUljQXN3cEVYNVNveDJsSkZ5bW4yaVp3SGYtZ2EzTV90TWxZY3V6UU9tamEtT0JBX0FDN0UxcUNnMFFSRC1TWXJqX2hKdXFmUXRrS2dMV2hzTXBrakFORVhJNmxXUnFleHlxa3p1cVVXVFRwVy1xdE5rU200U1lNSXVoYUwybTZhUUVFOGhoUUR6MHM3S3FITFhjUTBTWnVZOFpRTzZCQjdwSmJWNklHNXdlMUJ0a0M5b1l6YWhydlpJN2pvR2c2T1FadnpLRGhjaW5ISmVYOVR1RFJ1UHVHaGZicm9nZWZ6MmFUT2FrSWtxWA?oc=5,"Thu, 01 Jan 2026 02:00:00 GMT",
2026-01-02T04:42:16,Google News WSJ,Russia’s Strikes on Odesa Aim to Cut Ukraine’s Economic Lifeline - The Wall Street Journal,https://news.google.com/rss/articles/CBMi9gJBVV95cUxPRE5KTW5wQ0Q2NDl1UXVxb2lneWVRWkZfaFdudHJhNEd6TzV0ZGdLblJYSG5YUUhlUmdveVUyaTFYRGVoRnZkdXdoSnlvSG0wMURKVmJBenlrd2hNc2xuaDhLcjJhaXdXbE5GT0tGdm5qOUVYTDFpRERmRXo2Z0lWbXUydUJ1UEZrUzVqYkxOSlVQeUhMQVl2cVFFV2x4djJFdVFORFhZSzFGYU1rOUYyaHFSS296YTM1RGt6d25WQXdiLWhkQXNpWXZtUi11Q0d2d1l2UzBTVUJzdG9SWFp2c2hlN01oSnRuTmtnOE1haFNUWmx5Z2ZsajJXS0Rwb3hOUHVrd1BiMV9aMzVxTnpFN2ZQOWJYWHktdEw2a2JyaUhFb29vcDk0TUEwUUtmRHRzdWtQOGZkOFJDVnE5azN3WkRKZ3JlR2VIUmtyRThPdDYyVW5ZakFMTHh6ZU9QTEpZUE9HSmhhWG8xdmxBdHdmVENrbnNWdw?oc=5,"Thu, 01 Jan 2026 04:00:00 GMT",
2026-01-02T04:42:16,Google News WSJ,Opinion | The K-12 System Isn’t Making Boys Into Men - The Wall Street Journal,https://news.google.com/rss/articles/CBMinwNBVV95cUxQbXdWczA5ZjBOTEE0VS1iMEtpSlFiRzBRUXZsNWl4ZDBabjVhV3VsYjlRblRLNEFpVC00T2hScU91bFo4VHlJbktZOERiSnNpS3JLSnZ4aUpJZTdvY0pST2VCTnFaOGxCNUhrUW0wdlJTOE9jUm1Kc0t0RkpzdDg1UDlGSDVabFZhel9wV0JzUDRoRUF0T3JVc0Yxa2wyM1JSQlBWa0lfUExvRm1sbEd5Rmdub0RGaGtOeUo3YUJGcDh4S1h1VWREcTFJcWU0WVd0YlFsOWVDYlRkSV9uUUg0emprMjlRTE9ERWtVSTFjWTIzWnFNVnJXM2RtRmRsbHdYNGFCdjA2YWNPNHJpZFFVRFJ3WnRHMTZWV2N0QUZKWEkwVUlhRVNYVDJtY3NFMFFMMVRoRnJXNWNfaFZxUW5SOGZWX01QNjQ3bndHTzFaSDF0WnNVYlRpa3lKTEVDbWkySlY2Z1Z4WlNVUkhjU1hRVFRySGpUUUlqUjNMWGdaY0hUbmE5N0NlZlYzTHQyeTdHXzhMcWFCODFnaW9ocGVR?oc=5,"Thu, 01 Jan 2026 15:08:00 GMT",
2026-01-02T04:42:16,Google News WSJ,Exclusive | U.S. Finds Ukraine Didn’t Target Putin in Drone Strike - The Wall Street Journal,https://news.google.com/rss/articles/CBMisgNBVV95cUxPOGhGR1EtaUJ2RjdZOHJKb3hXVUFzVnB2X2twZ2gtZWFYTm9WMWZkNXU5Q2FyUXdRbjZKOGdTc1R5T0xvNTk0WkN6RGhjMnZkaE10MG0taktES1RtRVZpeWZja09mN2J0OWRLcUREQm04eFAta0Q0MlA0a1U0cVoxamRqRHBPRFlacFh4M2p6NkhRajU1ZVdfWlREUTYzT3FsZzdLUnM3TmlveWVYRDhObDFGeGp5cjlOMEd5Q3E1S1JTdDlKeTRYVUVUZUhyY0t4eUljZk1wVkJQVU5xZTJmNGVXWmZnN3ZibFBpSi1yUk5lN0JTLXBLMU9KWkdqOXplSmFMc1UyMVpZS3JzYmVNVzJEeklhRUxnVHdGVkZMSk9zb3RLamlXYTlNcDlLYTZLOU9lM0lDTWdZanEzMVFRcFFab0NXS1Jud2JuUUctNVNxU0ctRUd1UDg1Z2ZPLVVEQXZia0d6THBmcFpQV1hHOS00MEdabUJvWkVlT0tTMnkxU3pJQXl6cXlGdHVVR3VCU3V2TVdRTlQ2OGdyUi1PN3czSGl4SDZReUtSWnZLcXEtQQ?oc=5,"Wed, 31 Dec 2025 23:07:00 GMT",
2026-01-02T04:42:16,Google News WSJ,Exclusive | Saks Prepares for Bankruptcy After Missing Debt Payment - The Wall Street Journal,https://news.google.com/rss/articles/CBMinANBVV95cUxNOUhTWTJublduY3l2cVRMTndDSWhSZk9DeXU0Q0g3WjRWM1FZUXNWd1RCWERoUDlIUVk5OVhWNUdmalh4T21tNDdwUmEzeHZKZWxiQ29Jci1ZVEs1ZjN5U05NekdPcVZ5WTNwdE5TUjBCMFlsZzhMV05HZVViNnFlNnRzU1FkUUVJREdDMm9QRzRTbjZjVDREZ0habC1OMGk5UzlYTnRsWUtUUHdvWUlwcGZ1V0JLTERMc1ZFOVB6d2hMYlVKemNSQ0N5dVBCekRfWjJ2eGRtU1EwN1RhUlo4TF91eXNBbEhZdHpPUEUyY084ako1WEt1MDQxZ0daODZrb0VMSmhVSkhNNFR3eXQyLWpXckR5RGprYTEzMjhsMWFjS242YWVwNjZCd2duNFk4WFlQRER6UHpiQjVzdjdPMU1FOEd4VTgxMnFhZTYzc2Y1Qzk4NXV1X2lTdnhIRzFDeEJBQmhfbjh0dUxMNTdhYXM4dHI3QnZqVzhtUGdjZThsWmQ5YVNKM01TOTNnSE95R2R3ZW5hS2RzSjM2?oc=5,"Wed, 31 Dec 2025 21:14:00 GMT",
2026-01-02T04:42:16,Google News WSJ,Iran Says Regime Loyalist Killed as Protests Turn Violent - The Wall Street Journal,https://news.google.com/rss/articles/CBMiugNBVV95cUxQc21PMHhHam9MMkhveWZWN2xqUmtuSlY1MTZtWGVTU1NkNWxGeU5UT01NTmF1YWFRSWxYY0JNWEdIRGExaGFYOUNOeFZnTEdOYnE0aFU3UjhhTDV3UlN1bUlQSDMwZk15a2ZRRmNMckhiMTlSamhCckQwcWVyZjJBb1hnZWJKdjRRRmk2ZGs4OHA5OHkwVWdIMldPZGl3dHVuOFNuYVRTQW1FQjVIY1BsTmRPTWJVVU9FZmJCa05SUk4zQjZpMjlLUElRQnhWMEYzbWlZc044SWwwVU9YampWc0h5Nm5BVDZmeDlyZ3NuQlJiR3A2Rm1xajFsUkd1enpfSkcyTl8xS056M2N6cFlVYUhNUVBDZU9sdHVJRnZIT3hibV9GVUxfM3RRRm43OVVReHp5Z0JpRnNzSHdLOTBmZUNjS05YNHMwV2xCeTJReVQ1OThoYjRnUVA5YW8wRjlBTWtPWklOSkhpNjlsN2I0UGFCSXd3WV9qOG9vZlozZ3J3Rmh3SHRFcmhhNE9NeGh6RS1XZXpmSnhfM3BTQWMyZVJwTjFJamZGeEx2Ui01cXRuQThON2k5cWNR?oc=5,"Wed, 31 Dec 2025 23:36:00 GMT",
2026-01-02T04:42:16,Google News WSJ,Boston Went Big on Luxury Condos. The Buyers Didn’t Show Up. - The Wall Street Journal,https://news.google.com/rss/articles/CBMiiwNBVV95cUxQbFNfTnpCOXhMdG9jcEE3U3lRZHM4cFlUdHRTS3NKS3ZsVHRDYXowUFROMnBkSm04S1FNeEwtVkN6UjhWclp5QVh1NW9KcnVqRjRWNzNoVnBPMXU1ZDhBSWI3UklOcDZlZTJOaVBUTHgzdGxxMHJYcVUxVXVaQWZ6dnhKQW5rU3RiVVhsOTVFRWZzblB3OW9SMmE5OEtuWlJ2ZWpUMEJhNVMtNTJPYi1ydFA0Z0l6bWRpMzF6Tnc2ZUFZRTJiMWE5WjNUNDhQTUNHVFFnM2N2UDdJV3ZUUko5MEFZNXNBdVpoOTh2UktxNXFDcUxBbUZWSGY3NmdTS2Rwb3gwa3ZrMHZ0bVp6eFEtT2VuMmxWdE1oOEQxd3RSVzlUWjRoRk1nc011b3RFVXo2bjdIa0k3TUs0MjdrV0VUUVBtOWd0dW91S3VRUUw3NzlpSGJmdm5xOTBiX1p3azNXZjNEdm1uYWxJV200TmMyNWhOaUZtNzJmS0FrNHItTGRJX1BFQ1hmYnFvSQ?oc=5,"Thu, 01 Jan 2026 07:08:42 GMT",
2026-01-02T04:42:16,Google News WSJ,Suddenly Everyone Is Scared to Dance at Concerts and Clubs - The Wall Street Journal,https://news.google.com/rss/articles/CBMikgNBVV95cUxOR3dlc0VGZ1FWcHpVWkJ5UThxYmVvY1htTUotcG8tcFVqbWcyNWlsM1Q3OWxscUZzQ1FUam1RLUpOZnBseElMdWJwTkFkcXY2NFVUQ3dPOHZMeWNScGFURjc3eFNDR1VEenlhUjZPRW0zVER4SHdIYnBTaGhNY3pXdUN5Z1lPTkw1Y1lMa1RKX0lrNFhSdDFkdnNUZFVMSmtfZ3ZhX25oeGJHaWJWX2dfSDEzU0dXbzE1SG9QOFY5WExPU0R4OWZrckp1blVRZXBKT1hfNWd2R2VkV0NMN1BhNXBCbkJycTdqRWIzNThMTWZTSDVJZHg4SjJRbm5VcmkyY2s0VGxaSU43UGowVmlHdnJMZFh0TUNqYnpmQm9XM1NfM0ZDS09NSUlNYXU3N3JtYkdBLXVqbnJ4YTFjZk1paDZSeFdiR0hMUk92ZFA2Y0tsZHkwZm1SUDdiVnl0QU5OcEpibnlBekU5R2NwaDlhT3VYaVE3bWJMSGN2MEpDclFFSno4ajkwUGRsR1poVHVRSVE?oc=5,"Wed, 31 Dec 2025 10:30:00 GMT",
2026-01-02T04:42:16,Google News WSJ,"A Shrimper, a Carmaker, a Lawyer: How the World Tackled Trump’s Trade War - The Wall Street Journal",https://news.google.com/rss/articles/CBMiigNBVV95cUxNR1p4TUZRZEo2UlYwb2tvd2lYNFVFUGV6SXplNjIxTXE3cUViWUlqbmY2VHVEdTdQeXl6MGFqakl1aG5tSm9tTXF2TEtKWmg0V1ZOVmctSXVuZElhN2RWSUVaMFp0bG1VQ012MWFQd2tPeEc5WkQwZjc2YkI3amFudUZCSWhsM2VGSXV4RXVhclZ4TFFyUW4xVElaUG94d0M2cDk4SU1fWjVWaWJfZk5XckpjanhZdVdjVFFkV1JBaDMteDd2YS1XLTY3WUJTdjhxeEw3YkpOb3pzMnZxUlNJQ1NMOEZENTNHcnEzLXNnQlgxeS14dWZYWDhULXNiMmZCWlVKbVZrdDVzU0o3WjZvUnJzZjlqOElScGZKT3NGTDE1d1FTeHBuUjNobFc5NTE0TTBlN05sRTA5N3huSE9hRUdnb0tnUWhxWjJva1RENkoxcF9TUS1HRlRtZmZ3X0Z3bk85ZUFKa2hnX3lITndSbmtYanhiOVRucTFoS2pCREJVWDh3Q0hEbS1B?oc=5,"Thu, 01 Jan 2026 23:10:11 GMT",
2026-01-02T04:42:16,Google News WSJ,The 94-Year-Old Author Sharing Her Tips on the ‘Final Fifth’ of Life - The Wall Street Journal,https://news.google.com/rss/articles/CBMitgNBVV95cUxNR3FlNnV1czFVYm0zRFhJcnVfQmEwenVLXzZoRk5SVG5faDRJdjFHMElJRU9zMVUtMHJNcjVjNWt5YUVXRUExLVd1ZHplMkVrWkswTmZPWTBjQ1A5VWFTdDFZQVNyeDJTbS1NZlJ1bGNhMDJMeVdKNTJLYVZIUDJpVG5vT0JzNmFVZlp4M211TjF2alVEQ1Z5VUJZdTUwbjZkV281LW40SFNFVDBMZm5OVEJJbURGc1VvMng3eTJKSlh6NXhrajJYc0tCcXdoMVVKMHhNdVRlTGM5X3lFdTVDNmI0QmhFcFQ0aWJGX0VUS1ZaNEViTVVfVHRXdDljckMxa09mMnZHUzA3RnVtcjNyQVBRQ0lEa2tVS1drdW9WYWtkQUZLY2ZkS29SNXhjcWtqWFVnQlB4ejM4U2hicGFNQUdRQk15dHo1azU3Mlp5cHVWWUh1UEtQNzhvYVBPS3BvT3BjYW1xWXU4dUU0YzBMTWVUbkFNY09lUEtjTGFaZU51WjBQMkRIMlZGbmFGSUNOckdzUlhjV18xZ0xWV0Y2TlpsRDFHY3hXVFlCUGVrSHg1SGFQdVE?oc=5,"Wed, 31 Dec 2025 15:30:00 GMT",
2026-01-02T04:42:16,Google News WSJ,Five Challenges Mamdani Faces on Day 1 as NYC Mayor - The Wall Street Journal,https://news.google.com/rss/articles/CBMiggNBVV95cUxNa2wwZWZPM2JmclUzVVlYNDFTemQtZmxuV05GWGlvVzJNR2dYb095NTB1RjBQakFldzV6anIxWGF5UmRHeDEwV1NJenRjZDVlVVBuTHoxT2d4dGVTaklwUWYtMGYyQWpFdGJCRjk0ZVZWNlBubXRKSmxhd2pwbkRLRGNSS3o4Y1VzcmZrX1JBUlhESjlXREdVZk9pdVF6NFlMV3VkaVVmWE5hQmh0SkwyVmpPRXdCOW5Vd0Q3UU1rXzFtTUVTRENxbG5uLWg1cElfRy00VE1kWkhhemJEN1pLMGwtM28zOENHVG9lVmdWeHhOTTItMjFoSWN2WWFYUVBEc0tYMDFWZ0JFUHRGRE42WlJnY3hKS041c3dmRW94MXhDNU5aU2pCNGdRanAxazBELWJuNWQwSlFNbUd2d0NwazdDUXZhNXlJY1lXUUI1QzNkbW10eHJQUUJidUxYdWhpOXFuQVlDbjhHaDZQak1aeWowaFF4NXZ5SVIybjZTdlRRUQ?oc=5,"Wed, 31 Dec 2025 10:00:00 GMT",
2026-01-02T04:42:16,Google News WSJ,Why ‘Do-It-Yourself’ Religion Falls Short - The Wall Street Journal,https://news.google.com/rss/articles/CBMinANBVV95cUxPcUE0aDltdWtTcFVKSE1lOHV4dTlQaTlOVENGM2JzRWlBYUVvZXZqc216eGl3UUVFN3U4clR1ay16WUp6OEdnWWxSMWc5NGk1ellNZzhYSDBZTjhldWFLSzZUUUxabERDQ0JvQno5aDlZdTZVTFNnNFdFQ21yblc1NFdvTDlQOFpSNVBHcWRDbHlrdGdkZDBZNEZGZmlNMGNtd005d3ZycXdfbHdfOWQzLUZ3a1RZckg1RkdoMXROTzBhUWdrNklBc05ETzEwZGdEcGtQWUxKa0RQTmlxdmU2SHo0N0tITlg0Qzk4SFRaQlljUmFpZGNzdFhWNDhGS043aUQxYU1IT0V6eEpDWU5GVGU5VlA4NWdMcDg2a2h0ZEV0bWFBeVBWS3I4VWRSd3hpaDQ0QWE0MEdjYmlwNDJzRmVXTVdrOVowckljd1d0N3VrMDRnaVZwOFgtNTNKUGw4c2xWekR2VVE4bEZ5aHViWmFLSTZrTGs1aVRsYkRxU1V6eUstZU04cl9rVGZaanMtVEZxaGJyR3l4UjFK?oc=5,"Wed, 31 Dec 2025 12:05:00 GMT",
2026-01-02T04:42:16,Google News WSJ,Five Takeaways From China’s Military Drills Around Taiwan - The Wall Street Journal,https://news.google.com/rss/articles/CBMiogNBVV95cUxPSXhlRDU1NmNJcVliNG9lOUlMMjNMc2FWS1hFWGZUVEtYWkRPcW9wYmZ2WEpka1BpSUFKT3p2bjlLalk2dEZrZWVIMFE3LUQ2T3NNUU5ub0c2bE5UaTBTRm1odnRwdmlqaE9Tcm85aTJ4bmZYU3hhUEZQNFNDQTVZNE5qNlJoUUJKaS04a3paZllMWHVoVWoxOWdBX3dnaTI2M2EyM1ptUXZpNUl0ZUlOT3JlU1FxaWZ3WDFHemxXZU91VV9oMmcycWxDSnVwdVljbWdsNVQ4d1FHOWhab0ZnODVuV2FnTXZ5UlBQdXF5dWV2d1g4X1YtTDFZMEVVME1nT19lTnN1bjdnRTVMTG44dFo4YVNicE1JLU1PUWdELVRrUlZrUzc3N3JvVHpKUjJENDdvbERjaEdlUlg1SnZoNmdDendCS0RfY1A3WGFGNG1uZlVXQmxIbkptbjQ2aHRiWnNlT05KTDFkVEFxcjZ4RzRuWWt4TG1KVXFjZ2I1S2RQOHpaMmdabTN4ODZvQUZxcVF6eU9SaU0xYWgyVmJPc193?oc=5,"Wed, 31 Dec 2025 10:53:00 GMT",
2026-01-02T04:42:16,Google News WSJ,Opinion | The Best ‘Land Acknowledgment’ of Them All - The Wall Street Journal,https://news.google.com/rss/articles/CBMirgNBVV95cUxOT3JuRFhtOFZGal9LcTBXV1R4VkoyV01XUDVaUFd0SXpFU1pyUFJrZmxmUjZOYVRqX1A0RUVqLTNRYjhiSnc5TXJiSXJOT0tOTjloNTRJZ2tDVWFnOUZTR1NPV3ozaHNxMC13U2JGY3ViRERIZ1hnWm03QlZiLUhJWDdSQWxIRkRxNkZpMTFGZVB5RGcwaUFLUEVhWjBsV2RIRldMNDBFT0JYR1IyUlZtQ25TcmRNcjBZUzIxMGtQd192ckxuVk9ENHc4MHNWRHliUVd5NVZqOWZzMkNFa3U3OUZTdlBiUUY5WnJCOUpsZVRUdU1ITXF1RzY2LVliOHBPdTQ2RzFQTVA2N09mMFJjdGNIVUNlT2cyOXpueWFkV3NRR1ViNUhKQi1yaUppYXlFT0Z4eUNzSmw1dE9ZdWxwSUM1dTgwQnlYQTRyRTIxRHdZZ3paa3MzekIwdVFUY0tnNDc2T0pUcWdwU2VsZkFENzhobGRXaWkzOEFOQy1rakVZLXhuNzdUNHlZdWY5cGNxTmp4VS1SbnBNdFllY2dhc1NWTWZTSG9aUWRROEZ3?oc=5,"Thu, 01 Jan 2026 15:08:00 GMT",
2026-01-02T04:42:16,Google News WSJ,Singapore’s Economy Records Stronger-Than-Expected Growth in 2025 - The Wall Street Journal,https://news.google.com/rss/articles/CBMiqANBVV95cUxOMmJpdnp3YjhWRV9tUTFLVTVzMXo0eldRLTZqLVFnU0RUSmloSzNCQkVxU0wtd0d6Y0JZWDVFXzloMHpPbVo5Vmt2YTFsenZsbUFubEJJNzZ1REdfN0hFWGNzemdneDRyUUxNZzNkYjJPOUNIWi1Zdm90WVVXNlA3T0RwaHhDOXhScVkxUFg3NnJVdzN0a3BDakZ0Q2VNS09xWnp2Q1dWSGFTR25UVlFJbWtzZHJ5b2NqcnFlcDdPelNabWphZWNMampESjJYWHltZEhNQldySVd6eExVdHJZLTlteGxuY3VGVnBCcGtvNDhvQTB3M0IzajdGNDZObndzTEo2dVgyR2tEUENBTWxWbzNVNmJjY01UMFYwVmstRldtQXV1bWRNdUFCWVlLUXV6WHFFN1RSWmpaWUd2LVdMR3BzbGZkTk0zbDNjeEg3aS1Zc3F6X2RNdFJBYV9xaFdJNDNyV2prYU5JMjZvQUZBVXV1X0EtbThkZ1ZLMFRlaFVqMmx5SU04TW5CRWV0WG9URTRFX3NIZ25VSndZRlNuNHhyNHhRc3Bz?oc=5,"Fri, 02 Jan 2026 01:13:00 GMT",
2026-01-02T04:42:16,Google News WSJ,Essay | I Should Have Kept My Kids’ ‘Elmer the Elephant’ Plate - The Wall Street Journal,https://news.google.com/rss/articles/CBMipgNBVV95cUxNTFhKbTZHSnJmcWlOYVotd2xMNWdWelE0clI5SGFidHFqMWdWOWVMeTBtRnFZbmp2SWhnNDB5RFN3SnZuX1FLdFJ0NkRmcVJ3SUpfZUNfNTJucWtubFpKOHNYQjUzNUFKU3dLQ3U1R0l1S01KcTRNbDE3SV9PMFhEbFFyWkpfRUp3TmtkS1RiZG9CcnlIcHY1N3BFVEprb0ZXVm9VUE95LUlLWi1GbTlKVWRtVGxJOUxxM2VPY0dfeGI0T1I1THJiMmNJRWJwZ19QcmFCbUhZN1VYZ3BTUmowdXZRb0NzbE85NWlzSVlZckdNUVJRUEd5WDFsQ0QtT3J1MVl6NWt2eFpiUE1hYUp0UlFzeFUwbU4tMzgtNEVILUZ1SGNmZjJTRjROaVVoRlotbnQwQU4zdEtVNnBTWXVlN0p6ekRJOG1xVGdSWUdkbTVKbWtNVjZlOE54d2RQUVMxV21LXzhweE9QeHFBZS1SY0VQdl9hQ25FRWhXWk9EMHdtT25PWnpwVTRRLXlhLUY4ckJCN0lGZFdSdW1QMzJwbzNvLUFPUQ?oc=5,"Thu, 01 Jan 2026 14:00:00 GMT",
2026-01-02T04:42:16,Google News WSJ,Exclusive | The Incident That Prompted Trump to Ban Epstein From Mar-a-Lago’s Spa - The Wall Street Journal,https://news.google.com/rss/articles/CBMi-AJBVV95cUxNbnVLbGdlQjFMeUdpTTkxYllINnJkT1ZEWTNnMEJqSmE2RmZReWFrY1Z1OF9hNzZiSU11dERfN05udDJMYmlDSGJXNXRQNWY2RGE5UXFGVUpMckoxM0xnWlVWQjRCVF8tTlE2aTk2NVhyYkMyaXFQQ18td2NFWlNoNUw1bEpfcGthZTFYbTl6Y1RXYzRwVFBJSjZzbTdnZ0hkUVlndEJvQTR6ZUpSbmxoZlVXMUNNN1RxYy13Z1U5ZTh2bjA5RUtjeDV2SjFnWWJVc3dKUTFpYk9YM1A4ZTZfMnNldWp5aWJEMC1mcTJRNDZtWm1UR3pGQVpMV3VKbGY1dDliRDNzQmhJYVZsMldMVHExYklYZHYydlgxbGtOYXF1NGdyR1dOTnNfMmg0Q1hFOE9Rd1EwNmV0X19RSHc3Q0l6NzVOLVV5bGtTQjVIelpieThOSDhvTmx6S1hibVNMdVlTVkNocFBSakZiRVUzVTd4YWcyYlpn?oc=5,"Wed, 31 Dec 2025 02:00:00 GMT",
2026-01-02T04:42:16,Google News WSJ,8 Books to Read: The Best Reviews of December - The Wall Street Journal,https://news.google.com/rss/articles/CBMinANBVV95cUxPeFBOcEw5LVZYZzMwdEFoSzM1VTNPSTVqMFRHWk1SaXBpbjBfZjVLOUFQV0JUV2lmbDBvdFU4eUhScTQyX3Q2d2ExNWpKWm1Qb0dIZDJLOXFwODRTVDZoVDN5SHUweHZxQUppQVJQdllvT1UyMW01SkMzOF9zZENFZm9tei1nVWRlQ2Z6RFpxelpOVnJOSU44eFJYZWNQeTA3MzdpMEE4RC1nY21halpqZWg3MnhBenVvR21GVFpqVGFZRklLeUtOMXNReE9uSV9KQXZVZlRZYkNBY2V4TUx6RGpmcEJFV2dnMUtUbnpMVDlGNUNBOGw4UWNWRE5aV2hQZTN2akZaR1NBQXo3c1lHbXc5SjFkWEdWSlY0SGhXZGZONEJQeGpic1E1RjJnRGVzckpPRGlQNFFHdF9VN0FGLWd2cUwyOFc2bVFDaE9WeGpFaW0xQVY2aEMtbjVCVXMtRklvSmRBMGtLU1RXMTZTT0trV0ZMdHZaMHhzY0xKWDZ3RlVxUGRDcWl5LWM1TWlhZlJwRl9hYWx4eXk5?oc=5,"Wed, 31 Dec 2025 13:00:00 GMT",
2026-01-02T04:42:16,Google News WSJ,Tech Startups Are Handing Out Free Nicotine Pouches to Boost Productivity - The Wall Street Journal,https://news.google.com/rss/articles/CBMisANBVV95cUxPNjR1Y09WWjlsNW1QNlBYUUFXZkFlVVRfNlFhcXB5aVQ2WUF1VWhXT09ObUVlUXNQZUlzM3FwVnpBb3FJcEVETEY0aDM2cGlWVURRVlRxZUJnT3BMWjAwWnlJSXBldmhzOV9hUnpNWnBOLUlnUVlWcnc1SGV6U3dldl8tMmM5RTJpS2wwWmM3LTk4TUd0UURKdWhXdXR0MDl6dG94cHA2SUFJcExJdWlFRUtkbVB6MlFacXpSeEFFb2k5d2VYbTdZZEprWTZvMWVjSEVXVXFhSWlUTWg1cENMMlQwSGlRNkIxS1QxbjJTZ3B4b0VKVjF2WGRXY2xFSnhfLXVOYWNJUXJ2eklFT0k0cFU5ZjFFTlJtQVowUXVZSmNleWVuM2x2LVNSZFZaMWp2b3gyTkhCWkRTd21wTmhwbERfN3l5ZFZoN0lZVzVxOXA4VV9RWjJzMHNfeXc0NFU4R195emNkVFhpdXR4cHJVb01FLWh1Um5MN3B1d084ckNDemt6ckRBc0VyQ2RTTHdYalJmRFdMTm0tdzBtYnZvZzdNU0Y3czdvb0NJOWkwSzc?oc=5,"Wed, 31 Dec 2025 03:56:00 GMT",
2026-01-02T04:42:16,Google News WSJ,How Meta’s Newest Acquisition Target Got Around Worries Over Its Ties to China - The Wall Street Journal,https://news.google.com/rss/articles/CBMiugNBVV95cUxPUkZvY3U1Nm80VzFBUzBtaVl0SXhkZDMta0UzbnFzUWVaNjl5ME9vdm8xamxiMkNTTUNhOWxNcjlWVUo5T1pOWXZlZzAxVVpXSjY3SjhCekJmWm1UMGU3b0xEWHhld2x0RlRkSFlNdGxYVEZEQ1BFbU14eDBPczFZLWlVZkk4V2pFaE5xdXdsSVV0T2tIRGNDX2dDR3VjX3k5Mmxrajh0Yml5ZVBIRWhiVDFWRWlQNnVEaUtfbm5MVkdabjlsdFU2YnZHLV9BMVZOb09OdDhqUG8temI2UWhzX2NQNVZfR1JFTkM0SUpWMDFPS1c5aUZIcXR6dVBsZHpHWFl3dGJrVUZiOHVob256TTIzUlhVaW96a2NHcDliWHdrX21rOGVrTmVUTXN4ZWxFT2FudlM3WHgtcmhjRjlmQWhQSHdNWW9JenlOY1hyLTJQQ08waVdqUkprbmgwMzgzSk5yYnhtZVF3WlY2Y3l5NEZ3bDZBNlI5SzFvRVhhaTlUdHExLUQwVXBtODBNUFdTaXF0TlY2dXkwMlo1RTVXbVFENHNkRzNYQkRwTVZ4RGx3UHJUb1pjamd3?oc=5,"Wed, 31 Dec 2025 05:01:00 GMT",
2026-01-02T04:42:16,Google News WSJ,OpenAI Is Paying Employees More Than Any Major Tech Startup in History - The Wall Street Journal,https://news.google.com/rss/articles/CBMisANBVV95cUxORmR0UlpLY25lN01zeV9xazVHR2xHblB3RHdGWE5sUE9GRFFNQ3VKOWtFVmlBNjY4aHhTaGhiM0NZcE9SYXBRaUV6SmVpdl9wZUFBRUJIQTJ4NFRhdjhIZF93Z1luTHg3TWt6SFoyYlhBOTVzMjlkbFFMTWdpWjZ4WkN3bGdaUklFMjhKVFh6QnFneG9NQUxVR2RWRkJfZDdnMmhWTnpxUUdabVFvMFFZbURTNktlLVdoMUhJb0VrbGVFUkRXdWd2N1BUODAyb3lNeUpuUm9hamYyRkRQRFlLNTY0V3pPelhZc0daVGluaTNCWWlrbFVNZVd1cFBzWUxfX3VURndZVW9zOWxYTi1NaFlyUnNLTU0zejFDNHhWVTRoM2REZkxwRDhoOHEyWHpKT18tTUZwQ3JiaV9ya2xCam43bFBBRlZQdXp5QTViR2xnZEJ3eFZWU3NfRmd1ZnVsSG10REs5TS04TnVHVHY3VVRUWkJZejAwdEcyQ1M3R1RZREV2a1YtNDVXSlByWHJqODU2ZEVkSVA3c0k3ZFA3ZHFvdUZRbFMyekJJem1mNlo?oc=5,"Wed, 31 Dec 2025 01:30:00 GMT",
2026-01-02T04:42:16,Google News WSJ,Opinion | Why the Heritage Foundation Is in the Arena - The Wall Street Journal,https://news.google.com/rss/articles/CBMivwNBVV95cUxPQkF5TFo0UFZWZG1OQ0N6M1ZNbU5iV1dOcGxtUm1fTzQ2UjZpdy1VckpsbTExVzNJVUlVb25VWnBRZkx2OUZUN21yMmM3MTVnQjVFLWNYdW90MnNESjlFNjhaOUJzRHR0cmZENGlsMWp6cEtoRDdaeVF2dmVyWk9VZFRLYWJsYnNjM3k3cWoxUkZzTTZ3NUxPSDNzX19va3AtNWJ4U0dvREFvWlFRNjN2bU5ta0F2TXZlNDR2SHc4a1ZMc0FaWU0yeGlWVVJoMlEycWs5c0dPLTBOc0hDVW5RR1RkTlgyZGxjSUpyODdaYlhpZnNlaXZvQWw0VTNSVE9OU2JXSDNEMkMzLWpLdnRSVWNKX2NvTDlsdENKdzEwZHNhXzlKcFlxWExVaGZpQkRQNWNfQkFJaTJhbDlWQUFkRFVNMzV0QnZUN0swNU50ZXFwMnNOQ0t2T0lfRDhwVUNVN2R6blk5WnNUbmtzN0lOZDRSdzJnSFBtMXphcFhYMlFGTUp3TngzN1h3WjZaNmhjemZPcF9RVy1zV2NtaG1yMVctZTY3YTJoUWdlUy1rR3locDN6cnIzd21nc3hDalU?oc=5,"Thu, 01 Jan 2026 15:10:00 GMT",
2026-01-02T04:42:16,Google News WSJ,Oil Tanker Pursued by the U.S. Appears to Claim Russian Protection - The Wall Street Journal,https://news.google.com/rss/articles/CBMiwwNBVV95cUxPeDZMQTVFTUZXZEcxT1hENTFxSlB1S1pJQVBOOElhdVc5c0FxZXpzR1U3SUlFem9kamUta3dqWXhTNGxLRUR1OTRhY0kxMVdORTY1VXJDRFJwRnlQN3p4OW0zUjlMQ21zT0lla0pNY1hkalkybDU5cV9ZbGtMVjh0WDFZRTNOcnNqTkk5bE5jMFE2ejU3NmRpdDBoNmx2S2hzTmdvQnVkX3pUMldhMVFWLUd0U1YyVHdWckh5c3ZJeHBFcTRjRG1aamFpS0FNRTFyVXdJWEJZekpQYmQwMW1fYl85RmF1NDY5WFBjckJCNHRSYTRUUVF4UlpUbFFIVXBvV3dJQ0p1TktlbTd6c1F2RU9KZ0swQ0FwOFFYVVhkZFMtTmVuMFJGdUFWTVZoZkpvcGEwTFA4SXFVRkhyOF9hVDdGdXpYTUJtV1JveEN4QVY0M2tPX1NIX3F2bnpiS2xFRThsQXRyOUhfdXp0emxXVHUyQkRCVTN6cW43cEhDNWR1UHFNWE9OT3k0SVMyQ2t1VFFqMXFYMXIydTJvSVMyR2NJcmljdkxCS2VjS19mRXU5bFAwZDl3U0twWWUzTnNxWk9B?oc=5,"Wed, 31 Dec 2025 02:30:00 GMT",
2026-01-02T04:42:16,Google News WSJ,"Stock Market News, Dec. 31, 2025: Silver Prices Slide; Dow Inches Lower to End 2025 - The Wall Street Journal",https://news.google.com/rss/articles/CBMijANBVV95cUxNaklmR1JUb2lfRGpfTVRWQ2dzWHNvd3lUNkNkSzNsZGktWnJvNTc2Tk1VSWhieG43NXhSNEtEM2ZFTE9ObFBEajZ5dHRYZUE4U0doYVFrOC01NkdDdGhNYlZ5U1lEcHRmaTJtZXB3MmNCS3dqNnZNMnE2RzZsNVhNZ0RRdHpoMUdOMjdNQXpKTkxIckI4WFBaQ0JSOGxFOGpSTnp4Z0gwbWllRlhpMVhNMGVGZzgwYVk2TjBEUjV0dzBqRmZMc0RQcGdBMGVIcWZvTHhMcFVieTYwUWo1NlhSVDdQMXJFSFVyRUZ2dy1SeWtGSHdLcmdrc3YwWmEzM0lENkd4SkJFdWcyNXZtVW9ZeW9oNnBISzc1bEY5dlNaT3FMVWRTaExDQThHRGRFUzlrNWJ4X2RmSkxDVEdwQ1ZtZVBwMWFhQkJ4QXdyUWFOZmxZU1lJcTFEeXM5UkNuWDZMbDBaQWQyRV9tTi1PQ2RHb0V6eE44cUxCTjhKT2ZuVkpRM2s5bTJSZ2dXc1g?oc=5,"Thu, 01 Jan 2026 02:42:00 GMT",
2026-01-02T04:42:16,Google News WSJ,Ukraine Now Has Europe’s Biggest Military. What Happens to It When the War Ends? - The Wall Street Journal,https://news.google.com/rss/articles/CBMi-wJBVV95cUxOM3pFLTFUdXVTXzhGODZjb05pVzdXalF1bUFvQkVGRk9NV2d1QkNtYXF6UlVGWmtZTXNKSFl3WHRSX2kwMG5iQV9adHlUZVlnMFBGOW4tN2s2LXNic0F0TFhweGVRMVM3NnMyb09CRWxGY2pYREVrVEpQMFRkeVIzSC1EaTNIeWMtajhNMHhnV3NFUU1pQURCT0NkazNOT1YzTTk2QjBZMUtfbnpKM19oeGM0eGRVVF94RXZkcFFiOVgyeFlzN1NnckVtVWhFQTVPazNqSnNaNkY1Y0szYkZDSGxwYzdqVTEwZU9kRGNCQzJ3NHVHaG1KT3l2aF8wdExNZkY0bG5PMm5qNVpGcklJdHdZMUl2SXZLd2EtcUZCUm1rVGxjN01HZkVNSmxGNXQtUy1pMEVld1BjU3FvNTZyZzg4dXdGMDR1UVV5c1k3WkFvOE11VG5kM3FTeW9uc1FVamNnUzZFTlBVN1U3TFltb2RFTEZqSmVjdWtN?oc=5,"Wed, 31 Dec 2025 04:00:00 GMT",
2026-01-02T04:42:16,Google News WSJ,Cadillac Gives the Electric Limo a Glow Up - The Wall Street Journal,https://news.google.com/rss/articles/CBMigANBVV95cUxPc3NVaUxxOU9tU1d6QVJmWVEtR2thRFhTSjdTQUNhRjZYZ3JtQmVUYzJHaEx4bDRHOUxYaVJGRzhtSnhpZFJRSTZEUGN6WTU3a3ZUTXBORXhqcFFfVko1MW9sWHRPeW1tcUhmS2VpOWdaRnBGcjhUSG5pTGpBTV9xN0VfYjFqb2h4Y202UzhYSU83VjdQRFI3dkk3SmhPVF9ESEo2ZFBSeDJwU0xaUGNFM1A1RjdEa1gxY0ZPRncxQkE4UjdjNHR2Y3U5TXRoM1haSEktNkEtUEhLSkxOQTI4ck1BZVlMcG9ORU4xaHVQRS1FRF9oUkhzVXNrTndYbjN1NHhUU0plbTVOOGVVUU10NUVjUXRycUtwdW1uaVpjd2xUbk9RamFUS1RKZTJ2NXNtU2dXb2JlOHpDSFFJUkxreHF5a2dmWVRRUkkxMEZoSW1fbjU5TE9fWjBRb2ppWnN5eUFsc0p0VDlBYU5KdUtsWjFqbGpaejVEQ1NiY3dKY2s?oc=5,"Thu, 01 Jan 2026 16:00:00 GMT",
2026-01-02T04:42:16,Google News WSJ,‘Intentional’ Review: Tricks to Stay on Track - The Wall Street Journal,https://news.google.com/rss/articles/CBMimgNBVV95cUxPZXhZTXNKZm14MFJyZU1mMk14WE5CNG94dWRKVFlaVVVOeHBqR3VxVExXNTlWUEtTNjFSRjZsdTIyQlptd1lrcl9QdHZFci1qcXcwWU9XSGpDT2ZxbmJRRUNzZDlBMHJfVW14cWJ2alpwWHRwdFdLMEJtc0pZV1BtakRqY1cycVMtNmV0NkJoaWtyT1FEODJYOGQyLUc2R0NUTWc0c29JR045UUU5NUgweFd2QWlnX1ozVEV5eUZLRFgtTGw0T3BDUzJUaUVjOWFfYzhqZnF1NkpzcFlBTW5ySFJyczZZN0EtWFlVTU1uTnJjbi1odWRuNW16emd2QUt4Y2NWUHJuVVF2OTRKOEc0ZTc3RkhybWZ5WVNqTnRLZUt0R2lEMm5iV3BSQTdMUEZKd0FROEFwSzhNTEcwR3l2X2cwRUJHUkUzWGZ1cGlaSEhwUnUzVXNBbnlUYTZYZ2ZraWkyYkYyb1NwQXA3Y05iMGdNSnJVenNKTUxLV3M5NllPSjVwNnQzdEdQYld0aGFmT01IdXVzZ2xBZw?oc=5,"Thu, 01 Jan 2026 18:03:00 GMT",
2026-01-02T04:42:16,Google News WSJ,Silver Price Slides After CME Hikes Margins Again - The Wall Street Journal,https://news.google.com/rss/articles/CBMiggRBVV95cUxPOVpjWkdjSGJqM2tpNFJRUGFNV0xlSHZPRjBDM1JjSnBJNktRMUxXTEZ2a3RFMkRXblV0NFpwM3Jmc0Vfc29ITjRqaEV0d2ZEa0ZJVG1xR3p4WGhNdVVHX3FRYXNHaDVjRlRhajdaM1k3MU9ZTkJyU0RvY0pDQzhnUGk5Z2xvNjBFYzhhdUM3T2pySGp4MUtScXgyeGFYYVVrQVN6cGdoNDlPajVTekdwaDVyak4zN291Tm13S29ibzg4ZjNpVW1xanRTRGlwb1FXZjkwMjE2NWRHTDFPbjNuZjNZWHVZSGJ6UGpGNTdlMzFYRjZ3Tk5GdkNyM3Z1SnVQSjhVWWtkUmRPcHo1c01hRXhyT0t2TUNWWExudkFtOHNDWkFsNlhyNHhyZnVja3h0Z2FFTGNoZ3RBRk1ZclpKTVlnYllXallkSnRTSzZ5Q0xBVVFvQ3RPWVk5NjlZQjFSRi0yY1pFYUVmLVYtNFJZYk9TVDE5WnpFLWg1QnJ3d1RUdEJsakpkdDZ2T0hTN2c2WldORUZSNHFrNzExUDk1WklDLXhuR3dnOTRKZm8xN1c1aWJEMDlrd2ZhdVQtOWw4YTVBUTBTVmdPeVR4elZYa1dDSjJVZWd1VDNLdkVKZXZ2S1BRTS1NLUhuN3psZjBtVFAwcFl0cXc3S2NiMjhuOEJ3?oc=5,"Wed, 31 Dec 2025 08:30:00 GMT",
2026-01-02T04:42:16,Google News WSJ,Opinion | America’s 25 Years of Decline - The Wall Street Journal,https://news.google.com/rss/articles/CBMi-AJBVV95cUxOWDdFNHVVd2FhQ2JnZmtNaGs5RXVQY2o5UWpadjI5MVNRRzBxRDZfRkpfNnhyaGNyeVlyVXRjNzVCRWVtb3NYczJnQ1FEVjVWNEdzZm5lV2xkM2g4UkVybjlwaXlpWWlmWFI1eUs4d203c0VZQWZJZ0lYejRpVGNuSm1PNFdFZHNlWFY5bklsdFdXMEVDMU5hR3NFUHR5WnpEYU5pNUZNQWVsQ0tPR1QzanlyQS1rOXRuZEV3NUJhYi1tV1pGbWg2blVhRUZldGEwRXctbkJXdHJkcUM0bU8yV0JVTHBqR1NqeGdfSC1vUWtkMlYzUTV1UmRvTTk4dEZzTHJGRXZPZmN0U3o0WU5SVlQ3djJPdFdNQ1IyeHZsTkhIcFZOckU3X0J1SVpYRWhRVm5lYUFodUxqamtTbzJkR0VNRV8yMjFIYUgzY241NHBZSHNIX09CUF81bm5SUzJlNDAxalFDYmtnZDZjV0twMjU3V0Q3a0s4?oc=5,"Tue, 30 Dec 2025 17:12:00 GMT",
2026-01-02T04:42:16,Google News WSJ,Opinion | A Slightly Better You in the New Year - The Wall Street Journal,https://news.google.com/rss/articles/CBMihANBVV95cUxNZ1d1akgtdWFub1hTc05nQWx6VTFTSWNWeHdSV0pWdmJwV0taYVYyc3pBQzdqQjRRNVFsbXRVSjNRNi1NVGVrU2pFNC11c1RrUWxmN1JrMzc2RmtqS1pRNWs4UVE1RmVpTzFxRTg5SHk0M1AwejFnZ0JlUXFzeDlhdDdTNlNMa2VoeWdtZElMYW5IZHBiRTRiUHNROXJGbUZUODRrRk9SdVRYSS12eXU3Y0ptSGIyZm1EeWxWQWxZU2ZYQmdhUTFxZ3E0dlpJNXRSNzc4WEZENzdRWWtUZzg5TDlNRXlBazBydGY2ZHdGTjlPNEhIdXBJckUzWkJBT0JNVVRKNkhpanJib1NNRVZjQndZX1Rybks3SW03NENnZ3RqOXdoOVF0QWJ6QWVxbnY5WWlEeXZzVThEU21URmtCVHNJeHVlTVZRTGxVQXY2UWxOX3NROWVkamYyNk5zb3FzUzZSd0h5bWdtVXdjWktobkxMenYwalFPOTUzMThwVGV2cHQz?oc=5,"Tue, 30 Dec 2025 17:14:00 GMT",
2026-01-02T04:42:16,Google News WSJ,Precious Metals Cap Off Record Runs - The Wall Street Journal,https://news.google.com/rss/articles/CBMiugNBVV95cUxNRzJxaUxpbzZPb1NadWdoTUlNUTV4LUNKdTVCb0ptMndxZTB1WEkwVkpiS3Z4NGJYcXc0RV9TV3dZT1VZYndOVVVXaWx5RHBsZ1kwc0lacU1pRl9CWWpFTzZXLTlEand0YVBYYU4xUmJxZGJqMU10bkVJcGRyOVFRM2hDUmRwdHdleHNVb0twaXF0LXQtVDRSNE1zNUJRY0l0WDl4akJvSXlQN1dWNTlmR1pqM2lISVo0dlNzRl9XYkhqRldsNWZITXBwRXVEdnVJOTBDZUdFT1RRUXFHaV9Wb1dWRFp3bFltVTZ1QXVwVm85LWpHZWlocWZxOF9OMnFqU2syejVKeTVlTUpPQXhkT01nSHQ2MVJ3aExZY1FGN0xCd3RYMGpocVJ4dFVXQjM2MC1lX2FuN3hyQlhWaG9hVVRDdFFxbEpBVDQtM2R6azM0TjdEdDNjWnJPQ0JCeGdMdTVBLU5aWDJUanJSdEY1T29BMEN2MDBrSjJXZHBhN2M5MmVLcEpuelp4Qm1IMzVONGdmT2dqalgzOVNheW9LS1FyNUprNkxueGdHN0JJemY3UzQ2alc2M3RR?oc=5,"Wed, 31 Dec 2025 19:42:00 GMT",
2026-01-02T04:42:16,Google News WSJ,"Caterpillar’s Surging Stock Is Fueled by AI, Not Yellow Excavators - The Wall Street Journal",https://news.google.com/rss/articles/CBMiigNBVV95cUxNSjR0U1loN083d1VvTmJrRkZkZFBrbjZzLURKWjFkT2FwQ3JtQzFOYmVtYkdVYzBLYjYtSDZ2bEZNcjRscV94MVpEVjYxTXN4dEF4eEZrNGF3M3M4d0xRcXZOMi1mUms4N1h6Ty1vR04yMzZhd1N1YVdoWG1LTGlCUXI3YnI1aE9HcnpLeGdfb2JyWlFVWVdTY2s5TWE2NlBMYVVheHNXdmd6cGhqN3EtUnlBMUh0QnJjX0tkQ0ZYZ2pkak8xSG4xZjh5UkN2Z1BEYXNkOWZ5V2FzWFlFa2Q4ME53bW9MSmQ1WjFBNndkb2RNa3BXWlplcjUzSkhKYmhqdXpfVGxLNjZ2WkZGWWpNVkN2NHQ0aFRPWFUwVWxmOTB3Y0dnS2NVTWVoYS1FTHJHY05kZTN0UlBvX3Bjc0czZmRHYnVaMjFvVDJ0eTB6RkVKRmhaaEhodGdaS1FtSTVRUEZOZlRHTk9SQzlWYmMydmNjWDA5cmM4WVNFb3NkME9Na0N1X0FWZHl3?oc=5,"Tue, 30 Dec 2025 12:00:00 GMT",
2026-01-02T04:42:16,Google News WSJ,The Wildest Ride at Epcot: Keeping Day Drinkers From Getting Trashed - The Wall Street Journal,https://news.google.com/rss/articles/CBMikgNBVV95cUxPUWZLVllwQjBvektNdGs5azJ0SWJHLV9MUWZBVDc1alV2d2FfdnBRWHNSOEZyRElsOHRPZU1YVWRvVFhVRUJpTlpEcS1aVGNfWnk3MUhjV296Y0JpN2tXTWhaUnNabTRyUDQ4bmRsNXBaM3NLeGxvY1JXZXpYSkowUk5qS0hPaFR0b1JJcG5xU2t6WTNoR0FqVXl3ZEJpX2o0cjNBOW9ZTzBBNVIwbXVwamlJTldXLUFSSlJYaG5ocjFaTmRBa1lyRDAxMWgxWFBubjFva096NjV5dVJlOTUyQjhsal82S2hERC1jRE42LWdfMDZoRGE1NHhrRXJ3MUwzc2JKRm9VekJJTEVUbnVPRGRiZ21weVFELTN3MWJVakR4LUpiLVV0Z0ktbEpHQzNaREJaQXhFb2tWMENNeUdQV1pDeWRNNGh6RUhhbkd6OUZlQkNpRmk2Q3d2WGxTUzlETXE3Y0c2TE84VDI0Y0hncngxZlhDT0JyZjk3a21FQ21XY0hpWUJfcmxfcHc4c3dXYlE?oc=5,"Tue, 30 Dec 2025 10:30:00 GMT",
2026-01-02T04:42:16,Google News WSJ,Nvidia Is Getting Creative as Options to Use Its Cash Flood Narrow - The Wall Street Journal,https://news.google.com/rss/articles/CBMiqwNBVV95cUxOLUx6TG5aSGZKYTRGZnhPWlRsdUpLWk4tSWpUQkpTaS1RX1I0dXhWWHRFNmNScnJYX2RjR0dSR1VlUHNoWHhQdjBCd3pTNV83dEdwdjc0M0NxUTgtb2M3WVdabkEyYS1GZGk5X05yT2s4OENBbDFib21EWUNqTmpyMTBhd0dsZkpQb0swSWZtQVdqV2hjU2xmbVVIa2JMcENQeVpneFRJWFE3eXJfeXR1dFd5Q3Q2V1JtOWNVeXk3MmgtRnRMOWJGeHA2VEZhaXBhVlpSeldqUHcwVGhsRG9SRnh6dS16Q0R0RnNaejlXeG1sclpNVVRSNUZpcDB1X1B2VUlCVGt4Y0M5NkJ3R24yX1UyR2x5RlNFd0lPUXhIZGpGME51SmF0Ym10LVUtODVvajFWenVmMVdyWnEyOWZwV2lfTDlwY0g0c3BoQVRiT05saVFsZDZhT1BLQUpXUmpFQjRDdE1VeGltVVFrNUwyUXFHZUo5OHhtVHBFWFRHVWdyUFJqQkM5TzlPTUFZYXNwbDJLQzVkM2xWRmwxdFBhdFhmR0hmd2lhQVVz?oc=5,"Wed, 31 Dec 2025 17:00:00 GMT",
2026-01-02T04:42:16,Google News WSJ,"Trump Is Warming to Cannabis, but Investors Aren’t Impressed - The Wall Street Journal",https://news.google.com/rss/articles/CBMirgNBVV95cUxPLUFSdUJXOTBlU3pBcWVqRnpxYlkwS1JXb1FKamZqNUh1MEZqZnFPRUFhYlhIbTl6UGs4UW4yM1V6eVRCM3pBZTF4OGdwV0hOeFJQanpMWHlHdzMzcXJpNkMyVlE4WEdoNjBZVGcyVGFaelUyR1FFVXZpcjl4WllUX2Y3X0htUVh1OVFzSVZPNkpfQXowSDQySFhMQjVvVkhQTWFiUVBVZ2Vud24tcjczamVNRlQ4b1N5NkE0WkVnX0pNajRHZ2F4Sy1mVjV3OTltVWdHN2VBbV95ejdfZlBsY2NCVGpIamFoZ2dNOVVpNFhuZkYyd05TdFIwWTBaTXZ3T0RzckhpcFlBTjF1UmVqM014VGZDY25TSlg4b1Y4cFBwOTBXZ20zVTQ2TE5aLWUtRERHXzRXcFg5ZnJGdHRYRlZPVjVKT0tiVlozbVhUVjdVVTlPWmxBaWdScE1Ib2V4RkhlV0VydnE4VTMydFJXRnlka19YQ1NMNE1wamZGTzlBdk13SmZ6ZjJUSkhqak56TkZqbUozM1kxbmFwQTFFcGpCNGdSRGJYbjg4VGJ3?oc=5,"Tue, 30 Dec 2025 10:30:00 GMT",
2026-01-02T04:42:16,Google News WSJ,"Gulf Rivals Saudi Arabia, U.A.E. Come to Blows in Yemen - The Wall Street Journal",https://news.google.com/rss/articles/CBMiqANBVV95cUxPYUozZGpaeEI2b3d4QjAzRGswSF9xc25XTXMtd29ZdmJ0UkdXZWRfaThrOHdaa3E5Vl9LWWlENXh5OEJKenQ0NW9yOHdJaXk4dUoyd0VzRFVtT1NqOGNnU0cySkZscUgwLWFoVWY5c3BtdWUtak5ON3lCSk82cF9DX1U3YURNZWw0Qnp5SW41S1kzT1BEZFozU1NyZTBEY0hkRzNVM0lQSDNreVFuOFNrUl81aWo3ek5GODd0ZzZCYk1VTXluaTFOVGVUdlhVdTdZZlVYVHc3THdVLUM0Q0VONF9Tal84ajN0bXNPMHZJamZqZ1J1aUJuLVJZOGxyRHBEY2MyOV9JQTNaT2JMQnJoZVQ4MjBJRWFsSWd5N25XWG1CNXJDZDRUdUJ5ZE4xYU1uRFRwX3B2MTlNN1VZR0xMeFVwbmNsTk9jaEhBZDhwM0hkY2lUdWRnZU81T2F2V2wxZ2Q3cmpyR1g1R0ZzTFRTS2hNNnlGcUo1MVpCb1ZHWm9icVdiTjNDSlRkd0Rnd09RSGsySnR2MTR5NzBVclFxMUR0UF84U29U?oc=5,"Tue, 30 Dec 2025 18:57:00 GMT",
2026-01-02T04:42:16,Google News WSJ,Exclusive | Meta Buys AI Startup Manus for More Than $2 Billion - The Wall Street Journal,https://news.google.com/rss/articles/CBMioANBVV95cUxOYXdvMmx4ZnJPdU5XYldsNUU2N1Y3RjJBc25BQV93aHlGT0RzMTE0c1JnVTkxWmpubXlJNnNwSkptTnVxdE1QNVVNdXpqckMwZk5EbUkwSmtudmtEMEJJVXE0cEdUZEFSQVNVcEhFU01HRzBQNl9jZUJhUjAyQndvRm1TMkE4TVR1T0hZOFJ5TUg2SFkxS0loUG5vT25NLWxhUlZqZUhWWjVkZmxzMGh1NzE4cFY3cDdrWVpPaXNuWmpRd2FoYVZaWVJ5RmFlbzdjN0gxNU4tT3VvN09oV01iMXRhQm1meGR3bDFaYTR6ak5qU3Y0Q3FQam5qNzJDVXJmb0xGb0ZNOWV3UVdpSFA1UWNVaDdpa0NubVNYQ2pfMXdGYXVOWXpnOC1VX0JCeVVKTWN3VkpveDlGeGdORW1ncnNGUkJwczFfYm5jRU5yTGlhZUZHeUszRVpWX1VqaFc2dnF1UUFuN193aFh0OWpqY1JkTko5MXZkandab2k2a05aZWJsaDF1akN3LXhqZ3AyNldPSDZwREU3b0tqcDQwZg?oc=5,"Tue, 30 Dec 2025 16:18:00 GMT",
2026-01-02T04:42:16,Google News WSJ,"After a Year of Blistering Growth, AI Chip Makers Get Ready for Bigger 2026 - The Wall Street Journal",https://news.google.com/rss/articles/CBMitgNBVV95cUxPWkx0QXJia0NQMnlfSi1pSUMzaDFxQ28tZlBuQ25VZVhZSVlJbXllRHlsenpvUnRLX2NYYXdDeDE4emRoNlA0cG55dWVIOXk4aXh2V0dPUTQ4c09pMDRFandfTnRCYlVPeEkydzk3MnZ0UW02N3pyS3pFVm1PRFlHWDVvZTY3M0sybFlEU1ZHRFJFVDR3OXUyd3dTNHdIVUtkTS1qbVJzZ1V2Z2ttUFJ6b2N4TG13M2FjVG81dGxLRmIzZzg0cHNIa1BJNHpidEp2N21Xc0xPVzFkVEdfLWctWDB2anpyZlF2aHZtVXhnUWxxeTg1YzZhNmtNaHJIYTZ5S0xReFI2ZjdfNXpwVG9NaV9COGRlRUplS2dXSFNqLWs2QnE5V2N2YUhzWFZVMjNpQWdtaTVqYUE5VTJxM183b1RYSUxUM2VTWXBUT0d5MDhTbWVCRkVMNmVQN08tOGdTY001b1hCQTVLNUJ3ajYwellVZzBBdlo3RkMzRnFpUE84OXNHWjBEYXJCVE95a3NFcGdTUU5ucElBU0t1Zlpyd2ZLT25BYk9uV3o1akhMQjhmR2dNNmc?oc=5,"Tue, 30 Dec 2025 02:00:00 GMT",
2026-01-02T04:42:16,Google News WSJ,China’s Push to Master the Arctic Opens an Alarming Shortcut to U.S. - The Wall Street Journal,https://news.google.com/rss/articles/CBMi-wJBVV95cUxNcklIZkhqU3J4X2ZUVzJBU0p5ZFcwZmFKdzg5VHdvMS01aFNaUWpoY0lkZGtxQm5yX2dSbmVTVW50N2dxa1NZZm91THBiNVNkdzVxdlpENzh3TzRHd2dzVnNIOVF5SEdUZmV0dU00Q3RZZ182d2V5aFhmVmx0LUFEd3NJUzFKVV9UZHpncFk0ODNRQzRJMUNRZ2daa3pwVXVYeWVLODJrb1VmRlpRVjhKS0NhV2RnMDdmSU5XbXBTR2JabGFWeHdnbVQyYW1nMW1peWNkTnVaN1YydU01YUtON3lFLWpLaVQ1SG9vN0lGYlBCWHJwcUU5b3lfRU9CWHl0WS1iVnpRRV9EanNxM0xHdnRCckRyeno5OGVjQTBkMGtGSG9WU1YxQU1naUhhbFVYd1VtajA5NnJWNnA2dTdka3BmV0U2bGlPZGxIa212Z1VURmtDWUpGNGp3SGNRcXdpOXlmUXVRNlhVRlF3ZTkzUUJKSjdEY0JyUUdv?oc=5,"Tue, 30 Dec 2025 02:00:00 GMT",
2026-01-02T04:42:16,Google News WSJ,"Opinion | The Good, the Bad and the Ugly of 2025 - The Wall Street Journal",https://news.google.com/rss/articles/CBMihANBVV95cUxPamhUa0N3cENHM3JERF9kRFYtZE5hSFA4Q29CVGFjU0ptX200ZGpJdEdQWElLY0Q4cV83bGRlbVFnT3IzU21nLURtZWZNM09UWi1JM19RdHpKMnNlVEJwYUdkVjFrYWJxcWdoVGJjeDlWcXFnWDdRVFhjRUZELXIwbFczWVdCTGVycDRSby1OWWljeENQeWczY0JTNmJ6OTZ0UzlWN2RzMHhtRGFpU3NzLVpNVHVyRFJtWmlqYUJtTmxxLU5jSGVTTXYyVnB3ZWhBd0xyaWRaN2VBZW9IXzVyT1puVHBWYkxZZmVBNDdiTS1fQ2pvMUxQc3p2ZEJRSkVZOVE0S0ZBc2ZydXRVbzVDNDVCNkZCVDZES2x5LVJzYXUtOFM4bnJtLUFYd0JSTkVCdmNFbmhRd1Q5VS1WaUV6UFdKaGZiaTRreW5hUnNkdXdFUTU3S2IyMXotZFdPRTVUdVRaT1dBdUR0U2xlUVFwQkxPakdWZG16c0lnYk1URUZxWURV?oc=5,"Mon, 29 Dec 2025 21:25:00 GMT",
2026-01-02T04:42:16,Google News WSJ,Nvidia Is Ending the Year With Deals - The Wall Street Journal,https://news.google.com/rss/articles/CBMi4ANBVV95cUxOc21zUE4xbTc3dDduZnBhd09tbHpLRVJvLW11NUkyZHhMVmhEWENlYzZXMnRIZm5aaTAtMVdfTVhFa1RiWWRwakVQVklpODFBNmZVTlBxalh2eTVZZ0Njel9NbXJ6alplb0p3Wkh6Sk9ucUdQd05VY29UWk1tcVZ1REFIdW5yd1FmZzJaNmhycDR4eGtWNGVwS2NWa1BiV2VjU0ZCWVVyQ18yYk5xWDVUMmhXTGZ1Zm1UNWhKR2tIYlVselRGZ0FQMVgzTFdSdnIzQjloM1NGNWlKSjJUMzJ1Wm1RYkZWeVhPdnpBV1JSR2thVDM5WGlhN2tLSUZkWTFoeFRjalZmaGJYQlZRdTU5WTlPS1UwV1M1QmtuXzlmWnk0UnZsLUJTQUJBZThKOGtTLXFmMkR4MGFYRldKRjNFT1JDWGR6SWxkZ3hsekxPMFVWYms5OXhGTk5mT2NYa1A1TGhJVVRBZ0gwNWs5Ykh5VTRCN3Zxc0ZNRzYwSVRmVzlLUnJOMUxEdDM0ekVuZWNCNHJfRnNRWFJBeXJTMWJEYXhCdmg3WTU4UFZlaVhWMmxIbHJUTTBTRm9wRFBMTjNleGQ4OHNNbDlRN3AzejJka3FqNV9UR2k3NVgwNzR6dmM?oc=5,"Tue, 30 Dec 2025 04:02:00 GMT",
2026-01-02T04:42:16,Google News WSJ,Opinion | The Trump-Netanyahu United Front - The Wall Street Journal,https://news.google.com/rss/articles/CBMirgNBVV95cUxNQU81QTROMnNsOHNOUU1ZNlBEX09aTjRTblhKdUQwcnQ4cm5LcVFMQVkwYTJwU2VoeVF0NWp3SHcwYkgzR3VZZTkzNHRTX2RUWEdXRm5BX3B2UW9qMU5FeXZnVWJNTUFDSVUtTkdCQllBTm5vWTVuWE5hbkpVN0UxSExmX3ZWNF9rVi16WEstbkJFYnRkNGpZVHNGQnBUaXNqUWQyMTdtSEdQWGZCZFIxNjFuVnFZbjc4bG1obHV6Mjl0b1d4V2FJdm8yc0Q0OEh1dk55NGNMZWlENzdhLThMeHRJaWw3d2p3aTVIcVhvZnZxSUFFZGotMm90VHUxQzczMG5sNmxCU2V6amdDLW5NdEs3cGsyS2QyeWREVjdsdkRvWGY3Q2tVRUR2VlkzNmdtVW00M0owYkdFX2d0bVI4dzE5YkZ4ZnlUQTZYY0F1OUdNZjhrUHplYnl2TTdIbkpsaENFNnZGNTVoY0g2SG10QWl0UVNFNU1qeTNpMFdBdmljTnUyT3NmRW5vbmhCXzZNOS1ON0xPeG5ZTGlHemNuckRxYVltSnhkaFUxcHBn?oc=5,"Mon, 29 Dec 2025 22:55:00 GMT",
2026-01-02T04:42:16,Google News WSJ,"Tatiana Schlossberg, Granddaughter of JFK, Dies at 35 - The Wall Street Journal",https://news.google.com/rss/articles/CBMilwNBVV95cUxQZkYwWFViTjdaY2hpbnlMdzIwa19tU251UUZlT01SbXN5VnBUM09EbEtSTGpTTVZCd0V2TFplYWNmQ1Rsa2x0RU5pT2stcExxQktxaXZ3ZGJ5dzN5YjA5VnYwMzFfUndSMXJrMHFWR2R4WDVNMEMzMVh4N0QtRDBHdFhDVFVsdTFXTHlHTE5NUWlSTXJMR3ZLUmN0RldSR3poRGpLdFpEaHJIYkptcTFTMThjUExlejQyUGdGWjV1TWlwanZPVmFIS2w3ZllPUjRFVy1UTXExY2hOZmdRbkZpdkFHYWRKNzJrWWQyLU1fX2lGLXY0VjVlQWZLQ1BXSE9PX0FJMUtYbjAxYjlCMXBiSE1uS2w2aGVfbkJNbThWdmU4eTE5R0pjeUZjcUYtaHVwd1o1cXBnMmJXTUxlMEd3VjdDNFNKZHRrZ0VLb2RNN1NEbGVMNUZ4QTNTRXVmZVYxQ1ZkUmZvX2F5ZFpzNnl0OGg2OTB1UFR2dFRxOXFNWWlucVZyazVCQ1cwUGpubDB1WGE3RVNYaw?oc=5,"Tue, 30 Dec 2025 21:43:00 GMT",
2026-01-02T04:42:16,Google News WSJ,Growing Iran Protests Put New Pressure on an Embattled Regime - The Wall Street Journal,https://news.google.com/rss/articles/CBMisgNBVV95cUxQdVJ2N1NyTTZ4NlFRSHRHVkhMc01Xalo3ckhjUFh0UWNpcC1nYktMc2hDRDB3LXNTQXNNVUJaSE81V1k0WDBuN0tURzZJLTlOOWFtNkpjZXpZOHozSklyUVBaTWJiSzdlbE1VbmhHUzVzdURFZHdJVzJaUXhQcVg3d0ZJcy1GZjhuZjV2UTBPek1RNC1VTUI4Mk5qcXF5UGtVS0xQejNFSGhRN1MtU3ExVGxKVHIzRFduQ1VMcUI5OE1nNDhKbEROb3FHX3pDWF9DT0VSNG13VGNpSjkxLVFlbU9RZVBjTjVEM1k2TmlKbVo5LXRkVHFrN2g0UzVHOHQ3cE5ueWVvSmtlWDlmSmh5aHk3TXMwY2tpc2o5bEtnVWRzbjliOUlCWk55NkdXMzlZYXJSV1plUm1tRm8wOWxqY3JaeUM4alVYbTFSNll0U1JsR3oyb1N6dGsyLTJYbzhwd3FadDZUVHZ0b1RmRU9XaGluOVZmamdGSDMtMXVGRzAxbEFCNENZbjcwVUdEX2VHQmxlVGgyaXQ2VUtCMjE0c194dUFRYmdDR1JYVG5vR0dWZw?oc=5,"Tue, 30 Dec 2025 03:47:00 GMT",
2026-01-02T04:42:16,Google News WSJ,The Booming Business in Drinking Yourself to Sleep - The Wall Street Journal,https://news.google.com/rss/articles/CBMi_gJBVV95cUxPbDFUZ3RPM0RSN2xremlYZy1LaXZIdmU0WUVrMW1oemNQdjlhcFdHVTJtdmE0UlJjTlpBbFBycllDRHZKYlV0NjRMZGRXQjZCLVBWVFZ3bHowUVNSUWRDb19yd2cxMV94MkpMVnZoTXcxcGM3MlF3X2l3SkhUUzFMMFlWX2U1V3VmTWZybXdWY2c0X3FNQXk4VEJWdllKbjg0dWdLSmtmbzhyNVcxSkhTTUFscVVob1BlMHpNSWFYTkxwS0RaUjdBckVrWVRFelUzRWhtalg3ZXFhdXozdzYzM2cyNk9MYlByODhCbkFxcnQ3UmQ5b2pHd29wblY4NnRhSnZ1Wjc2RGYyLUFORkhwWi1qVWNONU9YaDdVc3RVbnFySl9hSG5qcHBWTF9IaWRVbTE0V0F4OVlGWGRldHVCbTNyeFZxN1hxYllqZ2kwbHAtSXBEQUZ2REtpMUxpYkxRWE1hWnZmc2JsOHY0NVg0S0RMNXNhLUxPaElNQkRR?oc=5,"Mon, 29 Dec 2025 17:00:00 GMT",
2026-01-02T04:42:16,Google News WSJ,Five Things to Know About Nvidia’s $20 Billion Licensing Deal - The Wall Street Journal,https://news.google.com/rss/articles/CBMigANBVV95cUxNWHFMb25LeDh1NHRUZWRSeXNfTktxRVlDS1dzUTFQeUhPMWUxdmYzYUROWi1uQ0hPN29kdzdyS3FwVmZOc0FScUo4RjlmT0Jnd3RRdXZWdXBhQkRsd1dsbEIwd0R6bXFkT3ptYlFfQ2hiR1o4a2RoWUpXZmtDNkRqeVpDRkc2dVREWTMxeTJ2X214V1A0M0lGS3JDX0M3MUpBc1RUUU9aVnR1SExNZkJGVzdSZ2p0ZDJXeWtTckluY2VVQ2JyR0tXa3czWVE0VnhGemNWNWNfcmJkcC1yUlB2STA2aGhqNjcwcTREX2pobGVsVWtnd3NwYnpUbmM1eC1seGZUeDhZVlZvMktfSFJXdjNOOHNQdUtVMlhDOVhOQkxZTGRrTWoyYVl3YWROMEIxM05wUTMyQUVOX0Q1cDNVekFjaUFieUVBZjhKWmxGa1hIOThKbUlFVXgwQkc3RVNtRFVrcWdKLUhtNmVrU2VKVnk0OFk4UEFYejNxa1NNSHk?oc=5,"Mon, 29 Dec 2025 20:02:00 GMT",
2026-01-02T04:42:16,Google News WSJ,iShares Silver Trust Suffers One of Worst Days in Years - The Wall Street Journal,https://news.google.com/rss/articles/CBMi9ANBVV95cUxNZjRkQ1FsWFZhckhtdXhXVlY0SzI0YUl4U2JBSEZxSUcwMDAwa2dHeUtHMlZyOTAtZlA3UU1kbmxYNlFYbGNsRGpVZVFaOHlpSFBGbTdaaWRSSGY3VlU3b1VOR2diVXFlX0VlU2U4aGpzQkJqZVQzTFhNNnJlTElGM2VVdXJlbEhiVnQxb0p4QW92VkNNUDkyMi1mLXVwX2dxMFd4Y1hqU2cwMUNmUkU5S1JZaDZZWFdYblluZHAwRFZldXdZU2RsdGQwV2p4UDdTMmdZUDZYWTNYQmoyMEYzd0pOZlV3alJhZG5xeHhmX1FGMko1eWZoa1h6a3hqQWRjcWgtaXJjcXJqVTJtTWFJNFhGTE5tV2xtRXotMExEc3BQLTdoNDl3R1M5VzhlYkVuXzZOZUJSMjJSOHUzX2NVNG83cFdjbjVQbVlsME5mdGZrRnE2ZnVtemZYVmd6Y09EZURLNG5ZZHZGNjdhTm1uQ2Y5c1BuZWxaVkp0b0FVakVITUdtSzd5VkR1UkpBVnpmZkwyVjhzMlZWNHdGQXJpVDE5eUJTS0hQUkNkaFJ1UXJjeDZmMFUxcldZZkxubWFyVE9IVEh3cjA2NmlFTjdSbWxEdDlQeTZmSm9sdGVVOVRzRGdGWk81cV9oRWpTcTFLM1V5aQ?oc=5,"Tue, 30 Dec 2025 04:02:00 GMT",
2026-01-02T04:42:16,Google News WSJ,Opinion | U.S. Economy Still Beating Expectations - The Wall Street Journal,https://news.google.com/rss/articles/CBMihgNBVV95cUxOdmtMMTN3c3hVNk5ZZVhUbGFhdnlSUG81VUJVdldFQW9Bd2FXU2JsazA0aUFNRDNyYWVnNzFJbHpwczZCNFc0cmhWREwyQ203YUxqbllqWVV3bXpHVjNXd0JPUDQtY1ZkX2t3Q0ROc29kQzViV1pHVDFFNGxKX1Q0ZXZGekxjT1E5alAxSmpqOUZjSy1MdWpua1liS1VYeGdoNDhTUU05WngyNkhONGlfLXRjOG5ienFjNTZ0TFlkU1FlUjdha0dWdE9reWJObXB0X19GbTZ0T3ZLR3RKTXdfMkQxdmpFLUhUQ3laUTNlWVRaZXEtN1NfamUzQ0NDUVRVLTRaOW5VZDFDWXJrTDhJVmEwTG1BdS1jN2M4QWVjLXVLb3RVNXJPUndNbk1OTGlvTnZWcmJqR3MwX09OQTBHam9oeXZCRXZPa0dldlI3TUNSbDIzWXNuNThza1ZRcUxEcTdlaWcxdzd6TTlIR2tlN3VubFNWV0FNN2wySHh6RFpfY1VxUmc?oc=5,"Wed, 31 Dec 2025 19:43:00 GMT",
2026-01-02T04:42:16,Google News WSJ,Ph.D.s Can’t Find Work as Boston’s Biotech Engine Sputters - The Wall Street Journal,https://news.google.com/rss/articles/CBMipANBVV95cUxOb1ByeEFZTnNrRmYySlVxNHJIQW9ndGtJWW53Njkyb3VNendXRnFoRnBpTmhGQ0ppekRvWmlGTy1hUm4xazM2blpHUm9VLWEzT0c2eFZuTVNJMERxMV9KM28wSGJyZTFoN1B6WXhlZ0ZvNDg2MUpQeG5NTXhWc2N5OWRCSzVOWWxjZlZyYVcxYzJpQXB6Y29JdmxLck5JTm1DOEdITWlOQVU0cTF5RGZWOTFLeWYxaGNRRDJleXdLV05fOXVZeVBCUnhaZlllbTJDQ3B0bHBiOFY4VmZ5dmllVkZodm4zNjU3dGEzUDJFb0dkN2EtaXJiSXAxdXB3RWRtV3BkOHVsUDU1RzdtRTlXejVldkFLT2xGUnJtZVJXdVhWc3pybEh3alFicThZZ0F6SjFNWEpwNEVNcUxkX1YxQ19kMkNYUE1pNV92eXBHV2VHZ3lFSElCYzR2ZWdPRFZHazZVRWJvNHdvYURHUmVKUzl4ZUJDUVp2YVEtOUdOV0dMLUp2aUFtU0kxazJwV2doOTlGdTRXZi0xYXBpRTdvQTUzNGw?oc=5,"Mon, 29 Dec 2025 10:30:00 GMT",
2026-01-02T04:42:16,Google News WSJ,"Perfect Game, Perfect Nickname: The Rapid Rise of Drake ‘Drake Maye’ Maye - The Wall Street Journal",https://news.google.com/rss/articles/CBMihwNBVV95cUxQZ0lTdHhycnV0aGZta3VoUWVGSkdNOTZMOXNLRWxpTDJWby1FWlZ4RUg2NXdCZ2Jvb0FodGp4d194LXVBUmNtT2NlTm1KTkJRcDJ4TlMzelNNMDJqWE9rclppME8xZHRtMTlfRmJrdk1WTENJOTl5Q21EU1QzbXpVdWF5MUtvaEJ4WnBicGpIaG9vekkyZ3dCQWp1ZHBlTHUzMkZYaGZybWNFVzJ3R2ktLVp3VmFMeGlySmJoaU5mSC0ybzY2TndzaEZwSGVIXzMwRmRoQmVyMzQ1SXQ1bFltN0VxTTZveHhzci1nZWliTnhkOGwwSkJFUkJsME42TGJJWlNsV0tPZDJVZlF2VDQyYUdZanhLVTJySjZWM0pfM1pObDd3SDhwS0RsY0xhSXRkbVpJanNEeEt0bWNTM19LMVFvTE84NVBZbDNqXzFvRFp6elppYTVRdW1FYklLNGRLRkVsdEZZSzY4eDdvSnlaejJzV0ZZOXptWWpMTU1WQ05zVlh5cFhr?oc=5,"Mon, 29 Dec 2025 13:00:00 GMT",
2026-01-02T04:42:16,Google News WSJ,"Silver Prices Suffer Biggest One-Day Fall Since 2021, Gold Also Drops - The Wall Street Journal",https://news.google.com/rss/articles/CBMihwRBVV95cUxNLWtUcFh4Z1RWR1ROLXNfOXZya3h6cVNyTTAyTDVDZUp1OGxmWDNTTnZBN2xfN283S3VXQ0NpZWppR1JNblhkVUVOd1BhbUpqOF9sRU9hOHNfSFJ1aEUxNUpKOENudkZqRE5EWm1qeGFKNWJxbkNTXzNsWVR6N2ZoVXRGRVhqWWthUVMwR3Z1LUdOX3I2cFc2WWlVcFd5c29IVjlzVWZ2VHUzUmZZRFFocWZGMmNFdjNidmt5MWlQOTNlNE1GRVNjQ0FGc3B3b19yOHFaT1RHc3JqaEFmcVkxZlFkRUhMUjFTS1RYU0JSUm1HZ2cwX01XbWxhN3doSDV2STN2NzRqWlRpZ0lwN1kwN3ZxdVQ4dnZqVDM1VWpucWJMclA3enBac01YX3V5RklpQ1NQOU1tT0d1TGw2TDBZVTN5WHRyeURQdFZiMTlCQlFTWURkMUFETlZLei1WamRORWxPeW54YjZvdFZYaFRNSjlOaVNpcTZpVlBlTEFITkdxbG1zZm1wMnVjcEJ5R09MeUJYZ0dUbHExRkIxYzVVdmVob3JOd2JXNGhVMHRnQmo1a2RiSjFuTGMxZWQxMUxPQzdfU19MYXhmX202cjBCTExIVG9vaFdFUjdQZ0hsSi1kcUtzTWlUTlNNU3hmSGVJLVJWNDdOZXRUbDZLd1FGNi02cWpHaDg?oc=5,"Tue, 30 Dec 2025 04:02:00 GMT",
2026-01-02T04:42:16,Google News WSJ,Venture Capitalists Likely to Continue Pivoting Away From Climate in 2026 - The Wall Street Journal,https://news.google.com/rss/articles/CBMitgNBVV95cUxQdmpoR29KeUY1aHRKM0tpbkRORk9iZ0txczh5cjB5MDUtNVFPSXktemgtTXNIZW1sMXRnM29zYXJBdjBUNnZXNHBmQk5GdXJYRy0zTU10Z3FGNjZNTGtMLWVoMmVtdkVuanVHNzhOWk80TFJWYTN3YjF2b0NZb0Q1c3BUYVVMVGlTajh5QlRJTHZ6OFljX3UzSWdZMVU0SVAwSjQ4bkxaRWctLUtmTVhPM1JPbXRuakt4bEE2OUxtQThBRlR3TV9STGExdnVhSHUzQ241M192MDhUby1KTW9TTUdncHBlSmFDeDU4OElzNXFMcjNnTHdQNXVvcHEzNDluZHBEZ085bnFkSzVwSUhSNFozbExiLTVYZ3laSXR0M3lZd2dfLXF3RFlPdHdNT1VWemx2UEpOVG5mMDktOW1TRktXN2Y3Q0psU3lpNV9Ua2VHQkktR0hYbVRKSllEbUxqNDdWY3VQM2doUEZkcHEteC1TdkJNYVZsMmpWZVlmQlBLdXdScFRXa25XN2VhZVRCTmtScFJSSTUxT25UZ2xiSGt5TVRrX1U3Y09SZUE1REVwTTlTRXc?oc=5,"Tue, 30 Dec 2025 10:30:00 GMT",
2026-01-02T04:42:16,Google News WSJ,"Micron, Trade Desk, Western Digital: 2025's Big Stock Movers - The Wall Street Journal",https://news.google.com/rss/articles/CBMijwRBVV95cUxOZGg2d1FhOWR2ZjZibGI5Zzl6Z09HaUh3dkliaFVnOEswMnN4bmZaQ0VOeFQ3bi03WEtqczBlVXk3Mm5vMW53eUhsSHhDdUZaVFgtSmtHVzNmX0dXd05uTUJJQmVuM2RpOFd4T1dwNC1pbk03VGkyZm9mTUNlU3FkSjZIVWpxbWl0Z0M1amd6UkFqREtCY1NDLUxpR0Y2bjI1QjRlTC1pb0pjSzJyMkp4NXBPX1IxY1ZTWkZRa05pUklVTXNkbjUxQy1ibE9vV3pDczBZRGgxWlZZTUh1b2hYa1p3amZ4bi0wUnFzS0ZqclFjNmVNYXJJRUg2ZlRqSU94UGlKUTA0blhvRHVINFdaem1Tc0I1cjRFYXFVZkJJcDdUdDYyai1vQlFLeVBrRTRVLXhRMS1ZQnN6d18tOUF5dGZuVVhZcDd4aFFMX0JkSlN6TFQ3QjUyUW1PRTgyVzdJQWktSVRsM1RwSmZVRENTRHJJdTVDRFNJcTVmZjRrNmZtQlhMQ2NvTExyWnZ4azM5R0hvZGt5TEcyUGhnbG91aXZrVE1yZ0kxekVnOWpKMDZ1YkFKRVpPM0ZveGlUWGVrVUQ5M1BXLVpSd2FRTWVXbEQxNDJ3Ynh4SzdVZDRlbHhDbFdPMU1qUk53bFR5R3hTRThpRWN5eHJsVmhqamRObU9VcHRrZU5BNUNuWXBrOA?oc=5,"Wed, 31 Dec 2025 08:30:00 GMT",
2026-01-02T04:42:16,Google News WSJ,Silver Posts Biggest One-Day Decline in Nearly Five Years - The Wall Street Journal,https://news.google.com/rss/articles/CBMikwNBVV95cUxNNUE3T0NVZTR4VVc4ZlEzUlBfRFBkRXcxMXg5M2JRNlctWU9nWjVCRE1VbkN2QWVOZk5JX1NGa0hZQlVSWXRfVVFLRVhmMzhudThNT3JhcUF6WG1xZlBKTUN0ckc3UUcwS1Z3aGRIb2hoY3ByOFFxMkVSTnREVFJGdVNVZHd6QVJHbXhWbEZrMWw2T3lCM3puNU9wZ0lGelI0ZGNlMl9PZ0JMb1V2bWZaUWdPYjJpUFROOFdzMnd6eF9mYU1qU21GTFQyaVdYaWZHNjQzLXhWeC1zdjVXVzllRkhGVV85YWROZkpQNHdPLW1rak5RMFV1SW9aZVVUS2dDZzkzRzNLeEZxb1JHVDJYOFh4Si03WUQ4UVk5YWl2X3ZfLVA5MVQtWUhRaHA1eDdDeGs5T3NpSlpyVnhtSzgyUnZRZEZIb3Npd2EzVVhzZ1RxWm8yTThpQ21IamdraUhsSlNIcFAxQkZKeDltNmtyajZRUVFnN3VnU09adnIyLWU0YVJ2VVBLVFV2d0JaMWRvdjR3?oc=5,"Mon, 29 Dec 2025 21:35:00 GMT",
2026-01-02T04:42:16,Google News WSJ,Watch What You Say or ‘Two Tier Keir’ Might Put You Away - The Wall Street Journal,https://news.google.com/rss/articles/CBMisANBVV95cUxQTlJUUnBucHktNXpxbGdKM3h4NXExR0JZS0E4cHVnMllCbG1yRy12UmhxMTRvU3g3ZUQySGl3clNIQk5FZXZENHlYM3lLeHM3RHFlUVNyRXBiNldxRDUyTFdyLWJNanJQS1llcDdYdmxVcWNuaVVOczdRei1wdkpENzNnd0NqWXRDM2d1QlRyODd1emhYWjNCQlZGcFNjVUQ5YkRWbTZlZS0xSFJVakFmMG1kU0pfMnZSc05obFViZTFCVlAwTWlJLUZBZmpfcjV1WGFxMGZ2el9PSW5aSXQzSTlXd0wtanhtSWV6bUM5aC1BUnRSUFdJcFJRSzZMNGZudFo0ZFVqWUpTcVg5bGZJbGpmbnhSRFc4Tmt6dDBUb1UwZlBLX1JTcHVQVWtoZzZMNzhaY1QwM3pLS2c4QWtoR3ktemRoVFF4OHdDWFBPMkVQZkdvN3F6MUwya0JkbWRWNzZIMks5ak84S0tBalh4VUUzbXpFX3Nyb0xLbjZqeTY5LUZkbjB1Z3pvd2JwSGZQZ2x4Zm9leDJtZUVTQVlnTXhGQ2ZfMkRIbDlmU1p0eWQ?oc=5,"Wed, 31 Dec 2025 14:29:00 GMT",
2026-01-02T04:42:16,Google News WSJ,Iran Protests Enter Third Straight Day as Students Join In - The Wall Street Journal,https://news.google.com/rss/articles/CBMirgNBVV95cUxQLWg4NVM4OEhuWHZYMmpEamQ3cjZ6VHpJeHExaVpFLXZNQXlLTTFFeEhMX2pTWXpyeFhKbGJsblVJSXdxVGlRLVEtNTgteHZyWW5remFTWDFzbHZ5NlE0c1lGZjRFQmtZNUNMRHpuN0xBaTlKMkZpYzliMVBpUjhrS2lta09lR2JfZm5LV0E3X2VvV2pIZUlxSDFvRVVOTXY1UF9fbklIaWhFYUxxaDlMWkR0TmJHU3BEd045akx1ZG1NUGdHbVIyRmg3RUtRTW9NajU4bU1sYmllcVlURGVacGlsMXVDekJnS200UHZuaDU4bUhfMmVaLXdxYUtMZERaTmZBb1VMeVQ0TTNKbU9xdElUdmNTaWR3Zlh3Y1YzYWE1T2FXaXhFOXBrVGNiVGwtT2lleUNXcWhDVGlKQmcxZklXamYxT1lpbU9uSWpyNU1fcFZIY2JCc1RPSTNGQlV6aVlESUhwLUVYUWR2NFgzNWFvaE1HbWZsNTY3QUtsdk1PbHNkcl9LalVKajNXM0xrWFVmTC1NVzVwdnd4QlJiR3J2VlRDV2w3Ulg0QTBB?oc=5,"Tue, 30 Dec 2025 17:06:00 GMT",
2026-01-02T04:42:16,Google News WSJ,See How a Chinese Attack on Taiwan Would Be Japan’s Problem - The Wall Street Journal,https://news.google.com/rss/articles/CBMi_wJBVV95cUxQclY0Z3ZRaFlvSTVoNjlTb3QxZGt4WEVLelpRMldKRFFUOExBLXlVR25lSTd6NTdnMUttNkQ0cERGTFg3eUhVTXZTeE9DZEthR0dXT0RkWmhBZVRyX1dIMzBVeE90NU10anNURTVod0NtRG90eWVZQk9lazFJZHZmUXlwUFk1X20tRjJuUEtzQURpYUV5b1NIT2h1MXN4TzdyRHBGdmhJdHI2VkprWXdicjJKY2Y2Y2c2N3Zpa2xKaGNLWlhqMjR0WG9rNGFBZlF6dkpZLUlIMzZpVWtwV1Z0RVBMRkJyMDRmTTVEYXVSVHJ1LTJQZG0xZlJONkFScDlGSmNYY3p6UEp4RzRrNHNiU284QnVKMnRlcEIwRjdFMjhIZ1pmX2hwVW5wbXNKWXJ0bUdOTE8xLWJfVEZLUlhTbzNxdHVOVGZpUDhYLWhHRXUtdFMweHQ1SDNOWlBRN3Q3YXdKZXdHdGFNRVM4ckJMXzlzSEI0enNCVWxVVlB4SQ?oc=5,"Mon, 29 Dec 2025 04:00:00 GMT",
2026-01-02T04:42:16,Google News WSJ,Exclusive | The Most Expensive Home in Florida’s Panhandle Sells for $41 Million - The Wall Street Journal,https://news.google.com/rss/articles/CBMiwgNBVV95cUxNeFdmWUE1MF9wOFNiUFhqaVI0MFcwb1BYT3N1RTd5RS1lbG0wajJtZko0bENFMjdwQXpnMk1lcEVsOXRZa2QwV1hUdzlteXV1WllKQmhyeGtSQjhWSjNqMlVOZElNLXhKSXFteDBXWGp4alJQZlhrZl9kTmNhMHFBeEFzN3FHSU9BeFZYaWQyTUxWZTc4aWRaam9WX01EampNMUNXRU1CTGRiWEdZV0E0eUlMTXh5RGV4TXlkNGZHLTlPek1vdnBfUFBiWGdoalUySTJvRWRfOHh2V3RXcHdKZFNyYWJGUTh3ZVZWeVlfcnBQem05Sk1mZzNfSXFacjJ0Z3dWeTZIdG9tZkx6ektfbjZUUUJiQ2JhTGd0a21Nai1rSjBPR2RGM0NXdFRPNFUwZXF2c2JtY1hHZjVtX1pyWkdVcFkyRHNRNkJUQWNHTGN5Z2NVcEVvX243ZGViSUNQbVNuTWdza1N1U0RGTFNVcTUxVWVFMHhqZHBNMXRzV1pSNG1odXczcWNXSmFycFFqZVM2dXpQbk1lOXY3dl9IZ0lZV0lWLTFxOS1RTGFTYi1YVk5uYUc2c0FqMlFNQXNrSEE?oc=5,"Mon, 29 Dec 2025 20:47:00 GMT",
2026-01-02T04:42:16,Google News WSJ,SoftBank to Buy Data Center Investment Firm DigitalBridge for $4 Billion - The Wall Street Journal,https://news.google.com/rss/articles/CBMisANBVV95cUxNOHd2cXkxazFUdXVGSWVrdFFkSDA0cHhGdjlLMVZTWVh0UWdlYXFrMFlYWmxmUV9lLUhPenRpalVwdkdXWS0wODJSTFROYjVqVVBteFVxZ1J1cVFwancwS2VGTWtfaHlYaWliX3R4X29MWjZBWC1fV19yRzVFeXBPdjB0emJSbXBnM1Zja3didHhFM0VYa0FsRk5wQWVrcGFmRGlpOHVTQVdCdXRUWTRfOGRjMG13Z2diTXRmNDJXbkxHVUJQTnREc2lRdE1yWWs3Rmtqc1FqWDBWdERWNi1GZmpyT0ZjRUF1OGktWEFDbnNoMEN5TE16WTR2MGctTXdaSy10Z1dORmtSSkFoWFc2a1BIeE1xZE9wV2xKMGN0dnB2dmRJRUJieFJXaVZYLU1QdjFFX2I4RWV0SWxvQ25WSFg4N1lPWkgxTjFWNlJTWHJBUERxWm5nc0N6RUFfTEtzZlJNZG93UHFBTTEzWTZxVWJtczBWZ01BMFNBa0liZ2pLa3NpRVY4eEFSOGpyY3N0QXNDWENxVHVucTdiX1E5elI5dEI4Z3c1eDZrbUJoang?oc=5,"Mon, 29 Dec 2025 14:41:00 GMT",
2026-01-02T04:42:16,Google News WSJ,The Stealth Tactic Bosses Are Using to Get You Back to the Office - The Wall Street Journal,https://news.google.com/rss/articles/CBMikANBVV95cUxNNHo4QU05N2V4Nk42NnE5RkVGQ0FfbXJBWVdTREczeG5ia1hNMGI0WkdLdDQtUWtTcXVQZE9DRGU5aUNIUFVuZHRxTXJhZVRrS0xRQnRjeUJTVlNPczNZbnZNN0c5WV9GaWQzNGtpZG1HQWphZXBFWURFZWZzbUhDbTlGNXRoWWlxY3lNd2dXMWxIMkdta082d0dwaS0wS2RTbHZXSDM0V1VKTVMzQTl1MnhIVE84bXV3YTV5eHhCOXJDQmthckFvRDhTdXpOdG1ZZFBDeWEzSjkzRkpLaklsdW1yVmROdUJDdzdad1VkWWNhaElmWC1lbkhfV2JuUTNORmhvZjFVaU9KNVhXTUlnVHZwLUwzMERmdGg4cldOQjByalJyRUpiQ1Vab1BWTjd2WVFaR0JfcWk5NkpoWWtPelVra2FoRGZlVWhwbFF6RHF4dFNZZGNCSkJZOHkxdUFnVDZQSjkyeEdWOWsxdm0zdlozNFV3M212cEVIbmhjVy1zZU5pa3NqR2R1VmlHWElU?oc=5,"Tue, 30 Dec 2025 10:30:00 GMT",
2026-01-02T04:42:16,Google News WSJ,A Surprising Treatment for Chronic Lower Back Pain: Cannabis - The Wall Street Journal,https://news.google.com/rss/articles/CBMiiwNBVV95cUxNYkVUN0JuOHRHeW8yR2hvTkNkMENmUEUxRTRoaWNJYS1qbGNyZzFOYy1yREZhNXNodC1Wa2ZKbC1GMVlvWEcyQkpNWFpGR1NfUW9pUHkwUERfRWtLci1hT2VvbTdlNnk4YjZ2YnRvWkJldEVMZmF0TUhpVVpzOGl4dTFxRUdOVE9Ua0hnajd6ZG5RZndGRENLSXU4cEpGZk5ZX0kwWmNac25oaEFCamxTcjl5YXRsZm52WHdjZWdyODBCQTlHMG03djhCMVZIXzdmeHVPbE1PRHhpZ3FwczNBQTNNbVBRNXB0TzVfb1RQbGJVdXpRUUE5TVhBSllUQWF2SG5CTlVXNk53WmFuX1o4Y1Fvd0wwMXhWS0JNaXZuUzZtamRSVTZaNm9XazM2ZU1ZOS1kRXgweWwzakhjRzFzaVNGRXlfR2ZOd2hhVWZOZlVWdDlIQk9nT09neURRajVPZExteTlrUVU3VElFOVpsUGtnTENpeXVFLVA1c0ptN2RZamQ0cng3UEdPcw?oc=5,"Mon, 29 Dec 2025 00:00:00 GMT",
2026-01-02T04:42:16,Google News WSJ,Why a $500 Steak Dinner Only Yields a $25 Profit - The Wall Street Journal,https://news.google.com/rss/articles/CBMiogNBVV95cUxQVXZ0ckw2d3FfRDFPWmJsTThVTnJ2RWlxZGgtZVBHcmx5Wk5oa2trRV9GUWlzam85WUNXQ0hnbDRCNGtzYW5xRFNaWDUtMEdlajk4aXNnbXZxZzdzVUN2V0pHcDBBT3pISktZdlozejJ6TmZNdm5GOWcxMWhROE9QMHVFWEgwSXVyYW1YWGZES3pFdHVFRWVMU0w0OUtaRmZvMFpSOVgwZ0JTemFDVnRXSjl2R0pSM1ZxMlZmSGVVZlFaQmRhTkZ1YndpVjJ3dGQxeFJWY3JVQ2FUZmRYWXA5Qmt5c0RWZ3lSSEV5QWZkRUprVl92d1lIS0xRalVZUm1RMndyREZRRnhNQlBVWGNqcFk2QUF0NDJKVWlSZThxWjNwQldXMlNHRG5HcTZta3ppbjNHSEgxbHI2d1VIY3ZwRmNDNjFIRWpfS0FBMWIwb2JkTTR2Y2hQRDdHekphb3J5R2lRLXMtSHBySTVzZVVGQWFHaWFQbmxNTlJEZHJxSndERk13OHUtNzhqWmp1R0xNdE8wNWd5b2V4ZXVkcENFaEtn?oc=5,"Sun, 28 Dec 2025 23:00:00 GMT",
2026-01-02T04:42:16,Google News WSJ,"Silver Prices Suffer Biggest One-Day Fall Since 2021, Gold Also Drops - The Wall Street Journal",https://news.google.com/rss/articles/CBMipwNBVV95cUxPRC0zaG5UZU9uY29UcUpUd2I2SWJJelhkckJQVnRXMFVUT2tMTXNmN3VTcXJNTU5yT2ZET0JJQmVvSk1rWFVwSzdBR29ic09qTXJiOXRjZFZCQi12aW81Z19RS3BjbHczZVJ0YkRRc2I1QzNjdzNBNVhWbXdGTVpGdUIyN2RPYlI4NTF4NE9lblJYSlRfWk9vcjFaX2hEVUZWMC1EbW01Q0FaYllmN0RxQzh6VlV3cjRzU1NYZVM0N0RfWkJqMXBuTzJlOGFRWlZub3NPZDJGeU1EMUpMVVA1TEZzQW5Zd1lrN3Bka0tLcDlTaUhzXzdjOEJDSURxeEtPWVV0cDBRSDlqbGdPbktPaWd0RWJDTDVwX3Y3Z3h3VFM1MnhRWGtyMnhYUTNDaHJXb3VOcFBaUTRWSEdYRWhydjNJcFR0UkJzQ1VXdHJod1paSFAxY2ptMTRPNnpfYU5CVzdnT3czamVaV0tDSHJfUUxUeEhNZXJmazljNDdYR3c5RTZqWE51ZDU2THBWR05LVFlUTzR1MGpWRnFFa2t1X19BVU9Fdm8?oc=5,"Mon, 29 Dec 2025 19:00:00 GMT",
2026-01-02T04:42:16,Google News WSJ,Trump’s Latest Venezuela Tactic: Revealing a Secret Strike to World - The Wall Street Journal,https://news.google.com/rss/articles/CBMiwwNBVV95cUxNTEFMd2x0YmVZbzF3TWhRZGNicWJoOFJDMkFXeC1weGtGQ0d1ZGduV0t0ZmVZUG01OXJWZlZfUDVHTmpTVWxzZWwxc2UtNWloeWdGbks5TGF1S3B3Rm0zWnUtTlR5Y3lKN25XQ01qOTNrV3V6Sk1xRTJtMzc2R0F4Wjlja2RJM0FqbE9fbUhtcnFRc3NXWmdxU1FGTzM2ZDl4YTBhTGZQbUsyQ1N2eHV4bnlqc3Vpai04SmZrZTI5ME5YYWlIODZ0SV8tNFV3ZWRjYTBLejA0WGxlMEdwQ0UxSEthbzFhc2V3aWdCYkd5UkFtVnowd2dyUGYwV3VsT0dVYXBzdmE3TnN6YXZacVRPbDhaTWlZTVpDRXBQdG0tQy1faHpSSXI4Q0F4SzhuckpMVHpYb2ZYMmdVZURNbHN6VUNQYzB5YmlzRGphQVRXTnc2eTlQV3VjemhqWFEzbWxZeTZBVVZqdjhnLU5vRy1YekZDSW94dDNONVRKbE5mNXR4a0twbGs5Ql9rX204d1U2T3JFU2J1WUtWMkRjR2dZUWUwdkYzLUw1dE1nOGxsYWtIZS05bHBrSE9kZG5wdzNDY0FJ?oc=5,"Tue, 30 Dec 2025 22:59:00 GMT",
2026-01-02T04:42:16,Google News WSJ,Opinion | ObamaCare Is a Money Pit for Taxpayers - The Wall Street Journal,https://news.google.com/rss/articles/CBMihgNBVV95cUxOcWY2Y1J1cDlWY2I3MnliODJWVUUxdF9HTUljamhtNWlBNmF6RmRhdW9DSnZwbWVVM3FiMFc4Smpxa3ZEZ2hBeGNMWnpvMlY3UVBLU1lGNmViMzVsYWlJVmFDN3FQQmJxTmNEOHJWSWFjOG9iZTdUNHNKOTVtbHA2dHZySmg2UEpXTWJ0YWEtbE1EYXJMT2dndWJoRE0wZlVmTWhPdUtsTExTMHhYVDRqVXNDWllneUZLNzRLTW1ZZXFaczRYRFAzZnAzN0ljOFdpMkl0R0hyS1pmMWUwQnZrLUlmd0swN3pYTV9UbWdwaWZ4amJTY0FIYWJDMkpHem9oVVpMTnhUZEZOY1l1ZVVDT2pwempzMVA0TGtNWFhaUlo0Z2RpVURBTThEOUhhSmJHdEhmUDg2YVN5V1FTeUt2ek1PNmRoaTRNQURsb1dYMld3d3poSXhiMndMWjJrbFkzbWJlbUdqV284QmxNd2NDeHJqSFhsdVNFUW9Cbmp6MTlsVjdiS0E?oc=5,"Sun, 28 Dec 2025 21:00:00 GMT",
2026-01-02T04:42:16,Google News WSJ,"Opinion | Trump’s Economic Struggle, and Clinton’s - The Wall Street Journal",https://news.google.com/rss/articles/CBMihANBVV95cUxQUnVGc0tDWUh6YlQwdVJ6SGRWcnpfdXpCVE9fQ1FadFZWbkY3Wk9qakphZlNabHlFNGJ4VDJESWJTSWFPc2d4S2tEUWQtaGJFcjNuSDZfTl9VOEJkTEw2SjRHbXp3TlJoLTJsQTFTdmtYWmhuQnRLNDNrNE1NNUd5TmlPa0FCRFpGelRuby1zQTAtazFzWW9rNk1zNTdHUDRPUmh6R1N4Tnp6N3NYX2pYMUhyS2J5WHluNDNkR2d5dTZkVWg2cVktbG5mOWw1MmkwZkZiN0RKUGxjMXBteFhDUFZrUlJRckpyb2NkcFUtRzRsRi1iUzBJSHAyUWNDTElsNE1halI2T3ZzZ2hvVUlBdFdUOHpOclozbVlFa1o3UGNZdlpybzIyWE1XeGo4by11OTQ1azkxT2Z3Z0NZeU9UUGxsWFcxRExHQ2JXQWQ0V0psT09HQzV3a2Jid2poQzZvNHd6YUtyNjZHRklESGpqazNNLVZISnZlY3dOYXZLaXRPYlZJ?oc=5,"Mon, 29 Dec 2025 16:56:00 GMT",
2026-01-02T04:42:16,Google News WSJ,Opinion | House Republicans Had a Great Year - The Wall Street Journal,https://news.google.com/rss/articles/CBMigANBVV95cUxPa2xfaS0weThidnJvYVhjaE9QWmFnVlNGSjR1NmpyTjg3UEMxaWlPNWp3MlBpUGg2VmlibWNRYzQ2OUR0NUtEMkEyYzZqazhXY1pQRjNhZHhoOFo0eVo0NFB6ajNvX3NPVmNkcnd5NmQyald3cmFkNXJXMXMtREtOSElnMENSY1hHWnpycEd4UTNyQjV5LWkzSnFWV2Q3cnl5VWtwVDNLb2xNYUVDY2l1S2NXQnQ2cWJMclgxQmpzNGpZdjFBWXRrakxzUnhoc0FnRUZWTXdZMV9zREpYWjgycHRlQ2c3N1JHMVRfTTM3RUR0dURXX3ZKRm9pUWUwWjhYaEc2YU9ROGVXMS1NVzZWcXFodk1KdHNfUDBJOENtaXA1Vm1JUUZrNGNTeFUycVFrN2MwamZGMzVZVS12UXEtWGpGdGs3blNnTlhTc0J2UzVPR0FZLWlPN1RzOWhHRkdONlkwR2Z3VmxUdzA0MjdIaGdJS3NacjdscmNfREZqRzI?oc=5,"Sun, 28 Dec 2025 17:08:00 GMT",
2026-01-02T04:42:16,Google News WSJ,"Rahsaan Roland Kirk’s One-Man Horn Section, Recorded Live - The Wall Street Journal",https://news.google.com/rss/articles/CBMiqwNBVV95cUxQMHI5WXZ0VnM0VmYtX1IzRVhGalVYX3FLc0hTY3A3QXZ5MHlxazVvZXNUSzZmbHdRbTRhdmJGLTdWckpkejN4SjNrclhLei0wSnN1RHVoelRZVXp0S2c5NGRvaThZMUtLekMxUWpEdlVzTURUc3p3QWd5NmZQWi1DOUliZ1VoMW94MFc1YjBkbTdLbXhzN1dQODB4WEJQRUJUaHRadVl2aVMyWS1WWGlVLTRBck5nTHY4aUd1elFlQTBXVlZlaHlyM3pvbnN5N0NXQVhSVGh0N3dtdy1IaHhmeW5DbWYwM0xhRXRPQ1d6ejNHN1ZDaklveTRGNWd4ZFNhUlloZFp1amhwQkEtQkxWTUtMQW05SVdHY1c3MkVxaDIydHpHSkFSeTZnaE9yVVY0TnZLZm5VVVpZVmtIVjM0eTBXSWdQbW96QjZyU0EwR2M2dHhkVFFLQkFUOWFmQkJjM2dvOXFvRjkxcjZ2YTJPRGxFeER5emVrN0kyM19fQmc5TzRQRVdnQW1JNm9hTVBXdnlmX0lKc1Zrbkd4R3NkMkI3S2lka3V1c2l3?oc=5,"Thu, 01 Jan 2026 12:00:00 GMT",
2026-01-02T04:42:16,Google News WSJ,"Stocks to Watch Tuesday: Boeing, Meta, Applied Digital, Pop Mart - The Wall Street Journal",https://news.google.com/rss/articles/CBMi6ANBVV95cUxNSHNmVlZDaE8xeGpXOVppUVdHdlUxM2hlV2xHZ1pkQlhRb0QxU01xQUJsRzdlYncwTVNrUXRfNmpiNTEwUWtQVVNjUzBTdXpyZlJqazhRdTdmaXBXdW45LU1memd2SzJGMmFmUTlEaHFYRDFMNkc5bDZKMnNUZTJuM2FKUmpWdE83MjJYTXYzaktqNGFHN1VGVzg4X2FNX3NhWFBmaEdPNzBHcnJ5VWNITlMyN01Id21USkthREc1SGRjVEtDRUZMLVZYNFBsMEd5dTZsZHNRb2VvVkxFUUlCbmFfRTUwaEtwV1J1WlB6R3hyUmRfRHVndnlhT05Nd1NHa1JpejFNa2kzQUpSellkeFNLY0NkLUM3aEdQZENZMUNhT0pzWnZaNUNaREwxTWpZbWlSOGRhVWgwYVRIbVFFeTV3RzZHLV9WNjh5S1hyeEctelVKNFpPdVlyWW5rVElTQmFORjlTNUg0MUtxbWNRVnZVR3J6RkRrQTBYLW9TMVBtZXVHb1cwSVdkaXR6QzdDSlpPaUFZVXhCczFEdjVhNDNGbDdPdDRPSnhTUkg2SUZTVURSaVFNT1lMSjN5aFp4YVVVS3BYWEFweDkyWG03ck9oN0ZvNWt4MU5zcVJZTEhFRHBYUktXRw?oc=5,"Tue, 30 Dec 2025 08:37:00 GMT",
2026-01-02T04:42:16,Google News WSJ,Dallas Is Booming—Except for Its Downtown - The Wall Street Journal,https://news.google.com/rss/articles/CBMijwNBVV95cUxNN21yTU40QTd5Yi1aQnowSXNlRVNuVFhWY19xOFZLX21fYWRBeEVTOVZoRzZOYVNSN0wzMXBSN2xkaHdYQ2FjekhhM2VoRFE0MmZKanRjbXVkRDVPSGlLWWs5UC1Cc2t6YmduQ2hyNmRNWXI0X0t5S3UzVm5LRVRhYXJmd1Jwa2JLVWRIRmk1d011bE1tcER5b3lYOVF6QmhoQ3RlZEZocXctV0J0UjV6c3dkbUxDVjZVYmdxMnRsbHpDVE16ZUxRREZfXzNCcDBJcEo1OWJOb0lQelhGX0MyZW1HcVc1NGZUMmZtT0FVcVRjUEUyTjlkN3RaMzZsWHFuUVhzdmFyTlk5NjJLZUVkZTlzRUY3S1JEdkVvX0VRMUVDZkFPNko4c2xMQWp1aHlmbDJ2OHJIaEFzSDRBb01nbU9uWkxqeWFxVEdxdGs3dEpCSGkxUEhUaVQzU0toeXRlRW02a0N0YzJ1X09zMVZhV2RNcFo1WVFQbk8xYXc0aVdlVmluazI5bUFEM0REaEU?oc=5,"Sun, 28 Dec 2025 10:30:00 GMT",
2026-01-02T04:42:16,Google News WSJ,"Three Months, 19,687 Nautical Miles: This Lengthy Trade Route Is Peak Globalization - The Wall Street Journal",https://news.google.com/rss/articles/CBMiwANBVV95cUxPam56U2ZKU3F2bkFRUjFGb2NRUlNUZ0J1Z1RLUWpQZDhpNFhZX0hCM1V1ZjBTTUJWNDdCdkhOMmpLNjBZS0RhNS00X3pidUUzeUJVVVVtSGxxQzBBQjVNMUhhaElsQU5PTlJGOWw0MFRNTllvUkJ1dXBqRGl0NVpieVBhWHB2a0oyTTJjVzczaWY5U3B1SkFrUFlaMmtsbjFrVjNfU3ZtY0lZNXBGclh2SkNlemJoLW81T3hrNExWY2ZDZUhhQmtVel9UeXQ2QWxla0tTcXdFNVh1RTFNcDJoM1M1cTdIcy1UMW9FTHdJTzJMcFNSMzN4ckN1c2RZZlBGaDU0U2ZwSzdTNUhUUFFqQU9OVzFsaWNlR01aMUNnTmcxb3BPeXROTnhYOHNnd1plUlNUUDduNDZ5cnlMSWs0U1AxdXhXVTM2M3ZacndKTFpvaE5fZEpzYUJzVEhSb1NwT29xRXluOE1HX1R5RUFDbU5JSkxWSktEZ09oUU4tb0hySy1FNXl4X01uU2ZCekthZ0h3dkpTQmlkQ2JXbXQwdWlOU1poT1Z0aWl2T3Nyd3JXTFJ0RzhuS3BTVGwwSmNy?oc=5,"Sun, 28 Dec 2025 12:00:00 GMT",
2026-01-02T04:42:16,Google News WSJ,Trump’s Broadside at Europe Also Swipes at a U.S. Legacy - The Wall Street Journal,https://news.google.com/rss/articles/CBMiogNBVV95cUxQX1dnTnJWcURIcHJKLUdvTVBnMzd6bnNrWHNVV0JGOXlIS004ZXQ5dml6TkF6SS01SmlNWWZtSGtZbUVLVURJWFBSdmJUd1Nxd3dzdXh6cDl6NjhPU2tfV3c5VW1IQnNobUxEaHN1OEpxSWRSMDV5djhrVVdWVEhmTGYtdThtcWsza3piTENIME8tY2JjME1ZOElreTVkdnl1aW5xOVdyTlg2ZnkwZXdSMDYxNVNXYmpZdWRfTjJfemlkeS1ZZFFDTGVQa2VLaGJiakVfQlctcmMybVQyZkhRWWttU2JCczJsR25YN1JWXzhjNXk2Q2Q2QXdMMEduNUxXZVdRT2VHemwxQzdRR09YM3VyRERyS3BDRGhOaHpTQjlYZmktNWc1bE9Qd3dyZ2F5bHlYVm1mZlM1Y3Y0cWQyUURBdGl6Zlg1dktLMHlrc1FXUk1rbzBLSmVEY0RFb05wM3dZZ2twTm0wemZzTUxyclhIMlNmc184bGhpejUwTFVBS1B0ZERzVzFSMHBoWkJKd2p3VWw3bmlzeEhSVW9wb1hn?oc=5,"Sun, 28 Dec 2025 10:30:00 GMT",
2026-01-02T04:42:16,Google News WSJ,Silver and Copper Prices Rebound: In Charts - The Wall Street Journal,https://news.google.com/rss/articles/CBMi2gNBVV95cUxQVVlDR2lxUHZIVmFpRnpzOGM1cTNDYmcxTExsTzA1MnFlbk9QbzFtWDVFdTk0ZVp0Vl82MkQ0UjlJa3dEeEFMcWJwY3NkUnpXTno1SjI3WjFUb1pMN012anRFSmtvWnNENzFEbTVDTUc5REc2bHJEbHVmVWZXSm41S25iNUFKUWdUYTlSbXl5aUVib2lmRWtoMzZJb3pLRHJ3dFlPdzhjTjM3ektSS192T29aekRFMVd6YlF0U2lrLWxoQnZfWW9XQUh5Y0xDRXBLb1Fqd0hGYmYxa2wwTThodnQzZzN1Mll2eHRFNEFIejVEbFVtaVlGUEU4emFQdTA1U3hDRUN1bksycjJ5c19LTkMzbXNnTThyZnFvbWpzN2pJb2NrQ2hSNjRJbnNENVhvQU1xXzFQcmRPdVVnYm1TVWRhV0hqRXNMV3RBZldCU05XTWlWX012dmN4MElOLXRyOU1maGFLWFZkMzZNdldXNE9qN1FyM3pvYURHaFc5ZXBRaG9ZcVFJMW1sTzFwWnBHd2JqaWVjSmNuWGhMVGVWVDNqSk5CSHZpTUdFQ0YtS2c0ZXBSR3cycHNSZEZLWVRCTFIxdkd2RFBfUFg4S0xQZnFSUjNrcFV1ZFE?oc=5,"Tue, 30 Dec 2025 08:37:00 GMT",
2026-01-02T04:42:16,Google News WSJ,Print Edition | Wall Street Journal - The Wall Street Journal,https://news.google.com/rss/articles/CBMi5wJBVV95cUxQYzdTR2VLbHh1R3VyaVZDSEVGb09VckZ3cnVBTDlpc0R6RTlZTEdOOFk3NVNlSS1oN2drWEJNc2pnUnlRVmlxUmZoQ0E0TWllWVpOOFltTVNQWWdLaVpvNlNfeXR6U0FnWHlneG5YMktaSjlhMklmZGdYQlZsbFpUSk1RZThxRmdDcm5sXzdNRXhTdFkwUEs0TkVPMTItY1VpTzVTNV9uSDVDN1hnZlNhX0ZKd1pCenFBV1QyWF93cTZPNEdhbURXSGNGa1JnWHJqaTJ1RW5IX1Y2RU1aVVBGWFdsS2w5UVFSVDNMdTMyMEw5ZmJ2Qy1HeGlSQmFsdjQyZFpNY01OUHhsdnk2QlZpR1VPS2ZkbzZ2dm9TUjBQWWE3MGNqTHkyU0RLaWJEZm1PLWNVRGRlX1pyWHBEYlNHZHdTQjYwX2IyNUwweWktU1pHOUh2cWJBdUNzSW1Pb3BVeGFkQzd1UQ?oc=5,"Wed, 31 Dec 2025 05:37:30 GMT",
2026-01-02T04:42:16,Google News WSJ,"AI Chatbots Linked to Psychosis, Say Doctors - The Wall Street Journal",https://news.google.com/rss/articles/CBMi9AJBVV95cUxPUlVCb0tyNGJlYnB4X21QdW95QmVqenhSVUhwaUlkbmRjZjJ4LUE3VElsMHZIWVNac21JMWxZMDVrd3NGZmQwQjM0cDBPci0xcXY0ckdteFB4dlZuY01yVk13c3dNN2JzQ1dxRnZ0SXFTR2dlVmJpOFF5bjJIUEh6RU0wYTdyemxrOWt3XzBkSzRWUzRLblc0SEdVenhjLWlQVVhxbHhHNFVUXzNDQXhnU2w0dG9TUzFXQnZxSTJuWlBtV1lSVHhCSzRFZTRHUk9feTJPTXRrQXJIZmdvNGsxSkEzMjdzMERsRkFEdlYzdW9TWG12VEtUcmVpaHZvME9GRTNuMzRreC1rdHRWYWFkcnozSmw4b3JkNWFLLW8yZEtmNDJsdVE3Q2h1OHRIUGU5eFE4RmY4cGpmdFBPUjlpelM5RllEZ2JnQzA4XzFkU1BMOUMyTG82VW91Q3lObkRxZXNfME8wODhUa3lBU0d4RG5mcnM?oc=5,"Sun, 28 Dec 2025 03:00:00 GMT",
2026-01-02T04:42:16,Google News WSJ,Michael Burry Bets He Isn’t Too Early to Go Against the AI Juggernaut - The Wall Street Journal,https://news.google.com/rss/articles/CBMitwNBVV95cUxNNG5ocU55VW02WmhGMVI2Z3Fxalo1cFhELXdVbmJaUkpXQUFoX0xBZG9UOUphZjhSMk03MWVsc2FUTUh3M0o1SmRLNkNWZlFYRGRKZlkzTmVmb1FYanh2WXJwYVdkRXJaVzd6UjVybU1kNG1abkt0bzlONG5PRk5SV2RFRUVZNXE5bGZYRl9SMEJGRndYa3F4cFFsamQxQTI4ZlZpM3k2UklVWFU1Ml9ReGFMNmxLTjNfNXhLeGkwRURkRDJ0andZY29NanliTTgwWmh2UGkweFV4ZGNlRXh3bGNMaFQxZ08yZzF0Q09sbmdJS25sRUdBQUMwaW9LMTZ4S0VkZnN2MTNKaDNmLWd5V0NPNFpsMXFUejE5M1czQTlWSmpjN3Z0cFhoMlM3UEZJV19qYTdicjY0MExMQkRHb0pPT1h5TG5sUzB5bzB5QUYtMmNSbjlMMWNUVmJ1T0NmRk9XTWN0RVQ3M3hlVG04UzJ3MGdIdzZtZWZtZzRoUGxaV2J1U2lkT3FjUDFmbW1hWWhmUkp2YnhWc3FrbE0yeGhsRHlkWDdfT1ljVVZjTGwxS2xhQXRr?oc=5,"Sun, 28 Dec 2025 13:02:00 GMT",
2026-01-02T04:42:16,Google News WSJ,Colombia’s Cocaine Smugglers Employ a Deadly New Weapon—Drones - The Wall Street Journal,https://news.google.com/rss/articles/CBMikgNBVV95cUxPTFFXRGxBc054V3pPQzdNajZuVjdKN050VllrOXowYlBtNjBSTjFzX1lhb2Z5MjJfZGVjRmV6Ylc1cU92cnVIMkw4bzg1eVJGU2JYV0lGOG5JSlBZRlZ5clhsWl90TU12OVhOa29GZVpqd2dLYjVMV0FLTnJBbU83SUZ3eWlqSm5RWHVuc1lqcjRPSHM2dm1MckRRYkNreHdQLU9rdkdsMGFNODg4cEZkVTcxdU5pV0t3N2JEWGtCYmxySEx2cWNIWDFiMlVqcXlyNm1VRVI1ZXhzUk9PZVp6LTc1UVctd3BNZGpjZHI0VUl2c2lKYXE1TmRuSTE3aFdLN3c3Y2FEWlBEQnpGVkVVRnZqRVB3dmF4LW5aaUtZZDVQR3JfVTBkWUdxenE2Y2c1MmxrYkxXUElUSEdlWGZYY1pOS2JmTXJDLVc1Qnl4YU03M1JPRUxYOHpKQ1RPS1o0MXQzNTJmN25UbWhzNVpYZXpjVjllTF9lVDBicElEZ2pIRE9oVTNSOUtCYnJQb0lFRFE?oc=5,"Tue, 30 Dec 2025 20:40:00 GMT",
2026-01-02T04:42:16,Google News WSJ,I Tried Answering a Big Unknown in Retirement Planning: How Long Will I Live? - The Wall Street Journal,https://news.google.com/rss/articles/CBMi0gNBVV95cUxPMXl0b1hfZ3h0azZjVGdmRU8yMy1DQW9DMEJiVmxwdGJILUxrYmU2OEJ0R0wydG85bDdGSFZ0SFBLVWMzbnpSa09RT2tSRUVlbXdqbVNaYlYzVzl6VzJpOU1EZlBzUnJ3WnRfeE11My16cHpLb2JaMThjc2N1ZlpFWWlJY1pNNzZ4MVJJMXNYa0JXNUEyRTluUkxyTWJaSWYyamx6SlFGRHRURVVlQXJFc3BZYUo4eElYQnRrckRSUC1UMlpCY2ZPaDRFNDIxUnFIZ2JzcUExMVQ0R0NIU1BxY3QwOWdRc19BZWtCVTg3NTk0WVFJeGYyazNOU1gxa29xQ05TSG9SNGRKMG85TzRvSXlSRFhsQ2Vid1dkRWF4TVJrRzYxSEpQNmNJUjFLUG0tcW1VWWRNVVNOM2k5MEhYU2IxYXhlTEFQcklrZHBpa0VEb0NkU3lUdmx0R0c3MjNGd2pIQVh0R3lHbGEtQmg1NEVLc3ZQWERuQ0REbkUzQl92d243WHdtdnloNUxfTW1UYVZnU0JXT01SNkJCMk1zWEc2Z1hZdVBmZlJjMEdDN29EXzh3cDItTzM5VzdVSUs5UGFKLWVaSnMtSDh6RWVrXzNR?oc=5,"Sun, 28 Dec 2025 02:00:00 GMT",
2026-01-02T04:42:16,Google News WSJ,Companies Are Outlining Plans for 2026. Hiring Isn’t One of Them. - The Wall Street Journal,https://news.google.com/rss/articles/CBMi_wJBVV95cUxNQzEzZDNwbjd5ektYQWVNVHJMNDk1ZjVBM0t4OE1oRElvUzJWaWkxQ01FbWgzRHBCVFBWdHlqMk5vRHNJMXd4TjhzNnZfX0YybzJUUlBYU3RycXNZanNPZU1DVEdnZ3ZZSHA4ektCM2Nab2NyTzZReFJXZS1TMHB1SWRqaURsU2ROZ1o1SHRMV05iT1ZWZDFhbFlyT1AyV3Z4VmxINVAycl8ybXpCd1MzYXR2S2JWLWlVaXo4bWdNTWRtbG5jRFVOZndNWWxKQlFmcGhhUmlqOTV1QzRrRGhLMERMLUFUR0RzOTg3OG5qU2tqdGktcVdOYkNlMEN0Rm9IRHd1SG94dmpMVE4xR1AycC03Y2p1VEd4SUJPQXcyel9JWjNRODdRcDRzc1FEZm5LTjh4RTBZQU1ZeWNJNjlxYVlxLXNhSk9xcGlEV1hOOU1ZbnlIODYyN1JFcl9JdnlKNExhWlNNLVJOTEduVy1qRUF5YW02bE9Eb2hpTXNkYw?oc=5,"Sun, 28 Dec 2025 02:00:00 GMT",
2026-01-02T04:42:16,Google News WSJ,How Trump Became the Unlikely Champion of Easing Marijuana Restrictions - The Wall Street Journal,https://news.google.com/rss/articles/CBMivANBVV95cUxOUGNUeE1PTXV4VjBsV0pmTDRENm5rd3NhenZ4WnJIU2pXWDBWLTJ4UzR1YlFWNXRfblkxM0g1TjdncEpqWWljYWFzSFlfbEo5dHdCd2V0bW05dGZpdWRWRGtaSmJSdGlYUzBTaFFzcUxueXNrM3lNaVE4ZW9HZ0F5aHJyUFdKZHNfQVFIMFZ1NDQ0czZhSWFFMEJwR2ZDNE1CTFpfZkpDb1dfSzhFUElySXVEWGFVN2ZaREc1S05wMVpYMG1UWWZjYkRPYURiSmViNFZWSm5nWmc1TU1wRnlkSmdFNS1ya2tGbzdOM3piLUdWRUdpTkhfUFBraDlLT251T2JhV3pmUWhXZFVyRUdtdWVtWFMybW9MbTZfZ0ZSLUxxZkw5NTUzT1o4NDFwNWdvUTdnOXd1U25neVRVbVFJeGMtcExIb0I4QjVpVHNzLVNCcEhDWGM0d1RZclpEMmhFZjM0eWduUlZBaUc2RmotcFp5VlBBUnZITUR3dHB0eVg3QkREXzFpZDVvajhXX0U3ZHFxRVVrMndvNTFEM1R5eE82YUExcWJVQmpNdTJ4WVg2WktSTE91WDNNUm8?oc=5,"Sun, 28 Dec 2025 00:00:00 GMT",
2026-01-02T04:42:16,Google News WSJ,Metals Selloff Hits Mining Stocks - The Wall Street Journal,https://news.google.com/rss/articles/CBMi3ANBVV95cUxQbTVaV2lxcDBmd3huWklLQlQwUEZQZ2RkdTY5VktNUTdXTGZrWjVNTXN2bnlMNnpSdS1qMUpPSS1oZjItUkZXbjN3MGxFWkQxUGJvSDFyRXo5N2k5MWVCVFkydVFsVlpfOTktTm43RTI5bWtwY04zXzUwcjN5QnZwWldNNmsyeVNrbWdvaVZLZ0FtSHRselhsbjU2V0k0U2dvcEtxaF9MZ1FMYnFjbW5LZ3ZQWnR5bTBWVmFaV0hmQ1phNnlheE1ubFNZRG9fYW9ZVHhUQS1DaW1MNjBZZkZ1U3ZNYU9mOU44NlJTd0Zkb3k2SFFIbjE2Y09OdG1Nak5NX0VVcWpINjN4ajE4RUw4anBPa2RyZ2V1clp5NXhud21SdHkzcERBTHhua20xVFV3YzdaNXg5STUtdlFBN2J3LUhFR0hVRE5wTl9obDBzQTFpSXkyOTQ2N3lSMGp3X285bXQ4WkowOHNDT2dTM19vdXpySlR1Vnl2aWI1TDVoVVZlWThiaUFWNThPWEEwU1pyRUF1WENEbWt1YUZhYktZNlQ5QVRDd0lTNmQxOEhjY1FjMW8yZnJZX2FUSHl1cDJXTENHdVBNVUplNHFwNHdMRnBQYU1JS3hDbVRjUA?oc=5,"Tue, 30 Dec 2025 04:02:00 GMT",
2026-01-02T04:42:16,Google News WSJ,Exclusive | Justice Department Using Fraud Law to Target Companies on DEI - The Wall Street Journal,https://news.google.com/rss/articles/CBMiiwNBVV95cUxOMkp5b2pWT3IwMUJzU0V6ZkNxNVhXd21PRG9yV3BUaUpuSlN5N2JxaFpwOWd6YW80a1B2UFhIQVRrdG1pelJXQy0taDhLNm8tQ2RhcjV1d1lUT2hnVjRobnRNbGJvVm9TQmdlak9PTjBaSW56UHF6U3pvU2xzZ0U0dzZ2V0pBZm9EQ1lDc0tTRVVDXzhYX0cyN2pDX25mS2dlYm41QjVkY2otdGFsdTVQYnFjWkt4MXBlZk8zcmN2SFlBcGNlVHhLM1ZQdlZRRGx4Y2RRYWttcm9hcUdvQXQyN2JuTVpNcU50dUFSSXhHcUNiX1kyeHF0ZDRfSElxT25kTFJ6dUlCekFxdmsyWHhfZzdCcjF3Q0Y1VERXWUdDREREZ2wyMEVROHU5UXdJbEFYX1RHT0NMbXpqQmNtc1RuRndFb0YtLXQzSGhlSldtOGhaRlRycTFkVUdLTmdlcC16RlM3OWdnZkxtRkw1TjZhbGs1NmRyc2wwTzJBcEJMeE41eDFNMXlaRlJnQQ?oc=5,"Mon, 29 Dec 2025 02:00:00 GMT",
2026-01-02T04:42:16,Google News WSJ,Bankers Are Gearing Up for Another Onslaught of Monster Deals in 2026 - The Wall Street Journal,https://news.google.com/rss/articles/CBMiuANBVV95cUxNSnlCSDlKNF9fd0c0MV9IbFdSUDlpMUNfYjg3YmpTXzJubU1GSTJqdWxqZlV1ak80Rm1adVVETi1DNEZPUTZrVHFnY0dWQ2tVZlhMWk9IeG80ZWZyWW5QUkdsLXd4eFQ2dHVrX0s1LWlxN25VS0lxcHFtTFBUbnFsblRtZXlFWHFWSW52OUNjTkdadmd2SjRETGlQbWZfZmxiaXRlcERSRDZDOThjVzNpRUN5S1RzcTdPNU1SSUNlZW1BQ1EzWGdaeGV6MTZha0ZMTjlIbk9sRk9KOVBfUldFUXBZTnE2SzA4SjRNTEdyQThrcDc1dDhpSi1CZUk1cldxaTdlcnpBeW0ydTkxRFJCb2RWU3AxNG15Q0ZMZ2xrQU1wUzdCbmRfeVhyb1U2bUtFVzFtakRHZ3BlcndmZGVRbXNlZ0pfS3ZWNk5YeFhHRHowYWVxYllLeHBIYkVlUjZmNkVxak1pc3hjcjdsdnl3SERBUk9sLUJRT0FTUW9uTGJHY092U3lmdVFaRnNSMENtQnc4Umd5QW9Fd2JoeXRTOFhjWk9yVkQtbnNpQTRQT3FleWN6bDVIRw?oc=5,"Wed, 31 Dec 2025 01:30:00 GMT",
2026-01-02T04:42:16,Google News WSJ,"Opinion | In Ukraine, Give War a Chance - The Wall Street Journal",https://news.google.com/rss/articles/CBMi-AJBVV95cUxOTE1WZzJCeUE1SDJIUEtTSU8zSmMtemNCQXhBenFOZFZxZU5EZmppTmI4NXgweXA0ZmU0cnZjN2J2NEVqbno5TlB0UzBjeVBlNVhha28zWE92UGtSVHhtdk9LaUN3bnBWbThJaGxlRDJsaTNWcE1kNVRjcXBQaGpETGV1b1FJcW5aS3N3ckJhLXVhNkFobjRtSDNfSU9JMEQ5Nks1RjJLTmlTNnZHZW5UTERzLVMyUkltSzgxU0lTNUZZemQ2VjI5Y29YUWVmZmpVRkRRRk0xdUVOY2ItMGNhNFBNejN0T243aExGQkJkc251Qi1vbGlyLTJvdHJleWlCZXNDLW5EMTNmSUFDeC16N1pyTldhQ2JGMm55NmFvTTlaQjVDT0ZOb1p1aFdiQlJLZy1lRTZBcG5DbmJmcW1IS1p5RFJ2dy01bmozeHRQS1ZoSERscXJaTVRMWVBxMUpVQkwzUXJndU03cFlXSkwtcEpCS21Pc1JL?oc=5,"Thu, 01 Jan 2026 00:31:00 GMT",
2026-01-02T04:42:16,Google News WSJ,"Stocks to Watch Monday Recap: Lululemon, Newmont, DigitalBridge - The Wall Street Journal",https://news.google.com/rss/articles/CBMihARBVV95cUxQSlAtY2hJOVhrMEVZQ0ZTeGF5Nm53WElHT2F4dEdhSHZwaVJKRkR5bUh4Uzg0TTFya0M3OTJIdkNKMmFvOHVnVWlJQXNUNTA0eVdTQzlrenVabFJDQnJBVWtjQV9qWkpoNVJ2YkZtaUYyeEFaUlMwS19yalNKQXI0dWk0dk0zU0d3M3R1WmNPY0Y3TkVQSmg2U3R4bHo2TFdwS0E4cVVWdHM2TU5JY29NUjFWdC0wc3JKeXFOcTR5X3pFMS1GS2NzRzVxX1JsbE1nSkF2d04yeEExRkJTWDRCS3liX2pibWxac0h0OVZGd2dhS1Q2ZHRyYjlnYXgtYUFiamJFSjBxWW5LdXdKdlczR2FId0ExendyRVVXdk1ONU83SFF4WENDZzhPOE9hYmtZQ0dRZ2xVYW85VGRmMEVkSFlJWmJUS1lfaVg4c0FaVHNfc190YmdYWTBVMUQxNTRiVzZGeWZINWpfMEp4VGRMQ1ZpX3RRb1M4TVhMemJHeGp5MWY1NUplb1lMLVRqS3JhZFRDdGdKeGxwVFh2ekd4M1NQWVFiSldYV3lEMDlabW5hYV9zanVPQUR1THU0REFEN1lmekoweV81eWF6bEhuM2t4dXdESzZkUUVvM1BqTzZ0dF9OYndvcm01ZGhDRjNrYzdCc0pDdERYd3NhUmNyTVJvQUc?oc=5,"Tue, 30 Dec 2025 04:02:00 GMT",
2026-01-02T04:42:16,Google News WSJ,Trump Wants a Weaker Dollar. Some Chinese Say He Has a Point. - The Wall Street Journal,https://news.google.com/rss/articles/CBMisANBVV95cUxPTVZEZlFEV2RHdEJiLTRaalNkR2I2NTBiMDZiWmw5dXlMU3JDdzBYaXphd2t4cHhraWVGbDNBYTRIOVFFUW1TZU9sUnNZamp3YXB1cmN3V3RXT1JoMTVtMXJLdDNicTJfdmxxQmVDekdaMDE3OUhyV1dmT3VaT096UEhPVTRLSGhnSVZhWU9VSU91WGp5SzM2NEhEcXM3LVowZWxPS2pHSWp3OXdSQVJqa3c1ZHBjZUNmQnRIaElKUE81NFhPM3NsVnhWbzAtSDB0UV9JTFU1WE9iU205WmllbzdwU0pRRGR4M3ZjaEJ2YUtwVXFMeGQ0YzJzRDlTQWFfOWVzX2J5NG5sazlIRFlsam5KVFlfcXFoNzU4UXg5Nm1TYU9XczRuNXBfY3Z5N2Q1MmJhMFVXR2VvSm9MTTNaS0lpQWlvWXlMN1VHeGtra3VKRDItc1lBeGQ2V3FaWDFhTTJ2SC1RTTQxVm14Ui03aEFXd2M5S3prZFRQVzZRYk91bDZXU2RZbVNuRklRTm1HUEJsZ18ydkN0MjM0UHcyem4ybGNBWjB1dXNpSTZWckM?oc=5,"Sun, 28 Dec 2025 03:00:00 GMT",
2026-01-02T04:42:16,Google News WSJ,Europe Tried to Slam the Door on Russian Energy. It Didn’t Account for Turkey. - The Wall Street Journal,https://news.google.com/rss/articles/CBMitANBVV95cUxPcHNzeV9PeGNCZHBLODVCdWJjZnBIazlsa1BUUEhQelFReUxNMTJoMEFucnZzTDdUS0ZoVS1mcGxKUVZoUWdFR0VQYWt5N1hINlQwVTlOQzl1TEFnN0NwMVJ6NEdIY1BJeVVwX1JuZUQ3WlFzbm5TWFJWWHVvSGtCY2R0MUQ0SC1COEp6Y1g3ak9PQnJva1pvZlBoRG9QT3B0TjZrVjFaeDR0UEl6b010anBxYmxhX1puclBKZWdYSVZLeEpocVdLbDNtMjItUU44cXNHNTZSQjZkM2k0Y1otLUNLNWFvRlY4dW5jRXQ5Ul9ZNU1ndHJKSzM2TlFPRVBjU0V5REtYXzBSUXBHQ3Fsb2VDS0hBSUJEbDRucS05X29YMDMteGVKUHg0Zm5YZ2w0ako3T3pONEZFdTZVd3dldDIzaldkbWJPbnZTWks5T1AxUnliZnFSZ3JvaVFnb2JQczg4ZElSMHRkeDhXMEFSVHA4MXpuMUdvOHRYNm9lZFZtS19RVF9QN0hCZzY2YlhCd3ZZN3V2Z3pLQnVkLWpSQVdwOFhuTXFUVkZTaW1iYU9wSDVC?oc=5,"Sat, 27 Dec 2025 15:00:00 GMT",
2026-01-02T04:42:16,Google News WSJ,Classroom Phone Bans Work. So Why Don’t All Schools Do It? - The Wall Street Journal,https://news.google.com/rss/articles/CBMihgNBVV95cUxPTHhrZFU5c2VaMUFxbF9ZUE1Yalk3MEV2ZzdSZnNYRllqS3hzcC14LUVraTB4eXQwX2dKc3BPaG84UHpOT010VWdUb2tBX2JMYy1wcWZxUEZnQnBudUNjRWwtY0dlZDhybUp6OTJSRVVWU2hNdHlrVXVzNDdLaVZWR1VGWkMyeFN6SGt0ZlNuVFkzQ0JKdTdRNzU3dmlRVXJwQzRUamVTQl8yZFZrUW5nUGZNT0FhWnRyMFRjSVVaOG55LUdhSkZXSTR6UlYyNm1QbkdyMTd6RTBHZ1RQajNVOE1pZzk4MGFpbzNOUjZSLUZOX3lPMWZsTnMwVXJBZHR2WWJiN3c5QUtOMEdWLWtkTTBqZk9LbXdoY0U5X0hjT1dpdXZOUnZPdWcxNkQzc2thQkZmUmN3RzFUdjJhTEczTjdNam9leDBudzB3akhiMnkwbk1PMGVyWl9LUnFKMFd6TEdCXzJFb3JKc1MtR0JRR1pRMDZWaEhlTWw4Rl81TGNlcUVmc0E?oc=5,"Sat, 27 Dec 2025 12:00:00 GMT",
2026-01-02T04:42:16,Google News WSJ,U.S. Stocks Defy ‘Sell America’ Warnings and Are Ending 2025 Near Record Highs - The Wall Street Journal,https://news.google.com/rss/articles/CBMivgNBVV95cUxQUmw1SEtxalVFY2lKZ0xNZUZIMVJwMTFPZzZackNFT1owS09sb0k2LXBGbHhycmdhcWhQTzhtb3V4Qi1FMW9Wa1ZqR3N0RmowMEMwMk9kSjNTT3NkMGpuUDlNNVltbDVGQkVvSjF5SnNrTFhEMkpldU1XQkdBenpjSG1xUkRZSGd6U1lLd3czbmFLS0lIN3h6b0JOa0FQRWcxVFhLdTdvSTlhaVktcjJDWG50aWNEbmxRSkZuNzRNdUQ3eE40WEM3LVpGMmRleTR3Z2lfaEZHZEdMRDVaU3VIWWYxS3I5U2ItWHMwRFFnWU1uZTZodGNxa0owRV80Tm5Kd2ZrZWw2cTdWZHlNWU9vTkU5Ty1SX1dyV09ROTJFYl9UclVYU0dqYm9QSm9lNWp5bnN3M0Z0TlBwbnFybUJ2YjZpQjF4UGRtLWZiOXV3dmNMUG85UXFmVkdpSFVVeEVHN0FaUkpDMzFoTFduZlRRbzZjNm1rRTRoQmJnbHpnZVJNZlZkRTFVMnpZLUhEblBPSXZFUHE1UnhhUGdXU0NRRlFlS3ZQd0Rqa2NCTnRLdnZQWkh5NDMwbGVOUTFVdw?oc=5,"Tue, 30 Dec 2025 21:54:00 GMT",
2026-01-02T04:42:16,Google News FT,Dating apps turn to Asia as swipe-right fatigue takes hold in the west - Financial Times,https://news.google.com/rss/articles/CBMicEFVX3lxTE9PdUIwaVFuNmY0bHBkQ29PUDRRSXpfSXlOTkNqaHAxQjZwXzNOUFhSUnBOQk50VEloT2JqdXFJeUI3THBrTXdXeVlyVFFVMHpFMzZzT3hEOXptQmFOcWMwXy1pUFMzMkZqRzhiY0JYRWU?oc=5,"Fri, 02 Jan 2026 02:57:27 GMT",
2026-01-02T04:42:16,Google News FT,Donald Trump confirms US carried out strike on ‘dock area’ in Venezuela - Financial Times,https://news.google.com/rss/articles/CBMicEFVX3lxTE8xVHFUTEN3b3lDUFVFOFlqVlpMWXIyTUNXajNUYXBCckNrSXE3dXpYR2d4emRqZ0owTXpKRllGUk50eHFZelAxQjl1ZHZ1Q25PaE1mem9jRVp4NlFONHgzTjBNbnh4NnhaV29GaEsycHI?oc=5,"Mon, 29 Dec 2025 20:47:18 GMT",
