timestamp,source,title,link,published,content
2025-11-22T01:23:55,MarketWatch Top,"‘Our mom is fuming’: Defying our dying mother’s wishes, our dad is leaving our family’s money to his church. How do we stop him?",https://www.marketwatch.com/story/this-is-not-a-money-grab-against-our-moms-wishes-our-father-is-leaving-their-estate-to-his-church-how-do-we-stop-him-c10e9fe6?mod=mw_rss_topstories,"Fri, 21 Nov 2025 22:55:00 GMT",
2025-11-22T01:23:55,MarketWatch Top,‘He lived alone in Section 8 housing’: My late uncle’s landlord disposed of his art collection. What can we do?,https://www.marketwatch.com/story/he-lived-alone-in-section-8-housing-my-late-uncles-landlord-disposed-of-his-art-collection-what-can-we-do-a4ac6a23?mod=mw_rss_topstories,"Fri, 21 Nov 2025 22:35:00 GMT",
2025-11-22T01:23:55,MarketWatch Top,Is GLP-1 the new AI? Drugmaker Eli Lilly joins the $1 trillion market-cap club.,https://www.marketwatch.com/story/is-glp-1-the-new-ai-drugmaker-eli-lilly-briefly-joined-the-1-trillion-market-cap-club-b684cd2d?mod=mw_rss_topstories,"Fri, 21 Nov 2025 22:20:00 GMT",
2025-11-22T01:23:55,MarketWatch Top,Mamdani and Trump say they agree on cutting the cost of living — including a big utility company’s rates,https://www.marketwatch.com/story/mamdani-is-meeting-trump-at-the-white-house-the-mayor-elect-says-theyre-connected-by-this-one-big-issue-d62e7b29?mod=mw_rss_topstories,"Fri, 21 Nov 2025 21:51:00 GMT",
2025-11-22T01:23:55,MarketWatch Top,China controls this key resource AI needs — threatening stocks and the U.S. economy,https://www.marketwatch.com/story/china-controls-this-key-resource-ai-needs-threatening-stocks-and-the-u-s-economy-8f5f9f62?mod=mw_rss_topstories,"Fri, 21 Nov 2025 21:19:00 GMT",
2025-11-22T01:23:55,MarketWatch Top,Why trouble for the biggest foreign buyer of U.S. debt could ripple through America’s bond market,https://www.marketwatch.com/story/why-trouble-for-the-biggest-foreign-buyer-of-u-s-debt-could-ripple-through-americas-bond-market-d70ba933?mod=mw_rss_topstories,"Fri, 21 Nov 2025 21:09:00 GMT",
2025-11-22T01:23:55,MarketWatch Top,The first-ever 3x levered bitcoin funds are launching in Europe next week. The timing couldn’t be worse.,https://www.marketwatch.com/story/the-first-ever-3x-levered-bitcoin-funds-are-launching-in-europe-next-week-the-timing-couldnt-be-worse-7bb8ae29?mod=mw_rss_topstories,"Fri, 21 Nov 2025 20:59:00 GMT",
2025-11-22T01:23:55,MarketWatch Top,Doing your holiday shopping with a credit card? Use these 6 tips to preserve your credit score — and your sanity.,https://www.marketwatch.com/story/doing-your-holiday-shopping-with-a-credit-card-use-these-6-tips-to-preserve-your-credit-score-and-your-sanity-cb8907b8?mod=mw_rss_topstories,"Fri, 21 Nov 2025 20:09:00 GMT",
2025-11-22T01:23:55,MarketWatch Top,‘My retirement is completely in bitcoin’: Why don’t more people do what I do?,https://www.marketwatch.com/story/my-retirement-is-completely-in-bitcoin-why-dont-more-people-do-what-i-do-34665250?mod=mw_rss_topstories,"Fri, 21 Nov 2025 19:47:00 GMT",
2025-11-22T01:23:55,MarketWatch Top,"‘We almost lost $10,000’: My late father-in-law’s company claimed his life-insurance policy didn’t exist. It did.",https://www.marketwatch.com/story/we-almost-lost-10-000-my-late-father-in-laws-company-claimed-his-life-insurance-policy-didnt-exist-it-did-85d02a21?mod=mw_rss_topstories,"Fri, 21 Nov 2025 19:47:00 GMT",
2025-11-22T01:23:55,CNBC Top News,Tech stocks wrap big losing week as AI names get rocked after Nvidia earnings,https://www.cnbc.com/2025/11/21/tech-stocks-nvidia-amd-oracle-amazon-microsoft.html,"Fri, 21 Nov 2025 23:11:05 GMT",
2025-11-22T01:23:55,CNBC Top News,"Trump praises NYC Mayor-elect Mamdani after White House meeting, shrugs off being called 'fascist'",https://www.cnbc.com/2025/11/21/trump-mamdani-meeting-white-house-nyc.html,"Fri, 21 Nov 2025 22:18:45 GMT",
2025-11-22T01:23:55,CNBC Top News,Rep. Marjorie Taylor Greene says she will resign Jan. 5,https://www.cnbc.com/2025/11/21/marjorie-taylor-greene-resign-trump-epstein-mtg.html,"Sat, 22 Nov 2025 01:23:14 GMT",
2025-11-22T01:23:55,CNBC Top News,Fed won't get key inflation data before next rate decision as BLS cancels October CPI release,https://www.cnbc.com/2025/11/21/fed-wont-get-key-inflation-data-before-next-rate-decision-as-bls-cancels-october-cpi-release.html,"Fri, 21 Nov 2025 17:59:54 GMT",
2025-11-22T01:23:55,CNBC Top News,Figure AI sued by whistleblower who warned that startup's robots could 'fracture a human skull',https://www.cnbc.com/2025/11/21/figure-ai-sued.html,"Sat, 22 Nov 2025 00:14:43 GMT",
2025-11-22T01:23:55,CNBC Top News,"Amazon cut more than 1,800 engineers in record layoffs, despite saying it needs to innovate faster",https://www.cnbc.com/2025/11/21/amazon-cut-thousands-of-engineers-in-its-record-layoffs-filings-show.html,"Fri, 21 Nov 2025 18:13:16 GMT",
2025-11-22T01:23:55,CNBC Top News,Why Trump's tariff rollback won't lower grocery prices right away,https://www.cnbc.com/2025/11/21/food-inflation-price-trump-tariffs.html,"Fri, 21 Nov 2025 19:35:01 GMT",
2025-11-22T01:23:55,CNBC Top News,"Paramount, Comcast, Netflix submit bids for Warner Bros. Discovery",https://www.cnbc.com/2025/11/21/warner-bros-discovery-wbd-bids-paramount-comcast-netflix.html,"Fri, 21 Nov 2025 21:00:44 GMT",
2025-11-22T01:23:55,CNBC Top News,"Air traffic controllers, technicians with perfect attendance in shutdown to get $10,000 bonuses, FAA says",https://www.cnbc.com/2025/11/21/air-traffic-controllers-government-shutdown-bonus.html,"Fri, 21 Nov 2025 19:54:20 GMT",
2025-11-22T01:23:55,CNBC Top News,"Air cargo impact from post-crash MD-11 grounding seen as 'minimal,' analysts say",https://www.cnbc.com/2025/11/21/holiday-shipping-air-cargo-ups-crash.html,"Fri, 21 Nov 2025 20:01:21 GMT",
2025-11-22T01:23:55,CNBC Top News,"Cramer's week ahead: Earnings from Burlington, Best Buy, Kohl's and Dell",https://www.cnbc.com/2025/11/21/cramers-week-ahead-earnings-from-burlington-best-buy-kohls-and-dell.html,"Fri, 21 Nov 2025 23:37:36 GMT",
2025-11-22T01:23:55,CNBC Top News,"Robinhood shares drop 12% this week amid losses in bitcoin, AI stocks",https://www.cnbc.com/2025/11/21/robinhood-heads-for-brutal-weekly-loss-as-bitcoin-ai-stocks-are-hit-hard.html,"Fri, 21 Nov 2025 21:22:52 GMT",
2025-11-22T01:23:55,CNBC Top News,"Nvidia sales are 'off the charts,' but Google, Amazon and others now make their own custom AI chips",https://www.cnbc.com/2025/11/21/nvidia-gpus-google-tpus-aws-trainium-comparing-the-top-ai-chips.html,"Fri, 21 Nov 2025 21:42:26 GMT",
2025-11-22T01:23:55,CNBC Top News,"Google must double AI serving capacity every 6 months to meet demand, AI infrastructure boss tells employees",https://www.cnbc.com/2025/11/21/google-must-double-ai-serving-capacity-every-6-months-to-meet-demand.html,"Fri, 21 Nov 2025 17:55:06 GMT",
2025-11-22T01:23:55,CNBC Top News,House Democratic leader gets in fiery clash as he defends ACA tax credit extension plan,https://www.cnbc.com/2025/11/21/hakeem-jeffries-obamacare-tax-credit.html,"Fri, 21 Nov 2025 16:31:44 GMT",
2025-11-22T01:23:55,CNBC Top News,Here are real AI stocks to invest in and speculative ones to avoid,https://www.cnbc.com/2025/11/21/here-is-the-real-side-of-the-ai-trade-to-invest-in-and-the-speculative-side-to-avoid.html,"Fri, 21 Nov 2025 21:10:23 GMT",
2025-11-22T01:23:55,CNBC Top News,Govini founder Eric Gillespie released on $1 million bond with Pentagon probe 'ongoing',https://www.cnbc.com/2025/11/21/govini-eric-gillespie-bond-pentagon-defense.html,"Sat, 22 Nov 2025 00:40:27 GMT",
2025-11-22T01:23:55,CNBC Top News,Social Security beneficiaries will soon receive 2026 benefit notices. Here are the changes to watch for next year,https://www.cnbc.com/2025/11/21/social-security-2026-benefit-amounts-will-be-affected-by-these-changes.html,"Fri, 21 Nov 2025 18:43:19 GMT",
2025-11-22T01:23:55,CNBC Top News,The senior population is booming. Caregiving is struggling to keep up,https://www.cnbc.com/2025/11/21/senior-caregiving-labor.html,"Fri, 21 Nov 2025 14:38:21 GMT",
2025-11-22T01:23:55,CNBC Top News,"Bitcoin continues slide that's roiling markets, threatens to break below $80,000",https://www.cnbc.com/2025/11/21/bitcoin-continues-slide-thats-roiling-markets-threatens-to-break-below-80000.html,"Fri, 21 Nov 2025 16:13:53 GMT",
2025-11-22T01:23:55,CNBC Top News,"Eli Lilly hits $1 trillion market value, a first for a health-care company",https://www.cnbc.com/2025/11/21/eli-lilly-hits-1-trillion-market-value-first-for-health-care-company.html,"Fri, 21 Nov 2025 17:51:45 GMT",
2025-11-22T01:23:55,CNBC Top News,Oil prices and energy stocks fall on Trump’s new Ukraine peace plan,https://www.cnbc.com/2025/11/21/oil-prices-energy-stocks-in-focus-amid-trumps-new-ukraine-peace-plan.html,"Fri, 21 Nov 2025 20:22:06 GMT",
2025-11-22T01:23:55,CNBC Top News,Treasury yields slide after Williams suggests Fed could cut again in December,https://www.cnbc.com/2025/11/21/us-treasury-yields-edge-lower-as-fed-rate-cut-bets-fall.html,"Fri, 21 Nov 2025 21:01:58 GMT",
2025-11-22T01:23:55,CNBC Top News,How Byron Trott became the favorite banker of Warren Buffett and America's wealthiest families,https://www.cnbc.com/2025/11/21/byron-trott-warren-buffett.html,"Fri, 21 Nov 2025 19:10:01 GMT",
2025-11-22T01:23:55,CNBC Top News,Gap comparable sales surge after viral 'Milkshake' denim ad with Katseye,https://www.cnbc.com/2025/11/20/gap-q3-2025-earnings.html,"Thu, 20 Nov 2025 21:23:11 GMT",
2025-11-22T01:23:55,CNBC Top News,Trump plans huge oil drilling expansion off California and Alaska coasts,https://www.cnbc.com/2025/11/20/trump-offshore-oil-alaska-pacific-california-gulf-mexico.html,"Thu, 20 Nov 2025 21:53:21 GMT",
2025-11-22T01:23:55,CNBC Top News,Mercedes F1 boss Toto Wolff sells a piece of his ownership stake to CrowdStrike CEO George Kurtz,https://www.cnbc.com/2025/11/20/mercedes-f1-toto-wolff-ownership-crowdstrike-ceo-george-kurtz.html,"Thu, 20 Nov 2025 20:49:08 GMT",
2025-11-22T01:23:55,CNBC Top News,SoftBank sinks over 10% as Nvidia-fueled rout sweeps Asian chip shares,https://www.cnbc.com/2025/11/21/softbank-plunges-nvidia-rout-asian-chip-sk-hynix-tsmc-hon-hai-foxconn-samsung.html,"Fri, 21 Nov 2025 08:47:48 GMT",
2025-11-22T01:23:55,CNBC Top News,'Hassle' and 'humiliation': What it's like traveling with a weak passport,https://www.cnbc.com/2025/11/21/hassle-and-humiliation-what-its-like-traveling-with-a-weak-passport-.html,"Fri, 21 Nov 2025 11:34:18 GMT",
2025-11-22T01:23:55,CNBC Top News,"As holidays approach, value players Walmart and T.J. Maxx are drawing the cash-strapped and the wealthy",https://www.cnbc.com/2025/11/20/walmart-tjx-earnings-wealthy-shoppers-value.html,"Thu, 20 Nov 2025 21:34:26 GMT",
2025-11-22T01:23:55,Investing.com All News,BR Partners Q3 2025 slides: Revenue declines offset by 13.9% dividend yield,https://uk.investing.com/news/company-news/br-partners-q3-2025-slides-revenue-declines-offset-by-139-dividend-yield-93CH-4385973,2025-11-22 00:44:08,
2025-11-22T01:23:55,Investing.com All News,"Khalifa, Vicarious Surgical CTO, sells $1.8k in shares",https://uk.investing.com/news/insider-trading-news/khalifa-vicarious-surgical-cto-sells-18k-in-shares-93CH-4385971,2025-11-22 00:38:09,
2025-11-22T01:23:55,Investing.com All News,"Sachs Adam David, president at Vicarious Surgical, sells $2215 in stock",https://uk.investing.com/news/insider-trading-news/sachs-adam-david-president-at-vicarious-surgical-sells-2215-in-stock-93CH-4385970,2025-11-22 00:38:09,
2025-11-22T01:23:55,Investing.com All News,McDonald’s CFO Borden sells $5.3m in MCD stock,https://uk.investing.com/news/insider-trading-news/mcdonalds-cfo-borden-sells-53m-in-mcd-stock-93CH-4385969,2025-11-22 00:38:08,
2025-11-22T01:23:55,Investing.com All News,"Crowley buys Myomo (MYO) shares worth $3,232",https://uk.investing.com/news/insider-trading-news/crowley-buys-myomo-myo-shares-worth-3232-93CH-4385968,2025-11-22 00:30:10,
2025-11-22T01:23:55,Investing.com All News,Navitas semi CFO Glickman sells $2.6k in shares,https://uk.investing.com/news/insider-trading-news/navitas-semi-cfo-glickman-sells-26k-in-shares-93CH-4385965,2025-11-22 00:30:10,
2025-11-22T01:23:55,Investing.com All News,Earnings call transcript: Br Advisory Partners Q3 2025 earnings beat EPS expectations,https://uk.investing.com/news/transcripts/earnings-call-transcript-br-advisory-partners-q3-2025-earnings-beat-eps-expectations-93CH-4385967,2025-11-22 00:30:09,
2025-11-22T01:23:55,Investing.com All News,Form 144 INTERNATIONAL BANCSHARES CORP For: 21 November,https://uk.investing.com/news/filings/form-144-international-bancshares-corp-for-21-november-93CH-4385966,2025-11-22 00:30:09,
2025-11-22T01:23:55,Investing.com All News,Lumentum director Fletcher sells $935k in shares,https://uk.investing.com/news/insider-trading-news/lumentum-director-fletcher-sells-935k-in-shares-93CH-4385964,2025-11-22 00:24:08,
2025-11-22T01:23:55,Investing.com All News,"Lumentum holdings: President Yuen sells $212,865 in shares",https://uk.investing.com/news/insider-trading-news/lumentum-holdings-president-yuen-sells-212865-in-shares-93CH-4385963,2025-11-22 00:24:08,
2025-11-22T01:23:55,Investing.com Bond News,Fiscal Dominance Is Back—And the Bond Market Knows It,https://uk.investing.com/analysis/fiscal-dominance-is-backand-the-bond-market-knows-it-200620418,"Nov 21, 2025 13:47 GMT",
2025-11-22T01:23:55,Investing.com Bond News,Euro Rates Won’t Protect You from More AI Jitters,https://uk.investing.com/analysis/euro-rates-wont-protect-you-from-more-ai-jitters-200620404,"Nov 21, 2025 08:32 GMT",
2025-11-22T01:23:55,Investing.com Bond News,Japan’s Bond Market Flashes Red as 30-Year Yields Go Parabolic,https://uk.investing.com/analysis/japans-bond-market-flashes-red-as-30year-yields-go-parabolic-200620376,"Nov 20, 2025 13:32 GMT",
2025-11-22T01:23:55,Investing.com Bond News,Rates Outlook: Blinkers on Into Payrolls,https://uk.investing.com/analysis/rates-outlook-blinkers-on-into-payrolls-200620359,"Nov 20, 2025 04:13 GMT",
2025-11-22T01:23:55,Investing.com Bond News,Rates Outlook: An Eye on Risk Sentiment,https://uk.investing.com/analysis/rates-outlook-an-eye-on-risk-sentiment-200620318,"Nov 19, 2025 07:27 GMT",
2025-11-22T01:23:55,Investing.com Bond News,Why Politics Is the Biggest Risk to UK Gilts in November’s Budget,https://uk.investing.com/analysis/why-politics-is-the-biggest-risk-to-uk-gilts-in-novembers-budget-200620288,"Nov 18, 2025 11:42 GMT",
2025-11-22T01:23:55,Investing.com Bond News,Rates Outlook: A Frustrated Fed on Liquidity Watch,https://uk.investing.com/analysis/rates-outlook-a-frustrated-fed-on-liquidity-watch-200620277,"Nov 18, 2025 04:50 GMT",
2025-11-22T01:23:55,Investing.com Bond News,US Rates Are Bracing for Volatility,https://uk.investing.com/analysis/us-rates-are-bracing-for-volatility-200620168,"Nov 13, 2025 08:21 GMT",
2025-11-22T01:23:55,Investing.com Bond News,Rates Outlook: Increasing Confidence About Bank of England Easing,https://uk.investing.com/analysis/rates-outlook-increasing-confidence-about-bank-of-england-easing-200620133,"Nov 12, 2025 09:01 GMT",
2025-11-22T01:23:55,Investing.com Bond News,The Bond Market Is Having a Very Good Year,https://uk.investing.com/analysis/the-bond-market-is-having-a-very-good-year-200620108,"Nov 11, 2025 12:21 GMT",
2025-11-22T01:23:56,Google News Reuters,Takeaways from the Trump-Mamdani White House meeting - Reuters,https://news.google.com/rss/articles/CBMikgFBVV95cUxPQk9rMmFBTGljR05ZSGZiVklxNXN4RDA0MU5RMmwzTmcwR0NKTHE3UzdtclpaQ2VaYXFOX2FCaFhsQ19SVGQyUFdkWnF1cVc2Qk8talQ1bVV1bmJfQ2JZUnF3b0wwQVN4Tm5FZTJGdVd2N1NmQTAzRGtIQTQzNFJXb3Jvdkt6ekxVVnk4VmZYNjBGUQ?oc=5,"Fri, 21 Nov 2025 23:13:34 GMT",
2025-11-22T01:23:56,Google News Reuters,US warns airlines of potential hazards when flying over Venezuela - Reuters,https://news.google.com/rss/articles/CBMiswFBVV95cUxNV0RNTkJQM2tuTGlHV284MkV1THJSd2pCTnREbklJd0Z2WmNRYnQ0RFN4SGN4NkpPMm5sZ0xHWE8zVDVacVJVb1JrNGJ4T044TTZZVHdHZUc0X1dlaXZhMXlVZkhnREpiaUxZRWtHcFVVTjA1LXdBU0RkVUxoaFFWVTNtSVRKZXNoMXpJanZVMEs3UXhmTHp6TFp1S3RyNFZDU3ROSnJnWHFnUHVGMTllZWhGUQ?oc=5,"Sat, 22 Nov 2025 00:07:00 GMT",
2025-11-22T01:23:56,Google News Reuters,"US mulls letting Nvidia sell H200 chips to China, sources say - Reuters",https://news.google.com/rss/articles/CBMiugFBVV95cUxQVjVSby1RY2FNSHJONW5lZHV2MW12SGpzSXEyTml4NVN3b1FKTVczY0t5bWtMQ3RFbHhkX1FxRGM3YTRPOTdvQ1Fkem9YeVZxeXlicjNUTEltWm1WN2lxMXd1dUVsM05lWlNiSnpsZ1RZdkI0Z2MteDVjQjlGR3c5ZDJyNHg3YmdSZVBmME41dWpSdUJENVg4OEcxcm1MX3NjOXBoam5faWgtLV9DVmZjbEJyU2FJYXZ3N3c?oc=5,"Fri, 21 Nov 2025 23:14:28 GMT",
2025-11-22T01:23:56,Google News Reuters,"Trump and Mamdani's warm Oval Office meeting, as it happened - Reuters",https://news.google.com/rss/articles/CBMirAFBVV95cUxNZnJtNnlNak5WRHRxcE5VMXpaR2ZQOHp5Z3VHTkRtMlhnX3BvcmtRbXlOREhEMVlDVV9HazZvbER4eDVfcWpwNHQ5ZS1CbGJ4QS1GTm9vQ1pDcHRkTlFreUU0b3VmSDcxc25ZQ29IZFVYUG92S3Y2dzBwcWMzVzRwRUFsaGgxb05QYU0weFVZa0NRWkI4UVY5YV90ZXc4am1DM1lFSERYT29xU1JP?oc=5,"Fri, 21 Nov 2025 23:31:06 GMT",
2025-11-22T01:23:56,Google News Reuters,Democrat demands release of 'shocking' Trump-Saudi call from 2019 after Khashoggi's death - Reuters,https://news.google.com/rss/articles/CBMiwAFBVV95cUxQYldXV3ZGdEVzRDVQOW83RVNqMDEwM2RxdjdkWnRXdHVocmVsRzU2bTllSExLN3RGZ3Rxdm8wRmIwcXI3Vk9WY0hYNjk2Q2NfakRkTEc0dm1hQnhUdHBqcUVVeVBzb0pQX1RDMGNNQ2dTcjZHa3k0OG50SnUyZGRjaDU4ektWUWx1MWtzMzhyay1pOTVNUGdUWEpnSnhNb2l0bTFnYlBaY09OMjRkSFJHS2FQTmlpbUxwYzZFcFp4ajQ?oc=5,"Fri, 21 Nov 2025 20:00:18 GMT",
2025-11-22T01:23:56,Google News Reuters,Tyson Foods to close major US beef plant as cattle supplies dwindle - Reuters,https://news.google.com/rss/articles/CBMiogFBVV95cUxOc2ZWQlMwSFgzTmJ3Yjg3VGF3SzE4LXpTYjZLMXBLRi1vMzVPUTJrbWdmOXRhY2JQdUtRZGxmdnVzLUZVanVHV3E4LXJ0SEVnb25rdy1MRGU5R1BzaTdSOURxWDZQVjFaZTNVMkd6NFNvR3RzRUhNNXB5SmVFM20zeG85dEtsLTl4ZGViT3V1eVBPejRKU3Bqb1paZ1F4TVNHRnc?oc=5,"Fri, 21 Nov 2025 23:26:20 GMT",
2025-11-22T01:23:56,Google News Reuters,Putin says U.S. peace plan can be the basis for peace in Ukraine - Reuters,https://news.google.com/rss/articles/CBMimAFBVV95cUxQejRxal84SnJFR0NSTHpIVTZacWxXVVJrdWx2T1BTcWNhblp1RnVlbG42WTk4ZURhZ3ppdXlDWG1jYUN6clhaWS1OWnJQYUhvRWZhLWY3c2VuSjMtbUZBc09TQmJ2amJuRVBiTkR3RjdKUmVCVUJFVmwwOEk0aUVrVWRGTXBoei14NGJ1bGF6eVI3Z2o5c2dhVA?oc=5,"Fri, 21 Nov 2025 19:38:35 GMT",
2025-11-22T01:23:56,Google News Reuters,"French foreign minister to hold call with European counterparts to discuss Ukraine, source says - Reuters",https://news.google.com/rss/articles/CBMiwwFBVV95cUxPS1J0eThZVVpxa0p3Vi1sNHBOS2s3SlU1LVk3TEtLaU40cFBEWkVhNTRKNnpBLURJZEFScDZndmlYcTA3N205c2gxTW05M3NyTzF3c0VfWUY2a3I1NDVxSHNjaG9PVU1Rbmh3QXM5dFRZRVZhM3QwT2FKQk1aUk1BWEdQRW1nenpQNGN2WWpMY0FRZlJTV3pnOS03VllrZkNPbnlsWWdZTzVrY1hKRGFHR0VidzFrVWxfQVJnNWlnb0paWnM?oc=5,"Fri, 21 Nov 2025 19:09:06 GMT",
2025-11-22T01:23:56,Google News Reuters,"Ubisoft, Tencent agree 4 billion euro Vantage Studios tie-up - Reuters",https://news.google.com/rss/articles/CBMiqwFBVV95cUxPWHl1MEZrTE5NdmxMeWxYR25aWWVVS2pKWEVhMjczQ0JOZ2lTRHpHVlJRSWZMd1lxc09xMUJzcFNjRndzcFFCSS1qcl9Iam85aTdWNXduVWg5NEZWMWNnNGszWk5mSFh4b3F4VUo2YVVuWXJuNmpPaUxQWEdPUUN4UEpxR3BwWS1YUjRsNXo4VEpiR0VxSHpCQlo0V1UxUGZhS2U1Zk1oejl1ZnM?oc=5,"Fri, 21 Nov 2025 19:26:38 GMT",
2025-11-22T01:23:56,Google News Reuters,FIFA expels Dominican club from top flight over match manipulation - Reuters,https://news.google.com/rss/articles/CBMisAFBVV95cUxQRk5qRlZUSlVNM1RLSmE0VXE0QlBXUlZwQkJISS1QRld3WjRYT2lEcUxhYWNLVWNtZmlhNTNqQ0NwZEhpRTQ5Y01iamJINUNBbHczOC13THZIdWNocmZwUnFQeTdCeEhPemlrTmVHTTdOaU96T1E3TmoxUFE2R1RSeG8zeEo0emFWUTh1RHR1dzdvS1ExbkNUSEpDbEs3ZzhGTUVXanBMNFJrdkc0RlZvRw?oc=5,"Fri, 21 Nov 2025 18:22:22 GMT",
2025-11-22T01:23:56,Google News Reuters,Jamaica reports deadly leptospirosis outbreak after Hurricane Melissa - Reuters,https://news.google.com/rss/articles/CBMixAFBVV95cUxNdF9rNnFyYmtWU0NwV1FDVjVuNEVyTm5VeU11cUs1U0hPbHpXRXpnY0o4WV9JLS0zM1RfbjBzRkpvTWlMZkNTNmdWZWJTbDhkcTZzd2U0aUd4U2hYNE01U24zMGNQR2pEcm9DZVl4UzB2WlJEMG90bnNsX21oZkUxbjJWN0Mtd2pyUzRETElFTTJ4ZjhDTk9CNXFDVWsxZklCb1N6VmhLVEprOEpTa0Q2anQxQkZjbGllczhVNnEzSWdKVEQ1?oc=5,"Fri, 21 Nov 2025 21:58:01 GMT",
2025-11-22T01:23:56,Google News Reuters,Lilly becomes first drugmaker to hit $1 trillion valuation on weight-loss demand - Reuters,https://news.google.com/rss/articles/CBMi5gFBVV95cUxQR2IxVV9iQW1qWVBVaWZIZW5hdDJZM2liR3FpeXNaRzM3Ukdia3BiVEd5R1R3RWVydEwyeDh6V3FsXzM5TDh5T3pfYWZzNzljb0Nrc3VlNUZST1M4YUpsaEw4OXVQaldZbWVVbm1QZzlsd2JIMWNqamczX3FMOVNhWVNWcWRSekIwYWVUM29YQ0xJNTZoTmtLSk5BUnBJYUNncEx0RzlpeFg5Ym5TV3ZlWmpPRG1IZzJZclptRmpESndXZHdZbGFrcjNYdmVZM1UyMTFQNHJUakMxVUE4a05GX05XODBzdw?oc=5,"Fri, 21 Nov 2025 22:13:30 GMT",
2025-11-22T01:23:56,Google News Reuters,Nokia plans $4 billion AI investment in the United States - Reuters,https://news.google.com/rss/articles/CBMimgFBVV95cUxNeldGM0FoZ2NvMEM1eUpJczdjZDFnYWVvQll2ZU5kdFg4OHJUNGdLQm9fX0ZNcy1XYlJtOFBZa0UzZmhPX19sTmxoSlhDaVR2NlQzblRsZ1hNcUhVMmM1YVI1cWFfaWlMRjg2VFotUkpCdk9QbVA3ejdCajBLbUoxZmxaOFM2dkRRbDc1U29TQzlqODg4c0VkTWR3?oc=5,"Fri, 21 Nov 2025 15:59:50 GMT",
2025-11-22T01:23:56,Google News Reuters,US manufacturing slows in November as high prices curb demand - Reuters,https://news.google.com/rss/articles/CBMivgFBVV95cUxNVE05Z3hlbVV4MU50Rk05Y1Q3dXM3UHc5RnFJc1MyR1FfZU1jRlBFZGR3QU5QZzNCTFdlS3hMdWFTVHQ4WkJOMGNnaGl3bzFQb0g5TmpTNm1mLWVNQTNSd3p3V3AtdGZBbmFzcHhFbnZ2Y2J6Q3pKRWxoVWtrS1kyd0g5SWYtWUE5V3J0UHc3UE5xM3pKcjJvQURXQTFqenBibTVXZVd0MHdsN1hGQ0lKX2RaRmlwWTU2am5oVFdR?oc=5,"Fri, 21 Nov 2025 17:47:21 GMT",
2025-11-22T01:23:56,Google News Reuters,Bubble Trouble: AI rally shows cracks as investors question risks - Reuters,https://news.google.com/rss/articles/CBMiqgFBVV95cUxQOU1jMURmNHdrNHdLN25ZOWZoenJDd2V2d3JNR1pINXRNU0JGLXBEMlRIWENCcGFvWWFTSFJVS2pNaXFNOFBNV3VPWlVNdi1uSDRmYWJEWEU4ekZubUZ5eHhXck5Ub0syclJtQm54YXROT3JxZmYteTg3ZHV1T3cyei1jZmdxTEZaRjdUTzVRWldoLVN5RzN0TGpTdkhxVFl6bXNPNHgtWDZQdw?oc=5,"Fri, 21 Nov 2025 21:31:55 GMT",
2025-11-22T01:23:56,Google News Reuters,Draft of US-backed peace proposal for Ukraine - Reuters,https://news.google.com/rss/articles/CBMikAFBVV95cUxQWGgyNUR5N05jN3U5bWExY0VCeVFwU0NfVXRWSzkyR3NTdmtya3lTb1dPOWpXM2FfazE5NHNRTzNJUFFBWHA0SnhwRklfVUlPb0c1c2NMUkxWX3MzVjcxR0VYbFJseHZTVEUxUW1aaDRma0ljWjJTR2NDWUhyYl9hTkgwanNobVUtd0JYQWEySnY?oc=5,"Fri, 21 Nov 2025 12:34:26 GMT",
2025-11-22T01:23:56,Google News Reuters,"Exclusive: US threatens to cut intel, weapons to press Ukraine into peace deal, sources say - Reuters",https://news.google.com/rss/articles/CBMiuAFBVV95cUxNcm9sYmh3YUZqTUpDSWo4Sk9HZFp5SEhickdsWXhzVW5acXVuVUFTeXNVUGZENlpNRUFubDExVkNFblMxeV9NSmZEbUtLajZjU2FrWTdoRjN6dEhUeXNZQjZZZEZWV3J3UjVDZUFWY2xnZDhCajJfbnQzaTdLeVpMc3Boc05PaTZGdGJETGVLZGR4dnR0azFRcy1rODdDNmQybFlzMWxxeTBWeFpHWGlaM19SWVJUMVpi?oc=5,"Sat, 22 Nov 2025 00:41:00 GMT",
2025-11-22T01:23:56,Google News Reuters,"Williams' comments boost odds of a Fed cut, though policy hawks remain adamant - Reuters",https://news.google.com/rss/articles/CBMingFBVV95cUxQejRiY2RHNXB2ZW5hRVI4MklNa2dpNzU1SllLbHlfVWJUZWg2cnBYbDdSRGpKZm9fN19VWVVjcmNpU1ViQm4wMkdLSnpNUXVOZ0JNMmx2dzY0UlpDMFFNdFJFT2RYdGhiQ1pFTTZkT2htTkduRjVkM2s1eWszY0kxVkhIM0JuZkdUSWpnZXg3eng1LUxwS0ZLX0VHbUs5QQ?oc=5,"Fri, 21 Nov 2025 16:24:35 GMT",
2025-11-22T01:23:56,Google News Reuters,What are the issues of contention in the US peace plan for ending the war in Ukraine? - Reuters,https://news.google.com/rss/articles/CBMiqgFBVV95cUxNdUFEMkNpZzI1ZGsxa1NkMWhDbllrUFdyQkVTeUNNRkg4NnJGcHZ3YnpiNy1FSHhReUd1S3RzRkFMLVoxdUlCYnF1S0p6elM0U0dodGdNRjFUQnRwSWhNTFBDY1dxemxWNS1Xb28yTTJndnRYRk04cFJfRU54eERFcS0xbFdSOGt6V0tHNHJaa2VONVZtZUpiWXJZVU81X0tRb1U2anhNVDVxZw?oc=5,"Fri, 21 Nov 2025 14:44:56 GMT",
2025-11-22T01:23:56,Google News Reuters,Lukoil trading arm shrinks fast under Western sanctions - Reuters,https://news.google.com/rss/articles/CBMiqwFBVV95cUxNckZhTnNRUWQ1ZFNIbHVSNDdBZjJOZG1qY0dZNEVBQnhyYjdqWVRPMzVMSk9iUmlyY2JURzB1Z3FDZjlnSVFvT3NyZzRDaldCYllpdDVLM1BycnRoNmRtTEVJYVFBa0pCTlNINlEtTlllYjFkcV9GZXdKdTduaVpBZkJ6bVJmRUdSeGM1UHBUSkYzSWx4S0dsVEl6cDZIWFRhS1I1TXJicW9wREE?oc=5,"Fri, 21 Nov 2025 14:07:04 GMT",
2025-11-22T01:23:56,Google News Reuters,Bidders for Warner Bros Discovery face barrage of political and regulatory risks - Reuters,https://news.google.com/rss/articles/CBMivwFBVV95cUxOZ3ZRSC1ON0ZfZlFzc3RRMWlNRGpyQmlSZlJIbmViYWFzbHFsNmxlekY3WmFkWW96VkRoeTZHd1Q1OWtpWFd1VG54N1hiTExRUmgyd2x2eUpKN1loQWZoejFjWlVpaW9qdjl0d3NNbTdqTWxQQ1dqdnE3eUhvU0wzUTZwaUY3Y3RDU0hMZXJ0QWFDQ3lxckpVU0xHc0FoR2dDMWQxNTVkckg1VHZTWmhUeDdTalRvMDlLbzZIQ1JYdw?oc=5,"Fri, 21 Nov 2025 20:07:35 GMT",
2025-11-22T01:23:56,Google News Reuters,"Exclusive: Delays, setbacks loom over Trump's Golden Dome missile shield - Reuters",https://news.google.com/rss/articles/CBMivwFBVV95cUxOZ0xsbXRqSHdlWEF3ZkJCbF9RV0h0aWkxR1Q2T29IN2EtbjBRbzN3S0pZWUVFM3Q0TlVPVVViX29jaV9Sd3VLUWZ6RlU4YU5qOWF2VnRjZUpNOFphR28tMWxzRVZyYVZaaVNVQTVMRWpiYUNzb1pBeVg2OUVFblRmRDNjMVVjQVdKVHBiX0Y1RFFZLWlDMUo5Tk1FTE01aE55dk9yZXFSWi1DaGdRai1XYmJUalRhZnhlai01QTk1cw?oc=5,"Fri, 21 Nov 2025 11:35:46 GMT",
2025-11-22T01:23:56,Google News Reuters,Ukraine faces 'difficult choice' as Trump demands acceptance of peace plan - Reuters,https://news.google.com/rss/articles/CBMiuwFBVV95cUxNcGN0LVhuWmJkRUdEWGlxbjRBT3JYX1lwZ3Q2WjVyS2ZfOXVHWDlxcXc0aVAyYlJNNUdndUVOeEdjeW82VWNWYmQxSTU0T2JaQXhZREp3dE14NTNWaTlFVTM0Vnl1QU1odW83NVltZzlnUzFVOUltOXNtOHZ1U1Q0Nk5BMjVPcnRfUnJrcTU3WG1waWpfT1llVGgzV0g1Q2pSQnJXYllCLUhkeGhONnZOZDEtby04V3o2bGtz?oc=5,"Fri, 21 Nov 2025 22:38:13 GMT",
2025-11-22T01:23:56,Google News Reuters,"Indian Tejas fighter jet crashes in a ball of fire at Dubai Airshow, killing pilot - Reuters",https://news.google.com/rss/articles/CBMiqgFBVV95cUxPVVFiemRzWW1vSThwdUZJNmkycHBmVUhyaHJYRTZBdzBPOHBFSDdVVG90dzA1TG1vNWhDeGpUTGtRb0VPQkpQbk1kSjVNUkY0RkVUNXZET3JwYjhzTUZVSWRLRksxNm9Fell5SFVJdG5ldEIybVpoOEZWSU1XdENxdnROY1REVDE1d0xPU1ROWjYwUEhBWS1ReW9kdTZTNkVUakMyV2hCYzhfUQ?oc=5,"Fri, 21 Nov 2025 14:34:43 GMT",
2025-11-22T01:23:56,Google News Reuters,Trump lavishes praise on New York's mayor-elect Mamdani at warm White House meeting - Reuters,https://news.google.com/rss/articles/CBMiqgFBVV95cUxQNnhDX3NCQTV4Q1hZa2NlUVhGSWxUUXpDbVVUN3VUbURWQ3dLMzE5Mk1xS2JPQTlENGxsS0gxSHdoN0UwRmI0NjVpZ3NrNHg0d2hYaVRzelh6MnpGYno2ZHUxYnZmVDBXeWxDVU05dFVxZ0prbWFwcWtGRmVmcWIzT0JTNzgtVTVwZmpfenVNRkNFdkJwdXJwME42TjYtVGs3Q0ZMcFU3b1hkZw?oc=5,"Fri, 21 Nov 2025 23:49:43 GMT",
2025-11-22T01:23:56,Google News Reuters,Jitters over AI spending set to grow as US tech giants flood bond market ​ - Reuters,https://news.google.com/rss/articles/CBMixgFBVV95cUxOajlPejFsNmd0UEVla0pkczJpRlBTUFpEYjJieGxQdWg0Y2tXMTdVVnUzVG5Lb1NNZ2lGUnk5RnhXV014VGJIdS1CZ2Q1UmxVVGdqQ2Zpc1J4bXo2Y0FnRHpzZDlHTkw4dG5kVkpKQTRnVHVrdVRYVTFPMkI3dEg3SE5FYVVYaHdwRFFkMklhM3Etcy1PMU1fUU9GcjRyWUJKdEFzRTVjbWlXd0RIV1kwcnluRUt5YkhWemtRZ194bEN2SE43Q2c?oc=5,"Fri, 21 Nov 2025 15:50:24 GMT",
2025-11-22T01:23:56,Google News Reuters,Global coffee prices plunge after Trump removes tariffs on Brazil - Reuters,https://news.google.com/rss/articles/CBMiqwFBVV95cUxQVENvSkdKcGlLVTdHeU03ejhhMDB6UUhydDlTWDg2OFJia0FIalB0aXphUEJzY09zVmluMHBMN0Qtc3RuQk9TRzVmbzBLbkR2TWRXajc0V3hpTDdIWDQxLXYyb0x4VmFUMHNqUENLUHh4cVlTTTZUNXhNVXU5RmZzNGlyNERBTFpTUlRENnlXc2RHUHFnbzRSTVBKcm5Bd18xWEdjcUlEY09oM3c?oc=5,"Fri, 21 Nov 2025 19:46:02 GMT",
2025-11-22T01:23:56,Google News Reuters,Morning Bid: The pAIn trade - Reuters,https://news.google.com/rss/articles/CBMiggFBVV95cUxQTVQzR250aWhoT2VvTTVFbTVmc3FtZ052SmN1ZU1nX2RudndBeDd5UlZWU3d5S1RRZnlaelBId1VKRUg3aGg2MzBuSFpTT1NWTU0zb1cyMlR6OWUwRDRUVXRzZ2FqblpnZDA0cG9IR195WU9jS1NLVGlhOTByRVp6MzRR?oc=5,"Fri, 21 Nov 2025 11:30:43 GMT",
2025-11-22T01:23:56,Google News Reuters,"Islamic State-linked rebels kill 89 civilians in east Congo attacks, UN force says - Reuters",https://news.google.com/rss/articles/CBMixgFBVV95cUxQVTNZM3lHZ0lvd0hieDBhWm1aWGdCd29ndVg0REkwRndJS0pQcTRaUmVuaTVhSUhMS0M1VjRpalFBQ3dCY1Q2eW81NUczMzZtdnJLb2owejlQV0pKYkU1T2h2LWM5NVVjSGJULXh5YWdXWGhiSU9takpTNWRDVXJJQnJPUWozZGl0RG1HYnpRdTVMbXhpMkxMcUFyZlJaaXJJNHZtSlZCbFB6MHdYaVVNRHlFLWVWbEswZ3d0OENhN0pCTmQwWnc?oc=5,"Fri, 21 Nov 2025 15:07:02 GMT",
2025-11-22T01:23:56,Google News Reuters,Zara workers plan Black Friday protests at stores across Europe - Reuters,https://news.google.com/rss/articles/CBMiuwFBVV95cUxOeTRMVnRfRjlkeXRhenFLOGMteDlzWlpvYktKc1c5LVJnZmdkTkNkVlNRV00tcG43QW9DMmQ1MmZtcUlMUWN0Q09SVEtKUHhPNkdaR2ZmaFZnT210b2pBenRMdTk3cjR2V25FUjNkTlNSdm5kX0pyMm54WU94RWE1OHVZcXFya283a2did0F5SklRVm1EelBEaDZfYUd5R0duNHltczNMUGxoSkFHT1lxN3NMVG00SGV1ZGFz?oc=5,"Fri, 21 Nov 2025 15:51:08 GMT",
2025-11-22T01:23:56,Google News Reuters,"China's largest US soybean buy in 2 years buoys prices, triggers sales by struggling farmers - Reuters",https://news.google.com/rss/articles/CBMixgFBVV95cUxOa1Z1UE9HQzE2UWp3cnpDOFdRaDBnM1dKNFhUMkpZeWc2WGZCSmJLTFk3NFRMejI2NWQ3dXhpdXp6NlZGcS1GOGNLdUlpeVhNNWVZVmJKNWRudUdfNGVwanJvelgzUkxLZ1pWX2dUOVVQWTZxbTJpbUhoYi13OV93bmpHYkd4cDNGOEoxaVhJRm1YUzhkM3hEeEFmUXlLTlN2bGJhaVNXTnFiUmh4aGRpZU9ldFdsT0wyMXdKVEVkNmw5clBPSXc?oc=5,"Fri, 21 Nov 2025 18:04:46 GMT",
2025-11-22T01:23:56,Google News Reuters,Wall Street indexes jump as rate cut bets increase but post losses for week - Reuters,https://news.google.com/rss/articles/CBMipwFBVV95cUxPTGlRdjJIQnJDZGdsSTJNcGt5V2lJVDFieWNWbU9BZ3FRN1d0eDZNblo1c0hIaEFZYVdyQXZqZG1fenV1WGZnVmViTGFheEFUeVZVMmdVUXlFM3g4WHIxdkdpblV3cFp2Tmw3OUtoVU0tOVZFaVQzaFY5bWRLZF9qeFRfWTR3dV9LMHJrWW50S2J2anhsbllUZzlMRlUwZzNtNFF2T2VZOA?oc=5,"Fri, 21 Nov 2025 23:03:12 GMT",
2025-11-22T01:23:56,Google News Reuters,EU opens case against Slovakia over constitutional change - Reuters,https://news.google.com/rss/articles/CBMioAFBVV95cUxNUGFtWFV5aHV5VC1GZDNsdWdaTjctYjNNMVR6VVo1MGtwbEowVXJmZDUyQ1ZVTmpPaVNua3E4aTlCZ3dMaTZqZ21XWEVPZ1NEbDY4VGZZZ2NyQVgtanVoa1oybVBXdEk0bTcyalVPSVptazA1bk5LdERSWGdtamRGZWQxN0VFZmRHUERGYTF5Y2V2anJKWFpvOC1sTFlMbmVQ?oc=5,"Fri, 21 Nov 2025 14:40:18 GMT",
2025-11-22T01:23:56,Google News Reuters,India enforces four new labour codes in major overhaul of worker rules - Reuters,https://news.google.com/rss/articles/CBMiugFBVV95cUxPdHdicXhZbmN3bzMxcVkteXFXdTRfWkRrREVRbThaTHcwdDJ2Y2huQVdBZ0NEZlRnQ09GeGoydzdwVDVJRWJpcDZ6dThaQnc4SF9uZ3A4UzdBbkhrTlRYN1lDM05IX3Jqb05maTlMWUFVQlNlNTlJRFBYdmxsZ2E4dGxFWjBxRTlFQXhWVnR5OEZkUVNPSGhLbmRTLTlleTdCSkZsZDhma0RscFQ4S2QzVURtdmFOcU1USHc?oc=5,"Fri, 21 Nov 2025 13:39:49 GMT",
2025-11-22T01:23:56,Google News Reuters,"Shale rigs idle, layoffs rise as $60 oil tests resilience of Permian - Reuters",https://news.google.com/rss/articles/CBMisgFBVV95cUxQVFpmbzFrSkhNRjNYNkViNjIzOE1IcXd5V2pJOU5SdkJJUjcyVWpxZkJjWDFjWDVtUFNXUWxVQUtxeEM2aDBoaEdyQWs4NF9qZlVRUjBvRTg1a0sxNHpSU2ZjNE0walR6UjJyUnFjeWFsMW1uNWh6dGJjZkppLWlCOGtBZURFdXRhXy1ZR19xcEtIRG9JREtUVFFEcDQ1TDZSZzd4TEpWSDhFZ0VHX1IwaVJR?oc=5,"Fri, 21 Nov 2025 11:09:43 GMT",
2025-11-22T01:23:56,Google News Reuters,Judge in Google ad tech case seeks quick fix for web giant's monopolies - Reuters,https://news.google.com/rss/articles/CBMisgFBVV95cUxPeWJGaEJ1NHVpNlp0ZUxXLUhRdVJ3RDlucE5OY1BpRWVZaXB4WUxINDNLVnJZWTl6WUdHVkplb2JZSjdZYURLbTAzOFhnM3lLSU9GbmpxSjFXV2ZIRnRkR1Ftd0phTHd1TjBPbkJLcDV5bUlhTnhVbXotWmtaNC1QbUJEX2VmVFl3Q2RUc0hKYVJmbG5PNEZyWWRNdGNsaE94bnlhd1o1Y2ZBRXNpUGdmbzRn?oc=5,"Fri, 21 Nov 2025 19:43:03 GMT",
2025-11-22T01:23:56,Google News Reuters,"Lilly, Novo Nordisk back direct-to-employer programs to expand access to weight-loss drugs - Reuters",https://news.google.com/rss/articles/CBMi3AFBVV95cUxQZVB0X2dxd2JhSURxRHpTeXZDdmtDN2pHNlhrakQydU9xaDhXb0pIMjN6TllXMFpVTm1BLUgyUVJrSGlrRFJzZ0pqdmRnOWhEUmhIel9BQlI1aENvUlV0RklnUWduVjlhaUFaajJXZ3BPeE9pTkJPRVQ5bFV0ZTdIRVREQzEwdXhIWVA4ekFJMzFKNldIQUY3WHZXcEMxMjdHX1h3c2FKSWR1Y2VpbWdBNUxsVXFUVWFwSUtoNWFWUFNIMmRkWVpDbG1oM1FqU3BsdkZhOU92ZjhZWDI3?oc=5,"Fri, 21 Nov 2025 15:10:46 GMT",
2025-11-22T01:23:56,Google News Reuters,Ubisoft flags strong Q2 bookings in a report delayed by debt covenant breach - Reuters,https://news.google.com/rss/articles/CBMiwgFBVV95cUxPUHBobDdoaEU5MXF2YjV1TUlIajFRc0VwM3FRd3pRSklKZ0VISWRIdFN2R2lZOEVJVUJPWGlCWWdiZm0zaS1VQVpUWXF1QW1hQS03bzlzSVdlOGR4TTBVbkJYalhIOC0wcUthUUl5cFVidk1MOFQwLVhRVGpSci1MZm9ZZWR1S3dhQmJSRU1vdzZvZV8xTHl0eDJxNzFVTGNoVVhZS0J1bWNuY3YxS1F1REpZUTkwZm8ydl9OYmFtNW5oQQ?oc=5,"Fri, 21 Nov 2025 10:30:44 GMT",
2025-11-22T01:23:56,Google News Reuters,COP30 host Brazil urges unity as climate summit deadlocked over fossil fuels - Reuters,https://news.google.com/rss/articles/CBMivgFBVV95cUxNcTRMeklsTjFQQkpfRFdydzZ2dWV1WkNoRHJVb3ZMWXhOOU9kQXBybkZpVlRvd0pSQmprcE1wTHAtWUFSckdQbHh5X0VXeUVCVEhMR1ctejl0UTl2Yk4wb3pMYW1CdDBBZEdhWkk4YmQ3MkVLV1ZDdC1iakhMd1JFWU04TEpHQW1EU2VwVkJjcVl6VzhVNVZaLVhMUlhEQndIMEVYcmluclYzY0t4NGViSGxiZ25DOGxrZEZmeDF3?oc=5,"Fri, 21 Nov 2025 23:51:38 GMT",
2025-11-22T01:23:56,Google News Reuters,Investors' views on extended markets' selloff - Reuters,https://news.google.com/rss/articles/CBMikAFBVV95cUxPUEEzSWRKNFRIZ2hsMHl1aXB5N3BtYlozWml2NUh1V3pSRkd5eUVUMmZqQkYtU01XRUQ5dTZjZDVnMGtGeDlJdHI5NHJzRFBGODE4VVBqUUNCS2xfd2kzWk5sN1h6UnVwSVNvd1NJNjBwNkwyZ2FwdzIzTmEyelFjZlBlbkdSWWxjcDdQZnRZZ0U?oc=5,"Fri, 21 Nov 2025 12:53:36 GMT",
2025-11-22T01:23:56,Google News Reuters,Bitcoin on thin ice after sinking in flight from risk - Reuters,https://news.google.com/rss/articles/CBMilwFBVV95cUxPbUxBWkdBQVVVMjFHOWxWQkNjaTQ1eUhVZFlRMVZhWE5UQllOWGUzXzUxbmVmb0lWZ1h3UEk2WnJDcGVYT1ZwYjkyQlB4bWJ5VUx6Y3kxajNHaG90WkF5bkpsWm9XYjcyUFFyZWo0OGJkZmdKX3hQelU2VjN2TW94VTlxT1BGeXpWTkl1Vy0wWHc4d0pkX0Q4?oc=5,"Fri, 21 Nov 2025 19:41:21 GMT",
2025-11-22T01:23:56,Google News Reuters,"UAE to invest up to $50 billion in Canada in industries such as AI, energy - Reuters",https://news.google.com/rss/articles/CBMirgFBVV95cUxNaVMzNkFvaGdERnFhUC13aUNwajNHdHhrNjVZejZ3b0otQ000WktTVkhsRXhqSlNwblVLRnRBU3dWSVBxZGFvT29rdWRzcFJGY05raDhSNTFnQUc3cW1LX1Z4TTVmYmpVRjNVb3pLaXgtV1hWVndhS0ptWFVZVFJ4bU9OdFhFSThOdVBtX2hfWlVYaFhIekVscUlaQk9ZZUVEQ0hOSHVNd0ZvTDZQWVE?oc=5,"Fri, 21 Nov 2025 06:50:45 GMT",
2025-11-22T01:23:56,Google News Reuters,"Outflows, trade angst push rupee to record low past RBI's defended line - Reuters",https://news.google.com/rss/articles/CBMirwFBVV95cUxQM3RWSU85Y0RsTzhia29ldDRadzBEaGIxczhZU0hFRlpHS0VjdlZkcUxsU3Zkam5kMWVCdE5lWjM2OVRuS0hITTFIcnk1XzltZ2Y2WFNiRjlfVmtSUkJmVWlVRVcySkN3c3ctWVM5MVRjZk53a1RxcGFfOV8zUHBLVXB4U282ZkNlalJST2hvcjgzdUxDbTNZVnFKOU5GWmUyaTRYVHRTenRTNk5Ublpj?oc=5,"Fri, 21 Nov 2025 11:20:44 GMT",
2025-11-22T01:23:56,Google News Reuters,"European shares log a weekly decline, defence stocks slide - Reuters",https://news.google.com/rss/articles/CBMiogFBVV95cUxQN3FrcnhTZ0hFbXd6WmdRenFBMnluazlScmtZS1RrVGItdmJTQ0NuR1pkckdHc19QYkVqenVaemdseENUUjZQS2l6N0dPeTFiWDJwY1lCVUpsbDJBaXJXQUdURlNJWldwanVCNGJSRVVkUGtzVDktTzB6eVEzXzVaS3J1Z0Y5Qy1xQ3l6cDRoTm9mQ0xER1J4clg0emRXdXcyWnc?oc=5,"Fri, 21 Nov 2025 17:46:21 GMT",
2025-11-22T01:23:56,Google News Reuters,"Earthquake jolts Bangladesh, killing five and injuring around 100 - Reuters",https://news.google.com/rss/articles/CBMirAFBVV95cUxNVmtZUXo4ZVc4MExRZFZ0Y1NoTXNkV3pvOWpVQlBiMzdmV0N3ODFfaDZkYmtoU1g3M2h6Z1gwMG5QRU45V3BYMUtRX1dhUmx5Ym1YOXdqQTgwbndyZHp3SnR3RGcydjd4ZDNDYndpNVQ2bkVRNXJuOHl5NU5BN0cwcmdVVUhUWi1WNVVoZm4xRHFmSUNaS0pkbEM3c2RTbEhGM0RodzR6ck5BN0ps?oc=5,"Fri, 21 Nov 2025 10:55:19 GMT",
2025-11-22T01:23:56,Google News Reuters,"Gunmen in Nigeria kidnap over 200 Catholic school students, Christian association says - Reuters",https://news.google.com/rss/articles/CBMiqgFBVV95cUxOTllub19renlhV05PbE5RUE95eVJuVjh3bUpuSk1JTDRVOXhpWUxHNFBnczdWY1FOUk9SaDJ4dTdBdG9OYVZZdGJzTGNTQVhuVWgyWm0taFRINHUxQVAyX09WclFsRGFmM0xqeXhyZ1A2SG5JUVZTRmhwenB5eWNoU29TdWZVMXRqeVNocmNEdVNHeHFiVjZKOTdHUGtkU2VoVzY3a0tEemUwUQ?oc=5,"Fri, 21 Nov 2025 22:35:45 GMT",
2025-11-22T01:23:56,Google News Reuters,BBC board member Banerji resigns after Trump documentary edit - Reuters,https://news.google.com/rss/articles/CBMivAFBVV95cUxNTnVKN182SXZ4TVYyMzRMTjE5bDhHQzFrWXd3ZmtpUVRZWkxCbTlPTXRhdFlyNDlxU1ZMdDBoNExMWE1JT3VKekxSX2hOUzJtUHY0cUxGcklvSDFTZ0ZERUdwZ09FSEhGS2NscENRZWJIRVZNcXExa2dINW1BMC1YNGhCZ3JvdFlmeGFuMldERk9ZU3c1VHlRWU50VlhpUVRISGk5dkdoazlvaVRrRFhkeVUyT1RiZTZjSFpheQ?oc=5,"Fri, 21 Nov 2025 20:22:24 GMT",
2025-11-22T01:23:56,Google News Reuters,Japan's cabinet approves lavish stimulus as markets fret over Takaichi's fiscal policy - Reuters,https://news.google.com/rss/articles/CBMiygFBVV95cUxOMzFSdGZoc1JqTlZtNV9QeDFPVVNmczZFYXR6VTdqYXR1Q1c0eUVFLTVUOV9WR0FzSy1BMHpfWWhHMURkLVFaWlYwenZYcmFyR2lqaE8wZ3FuOUdtSFZRZmhjVzN6T1ViTVVscWdiTXdfQklDZkRtZkhNN1ZzT2IzMmlVOFpITC1seDdDM3g3RkFpRkM5Y0ZQSjVER25UQWVCMWRKVVY0Tmo2MThfc25jZUlJalpveVFpdGl0MmYzYk9vTzRSR3dtWjNn?oc=5,"Fri, 21 Nov 2025 12:44:15 GMT",
2025-11-22T01:23:56,Google News Reuters,Binance CEO Teng says bitcoin volatility in line with most asset classes - Reuters,https://news.google.com/rss/articles/CBMiwgFBVV95cUxNZVR6TXl6ZXVDMkh4b0stdnBGbElXYzZ2LVNCdUlub0NYOWcwUDRISUxHTU9XQTk0S2lyNnhHZmZia0FmQ1F6Znc5eTAzNnlvYlNHanFjZTBZWjQxR0RudGxYczJhZEp5OVlQSFJ6SlhsSUlJSk1OZkt4MFNIZFJqdU9rZW1iYjU4emlaLUM2cFRKU1dNNXlNZmJYdTlLOGpGc1puZm4teUFXQm5SZ0pCcHhMd3hTWTRhM1BudGxMT3c3dw?oc=5,"Fri, 21 Nov 2025 09:10:32 GMT",
2025-11-22T01:23:56,Google News Reuters,"Attacks in Nigeria: What's behind the latest kidnappings, church raid? - Reuters",https://news.google.com/rss/articles/CBMirgFBVV95cUxPMFotX1YwcFFRcXRkVzdwSXMxaDl4QkxXdVB3WTVueFJ5RVBCLVgyM0tKRUFvSFNFMjRrbGo1Nm5IWFh4SC1UV2NYblRHUUFScklrT1c1NXVRbnFqU1hMa1hIcXVUWmV0S1FLWWRuZUpGb3p5bTNlb0l5emRFelVuRWtaQ2NleTNadXAyeVpvekt5dk1ncUJVc0ZHVnczSGVSbExQNnk1b3NsYTVkU3c?oc=5,"Fri, 21 Nov 2025 15:08:53 GMT",
2025-11-22T01:23:56,Google News Reuters,"Indian plane crashes during a demonstration at the Dubai air show, AP reports - Reuters",https://news.google.com/rss/articles/CBMitgFBVV95cUxOYnNjbEFmbm1aMnE0ZEdMT21WSjUxZlJLVHVCSW1JVndQTURPUXlxZURfZ1lhNEJhb0UwWDliaVpVQ3FacVR0S3gxZ2ZBQm45dGFMZEpaZzNUb3R6STg3Ul9TN18yZXFDRHJfR2JyUVJ6NzhJRGFkZURENUdPU2VMaEpFZTZzeUJJZndmbm14MmhHeVV1TlZScjRac3VVRHpLOU16dEw5eWJuOFlScDFrcTlBWV9Odw?oc=5,"Fri, 21 Nov 2025 10:44:41 GMT",
2025-11-22T01:23:56,Google News Reuters,China scraps concerts with Japanese musicians as diplomatic tensions mount - Reuters,https://news.google.com/rss/articles/CBMiuwFBVV95cUxNNHJJVUMxdDEzQ0w3ZnpSVS0xY29xODFEZmY0b29kNmNULWdwUXNVMi1FdTdzd21jTmlSbnFHT0lMWlRucG14NlZwNFl4VzhRMWYxQkNueGxzTGNrcGxLQ1FuLVlCLUN3MzB3YU5kOEQtUjVKTWNTZE5ETW9aRnBEZ2FacU1iWEZ2emx5VGhoNy1CV0JtZ1ZDVHFneFE5SGtGaUNSaXF6UEZUaU9YeW44WXJkeXJJMkVxVW9v?oc=5,"Fri, 21 Nov 2025 10:01:35 GMT",
2025-11-22T01:23:56,Google News Reuters,Gold steady as traders ramp up December rate cut bets - Reuters,https://news.google.com/rss/articles/CBMiowFBVV95cUxQbnVsZHJmaEwzMnI2LU9BTWR4R0ZzYmJONkg1MFRITDBjMXRaMGxaekl6VlBGMjNhSXpaWk5XNWZrTWI2YnVhOU02dFNDRzNnTXZiVm9aWHctYjlybUt2aGtJNDhiNmROT2EwRUpkOXc2bGVXV2RLbUlhc2ZoRlQ3Q2luTmQzWHFDaUR0Y2cxUGxIQVN5M2tUX3MxVk5uRjlWNUtn?oc=5,"Fri, 21 Nov 2025 19:15:03 GMT",
2025-11-22T01:23:56,Google News Reuters,Exclusive: Indian officials probe whether safety lapses led to children dying from cough syrup - Reuters,https://news.google.com/rss/articles/CBMi0gFBVV95cUxOOVJySzBjbTM4eDRnUzNvOG5nckdrR1RNZndfLWc3UmwtNnVsem5vX0xKM1dqUGdMMXUzRXZnWGNJcDVIRzQybGdVUVBQcDhnVzN5UDVsN3NMX21aUkI2TE0yc29LMmdLQWZER0hTWTdMdmNfcW9NcjFOMmU0VkFDU3pJMUE3QXVVSmp5Qm8zRnpyMWprSEU0WnVKZVhUOGJ2MVNuRkZmS0FMRTFhLUxIYnZ1LURocGdaTXkxVnJteUJCVGNFaHRxczM5T0RYc04tR2c?oc=5,"Fri, 21 Nov 2025 18:06:14 GMT",
2025-11-22T01:23:56,Google News Reuters,Oil prices settle down at lowest in a month as US seeks Russia-Ukraine peace deal - Reuters,https://news.google.com/rss/articles/CBMiqgFBVV95cUxNbDBwV3hlT2FnWWhBWjdkU3d2VnFQTmNHeVc5NWZQX2pWcEtfaVZqUmVLb0NFbXRsNlhZcm9hbUd3dzRmdG1DTHV1VHFUSTJOSEFaWjdBRXM0Tjd1QjRkT2ZOY2lSTXJtNmt2TFJuNk9mSlBQclJ6VWFXckhsUWN4bDltMm5jMzhwaGRESWtOUy1lRDl5d0g3eGlvdzNyTDdaT1dkaWZQcjlNZw?oc=5,"Fri, 21 Nov 2025 20:32:27 GMT",
2025-11-22T01:23:56,Google News Reuters,'A close call': Global brokerages split on Fed's December rate cut view after jobs report - Reuters,https://news.google.com/rss/articles/CBMiuAFBVV95cUxONGVwTVRLMXhoM1NwNlFPaVpMTlpvQ3NhOU9vdThpMDE0TDF1ZjZweXZRSWlsX2RRRDhCUUdpdkdMV1JXOTFZMW1HZ3Z0M2xpVGhhcXF6RGtXWG5CNDg4UjdCSWZ3R2hQUlhmR0QtaGRUeUtFSzdnVFdKWE1Ed3RCMENwQldRSUEyT294MXQxb1VnMkhaMVp2eHZ4NEhYZHh4V1dzSndWRnN6Wmp0X1ZvTDhiME4wRGN4?oc=5,"Fri, 21 Nov 2025 10:44:38 GMT",
2025-11-22T01:23:56,Google News Reuters,US stocks jump on Fed rate cut bets but lose ground on the week - Reuters,https://news.google.com/rss/articles/CBMigwFBVV95cUxOTnJKMFZpd2txQVhFazdER2Z5Y0tRUTNfQWZ1VUlNVnJoUVFBX3lPTWxpOVU5S05EdkRfcmZNRnU3ODJUczBRcHlUcjVyTnBzMHJUSGNLd3E5UkVSTzhZaGMtdkNWTnF1LU1xLVlLVmdKYzQtTU91MWJta3MxcDZ2ZUtvQQ?oc=5,"Fri, 21 Nov 2025 21:35:38 GMT",
2025-11-22T01:23:56,Google News Reuters,Denmark compensates patients for vision loss linked to Novo Nordisk drugs - Reuters,https://news.google.com/rss/articles/CBMi1AFBVV95cUxNTTRlalhvb0JIUGxIR0Q0eXB1M2FtczFsTmlyWTM3NFNYQWtHa0lHR3ZfR1hKcFY3MDhBMFdLODRQb3pqRlRyNlYyVHFhTklubW9pRUphZHpRcVZoNVJzeFhraTZiQmZaSnlKZnNiUGRKY2JYUFBxc2FuMVYtNFViMUY5Vk12QklQZVpqd1BNd2VVN0FZeHMwcTY1bEFNRFNLckhUczlJWlBBVlRpLWduTjVCdTk4UC1WUkhOc1VCMmNNTmNMMENpLVdIREtNdDIyYTI1eg?oc=5,"Fri, 21 Nov 2025 12:55:32 GMT",
2025-11-22T01:23:56,Google News Reuters,Alleged AI chip smuggling to China leads to US calls for chip tracking - Reuters,https://news.google.com/rss/articles/CBMiqAFBVV95cUxPa1B1NnBvYWZJSjkwUDh0d0VOOEtoRlA2bmNNenV1OGFWX09uRG05b1hHTVQ0VkVMQkxtX1BHS3ZpUDVxVlVvakFRTG9PT01WZU1YVGxOdGtkZmc4V1c2OE8yRmxlQmQxNGtEWHBId09ISkN5T2JRTDZ3dmhuQWtpY3RUZGhQQ2YxaE9DanVzTk1sQ0xNSXRpUUYtWFIteUxDNi1ZU2pXQ20?oc=5,"Thu, 20 Nov 2025 23:53:52 GMT",
2025-11-22T01:23:56,Google News Reuters,White House defends Trump calling a female reporter 'piggy' - Reuters,https://news.google.com/rss/articles/CBMiogFBVV95cUxQSVRjZktNYmQtcDk0QUJqMy1VdWh6V215WFdzNmhidjl1QWk5OEZxSG8tbUV4dUY4U2ZsNVRnTE80cUZlV21HMU9jcEprSDRhd29FUk41ck1idUFmODMwVXpGZ0lINm5UY3pYN0VfLXdxT0FGajd5SHJkZWNRUHFPVHlrQUI5MzNVS1Jzc2d4Z1Rvd0RtRmE5Nlh4bm9IeDA5dkE?oc=5,"Thu, 20 Nov 2025 22:44:00 GMT",
2025-11-22T01:23:56,Google News Reuters,Charlotte immigration raids by Trump administration ignite political tensions - Reuters,https://news.google.com/rss/articles/CBMivwFBVV95cUxPem5Ua1Z5YWh6STlTbjNMZ2t1c0FWQWlwel9rSG1hN3VqSTRwSlJJbHlzaEJJY2E3VGFvbHl4Qk9idjNFTjUwbUtsQ0tBa3JYQnI0V1dfTmJnNTFPTV9TOXA3dnl3M2tiUFVSSnp1bnBodW92TnhqMTBubm94b183R3A4NmlKaTFaS2hhQjRqMUpidTlub3VJMmxSRi00N0Nrd01PTWFOcG9SZHRKSTFsNkVCdkNrVlhyZEJoNTdONA?oc=5,"Fri, 21 Nov 2025 19:46:18 GMT",
2025-11-22T01:23:56,Google News Reuters,"Trump signs order to remove tariffs from Brazilian beef, coffee - Reuters",https://news.google.com/rss/articles/CBMiswFBVV95cUxORk9wQXFkbTlTZlNleTVWWEw5ZTMxWHNUVWRLWUszRzNMR2l4M3V3S2kwNnV6NUpPTXhKY1FLMGw3YkhRY0ZHVUVyb3JXckJEUEhrendIQzVYWjg3b0l6czVYUUM5Q0FCWlZiRVd3TWE2YXBfM0YyRlFRWFJzT0NMT01VbWY3cmRkSGhLRm5YXzFSVnhoNE5NWTRKVlQzTzl1Y2thS1VRSHZBckNSUGRwempvdw?oc=5,"Fri, 21 Nov 2025 06:48:00 GMT",
2025-11-22T01:23:56,Google News Reuters,New US rules say countries with DEI policies are infringing human rights - Reuters,https://news.google.com/rss/articles/CBMiuwFBVV95cUxPMWpPUXZJQnVUQWluRXZpbnZseURCeExvRjJCMkY5T2RJbDFQUjJSakh3YmNQRURWajdWendwT0lBM21pQUdYSU13WW0tOEFGcno0cXNON3BVd1RnQUgzZjU2UGNRZlZIcnpPZWRteDQ0WWZxWEg5V3BYS19hZ1h5cWFBLVFYeGRvOEZDcG1ZZlhOamtHcWVMdDdxMDFySlVMYVZ5NzI3Mk5PdmFvb1JoTEZkVnNreG00Smpn?oc=5,"Fri, 21 Nov 2025 12:38:09 GMT",
2025-11-22T01:23:56,Google News Reuters,Joby Aviation sues air-taxi rival Archer over trade secrets - Reuters,https://news.google.com/rss/articles/CBMirwFBVV95cUxPQzVhQVBfRnpfVmgtTlB0eU0zTTh0eUJFV1loeDhubVd2VjhIcVRLci0tU0hYV2M4d1cwUXNFd1lBMVFDaTJJR3lBYmRjT3VmYTd2SG9qS0RDWE9pNmxVa0pDblk1ai0xSmJiSEZ0d1RDU2hnS096Z2doM3E5bWdmT196YXdxSnlvQ3BRNS1hdHVuRy0yZEVpUVRZeXJxc3A1eThQNEtSUEczYTA5U3NR?oc=5,"Fri, 21 Nov 2025 00:17:00 GMT",
2025-11-22T01:23:56,Google News Reuters,"Paramount, Comcast and Netflix submit bids for Warner Bros Discovery, source says - Reuters",https://news.google.com/rss/articles/CBMiygFBVV95cUxNcncwQ293eUpsV2NVSDJMT1NiQ0VzUFhYbDFvZ1BXOTJjTUhXQW4weGNCUi1OYmYxeC1DeXM4Zmp5VHhhTGZHUXYtR05xYzRscTdob1luVkR1Z05BUk9pQlFQMS1hbTZ5MVdCbGxrcnkyVnM4NUZWNGRwQ3hWOVZGcUt0Nlh0YUpPYVZUQ0pzOHlJb05weFc4TFo5WWY0Y2ZzUEJCTUZOVWNpWkxHbGZyN3d6eEVYd2tacjBBVm9EcDlMRXdXUzJZOW1B?oc=5,"Fri, 21 Nov 2025 15:20:13 GMT",
2025-11-22T01:23:56,Google News Reuters,"US banks shelve $20 billion bailout plan for Argentina, WSJ reports - Reuters",https://news.google.com/rss/articles/CBMitAFBVV95cUxQekI3a2ZFVG1MQWQwWEhqc1ZLQnJsOHM1MDlHTWpFcWJ2Wm02VGZuZXJBX01fRS1VOFdhUTNNS29GeTRjV1dNb0c5SHd6ZER3TEtBaVkzT3FGUG91Yzh4MURBUE5NZnMwcmlLbm9QM0NuaGhpcnNMbl9pZ2xnX1NZbmdNMkRsa29oZVRxclJRd3FRLUFaZDBtTUszS1hLTXpBSk9VdmJ4YzBHOGYzeE9wWndRSnA?oc=5,"Thu, 20 Nov 2025 23:48:27 GMT",
2025-11-22T01:23:56,Google News Reuters,Zelenskiy says he won't betray Ukrainian interests in US-led peace process - Reuters,https://news.google.com/rss/articles/CBMiugFBVV95cUxQZDZpdy1xMTFhSkN5UzdDdHIzM2M2ME1pOVZxTENwSFV4N25wSVBsY2F2RzZ3MGs1RDJKVF9FbHRLTTI1TVRLLWdfYVVYZjl5UXI1RS1iRGh4TXBaSURPalFTZVNkN21CVVNMT0JCOVh1MTI1RmFPUHFRZnJpUVFoT1RzdW94Nm9vcmpVdE0wOS0ycXZlbXFpaTVBMzY4Tk9penk3d3E0TXlkZDJoXzhnWlRxaFJqTmxNX3c?oc=5,"Fri, 21 Nov 2025 15:56:23 GMT",
2025-11-22T01:23:56,Google News Reuters,Samsung Elec names mobile chief co-CEO in return to traditional structure - Reuters,https://news.google.com/rss/articles/CBMingFBVV95cUxOVnlmdFJxQVo2cURXbUJsN1pqS2FBX0V6NlY5dWphVTU2TUY2b1dMT3Q5MEkzMnRxczQwLTd3U1VBdlJRUTd3QThCWU1FTEpuWl9Fa3RnZjhMTlJBRTFvTHp6UTh2SHJzVmNjS3ZtVXM5QnFncldzbkt5M1Nocmd1SjNuRDdmU0pPWkhDUUhWWHFDZXB1Szd3MGFsLVNqQQ?oc=5,"Fri, 21 Nov 2025 01:43:00 GMT",
2025-11-22T01:23:56,Google News Reuters,"Tech stocks still set for record $75 billion inflow in 2025, says BofA - Reuters",https://news.google.com/rss/articles/CBMigwFBVV95cUxQQjZ1SUw5RTVSaDNUcjBTc2ZVaVhVZzNydFZWVFU4dGdEUjI0S3BzOG5PTWduWmpYWjNkUTVWZjJhSHNRQ1B4V210bGlhNzg0UWpGY2l5WkM0RlZ2SnBqMUljZFMwODlzLTFfMi12aFhTRjlqNjNyQlJ1dHB4Z0N2VTM2MA?oc=5,"Fri, 21 Nov 2025 08:59:18 GMT",
2025-11-22T01:23:56,Google News Reuters,"Kremlin says around 5,000 Ukrainian troops are trapped in the Kharkiv region - Reuters",https://news.google.com/rss/articles/CBMiuAFBVV95cUxNdFRseE9zUG1fR0dQTVdwTExCUG9ybG5WVXhuNFkxUEdSbEZnTENKVVlybDY3S1lCOGUzbS1TNEVNTjNTZmwxQVZUdWh0bWZ5TEVFaDQxZl9GcC00bnowZmlpcmFyZVlTY0RudXlTSDRvQXpzREVzM21MZXlTRkNKczJCcHd5WXB4LW9ZN3dTVlpYNHRJNjV5cV9WYThCbVlzYnVMdXVPUmVzVEZfS21RSXlHeWJjSWdp?oc=5,"Fri, 21 Nov 2025 12:13:57 GMT",
2025-11-22T01:23:56,Google News Reuters,Musk's X ends $90 million lawsuit against law firm Wachtell - Reuters,https://news.google.com/rss/articles/CBMirwFBVV95cUxQSlhwZDVSZ0RubVNVcWp3bVF4SkZadGxFaXNUWjBCRk1jbTI2V3prY2c0MzNpcU4wVFJlMjM4a1h3bnBNWkY3UEJzMDUyYW1qbk9qMHA5a2xkY0FzZ3U3M29rWmdOcEpBY0NJS0p4Z0xncGRHX1IyUnQzZ3JFbkRHbE1Ddk5jZThFMkwzV1RCdXJXcWlqR3RDTGhISDJkd1p5cWdpWGRDMmNlcHZRdjAw?oc=5,"Fri, 21 Nov 2025 01:10:28 GMT",
2025-11-22T01:23:56,Google News Reuters,GE HealthCare to buy Intelerad for $2.3 billion to expand in outpatient care market - Reuters,https://news.google.com/rss/articles/CBMinwFBVV95cUxQcndmYjZWcjRkMU5WZ25iY0J1VzBKOWFJWGxURDB1Y2xSRlFoSmNObG9JNnBzTDdqaGxlRUEtOTY0Y3RjVm5NVTVzVXpRSmtlT0VMLTdXZkNTR01kaC0wMGlHWXcyTHZUTkMtVGtsSlk3UF9SWnAxWGc5YjJrVlBHNzZtNURPVTFWTlJrS2lTZzd0d0NwQmwyeFpRSXhackU?oc=5,"Thu, 20 Nov 2025 22:42:41 GMT",
2025-11-22T01:23:56,Google News Reuters,"US judge moves to halt Trump's National Guard deployment in Washington, D.C. - Reuters",https://news.google.com/rss/articles/CBMiqgFBVV95cUxQT3BoRXJNSThvRFhscWZWcDRGUGJHMUZoVmhxTTBSQlVpSDN3cC15QWwyRVM3aHUyRVNCd1hKOFRkUUhUOHZ4bFpqaXpCRWIwZEpCRVhrZ29ZR2lSNlJrME9OZmc4WjEwOVdnMGdDRDRLR01nMzlncEQyQVphOHM5ZTVERF9IQk5xNnliZVh4ZEs2WjNxNWpVLUVJU1d1aURiVktCdnpldVBJUQ?oc=5,"Thu, 20 Nov 2025 21:31:16 GMT",
2025-11-22T01:23:56,Google News Reuters,"Don't let AI do your homework, Pope Leo tells US youth - Reuters",https://news.google.com/rss/articles/CBMimgFBVV95cUxQQ1MtczhTdjJVc2tFTW12czI2b0RTaldSbURGSnBzYkZXT2NjcWs3ckp0TUNrdXROa2RZYnBOeUpQTTlNTERBai1KRzVyeEdiWURhVHhZeWhZTVcxdXNucUppVVE4cWtOTDRfZlRFSHRxcGlvVlQ4NVVtcVZ6SVNwQzdNbXJJb192VUtNVWphUTVqR2gxbGdoN0tR?oc=5,"Fri, 21 Nov 2025 18:26:03 GMT",
2025-11-22T01:23:56,Google News Reuters,"US SEC dismisses case against SolarWinds, top security officer - Reuters",https://news.google.com/rss/articles/CBMitAFBVV95cUxPUzZ1QVl3MlBqQmNFLTkzOXZNMjBoZGpDMTl2alREd1VHUzdxNERDSjZ4MW1aNF8wR2dWdjlGMzdpdWJXbTZIT09XbmZLYnJiaGhjOU00WGhyb19oaHBVazdEeWhQa0h0OG9jUlUyR0pMY0UxQ1E5c0VNUElCX01tSVFDSDJ4cnBmanV1RlhWMDVNNkdFclFmY3FtXy1WWW1IeHM5QTlaM2JtSklZeFl5Rlg4UjU?oc=5,"Thu, 20 Nov 2025 22:19:16 GMT",
2025-11-22T01:23:56,Google News Reuters,"US military has new options to pursue group tied to Venezuela's Maduro, Pentagon says - Reuters",https://news.google.com/rss/articles/CBMixwFBVV95cUxNZE94THRjM1NBRkc2SEpYS0FUYm9IU2dwV0JsVDZ5TUtiR2ZHLVpVZ3ZKNTk1UFAtX240b1ZhUHJNbTBMQ3NLQkpJbUJ6R1pteEJCaGFjcGI5THNKODNacWtwTlRlZ1VBdTlpVnBHSnNULU5UUE9aai1VejdkUFBmWGlrYVVydHhXR2RVdXg5QzRNRE1JQkdnazhJSVNCVlVRb3gwMTRMMkdLTHg4Qml5TUFBSl9UMTdpYVg2cGRSUk15VDlGTGJF?oc=5,"Thu, 20 Nov 2025 18:24:12 GMT",
2025-11-22T01:23:56,Google News Reuters,"Russian forces take Ukraine's Kupiansk, top military official says, Ukraine denies it - Reuters",https://news.google.com/rss/articles/CBMipgFBVV95cUxPRHRpczNyTEY3LU56dzluaHRzajk2TTJIS3FDYWhXSU5JS1NGc0FJUkFObVZWT21zSXZrMW0zQkdZdHpWUWRSeFdZWFJiaURhVDMyaUU2NHdMU2VjQlJycnV1RVV4UndzaTdyYkUyWWFBU0ljTmJEZmpPUFVETHdkVVpfdHU2VGR0LS1LcmRmbkc4MnNLdnBMWDZ3d0tWMERqcXQ0Z2lR?oc=5,"Fri, 21 Nov 2025 01:01:24 GMT",
2025-11-22T01:23:56,Google News Reuters,"Bitcoin bears dominate: odds of year-end price below $90,000 rise - Reuters",https://news.google.com/rss/articles/CBMipwFBVV95cUxOVk01czY5enJDNTlfYzhIVjBmU1ROcGFpYXNEbVlyLWU3WVhQejY1U0IwMVVOR0VZZDRPMENldUFIejdtM2p1c1hfWUZFRGp4T0JaTEpEOHpNOXF3YjBiS1I0SWQ1Y095ejl1UXJ2Y0NIWkJEOE12MXhyR1JneVB3aXU4SVM2RGtFOEVSTVd6NDJpMnhOSE5YeEQtRURlaTRVWnFlSktRcw?oc=5,"Fri, 21 Nov 2025 10:59:56 GMT",
2025-11-22T01:23:56,Google News Reuters,COP30 climate summit evacuated after fire disrupts negotiations - Reuters,https://news.google.com/rss/articles/CBMiqAFBVV95cUxOYy02ZFlLS2NfWFV0cUtkRk5qREdFUFlVRTBoTVBQaGVlSjhqOTFuWXJ5ZkhCX3k2ekc5SGg2V0tTSllqVVpQOFpEUlA4QlJIajBWaWs4bkpPSXVoMU04LUQtWjJpWWplSXZrTlVXN0t1OGJvbjhCTFFPeV82d1hNRVVLbmh6am5zSWczbmlJeHhGdUI4Z2hKMy1LZTNnSFhla3g4aTc2Mmc?oc=5,"Thu, 20 Nov 2025 18:24:52 GMT",
2025-11-22T01:23:56,Google News Reuters,Crypto's connections to the rest of the financial system - Reuters,https://news.google.com/rss/articles/CBMimgFBVV95cUxQU3BpbXF0a19La29CM25CRzUxQmNjbkJCMzktNmtCaVZ6RHFabHNfcTFpdTc2OElOeE1XWTVuMEFkNHptdE9RaThTRm1FM0Z2RzZtelI1TGhyMnVpbTV2eFRDb0tDYkdSVzU0RGxPV2Jrejk1NFFUS0E0Nk84YzBQMkpjdGlCajlIbmdLT0piY3RENW1BdVE4azRn?oc=5,"Fri, 21 Nov 2025 01:59:58 GMT",
2025-11-22T01:23:56,Google News Reuters,Trump says 'seditious' Democrats urging US troops to refuse illegal orders should face death - Reuters,https://news.google.com/rss/articles/CBMivwFBVV95cUxNVGpDLWw1dklRQkN6VnFuZVNpalFNWEpkdWg0TWc3bmwxclF2NTZLcDZ4M3gxd2pPOXlNM2xkUG9YVEhHdy01dVdpWXpGQXloY0hPN3ZMMWt6dGlYMW9WT2ZHT0FYa0tlUHdzVWNLOEFUSHZydU9ZbGxOeG0wbkZ0NkJ1SHRSYVJxQmRhWjFiX2wyNjRZSHN6MGYwaExjZnotaFRtdUxCdVc4S2xWS2JUMGhiU3psdDFFNGNVSEhsbw?oc=5,"Fri, 21 Nov 2025 01:27:00 GMT",
2025-11-22T01:23:56,Google News Reuters,Trump team aims to ease legal hurdles to closing government office - Reuters,https://news.google.com/rss/articles/CBMiqAFBVV95cUxQa1JsSVNndEJLdDlQdUdRaFdfZThaTnY0eWx3N1ZoaktZcGxRaVY4UzFhSWRfbW9oZWtiRTVtMVo5cnJCZl96MkVhOVVpZ2g3T2ctUEVWc0ZYLU93eUF0aENxUGRjQW80ck1WRFFyU1N2WVIwQm5rNXhYdVdNZVctbThlOVBKUzVOMEV0SldWSFE3WjdtakNLYkREOU91Y3JYc3VZNWFsVjI?oc=5,"Thu, 20 Nov 2025 19:04:42 GMT",
2025-11-22T01:23:56,Google News Reuters,India's new labour codes: What they mean for workers and businesses - Reuters,https://news.google.com/rss/articles/CBMitwFBVV95cUxOMkYxTUNpM0QxQUNyYndmeGFpZ0NWMTAwcGVINlE5V3lxbC1YQkRnc0RISlR3c184SXVJRWlScEtyd1lGbDA0TWs3VzhweTRXQmkwUGFlVVpaQkpZekxiVWxpMldCdWFLQk9uVWVIWno5Yl85X3dqVU80Wm8xdF9LZmtLVG5ZNndGY1FfbXE2NUVrZjlJTWhJTW5vMVNmNXhZbWtxS2Q3SWZ2ODFfUklvN0JtX1M4d3M?oc=5,"Fri, 21 Nov 2025 14:14:52 GMT",
2025-11-22T01:23:56,Google News Reuters,HEDGE FLOW Goldman projects $40 billion stock selling scenario over the next week - Reuters,https://news.google.com/rss/articles/CBMivgFBVV95cUxNUlpHTngtdmw4c2tsVVFJbkN2REY4UC1mb3lzcFlIWG54WVh4TzlXQ2gxQWJnN0pRcDBKX1IwazB1T19oV3c2eXVtZXRjcENmWnhJbnBWekNCTXhYeHQ2Y2p5SUVvUGljdnkwTFhZVzcwY2ppUS1pMlJRVW01WDdib1R1YmUtbXNkNUZJSE5qaWNZMlJBNFJHR1hpS1BRaWhxNURrUHp1VGtDRFlYRUpuMnpnRTRkU2hzb1owS1dR?oc=5,"Thu, 20 Nov 2025 16:22:09 GMT",
2025-11-22T01:23:56,Google News Reuters,"Trump, Vance not invited to Dick Cheney's Washington funeral - Reuters",https://news.google.com/rss/articles/CBMiogFBVV95cUxQUzQwV0JLbXVORExjdzlYN1EzQURhOTBvSm1JNEwxMm5PbEI1TldKbUFVRjNGSHdkSnp3c0lTSWVfdGNRVERuYVgyOTVSVllsek84VmpneUFXZWVCZmFVSXh0YjkxQzRvQmlCVWV3dmhiYVhqWldfZEhkc05yQldBOXlGSmV4NVU1THZXYTNOd3VhVVBTdkQ0X2F0eHVlU1dBLUE?oc=5,"Thu, 20 Nov 2025 19:59:22 GMT",
2025-11-22T01:23:56,Google News Reuters,India and Afghanistan to launch air cargo services to boost trade - Reuters,https://news.google.com/rss/articles/CBMirgFBVV95cUxNWkpDXzdqOUVWSnBKdk1sZWlpTWFOUnhZaHRVX1hPRGtBYzBFUTdIYVdudzItbGhZR2tsSFIxM1FxX2FNN1oyTkxxOVpBZ0dZVVFuSGpTSGNZams0VDNta093d1hrZXBnWFpIeTNPN0ZENV9VeGxHaF90NEpJVEFQM3FkX1ktRzVSMlV5RjI0enJ6NkFTd2lSQTRJUENZbzRRNERvV2FoRjI5NkJMU2c?oc=5,"Fri, 21 Nov 2025 10:14:34 GMT",
2025-11-22T01:23:56,Google News Reuters,"US considering sanctions, Pentagon engagement in plan to protect Christians in Nigeria - Reuters",https://news.google.com/rss/articles/CBMiwwFBVV95cUxOX3FHUjYtVFVPOEQ5c09CcGhmajdSMlBHclFwVUVBemxTVk01bXhJUEpSdkEtNTdhdEQzdXU4RmEwTEdGOGNSbTZiSXZIazlNaHhQVURfVHNlWmpLMmFpanA1VEk3LXJFNU52ZXZLTjFXc3NoRTZvX1hjblhWSHdreUxteWs0TXVTNm9KVGJvVVpYb1FucGJRbDVQUjNuOTdRQnRqMDVvWk1sdDVWcXh3VnVWc1hQT1BZMFpJMWZ4b1NCaVE?oc=5,"Fri, 21 Nov 2025 07:27:43 GMT",
2025-11-22T01:23:56,Google News Reuters,Russian video shows soldiers walking freely through ruins of Ukraine's Pokrovsk - Reuters,https://news.google.com/rss/articles/CBMiwgFBVV95cUxNNkhWZlZJWEpzM05GY2RIeFQzOXV3R000SklEQlFla2piNTNCd2NmcWJXTFZHdUwyaG1kOEpETmZ5WFI3UmRaS01XVjVwU2tYR2xtODMyU29lRVpNbGk2TE9qZDdDaFdSY21LaHU5d3p6d1BTbmM4RWpjcWtMOTZkX0xadHZOb3NxNG5SMUVSd043ckdsQlpSNE1hQzNCd2s4MktBZFpUS25QbktqTUZ5VUJqaWIyZ3RZaFdZMTFMQ1UyZw?oc=5,"Fri, 21 Nov 2025 10:35:57 GMT",
2025-11-22T01:23:56,Google News Reuters,Fire disrupts COP30 climate talks as UN chief urges deal - Reuters,https://news.google.com/rss/articles/CBMiqwFBVV95cUxQX3M1ZUVoT3ZuUXlwNFIzWHFKNmd1Sm9GNDRpU0VEZlVRT0YzSEwzWjJ1VVZJZzZpODNGeFhoSUo0b3piVUhpQVJZNFJxZjNVNl94SDhNOWE5QURHRGoxZUxkQWJsMVJEUldEUEQ5a0ZEVFBsSWRIRVBPaFU4cGRPS2t6Q2ExV2VrTHJ4RTNBb3dHUnJpMWRYM2FfNllkNjVnMU5QZkozRVRqWDQ?oc=5,"Thu, 20 Nov 2025 23:45:56 GMT",
2025-11-22T01:23:56,Google News Reuters,Death toll from Indonesia's Central Java landslides rises to 30 - Reuters,https://news.google.com/rss/articles/CBMisAFBVV95cUxQS3BNS0VKd1NJdzIwb1RfbUVldXkwRElLeVhCaGNYNFVBSzVDMk5KSmY0alV0NlJ6ekU2STc4YTBEYUhiZm1zcG5rNHAzMm9OVTVlTzNJV3RTTjBPLVRxdS1SWU9IQkV4RjZsUXRzRGpfdmdic0hJQUVmenRHVzhpQ20zbE5yeDd1Q0JzOHd3REJaa2Zfa3hPRkdMaFNxbFBXeGkzdFhIcW5WTUtKb2VrLQ?oc=5,"Fri, 21 Nov 2025 04:25:27 GMT",
2025-11-22T01:23:56,Google News Reuters,"US posts solid job growth in September, but unemployment rate rises - Reuters",https://news.google.com/rss/articles/CBMitAFBVV95cUxPaTZsUkhraGFEZHMzaUxjOTJ0bVU2WVROZDdZOUwzaUdRZHowS1NOWlVUeXc0V2lVRmhkVjZyMWtzVnp0M2VWWGRGZzUtLWd1RFAxd1JTMWpEdFAwUENkMFBQYUVIeVk3Y3JkaXN0aWV0a0hNWWpkM3BSOW1KSi01bXA4Ty1BTWhONGRDVUZKd0JDQkIwSjBhTkZneGRwV1cxZ0JlejJtTFJGOFR1ZHQ2UFRlaDQ?oc=5,"Thu, 20 Nov 2025 20:09:29 GMT",
2025-11-22T01:23:56,Google News Reuters,"Verizon cutting more than 13,000 jobs as it restructures - Reuters",https://news.google.com/rss/articles/CBMisAFBVV95cUxPY2cwc1ZJWE9ta091ZHk0YVJXbUhWLTRHOF9CdGZINmNLZF9NV05FMGNXSXZ1NVZTZE5xTERHNVNDUXUxUFhHc29VVDBkcGZsYk9GRkd1MS1iNjlVUzdvblBKV0NLMGtHN3dQQkJMV0dzVEVkdDNmcEtJb2FGLUM3bDdGLXRISjFVU1pzMWFET3J0MUNGMzB4M3dLRWp1SzJuWVA0UkRRS1pvM1l6SHpIeA?oc=5,"Thu, 20 Nov 2025 22:33:43 GMT",
2025-11-22T01:23:56,Google News Reuters,Israeli forces kill two Palestinian teens in escalating West Bank violence - Reuters,https://news.google.com/rss/articles/CBMiwwFBVV95cUxPSWpIZUNDb3BQTHV5SnhiWHlxbzVIVmh6ZWpBeVRLNUhmeGF2VktaMGlicHE3cDUzRjlOdVhOQ2FDQjVSN0pPakt4M0g3VXcxNnpWTzIyM1lqU29Tc184T0RPTjNhNlNzVldwck5MZEVFbHhKMl95ajRLNVE4bXBjM0NRODh6UEw2NkFIeW9ZMFFQbDY2RnQ1bzZpM1JlZFlQUWpUSFNMcU16WXlsQnpDdEdfMjlzai0tRGt6WHVJWjhJcjQ?oc=5,"Fri, 21 Nov 2025 16:04:33 GMT",
2025-11-22T01:23:56,Google News Reuters,Spain's Supreme Court finds chief prosecutor guilty in leak case - Reuters,https://news.google.com/rss/articles/CBMiuwFBVV95cUxNTE4taXZFUUtOTS1NU2xxQ1E2dHBYZXZYaFBXamtpT21qRzFBckxMLVlZcDkzVERsb2I2OTAtRmY4bzNNTDFCV2c2MUhNSGJGZnctS3hrUWxpSU56eDE5cmQyX2VibVdjUFYxVE9YMUE0OEVvOFZqMXR3S054UmRJZk5jeWZLODd3QjZKT1pCdjNPMXBNUkcwVVg4N1BlcTNXS29YMExVLWxfbGFfWjFMQUc4cE9YUFozY1Nj?oc=5,"Fri, 21 Nov 2025 10:18:53 GMT",
2025-11-22T01:23:56,Google News Reuters,Abbott bets on cancer screening with $23 billion Exact Sciences deal - Reuters,https://news.google.com/rss/articles/CBMi5AFBVV95cUxQM3VOZHV5YTJYcTdxN2ZQQ0p0MXRBTTdDSEZEbnZyZEJwdlBnQ3NhbUR4VGJUVnBPTl8wYnZuSElYVDZhTnRMYUxLSFNNNmNDZFFBbHZfelBvZXJ0d0V2RDduWlRVQ3ZDR3I2NGZLQ2pMTkwyb211Y3hla2hhZ1RYcGItSEVuV2JhOS12QXlRQndwNkx1Qk5JZjl1bjNUNGtZWDR6a3dkZWZSa1JNTVU3X1d4VlE5WW9RQUVFMW5Pa25VZVNFZXFNQ19uT0p2UkpNQWFjNjQ2YXhwaGVTcG1kaDhZUDU?oc=5,"Thu, 20 Nov 2025 17:10:57 GMT",
2025-11-22T01:23:56,Google News Reuters,Fed's Jefferson: AI-related stock gains unlikely to be dot-com boom replay - Reuters,https://news.google.com/rss/articles/CBMitAFBVV95cUxNZDJBR1Z4ZWJ1NmlZS1d5ZDYtR2dQbHpSeDdYNURsWjZRbWc1WFJhNjl3ZnVqSFY5dVppSUM1UnBTNWJWZVJLMlFXdldNY1RENDFnNW5qekZFclJwUWZPRGlOejl3azA2Skw5LU5VUEtrbGNSR0RnblU2LWoxOE95U1ZfbHVDZHE0WGdtOXUzb3FybHpyaGpYa1k2U2VLOFVKMnl4aERlS2IzQVdOb2M0clg4Mnc?oc=5,"Fri, 21 Nov 2025 13:50:02 GMT",
2025-11-22T01:23:56,Google News Reuters,Shadow navy: How China's civilian fleet could be a potent weapon in a Taiwan invasion - Reuters,https://news.google.com/rss/articles/CBMie0FVX3lxTE8xYjM0ZHhOYlpiZ0RINUhNaHdIU3BjdHlxcmxoaFgxZmxIMmRVaTZ2S3pHU3NJczhpWEJPMzBlLU9OMGpsQmk0WWN6YXRta1ZnQXRfZzI1Y2E3RU9rMjctOU9TN1g5ODRuRjZ0N21PV1p6Tm1ZVnEtWlBRYw?oc=5,"Thu, 20 Nov 2025 11:00:00 GMT",
2025-11-22T01:23:56,Google News Reuters,Zelenskiy: Ukraine faces one of the most difficult moments - Reuters,https://news.google.com/rss/articles/CBMioAFBVV95cUxQeUg0cVF2QWFBejRxd1pnS2dXQXB1U2lVSGdKWWZOQTdHbko5RGpaZzh0M194MWVWUEsxX3pZVWo0MlZIU0hFTjQza1ROeExaSG9Tek1TV3ZVU19UVFp5WGl3NzU1cjIwWDdxeGFiUWZCQTFHS29qbDA1a09iRThad1RKaGhJQ1VFWWI3X3UwSUtOLTNhelpwWGJoMzZHRzZM?oc=5,"Fri, 21 Nov 2025 15:34:49 GMT",
2025-11-22T01:23:56,Google News Reuters,European arms makers retreat as Ukraine peace plan gains traction - Reuters,https://news.google.com/rss/articles/CBMirwFBVV95cUxNX3hES3ZVSVpmUmMyeV90Y3JNbGQwMnFBdGUxUHpBMU54UzByeGpDbjRTX1hwSHg0WXlrcnpDczZlMEdUbWdvYVZsVVl5S1lhYnF2dnh3Zm5SaHptVnozS285UnRmZUhDNlREalJHM0ZKOEZuN0l5OVFMMFlPSmk1VFQwNTljSUd0dXVJWEVNQUVGRGtTcEEyTlh3YUFCaEtqYlluYjNzVWlOYXgtUXhV?oc=5,"Fri, 21 Nov 2025 16:35:18 GMT",
2025-11-22T01:23:56,Google News Reuters,Stocks stuck on rollercoaster despite strong Nvidia earnings - Reuters,https://news.google.com/rss/articles/CBMifEFVX3lxTE9YX1duR1Ixam5ESGxVSU5OU3pFTGxneHo2YzZNOVRmV1Z4RHZHZUpfNVU3UnBkZjluWFl5eGxtZTFLT2dqanVMSEdWeTJ4OHpKQ1k2cWJ1UmxrQ0ZaVzlGeG5FdHNtNk1qVlNVeWJvalhoMzR2WWctcF9xNlU?oc=5,"Thu, 20 Nov 2025 22:52:19 GMT",
2025-11-22T01:23:57,Google News WSJ,Trump Says He Wants Ukraine’s Answer on Peace Plan by Thursday - The Wall Street Journal,https://news.google.com/rss/articles/CBMihgNBVV95cUxPR3c0OXVvbVhzdDk5NWR1WVUxRU4yZmYwMjJIMEFqUEJfbmhiZzR5VDVRdHJDQ3YtNVRSUzU4QWZXV2o1RjhXY1BvekNWYlRiWWhvbTdNMmw3N3A1MzlFeFJ2QzBRa0d3dlBKYWJ1Zl9kWEJ5MUEza3hOMENxVHdVanNIN3dhaUI2V0FvS2ViYjZBZUFKalloemNCVlRXb3RKd09EdnlCZ0o4VnZaUVV2NkQ2bWpodmJmVEhmaXhZM1VMQWJFS2JGbVpMTHVENTJrNWpmaHZ0WktKSXpjWFR4cmI3U0xyZVF6TXJ4VU9Pa3E1Y0FXNWRKc1FUT2xCSEQxUjJFTW1lSmM4Vjh4anpYNUdmU0NaYUZNdTBaSVc1SHg2eEk2WGl6RG5DU3lVRmdheGt1akl6SHF3QnR6aU1SOXQwTUlGekphMU8tTHF6OXljTWZzNzAwelF2OWMweWtPZU5GTlMyNl9SQ25Pc1BlWUNObG1QSFFac1BvVXl2aEQ1Q0Y5d2c?oc=5,"Fri, 21 Nov 2025 21:34:00 GMT",
2025-11-22T01:23:57,Google News WSJ,Tyson to Close One of the Biggest Beef-Processing Plants in the U.S. - The Wall Street Journal,https://news.google.com/rss/articles/CBMirgNBVV95cUxQcHEtX0xPMkl5Y05IZUltbzhITUh2YmE1N2tXZG1WbXV1TzJfUmlMVWpnUk1uUFhyNEd0Y0daYl9FVDNwYWNYTnpEUlVpWVRZMER4ZUJpMmJld2RIa2ZCbkRXTlhDLWJrTHQ3YTZEeXR0UGJuemNaaXdOMWwxMXZremdNSW1PNVcxNkVMQ0hCUzNUcXhiTmREcDJZcGVoaktkQkRfdkx1MldaaF9lWlh0M3Y3bHp2TzhLWk8tMFBYeHRsVnNQTEJCWUU4TXY4T1lEV2xvcFlid2NKYkdMM0JHRFUwSnR5VzRUUTB6SHdxN1ZlaVlCc1hfSGx0UlBEQjB5YTRNT1lXY0FnSXNYN2F4aE02Z3paaFZ6aGpGZURoem9qVFZlU0pEX2VzTUNEU29hOXZSaFYtNmNtT0pPV2VNSG5iVlA4UVJDZmtLbGhyRmFaNUk5X1VpelExSUkzbklSaVJBSHI4YXRtLWhMR0F3UTEzdnBwa0F3TU0xVWFnUFlsdGdrUTFDNHFKUlRCYTNmV2pXck9rYmx4R0EycWl4UFVuUDNSTnJyRnhrTExR?oc=5,"Sat, 22 Nov 2025 00:07:00 GMT",
2025-11-22T01:23:57,Google News WSJ,"Consumer Sentiment Fell in November, Michigan Survey Shows - The Wall Street Journal",https://news.google.com/rss/articles/CBMirANBVV95cUxOYkotM0YxV0Fua2E4MFUxaHN1aW9MUG00a205a2JJbUx6Z2NnQk13cF9weGJQRGZxUzBqa3lnVDBLODJOV0x5SEkxVmVaaGV2a3dSNjRfcTNEWUcta29OdHkyU0dQOUl6QktlaHNvT0F5eDNjOC0xZ3ZYNEl3QjQ2VEJXNzZpSFB0cEhHOFR5ZUlvVHFXUWNRR19GZktOMURKelBuek5BbHk3bklDOFhDeHVUU1I5YjRnWEw4amlETGp3cVBXc1hDQ3BZVXBRd1g4QzBqWG9hXzFGZ21EalRXcWRFMmlrSzFkaGRIZ3kybWVFSDBPMUQ0TUFfTFZKVDlVS0cwTXluODJGck1tYTl6cHhMVTlUOHB4eWhxY3dLbGhpYU56WFdaRHVNZDVpYndLc0dtNXRidFlOalB2Z2l3dE1rbDMxNWtRbTdvTEN6ckNidHVFaS1DYTh0N2x3NTYtOUZvbjlDRHc3MEpFYWtYVUp4cEViTlctbmR0aGVuZUNrX1BKUHZGcTBCOW1kMHdwY2xfY2xiNjFBSk9aN3EwRjc1RzJLaFhNU3hSQg?oc=5,"Fri, 21 Nov 2025 15:25:00 GMT",
2025-11-22T01:23:57,Google News WSJ,Fed’s Williams Sees Scope for ‘Near-Term’ Rate Cut - The Wall Street Journal,https://news.google.com/rss/articles/CBMihARBVV95cUxPUGd5Nm9NU1Q5RzFBc0xFbUQyMzdoQjl0WnNLMXNDWTFpNGh3b2hkV3pCaVgzMmtjZWVFRzhQZU9XNTZ3WC00RVB4QkpqalBHaDBwZ3VxYW1sV3luWkdqMWdzWmpTRWFkQTBDMmRzWFBrbUdSRW5iNkl1ZGR1WEVWelF4Q3JUZlp4VVI4MEhRaUVPa3NlbUxXOTFoaUI4bEltTVY1UFV3TUlxN2dJWnNmWnNOekd6OEpQNnlWZGx5NXdLbzU2SENid0VERm1kZmdmSEl3WjUzSThNYmItcmNYcEliLTQ3Y2NIVVFBdlRSQ0VPVktLeVJjNmpTVl9uMThCT1Z2WkpsN2dnaGNoOFZCTkh0M2VkVF9HTnJIMng2b2pRa2tKQy1yc3pxTWxjZy03X1g2MUtLR2tkNzI0VWxUSFowQ3h3dXUzRm9hOTUwVmxYZzB4UTJwS0VkXzQwRG9wRF9vTXFQTldOWUI3UjI0MmY5anZiWUZWYXJ0alBYbE9VSG9PR0pNZGhEX3hLN3p5THlPTXI2eTZqVDZmdlpLTXdhckJMeDRYMDV1X3IxX0daTmV4OXd4Ty1JQVAwandvMFR6Z21DS2ZVX1ktU3BqYWFsYU13YXVuRE96dktUcWJtM2EzUmVJSG5yay1tV2NYRk1Ga3hGNF9fdlh4TEU2YUZaWjk?oc=5,"Fri, 21 Nov 2025 08:37:00 GMT",
2025-11-22T01:23:57,Google News WSJ,"Trump’s Peace Plan for Ukraine, Annotated - The Wall Street Journal",https://news.google.com/rss/articles/CBMijgNBVV95cUxQR3E5N25Jb2E0anRsdVhtTTdZR0szcG5aZFo1Y1U5dzE3cnZMQy1qeUxiUjMzNmxlek5mb2ZlZWNIYnlxbmp4YXljSmtQZzB1VFNIZkpaOGxVREpCYU8xb1c2WktFMHNRYi15MzFaX1lfUDVOSU5wdTluekZqTklrWVpSRWhJdEh0UDd6dFJEN0FHOGZTNnpqT0R6VVExUWtVTVZhT29YR1ZZS1hfRzhWSDk2NVJFQi1OMDZhUUVVbWQxMUMtQmNMM05oaGhnNWQ4Y2pNTVk0MXVWSkRLRFdUdWFwWU91MEJQZkFpdDBSdC11Z3pMUWJ0MDZ2V2lnTVY2aDl0dU10elRoRktTNmRXR1dPMzBoYm1BemhfTTl0eWJJYUd3WTlNR1BxdUIwek1iWVRMcXV4SGp2VGRlQ3JEQm1KN2s3M3h0NUZFc2ljREtsQ3F5YjJqTy1UdXVGMFo0TFdZdmtQdDJXSUNocERHVDlJWWQ4N1pFajQ3RlpSUm1zWjR4S2pwUTVqQ0FlQQ?oc=5,"Fri, 21 Nov 2025 22:57:00 GMT",
2025-11-22T01:23:57,Google News WSJ,This Year’s Thanksgiving Surprise: Half of the Guests Are Stoned - The Wall Street Journal,https://news.google.com/rss/articles/CBMijANBVV95cUxQaEl2Z1R3V2ZfTzFVZkVRTWtaSmVIMXBNYk5zTjRCeEwtWjZKNDR4eFFfN1VQMk82MUEwc002Vno5SGxCR3ZGeEdRMV9YUlhjcndtZ0ZJRGN2TlduMlpESjFUR3JRWEt5dGJkMTVRaVRPYTdRcHljd25KVnFqZndEMS1ISnVRelpmMG81UWlpRUVCX2UybUNORkVCTHhYUFAxWjBaNEFWWmxwUEVGeDIzdWxCTzFxaHM3bUNZV1UtNTE3MWF3aThXbmJJVFYzeXdpZTQ4MXE2R19wV2IwY3hxMm5ReTFLcmFkUl9jZV9yWUZwdmt0VnJnWFNQb2thYlpBc0R2WllkcFZsa21QdXZieGRRUjQyMHpvaEZwM0xuWGhJRFZFdW90cnRSRWo5QUtXVUpnTTNQMGNuMENxNEk2T3NYTFJMaWwydkpPVmtwRHlpZW0yVXQ5OWF1S2JGcW9meGZLQ21qYjFQNzBkdm93TEtNeUxRMnNhMWdLZk5GSlNDbUFvZ2dramxNUlg?oc=5,"Fri, 21 Nov 2025 10:30:00 GMT",
2025-11-22T01:23:57,Google News WSJ,‘The Thanksgiving Visitor’: Truman Capote’s Tale of the Holiday Table - The Wall Street Journal,https://news.google.com/rss/articles/CBMiuANBVV95cUxQU2lVeTlHM1dtOW85TFpMLU0wX0Nvc0pqd0pqanY3cU9jQ2tvbmJTZ0k0NFBraXVDRlFrT1NTZkMxX0FsWW94MXJ1V3JzV3hwSUlLNlUwQUZ2U2JkVlZmUDRlZVBHTHZNWVNveE93MjhoZ0U0N2s1V2hhOXEybkZYTF9Xamh4VzJIaWswZkF6Q2ZPQl9FbzRtZnd0R0pSRUVGT1JlRTdKTGVwQVN3YlhQWTN2dHdJNVkyQ3VrTnhRZzBVVHpjazEwcG5yc0NnUVdWNFhxeTdyVUxBTkh6OE5DOElrdEYzNnBUck1MRUlZbHhuVGVqZVAtV01uc1hlaDNhcHVrcm01M2tTeHgwOHo4VEJOUXNxbFJwNGhISDZmV2tLQVdyX2VrQXMyemNnRnZEYkVMblRiQXRiQnMzMzZ4WHhZZmFNRnlPYUF2Zm9LM1N2TjFRYW9mbF9lZEhXMFZXczI2SFpHc3IzVjM4TVpQRDdzVE9nSjFTbmtVMlRnYnJNNnBFTGc5QWhlS1RMa2V4SlQ3UjY2UjZWRF95NFhfUFVrUDZYOWdzSFNpenFUOEJtcXdJWXFZUg?oc=5,"Fri, 21 Nov 2025 22:08:00 GMT",
2025-11-22T01:23:57,Google News WSJ,Stock Market Today: Dow Rises; Global Chip Stocks Drop; Bitcoin Falls Further — Live Markets - The Wall Street Journal,https://news.google.com/rss/articles/CBMijANBVV95cUxOT0twS05ZV0VhMlJkR0txamN3cGR5a1pVVm43RW9DcnVEVUpTa2M3Ti1NMzFGUDJwZTFXTkFCYm1qcHdMMDVFNUlTaUI5SDM1clVvMHVaQnVmbkRMNmxuOVBiTkNobWd6WW83Mk9OdlNaLVRGaHJIWjQ1Z0FnazJ6ZkhxS0xmd0ZSeTM3dlVZWmUxbk9rUC1CQ3h0TkdDZTRudmp0N3BBdk4tWTFjWmoxREtQeEp6T0Z0ZjBaRVhEM1dLLVZXWGM2S2F3Z1ptWU8yV0J5bzBtVkdyeEpFamxnS05xWkJRSlVMWlYwanBZdl9qb1p6dWo4OVpEV3ZyRnV1WnZvcnlIUEszeXB6NXJvMjdzTEhBMVVFVlAwMmVORmJTQnU2ck8weXNCb01KUHlZeFUwd3pLcVd0RU45N2NkVXYzTUZWSFBvZUk2dDJ3WU8weUlFekt5MU4xRXV2Uzc3d2dxLWRET2hCQjlteUhZakNobTgtREFSejNGZ05GdndsZUtBV3JtMjJOVDk?oc=5,"Fri, 21 Nov 2025 23:23:00 GMT",
2025-11-22T01:23:57,Google News WSJ,When ADHD Meds Are Just the Start - The Wall Street Journal,https://news.google.com/rss/articles/CBMijgNBVV95cUxPSWlySjFDRXE3czBoRHdXVS0tbk9DeUw2NHJ4dDJuX0dxN1FaS3BvLWNxSGc0SnpJVUlfd3dmQnJjdzAtdzRTSC1EcERDRkdVdmVlN3B6YnVCRFlKTGRJSTRkdlBYRG1FdDJvbjcwTmxvVWNZS0hjQ3F4ZW16RzdtSl9JYkNJaml4V0FBS3JCbXI5aklyenl6ME9xYW10MHozSlhCTzhJZHhqdnB4bElxZVVaVWtSVU1WN09MVlBRTEpUeWJYVGR2OWhQSUpRdFp5WWo3N2xkeEtaVElwTVlDUTZRcEFiUjBoTGxIX2dnRzVXVGJkZDE1MjU3a2pKMEM3SmVCMUJiNVFyd3JxSXJzS29aUEdEdDBWckJxUDBIR0ZBZTViTW56cGwxNlFOcnpmUl9BNEZiM2ZCNHFRdUpVYXYtNk1SZWVJQ0NIbjktbUE4enNIV0hEcWk1NkwyUkpJNjJHQ2VwUnFCeWM5QlVpVHBUSEFMakZ6TTJOa3dpUl9MYy1iMlpTd2dMRjRrQQ?oc=5,"Fri, 21 Nov 2025 21:57:00 GMT",
2025-11-22T01:23:57,Google News WSJ,Opinion | A Tax Revolt in . . . Chicago? - The Wall Street Journal,https://news.google.com/rss/articles/CBMinwNBVV95cUxOLWw3ZS0zcm5xQk9jNUlDZUgtZlhxWUdRQVNhdi1WSkhNMnNaUkZ5XzlTd1lUbm9WX0QtUGlRR0IzQktoZ2p3TVJtcnd3RWpmU1ZrMmJxQjhOT3VrRUdpWmNQZ3V3NUowM2hnU3E0UHhiMzBhUG12TnozWDExLXQtUEVfUnI2LUZvcW1GVGRRUElEU181ekJ0UVZRX3FjWE5acWZTSkMzUHZ4NDZtWlpPbjdOQ1pEVENnTzNFTExqcjdGNzh6TlhFSlFEXzkwb0RnckdwSFp1NkRSZTJYS3U2RDBBOV9EbFZYTkVtUGZXWm1jZUZGNFVFNVFzTGxUZ1NZc2d2VmZ4ZU9RMXdqSnRRdXU4M29tdUtaMmItRG0tYUxTNlBMOUVKZkZwMnBxN1NQTXNpdnRsX2xFdkZ5dUNaT1NPZzljVkN4ZWpSTDRwcVhHVHJ1UC1zdWdqdkl5c3VzSFBhMHBRanlkVUUwTTZjRXo4ZHlYYmF1RmhmX1NoY1ZhU0Yyald0dDBwREJidUpranpBbFVsRDdRY25wbmJv?oc=5,"Fri, 21 Nov 2025 22:40:00 GMT",
2025-11-22T01:23:57,Google News WSJ,Opinion | Mamdani and the Synagogue Protest - The Wall Street Journal,https://news.google.com/rss/articles/CBMi_wJBVV95cUxNc1hBRnNFUzh0Z05HRkx0WTRkanF5dDB6aGhGcFpMTmQ1ekpkdmlGeS16aThOU2pFY0dWa3RhQVVLbi1GWm5hQnRvZmwxZnZtNVNFN25OYjFraGgtWGQ0amRkSmg5MFQydzlRc1ZZZzctTFNaNVR1RVFFTm05Q1BWRGhyM0hXVjZYZnlYWkg4Zm9uV01uallaTVJTd1R4QjVYTHlmaGp1Rm5xdnpDR0E0WVJnajBINDFTbkdabGY5VktqMWdCSlk2NDdLWkxzQXh4WTJyRVEzTmw3dDd4eVYtbWxCOHRORGlNM2NmaXBIR2NsMlh5LTY2SWx6SEZTa2ZPV241SVJyd3ZHdllLLTZTWnZXTDNVQmVkRk1yM1M4VlZaWUl5OEJiRC1YOGxTQXJWXzBKeTlJZUFhYWR4em5COTUtSWhLeExZeVZBc0w4VXRpYVAwMkZhZ2hCX2Z5d3RJQXhBY0FoZFJ0Sm5SVzNqc0R4VFBpNThRdmNJME4tUQ?oc=5,"Fri, 21 Nov 2025 22:39:00 GMT",
2025-11-22T01:23:57,Google News WSJ,What to Read This Holiday Season - The Wall Street Journal,https://news.google.com/rss/articles/CBMijANBVV95cUxQbTZzeXhQc1JEUk0yQTEyNG5aTWNweDBUQjcyamp0ZkZfVGNNYWxxY3ViOHM3MDI5ekhEX0VidU5sWFFpbEw5dXBDdzZqcU9uUlZEY2hwQmNoYUJMd04tM2pQY2Y3WWhqbFcxdnlnS2k3VkJac3ZyY0gxdXRjc2duaFlRUGNoeXNvLWprNTlkOWRfSW5zYXVhREk0VVJiWmhBSjVucU1DZDMzaHZhVDZIYnJ2XzVXVHZ1aGZyc2pkZ0oyMmVvTXdsQjZEN3h6Zlp1N2ZNemFTWVYtLWFaYm13WGt4Z0xuUlozZGlFWUNGWXBwWlZia0pmSEgzb2RpR0p6RDFXYmgxOFl4M1otODJXYzloakJyS1lISFBzc1BYQWhlZ0ZmSFJvWjNXWTNnek84MkVpWE9Zei05WWs3RDh3UHRwQ3Z0QVphZHpNVV9NemxGV0xqNmNxY0VISlp0Y2pRd29mazNxdFRsN3Bla1hEQTZMajVxaW1ZaThjTFhweFUyS1NzX285ZVV6OHo?oc=5,"Fri, 21 Nov 2025 22:06:00 GMT",
2025-11-22T01:23:57,Google News WSJ,"Bitcoin Price Drops Below $85,000 - The Wall Street Journal",https://news.google.com/rss/articles/CBMiigRBVV95cUxQZWJxaHZyOHBXYTNINUE1blFhWjBHem84ckpqYWhLMjU0dHJsVTBsTVF2Y0taaWRtOGZadm55QTdoUzhpeWJvUWxVeGpqSGtSeEdfSENTZXZfb3J5YUlfc0FRNmxpREJ0TXZRNWRBZV9vNzlyVmp2b2Z6R0NwZjFaS0s0MTJnOTZQcGFUaDU0RTY5MGpYNkNRVE5GZGZ4NWdGTVl6bnBnR3RTS2N4Q1BqRktOYTZsa1RYcXVKc1NCMTU2enNOR0x6TzJZaGZXai1pNWNrM281ODd6YnQzLW9LLTU4VkRKV2FLT29taUNLenM2T0lWclN1YmVHNUhnZ0lvb1VreWhhLTRQMkRvZkY5RGpnMm5QMG94dmpDUVgxcUJkOU8wSXpJbF9DenJQMnl4bkJPOVNJeDlPUVZQdWUyOVFvak9kZm80LUdFTFVwakdXUlRFcjRlRmRaZU43UzktUE1kaGNmNGZiejhEX3l4T0ZrUDFISWMxR00tOUdFSHg5TDF3VHFSMDhHNWhMTzliY3ltTmFYNDBTZk9MdHk0UHN3Qjh1dVN2S2xXRmh4TzcxWnZFRnRWUGZiYkRwd0pNMER5WFF3RjVFLVRzdEZZTUhCMjAxQjY4QXJ3YUZnZ1I0ejR4cmxjeTdZNGIxSFYzOG9ucG5YOTh4UWFPak4xV3B0Sko1azdvZHc?oc=5,"Fri, 21 Nov 2025 08:37:00 GMT",
2025-11-22T01:23:57,Google News WSJ,Are Bitcoin Trades Behind the Market Swoon? - The Wall Street Journal,https://news.google.com/rss/articles/CBMi6gNBVV95cUxOZmF4TU16blJfRnNMcEZmYXR0ZThFSU9MOUZkWTRxYzFTbUtnbG5EZk9jUFgtSmx6dGtIak5pRGJRNThSWUQ2MjFlRzNRN3NNTkJ6bnAtVG9nZUpiMEpvVU1CczhNWnVZcmpaQ0tXRFVGa3lPS2w4ZC1peGZXeVVjVlVhYkFtZ3hGaVVWZHVYZkM0OWNfb3R0Y3FFclU0V2ZTQ1hyQmNSY1BtU0hEOXowOVdsVllpNkVOeTBpdE5HOTdSNlYwM1VfVlVZZHlTYTBEanl1OXkxSk9oVUNVdVVzRmxxOVpwVjUzQTA4ZU5yUmN2M1lvWElDVEVIekNOeERXMnFyUkE4VWRZNG1pS3JOSmdWZTNlX1p4SGdieE5EengyVzVIWlF1TFlDMEd5aUQzYWY0dWcxRlBuVU4yaEZVeUdFZzBDQmlYTDJnellXa0dQRkY5RXpsdmR5SFZoSGFmVGhtaVNHNEVyNUpBZDVtdGthTnFFc2lTcWY4UVA4TndTQUhiN1N4VktLYUpDWlMyYkIwdEN4QjJXZWd4M1o2NVR4ZmxzTHZXVmJGRHQtZjktdEJxVk1fMlVid2FIZGpaaHMyT19GeHN1ODlYajlaU1AyaXhHV2xNN05OZWdmTXpoek5nSzlBTXhB?oc=5,"Fri, 21 Nov 2025 08:37:00 GMT",
2025-11-22T01:23:57,Google News WSJ,Global Markets Fall as Tech Bubble Jitters Resurface - The Wall Street Journal,https://news.google.com/rss/articles/CBMimANBVV95cUxOcDNkekd1aURXV3Fnc3htcjVLbnNSazk2a0ZYRmtOZjBaRWh5NklZc1lvOUw1clRlNHBkeHdLRjlMNGl3ZjhMNTFBSFRHdThNOFYtNVcwWkE4MjctNF9tRHBJRkIyZW9KajcybzI5aVVfbFdsZ2lJSEQ2eXg1WWtWWHVxYXJjYXY2VU1STldRNkpBaHpDamFzMUtMblhvaXFFc3JyMnJNR1A3b0pzTUZYR3hROHdGNkJqdWVtYk82NG50SFZTQnZFd3pmUUd3ZFFneVpiWkNKMUd3NnIwd2p5SEpDekVqR0V6UGlETDB6dWxLREhTYm5aUEJlblV2M0pYd2NhTGlpazdtNmNjMXUxOVBzWGRLUHI3d0N6OVBpbFMzUUJDNUxSRGFfVmtnLU0zQl85bzJDUE1TOWdSZzFnNnU3b0h3dms1ZEhtSnBBcEVrU2g0WUo2emtLOWU2RFVXS3RQdjZObmJrakxjaG5ZU2VycTlHNWxrS3Z0d0lVbEN5WTlRc1k0X2F0Q0tuN2FkRXBlU1VOUmo?oc=5,"Fri, 21 Nov 2025 09:26:00 GMT",
2025-11-22T01:23:57,Google News WSJ,Nokia Pledges $4 Billion U.S. Investment in Trump Admin Partnership - The Wall Street Journal,https://news.google.com/rss/articles/CBMiqgNBVV95cUxORVI5SW5LeFl2TVdNNXBPVFNDYzVSRzB4X2N1RmJGM2FYNEhrRTBPaXdCc084UkJDS0hYbzdQNUo0Qi1aekhaQ0FXY05aU0d4czk2SkRiVlh5T2hzZHVmcVRDbDVWSTBRdzhQY0E0eTR4QUhmU2JRY2l2VF8xOW5uOFFvVFBKeVVQa3loalFFYUJYSlliMXN0blFFYzltS1cxNnBDUGtITlBMMk9XWmJSM25QU1c1VzF6YVlST3Jjd0N4bVh1blBDd25xVld2X3dCZjJCYnZsc0lYSnlIY3dPNkYycWVxVXhheWdNWXFzbnJFNmU1Z2RJVmJTSFJrTVR3MUZmSENLTWRtRG1uZ19IbkQtZEU3SzVSczA0a2FueDVGbnkwdHZVbkVJZkIyVUF5QXc5SzB0UEpkQnM3M0drU25haEVRazJFeUs4a3ppVUptRlhfLUVkaUIxb01wOEplV1ZnNDRoQzAycEIwTjl2Sjl3UVJ0ZXBhVGlEM0hWSnpQc1ByREk1SHlKakItelZ1UW00b1FCdGVuZDZ1SmRzMHZyTjN4OU1uWXc?oc=5,"Fri, 21 Nov 2025 16:45:00 GMT",
2025-11-22T01:23:57,Google News WSJ,‘The History of the Peloponnesian War’ Review: Warrior and Witness - The Wall Street Journal,https://news.google.com/rss/articles/CBMitgNBVV95cUxOanJ3bjVGS3A3VEItUlhzUFpvNXV1eWtDZ081Z1dLbk9jQmlYaHNzcmZ2X2VxLW5xT2szdlF3bkZyYlU1c0NGRzZHd1oxdzdXRzY3NFNXckpDalBHS2p3LUVMRG9HMXpXZlBXcHAxb1NtNWh6NXByOUhxT29NRURMZUVScEc0YlZ2c2tKdkFibXFUY2FER0gxZGFUVzFhRS04RHBuQ2hpdmxnbXpRQjZTaHE4c19MSzN4VHZMbS00VjhvbmJHSEN0QkpVckdpWVlwWm5OVzhuNnNwa3VZVVp0OFpsa3hST042dVd6akt6My1mWkdnUzhaMmNfNlpUMW82VjF0UlhURlJKTnZmdWFkVkRKbF9xWXlGeGItcjBCZFNWQTU3eGVlUDU5MUNHekk5ek5ZVFJqT3d3QXZtNnUyRkU5bGduZGhkaHZpeThUZTU5WHVMQ01lc0ZoT2VSc0diMVgtM0d6WjFPV0J2eURVVnRLeTN2ZlNyUVBkUU45LXBFNTFmeU5VLXpaLWh5XzhNb1N0Q3dxNzJ5ZnUwSXB5V0Q5T1VkTTh3ODlHRzg0QWVQamlPQlE?oc=5,"Fri, 21 Nov 2025 16:55:00 GMT",
2025-11-22T01:23:57,Google News WSJ,Fed’s Williams Sees Room for ‘Near-Term’ Rate Cut - The Wall Street Journal,https://news.google.com/rss/articles/CBMipgNBVV95cUxNTS0zYzBOaVZrWkNCcjZuZFdJRUlqT21CcGZrYzRvRTdIVDV5WTJObkFoVm5CbjAwU3NWSXRFQTNqMEF3bWtDNUFJbGdZVDU2NWJtSG43V0JFdXRRdGRManNZbzVHd3NSdl8zNFYyOC1pQldrbVotNThXb2RBeC1BM3JHWktfYkJCOTU5TWxzYllldlFXTGhIWWZDcE5odnZqdW9zQURPdHNUTldZYWpYcmp2UnBXWUJlUElEZFIxckpWcXphUkk5N0NLSlJkSWV1N0d3YjE3amFEcDlSaElqWTFnV0dMUmdEdUlmLXRyc01aYkt0RUZWSW0xNUVzdGJWR3NTVE1NRE4wc3RSY2dUb056SkYyZHJtY05WeWxwSEh5TzZsLWVILTU2a2VhNjUtR0tOMy1OVGt1b3RpM3l4UWFqcU4xYXpSZ2lfTDgwVW43czFSTXM3cEVKT1drMndST3RfZmtIT1ZPS3NGS3BlU3c3RmhSdEdGNmR5eTdqb3A4cFF5NVZ3Z3pGX2RfRmdheHJ4bHJ6Snoxdm10cktXV2ZqTHN2UQ?oc=5,"Fri, 21 Nov 2025 15:23:00 GMT",
2025-11-22T01:23:57,Google News WSJ,The Middle Class Is Buckling Under Almost Five Years of Persistent Inflation - The Wall Street Journal,https://news.google.com/rss/articles/CBMixANBVV95cUxQdDdQSFlSQmxFRkxhMGFIT2lkQldkR3p3VFhqUGNZcExQdHlIWmpQNGd1R1ZydlROR0xnY0I4LVI0emt3V0F5Um9hU1RQZWdkaDJXd204c1o0aHF6OGxyWk5PZ3pCbExVSGw4Y3hrejhCLUo1SFlIRkdMeEJneHEtclROR21GN1pSSmVkSnBHTkYydE1pTkE0bm51UHYwbXpabE1yWlFaTmFyUlVoOWRjdlhBdDlxdFgzQTA3ei1XT2E1U0V5UXBmOC05NU9mQ2trQ1RzZmEyY0lnX3pFQ2hwRW5JbVhrdDJGODBFVmlDekpYUWxZay1LV3Y3WUZlMXVKVzJQdVVnYjdXbmc5ejQwVXN3a0ZJUXA2WDhjczZFLVkyZDZPTFduSFBoaDgtSHI5Y1N2WUlKVkVDRFBnQlZkT2FaTGpWczhqLUpUSmFzZVhfa2daVFV6TjRVUllqSzM1TDAwRnNCaHFMWWx5Yld6WHR5Y1ZoeEtkSzE4eFI4VzRtLVY1S1ZiamQxeG1Sd0oxdF9WMXBoTHFOME04MlJ3QUpPdlE0LWNFc1RqQVY2elB0dWZrc3FPOU9ua0hoYWF3VUN0Mw?oc=5,"Fri, 21 Nov 2025 13:53:00 GMT",
2025-11-22T01:23:57,Google News WSJ,The Web of Venezuelan Generals Accused of Fueling the Cocaine Trade - The Wall Street Journal,https://news.google.com/rss/articles/CBMitgNBVV95cUxPWUM3T0V1X0kwTUxrTGo0b19ManJ5M09nX2VoZzJXN1hxdExvek1EZzNtWDRtc1JveWZIbmJYQVk3MDdTMjBrU3hfdlQtbUpDOWpsM29jWHgyMzI5QVJ6Um1MSDJUU2hveURETVJQNlpDMThKbGlqdjhheGltSHJ0ZjVKNnNWbDc1bVhsa2p4WUhkU0VlMjRocFZ1ckR5YlNXbU41WmdOQVB2OTdOSlFodGRhbHFwd1dTTVNwemZqTENiY01JY1dRXzF5UG95NE50dXlGcDdmUDlnRU1jUVc2UUhicjFqV2lpSWF1YS1zTTRUMFRKcEFNUEtXcDNyMnNUTi16eVJHMzBvNmYzRFhsQ0d4eHRrelhpQy0tQ3p0ZGt5MVpzcEdNbF9RRFF5UkFBT2I4WVphOVBFM0ZhX0N6N0d6YWNZb3NPb0p5LWRJMWZ1TVc1MGJZVTZSdncwT1ZVeWJpODRBcnhHQWtXWXVqbnhIM1hpbmZ1YkJlQWN0RGFCNEU4MmJqcU9JTUVTTUM3US05YzVReXJ2elhIeE00bGs1T1dVenVZYUFXYjZuOFNySzhOQlE?oc=5,"Fri, 21 Nov 2025 02:00:00 GMT",
2025-11-22T01:23:57,Google News WSJ,Opinion | Why America Is a ‘Creedal Nation’ - The Wall Street Journal,https://news.google.com/rss/articles/CBMi_AJBVV95cUxNdWNrbjNnS3FYeTEtaEVvV1NxT1RJX21fTVBtQTFQZFRnUlJxd1VIUXFDM0dCMlRyaC1WYmhnaV8xdXFFek1iTnBCYW1QaElUd2ZKT1A0bEpHbUhNQmpBVUxuYmdjYWZodmpRZHNSZ0w1RjZYdFBfNnRSakFGOHlkdjgwMUQ4cE11MzNOa01pLVZnTmhzNGtGY2d1eU9ha1BPRHhaT05SU0xmYTdPWjdMbjVtaERPbmxCZlFxZlNscFAzbnNmdnBteEdxRUpBOGd5VjFyVVV0cWtvVUpLVlBmUlhOUEk1cGFzUlozdHVURXNscWVjYzR0c3Z1X1VMWlZrUUplckN5dW16RjRuTC1TbjhFOTBVLTZHb1RPTmVzaGJoTWoyejZ6STd1WlRpMzRXd2Y1aE9uT2x0SDliQ1NHeG9Kc3hfWHhHQTJHNVh3TkJNeGdkU2xZTVBlaHZVLUs1cjBHNGd0MGFMNDZwQ1ZwV3E4MHB6M1d6VVNRcw?oc=5,"Fri, 21 Nov 2025 21:32:00 GMT",
2025-11-22T01:23:57,Google News WSJ,The Chip CEO Staring Down Nvidia and Talk of an AI Bubble - The Wall Street Journal,https://news.google.com/rss/articles/CBMi6wJBVV95cUxNMFZnNl9tNkVmQVNLenY1N2VmbC0yb3BHcXU4cGlVWDIxMHoxWXlSdTl2S256OUZnMmdBRU4tLU9LMEc0WWdKalBMREVJSFNEeHdvYnkxNk8wck5VRHlpd2swaTNIWEVydnNQTjNfMTVHOENCNDRlYVBzZFBFbVZqRTdiOHpQVzV5ZTJnajJraWZfbjczREhrVnoxeGRsRFdpSERsU2Rpb0NkYlctWTRtSHRPYlZ1YzFxSFI0akUzcEpqWng5QzhQaV93bTBGdkh3X19iNnJ0YkxtUC1aSnRnUmx0djFQV1NVd1RWZE4wSVptV3BUUWhuLXo3RllxZk9rRkFLOGVDbDhva0FVOGRvNkluMDNaRy1SMVMyMDByNHRMaVNaR21QRUh3LUxJWnJjejRZZmlzVDJjTHg3OGtHUkxXZnJ1MXlzaEFfU3hERl9RWVc3ZWRZZ3k2MmxFWkprLXQ3T3c0elhXTHM?oc=5,"Fri, 21 Nov 2025 11:39:00 GMT",
2025-11-22T01:23:57,Google News WSJ,"Opinion | If the BBC Wants to Save Itself, Here’s an Idea - The Wall Street Journal",https://news.google.com/rss/articles/CBMiqwNBVV95cUxOdG1FTmVNeXFJc0xZeVFvWTdYMkhuaUtHd3BvaG9yRFgtSGhTRjQyTEw3S2JaUXprTlc0aFdIbFhuLWlLcWZ2Y2JrYmZqenFKNnJwVVZKSjRGVnp6MWUtTVh0YTNSaGNudE1wdGk3VE93OUxVQjM4TndiMDBGUzBuNWRfUXdXUTd5YTM5SC03eExNd2xXaGZfQ3VhbDFlbWRJdFAxTEhwQm05RjJpTXJkRE03RnRrLUVHU2pEc25fLVdoUjQxZ0hGNHJHcElPdTRhVFNLUnlVQWktSWFVTDIyWDZpZ1F3Z1RlRVJyUVdQODBkY0F1SXVxaEc4TGl4RGRCV3dHTWFwS2FmMnZsNjI5Snk2QXpBY0FDQ0hicTU4SnctNm9oUVZBQlhod2VKMzZOdHQ3dnp0eFp4NEJmekhsbVVRVklYT0xuRk44Rnl4cjVESXN5SDFYNDloZDZrNy1wX0xQaW5XRjVJYkhlRS1BVGQzU2JhZEhZSGphWW9zSVVZUzNIQk9fX0h0b2pqQW5ERnVwYXlQeGg1LW1NcjdUdzRJMTM1NEZaOTU4?oc=5,"Fri, 21 Nov 2025 20:52:00 GMT",
2025-11-22T01:23:57,Google News WSJ,"Paramount, Comcast and Netflix Submit Bids for Warner Bros. Discovery - The Wall Street Journal",https://news.google.com/rss/articles/CBMitgNBVV95cUxQWktvQlVoeFdrZ0dIZlo4cEJiMklyZDg3TkRYNU8yLTJKRTNvZ3BmQ0tZR1NhTWx4eUJhT2ptc0hTcExnM0lPOTM0ZkM2TDk5VVdJSG03OVpZQy1aYjR0X084cTdldmZkOUNXc3BhQnNBdG5PNG5yZy1hVjdaRU9RSHBQTWs1aHMwU2RLMDg4WllJYmZKWlVPOG5SVHFWV3dJaVprYWdIdExFazFHY19xbjVhS3dYOEhEeFBKeTVzQnRXSzZzY1Zpem82SnBhVUpDb0YtTExWWG9TMHlSdG1fZFIxQS1DZzQxTmFmX2hGcWRfR2JRZlpJN0tRRWVrQ2hiWUxkRE1ya0d5RlFrazRid2VFTzVOT1RLR3g2Sk1PRFlwZEdYZzZuU1ZLZ1dFZnV3cXJ4VFlpSlZMY29wLTFwM3kwanBobGFmTXVKRUFwNkFXTDBCekJnb1VldnZrNzNKaGVfX0ZlZXUxcEQ5Z1d0RElGODNtdmtrZkZoREluNGdOaEdNTXZIMG9GcGtZb0NMajlpMUxoTW9BMzZ0QUgySDJOM3k1dGNYWkJ1bDQ1WWpBLXMtc3c?oc=5,"Fri, 21 Nov 2025 01:19:00 GMT",
2025-11-22T01:23:57,Google News WSJ,A Chicago Neighborhood With a Suburban Vibe Is Seeing Home Prices Soar - The Wall Street Journal,https://news.google.com/rss/articles/CBMilwNBVV95cUxOU013Mkdpa29vZm5IZUFudTBtMTRCUFJsODM4cHBacHR5T2tGRTZVSTZpMFJWSkpSM2hJaXR6Y1VGdHVVa01aLU5wN292N1hsUTdENmdjWi1DRXFNS2RldEVpbjFpMUhzRGZtZlVKd0VRcWtTUUgwWnItSWlVc092NUdkbUsyeWpGTGVvdVgza3NqY0xKUmZuWDdYU1NOcXU5ZzZZXzllRG1LTHNKMHo4aWZqZFZUS3F2RU9seVpPRjNpZV9qRjRZa1R1WjFCOWtRX3FLMHJuSWpSY3Zma21meFpHVjdGVEpQd0RzVjFUWmNjTHo4SzJZVUVwSUo3VWM3d1Uwa1V6YUx5T3I4MnZ1c2RKY3VBbHlPT2pDd2tKbXlFeFRrbUlabXV1VlFlVU9Ud2RzSWs4MG5EVzBLcmNKb1hYcTlzaW0yeDNSTkhMMnBZTDhsZGtzNWNsWkliYjFEZ0ZDc2kxN3VQUDdaaFJNSzJsVXRyZ3M4Rm5ZVXBZbkc1dmxub1dBU1JfS0RWY1ZlUUdFU2E0QQ?oc=5,"Fri, 21 Nov 2025 01:00:00 GMT",
2025-11-22T01:23:57,Google News WSJ,Citigroup Names New CFO and Reorganizes Personal-Banking Business - The Wall Street Journal,https://news.google.com/rss/articles/CBMiwANBVV95cUxOQnFLdGFZMkhDclozWWtfUFlIRElBbnNMZFdjVWd3MEh6OXJTNTg0a1lsVjc0VnFQdktqTE1Tb0lpMXJ3TUg4aXN4RlBvRmtoRG96ZFFXbmtfWWhGbEpIXzZTUFNTbzFySzd1YWlrc0tPekZ6TmJhTk1iNjRkVDg2MDdTM2MyZmZrUUI5SE1zWGhDb0Mxc0FIc1U1V0NTUjMyWmhUdXlhM1RYSk5kVjRkNmgwOXBhcTZJRnNlUFVCUVZMUjA0TGNnNEJQVjRyRF90Ri02WVZYb2FSYjBkSnFEN2JEcHAwdVRsWUtTUFhsRnNFZHpyZ1FLMHlydjVkaS0tNnhpVHl0c29lUlJaZi1PSjZzaUo2eVlVS1dSdWN3dXdJeVZqWlNFT0p3ek16UEJTUXFqOVNMT0JKYVZ1cmhSVVJwM3Jya2k2Q2JUY0U2b3JabTdlRDBKSmtRUXQxQzJ5b01zRW44NzR0eVdmeXVLRjdLUXUyeFhGU1I2VVdIeEJ0NkNRNGlTTzdXTVNPeDB1YmJiSmxXWEN6QXkzYUFDN05ROFBpTFM1SVFiRnNQZXdnTWlmR0RMYlBxT25IVmxJ?oc=5,"Thu, 20 Nov 2025 23:41:00 GMT",
2025-11-22T01:23:57,Google News WSJ,Opinion | Tucker Carlson’s Bible Study - The Wall Street Journal,https://news.google.com/rss/articles/CBMi9wJBVV95cUxQdC01N19mUmdFaU14dzVxU0kyQlVpVHdWZlFRQV9SQ1NGQkdzNjk0LWIzeFpjS0xGWGJHX2gyMVhtNHh1QUFNbHQ2aHd0NnM2QXNKcUFHTEZkcEg5UFBuekgxcTJZTUJ2WkEzYi0tX3VDVjhJSElJS19nVXVFYTU5OHhEMk45MHFkak5uUmk2T3l4YlpxTkV3X2ppc01jX1VqMEd6RVZieXQ1b2JLMUpyMzBZNjludlRzR2hFeTZscHJCYWpFU0h1RUpIMVgyUHRoTC13RHZuWVhWZ1JjNExwN1ZCVnNialIxR1NDczJTVjNEa1VNNDhmdHFJNEktRUhRdWNvbFVDdXVZYWVWbzJZc3hLUktjMFlqRVQzdnlBSXVJZmNYNHNkcUFvaGJDejRmekJkTml6UXQ0dkdGbThUUDJvN0dBRU1EQThGOFFwdFFqSnQ2cWhrMXJGZlRFRV9DT0lpOVlhMFg3LUdnYjJxLURYSG1YQzA?oc=5,"Thu, 20 Nov 2025 22:29:00 GMT",
2025-11-22T01:23:57,Google News WSJ,Axalta Investor Urges Company to Restructure $17 Billion Merger With AkzoNobel - The Wall Street Journal,https://news.google.com/rss/articles/CBMiwwNBVV95cUxPdVZkOGd5QnE2Wi1aa0Y3Wk5ieXdqYkc0dHBLbmh2ajdrOXRSemxsejgyVkpMMGh3TjZJUVJ3Y05ZdklHR2dpSExwdVdxQUtIT3owOExUR0RYbTBUbXhtaFN5UFM1OENjZTFSWnJibGQtRlV4cEtGXzdwamhUWU5BQjVjak1ZNHFfRWZKY1dVaEpGbDdZd0xkRFlVNkRlY1lBeF9nR3VvMGpRSjQ0eV9yZUZpeUtqUi1zaV9WUV9iM0RRRVhMbmFHSDc3NmhnVDJDb0taSU85ZVhCa0daSlhpRHU2c1hHN2ZSUlptWEdsSkRtQ2VxYnZpMVI5aUV3TDVldDhnV2F2cUkxaWIwS0JIdVlxU1YxZFlCZTAxVU5ENEZ1RDR3OE1yWXZJTWJVbzM3SUt1ZWpCOHExcFJrekJuVEdNN2hWQUp3dlJ2djFJa2c3dWlHNTBCeHJpTHF6X25VWlYtUG5MZWVTOVVxc1J2NG1nQkl3MEV4RkR1VllIZEhza0VIQkNmU29ISTQyMElnSGVwbjNuUjI1N05iZHdUckhMSUx2Q1FPemVZUV9BVmgwYXo1dzNaSHRFY1o4cGtVdWNr?oc=5,"Fri, 21 Nov 2025 17:50:00 GMT",
2025-11-22T01:23:57,Google News WSJ,Exclusive | U.S. Banks Shelve $20 Billion Bailout Plan for Argentina - The Wall Street Journal,https://news.google.com/rss/articles/CBMimwNBVV95cUxQajNmQXhjaVZMVi1ZT1cxeXU5YURicHRNQ05YbXZtT3VjcjBaeGVQeXZpdGM4TjFtWHNUSXczekJUTURGLTV2S1poOWxyTWtBMHE5dW9tM2xCblFJUF9GLXhsamVLRGZTV0xsWW5rSDN5MzBLOXNfNDF5VHctWkNBa19kM1ZkMDJMUV84bjFwWlZoS2FGaTlQOHNBTnZnZGY5TnZfOFNFZDkzWkVreUhVMG5NSzZGQ1lTbFB2eDdZdE1DSUd4c0xjZkpoTTRIUElNTHVIZF93ZHJkQURES3Q2WUp3azZUeXRSSnlrbGU3NHFENWY3VE1rbGlzRk56eWlfcVUxMmpQS0c5Nnh5NlhRa0RCSjVBaUhwZXhkVm83S0VpM0pWRU5HNXZ3cEhyWTd2eC16MVA1T0gwS3N5eVI5Zk5GNmZBN3phdUN5TkEzc0Y3NWd2R3NWajU2Z18wbk5OQ3hGRFpOcjVRT05SOElobWc5ek54aExYM19qdFp2N2N2UUlCdTdaWmFqdGFNSkh1ekExVnZYUzM0ekE?oc=5,"Thu, 20 Nov 2025 21:31:00 GMT",
2025-11-22T01:23:57,Google News WSJ,Nvidia’s Best Wasn’t Enough to Prop Up a Wobbly Stock Market - The Wall Street Journal,https://news.google.com/rss/articles/CBMihgNBVV95cUxNa2hyS2ZyczlHb2dKNHJ4d2k5YkhDLUI0OHhweFZaRmFMVVFtZjBvQm9oS1ItQXlEenZhbzRzbVh4U1c3ejA1bUdJRkU2Y0pYN3Q1Y00yanBSeFB0aV81ek14OTBqLWxycmxENGE2aTFYcGZwb1drTUFBRXlEak11V0NFbFNJWThCODZMTzUxS3VwVTZlYUx6TUxDT2h6OW1NblBWZkRCaGtxbnZUcndIajhmX3R2cDI5aDB3TjYzUzVnY0xpdUhMcGpTcUpiSjFjYWJ4SEY1VGthTTNieVgwUTZwSnFhY2NjMkZrOTkxdFc1ckoxRjhET09FU1ZWZnNaQjNXeUU3ZHNGaXNaOVk2WThkcDlxcDFvSnd1ODJRUWZWR0E1M2FOOXdDQTJEWHhOT0tDSmRDaGNFMWIyMEJZYTFLaWxwWUlxYWZEMjAxd1RzbFB4SWt0cHY5NU02TW96ajJMOE91QTVURk55U2diS1R1azN1VWVkaWh4ZldnSkVhQ2djVnc?oc=5,"Fri, 21 Nov 2025 00:06:00 GMT",
2025-11-22T01:23:57,Google News WSJ,Bath & Body Works CEO Says Former Strategy Failed to Drive Growth - The Wall Street Journal,https://news.google.com/rss/articles/CBMilwNBVV95cUxOMmQ2UnJkMkItV1NrcGlFaHp2c1A4WnU0WnlBNzhWYkFhQnpBVzh2Q1BmaktoY3RDRlBTczRQNHJDd0ZjUmtLMmstbGdJRmtWa25mN196bktlaDVCQWcwZTR3Q3A0SkFpQmhNRXR5NXV5UnhYVTRSMU1qaEZGOEM1d3dwZHV3M3VEV2hzRXZNcGtBMndZNHc2UnR3UFBGQk84Q1FCOUNUZ0hVdHVwM3hLMjF6R2twMzFLdno3ZXR5bk1ZRS1NQTl3c1RLdks5SmU4ZXJBcmNSTS1GZjl4alJhYV9EZ2xfQ2RoTFZQNGFJOWo3Zlg3bzdWazBlcE9KU0hIOXBNMDNOaTBzMVJqbEFieGJMOThJYnFUbzNDYTZOVWJDd0xVbzFnM3FYcmkzRTVneU1RaURxbnptdEExRWhTNk9GUm40QVBDemtndWlxQmMyc3F1TTZERmhoN1dRTjZ0c2daTDNSaWN1TlJXOHB1S3p4ZHB2SkFDd2FfMjdBV1pZdmxxN0RKLUs2Z1BoSDN6WlF3ak51Zw?oc=5,"Thu, 20 Nov 2025 21:43:00 GMT",
2025-11-22T01:23:57,Google News WSJ,Auto & Transport Roundup: Market Talk - The Wall Street Journal,https://news.google.com/rss/articles/CBMiggNBVV95cUxOdGM4MlVham5TSnktd1NnbkxRUWxJMmFBbV9zSHZLZGxMOW52M1RuZmF5Vjc5bl92QmkyOU5HNk5DU1g0Yi1JcU1BYy1iXy02aGJ4Z0pFTEJOMUZ4RlpST1FQTVlTTnBCaUJYQWl2cGxnVUUtTHlSNkVTR2NpY0RjYmdiNWN6Tm9iS2JiU1RCN3lHcFBJUzg4NmxnZGZxMXBhWXpfNm02NVkwOFk1OE9PSmVqa20xT3pwM0txaWtmSXhUa2JfRTNwS1I3UGdvUk5MdXRUMHJqM3dSb1pPSVNReHEzREZoenlqdG11ci02T29HemRlOVJQbG1ONzd4a05EWno1UXc2YmVuZ0dKNGxBMWtBQjNpUkRYRG8zeUtwWEdwQmZFcjNRZWdkMkFoeS1TYkZBTkZJSjVNZGdNNGNncXNQWUZ1WEk1aGE5bUlzUExIYm5STjNvOHduX01rVU5qalVZdXBDOWNrRktHdm5fbXpReTFOYVM3WnR6LXJ0WXZUdw?oc=5,"Fri, 21 Nov 2025 22:00:00 GMT",
2025-11-22T01:23:57,Google News WSJ,Ubisoft Shares Climb After Partnerships Lift Sales - The Wall Street Journal,https://news.google.com/rss/articles/CBMitwNBVV95cUxONGc4QWk5Y0tZSVFGZEVnNl9iQTJOdHBvbl9jNmRmNFR4akJWQzdDU0htamdYdjFkRnBvQWkyQjNwdkN5Z3VxUTJnVFMyU2lHbXE1YjEzeEI5YXQ4QmFCNjVsZ25uTDgwWmJLWEc4d3ZTOUtZSDBNdmRzek1lT3RSb190U0ExT2R5QjA1cnNsN0prajQxYXA0WUkxTjY1Mm4ta1dLUHRNZTYtcTNfMzBlYS1Ed0JEdkZaaWJsa3JUTldxYkY0azFyb09zMkJQcTZ4cTRaekF2RkF0NW1jYzdUYTRoYmhNSGxidVJMTEY4NXBXcFVEeWJUTFBXeXlfd3FJUzBHdHk4eWQ1Nnpoc0R6UnhiTEJoZU1QZDIweXNUNTFvQlZuMnY3Nk1hWHN3Nndsb2R5YTFWUjRlSFlSeGFjWklOTjBoUWExOXB4N2hXWTA2d1F3ZFVnMDJYU2RyQjdJazEtZkxwdFVzWHpycFEwdklwdm5NNkU5Yi1QLUFpempHdnNJN0NNQjhTWW1LNjJZYkxrZ3hUX0VQcUhiT01oRXpfMkZXeFJmdmxRVW5VM1lqWkZVdnp3?oc=5,"Fri, 21 Nov 2025 12:46:00 GMT",
2025-11-22T01:23:57,Google News WSJ,Opinion | Halfhearted Allies Keep Ukraine in a Futile War - The Wall Street Journal,https://news.google.com/rss/articles/CBMikgNBVV95cUxPR2hYdHRpemZLMUtZVE1uQWpXdi1SOHFzcjdBbUxJQTBtLUdHeVZDcllubU03XzF2a25VUHhtTEVlMHRMVkRDaUw1QkRWQzlwUUZ4OEo5RW1kWDlNdTdUVzltdE9MeXlpYnF0bFdOZ2ZFYU9WSUloZ1NjNktTNWlUZ2gzRjhwVEVNdmo1R2wteS12Q0t2STBVTmFDTjlXN0c2UGx2M0RkVk1YbmFjTkFYWGFRZW92anlTOWFPSmZpLWdzLXd5OGg2ZGV4YzB1OXBCMVJTTEZ1UU1XNE44U2lEeHc5Ny1HYlA4cEVDUGV5RHg5R2cwaGxuVG8tRkktbktSeFZIMW51SlVwc09YcXdvM1JqLXFwa3hYaG5heDlWNlFFUzIzWlVucGpNYW1ZRjg2MWp6dC1rYThBTlFXVlBTU09oNjhKTGxlOGxrUFM0WERldnZ0VE1saTFSTnE4TEo2dnptUk1yS3hCbUw4M1hLUVRLSkhIMkpHQ1oxT2NwMDJoa2hfVnIzQ0VWSG1QWGR4ZVE?oc=5,"Thu, 20 Nov 2025 22:34:00 GMT",
2025-11-22T01:23:57,Google News WSJ,Opinion | Trump Says Arms Are Going to Taiwan - The Wall Street Journal,https://news.google.com/rss/articles/CBMimANBVV95cUxNblB6OG5UaGM4TFZZVWdiVFRjbUFOanI3UWF4RUtUMy13WHVkVWwxa1VwbmRNREZ3OVEtQm9qc0ZqQ29IWUNpWVU4ckZZMU9BMXBpQ1RpTzFPMGc2anlHNDFnSUpuMmdMTW1EUjFxOGlPQXpYaEpId3QxWGE5QncwdU15c0dVMU82VFZoY0xkWjdjazV5NF9wZDFWdmpRN093cXJLbEdDaFFyUGJOWDVSMGtFU0pmM1A5Vm1hcWRuOEdSWDl1M1Ric2dTR3llYlhHMGcwM21fTGt1X0JLSmhLS25yUEpSQWlvV3pLRVRwQ1VadFFIeG5IUlJqYjVSVlpQbDgxc3pkTVgxMWtwTXdDZGtNd1YtQnFPN1pVYnVHSGJYc1EtcURzM0JpckxtR1hzd3JFUU5wZlFrU0NVT2Uxbmxha2JPOWVPSUszY3RGdXdzNW9hSmVDN1luZ0VMSko1ejdUaWhsQV9tdEhVNGJ4d2NCazlEMnkyS3ZpTGJNM1AtTzY3bnM5MXVkbDhvYTEyRmRlamZ3VDE?oc=5,"Thu, 20 Nov 2025 22:45:00 GMT",
2025-11-22T01:23:57,Google News WSJ,‘I Wanna Blow This Up’: How Bari Weiss Is Trying to Overhaul CBS News - The Wall Street Journal,https://news.google.com/rss/articles/CBMitANBVV95cUxQWGdNa25La205dUtIWjhHTi1zTW1pRmNmLUwwcGJlRW9hM3Zzc1hTOVhVR0hsWV9kRlJDYnJNRXZ5WXRhRWN4bl9oSEJOMDRYemhpWXNpS3lzaHJxSHNCM0RKNWR0Mk5yNXBpaHEwN3l0YlZhS0w4blBxeUI5eUpGcGJRdHhXMVAwdUdvSlBLRlhFREJGYU9hYm5zWnlwcXlPM0E5QU5iSmx0X1ZJRkp2aTAzTzBOTlYwX1ZHQndvTnJ0MHlaZHFzcXNlakJCVDJfYURhRUJGbmd2VlI5NDVLeDhNckd5NmRRVWZDdWR6elBYcm1KbEJJeWU2eEp2Q1RXbFdpbWVKTmRoM29TTmRrWEc4cENkbWhxU2ZfY01NZFEzUXA4ZlZKVk9aYV9fQmpLRFI2QUlBaEczYzJ1R2RvaXlrRFd5NkZpd1ljOGVsNlNSUG5JdTNVRFFaWFJmbWhNeHRzQ2hheWpqU1AwMFZzd2FTQzNCUTBlNTRqa0xoZ3Njbk1faDNLZ0U4Zk9JRERFNVc0QlA5UmtuQkkwYnZEajgxV1RWam9zQjJuNkZGMDB6RGpL?oc=5,"Thu, 20 Nov 2025 17:32:00 GMT",
2025-11-22T01:23:57,Google News WSJ,‘Pride and Pleasure’ Review: The Schuyler Sister Act - The Wall Street Journal,https://news.google.com/rss/articles/CBMiowNBVV95cUxPZ1F0LXZRRkRMc0tDaGFmODFsa19rdWdvN2dpR0JXUU9oUHF2UFZBZjFEVlgxNVp5b3pQajYzQlc5QmliZ3M5S1Z2cDcyMUlDM0FqS0dRUFdzeEtDZUxsRUNQYnZzNTNLVno5cDQ0c29QTzNKcWVOU1M3ekVKbXJ5czBIVWNpWVJKTXhObGxlTVlJY2hieTJIdXVIaWlsNEREWFZZMWtSeXFRLXR4Qkp5WlNMbmdsODdGVUNwcHZMc051NDlmeUJ1RG1Md1UzUnVzLVZmS0xNVXNic1p6Um13X0hZX2FhUHpVWnlvMUtBOTlpT1RoYXVXMDd2ejlzaFpJZHk1WlZfeTIyajNxRGVMVWFiNGdFQmxXZG05NndpdV9EOWtpNm9zNXYzVFdjNU1xMEk5Q1ZNN2QyM20zQ25weGl5LVR1bDZPTU11UDRqR0RDcnR2eUxNdVRGT3k0aGFyMUJjZjlwaDBhYk9xUENQOGI4MHdGY1otSDRxVVQyM2FOazVYMEJnWXdDYTR4ellZVDR5WjYybUxsaWVOZE9RZDloOA?oc=5,"Fri, 21 Nov 2025 17:02:00 GMT",
2025-11-22T01:23:57,Google News WSJ,Opinion | The Democrats’ Challenge for the 2028 Election - The Wall Street Journal,https://news.google.com/rss/articles/CBMigANBVV95cUxPczBsY2VTalJJNm5ZQWIyRUlpeEdKMkxxRENqenhZbEVxWnVMN3N5U1lqa2FUd1JETlA3SDZCcmllR0RTSW01OFE4Um1HUGNJRURvbFdEMFB2QnBPOTNwMk1GMlJmR1FXMlZXN2k3SmhCNjkzb1BwTEtQV2lEcXdZeElzVE4zZDRhUUxkNDVmaWplVTJ3MVNKOF83dUNzaTJoazl5dWR5Nk93ejFsa04zSkxpMWEtVkYzUGlUWWV2WWRJVFN1cDhwTXZ4Z01pZ21GeDgyNzB2UmZMWXpJdG1PT08yTWVTOWV3VHA1SURyR1VYR1JBYmg5Y0tKZVBSSWFDN0FJSEdvNkxWY1d6ek00dTF6MWc5UUVZTHhWcVRvS2kwZ0M3eERDTFhJVkZFX0hzNXBXVC1NZFVWZUZWNG1BVEFTSEh6ME9kVDZpaTk1bFRXR21HQnVkWU5WdXlfeTN6QXYyRjZNY08zdl9TeVdwbDhBdHpkRFFuaE5GQXdPemo?oc=5,"Fri, 21 Nov 2025 23:48:50 GMT",
2025-11-22T01:23:57,Google News WSJ,"Delayed Data Show Strong Hiring, but Offer Little Clarity for Fed - The Wall Street Journal",https://news.google.com/rss/articles/CBMilgNBVV95cUxPWnBkUnBPcWpHOGxLVzZqVnJtdzBXRWJpMjRzQWFqNEVLMGZrMkJyTkJPTmd4dUNYVTQ0cU1ucjVZLUhjYW9wamhUc0pwbl9jUUJoVERVNjQ0VERwekNrTDFJSlk0Sk9udVNvaVE2SUxvM0ZYdWRPdExCUFowbnREdmVDLWIzSTc4YXFlSUdBN2FHeFoyZUh2azNFQzhtUm1wSlRDb0I0aWJlYms1MzdST3FVUS04UHBYQmJzc2pSaHgtSl9uSGktanYtcHNham9CS25QaFhvRW9WZWdlUlN5RHYzeXVYQV80YTEwMldtaUxfN2xzWllRT0t2YmUwWDFoWi1Bc2dmMTk1RDdfR09FYkkwSkRsbGxFNUFGeHZBUGQ4WHRyXy1hNUJ5UmRKTVZQc0cxd19fQjJXS0k1VHJIR1dreC1zSHhXczljcGlscmtRVmFpMXRJUGtoSUNzZUtiaGxWdzZ4Yk5pYnpBRmFKYWNOc2ZXbmJuTGxZNnE0TFJfZ01uX3JUOWV3b19PRDFVN0RYaDdR?oc=5,"Thu, 20 Nov 2025 18:52:00 GMT",
2025-11-22T01:23:57,Google News WSJ,Second Large Fire at Ford Aluminum Supplier Threatens Production - The Wall Street Journal,https://news.google.com/rss/articles/CBMiqgNBVV95cUxQdkdEbmpBMmJzZjRwLWVmLTZ1UFA1WnNQSWFZcnhlMFJPUWQycm9YX2xtUjNiNGxvZXdhZFlCS0JkZGpLR1I2TTVqd0pFRzZBTjFsc3hlVUJJcnc2RW5MdWpPbVdsbUIyUDREQ3RyWUhOcUxHeS1hSlM1R2x0RkJXUTJLUlhmbDRubVFIYmszQnplZmIySy1fZVRCU2ZHay1iLXVoRUoxNjg0Mktma210d05WMjUtMjRWZTJqUllJVHU5ZmVWNzZ4Njk1WldFYXhNc0NXdklYMEhsVkVaMzZ2bkhlRnZ3OFV4bWhHbG1Ra2ZiV2dGOWNPY3RiZVBZc2p2enMyN09uQnNUbVZYQmwwczFoeVFVTTNnOHQ0b2RQVTZmNWlXclFMd1QwdHpqWG5iY3BBbFlNU3NJV0tyMWhKSV9kOFZPVk5BSmJEbFd1bzU0cThxZGh0V0x1b3dOLXVNMThxby0wcWRDbFF0WkVFSGpmNG03N1I0RzZDVENaOGtvaEsxWHh3UUFkd3RjbzlqV0pWZnFuV1kwRlhoazUyaFcwN0dEVWFEQlE?oc=5,"Thu, 20 Nov 2025 19:58:00 GMT",
2025-11-22T01:23:57,Google News WSJ,BJ’s Sales Gain as Consumer Shopping Habits Stay Consistent - The Wall Street Journal,https://news.google.com/rss/articles/CBMiogNBVV95cUxOUjJic2ZTcHJCRF9YSEYyNjZWckxjck5JdlhKNDk4a3ZROFoyZEl6YmFEdGlNVTR2bFczQ2djRE9DVVZLUFQyaGdodGM0OHNRa1RRTS0wdWN6bTVVTGJOUTJfS0pqNzNXQjg4UHNacm1KZGcxX0Jral8zSkYwTE9xNXpLZVBxdXNJUG1pYjlMdlVleTJRbzFnZEVnM0ZDTEdBN1lQSjVpUHR5TXg0T19lSGFhUk0wRlIxc1NKVFB5QVAxTjZxUzBBN05FMVR3SlZrWVJabDQ2V1JJa2FkTGdTMXJjNlQ1d0RkdHhyNTdVTl9SbHFtTTZvb0psRmppVjJTYlFDSVUxM0VnR2pYdFFxa1h4NHl4SHowRHhTeHNVUm1MaThZdExlRDJXZjdkcVU4SFZGd3g5eUxkSEs0bzU2UWwwY01lODNZZzRVdWJpaDJSc0RRU0hqWDJaS01Ja2J3WEkzUlVURVV0NERYNUZQcG5GZDd5dFdMMHh6OE1PVWZrUUtGRjM3akliSmlDTC1Lb0I2LW1VTWxZSTVnQWRXY19R?oc=5,"Fri, 21 Nov 2025 16:40:00 GMT",
2025-11-22T01:23:57,Google News WSJ,Holiday Gift Books: Humor - The Wall Street Journal,https://news.google.com/rss/articles/CBMiggNBVV95cUxPWGd2bTVQbEtDbnUxd3lmcTVOTkdYdXdIMFUxMGFoU0lxYU1OOEQzb2wxSWR6TXA2aWtDX2dnLWgxclNVLWRDZmd1NnZsQWw4Z1UzOFVZZEJia3UwMG1ObUJ0ZXZ2YlFxMmd6TGMwcTk3VzExOVlQanpZRDJDU3VYSU44QkZyRXhveXY2eEVWYUdVVFV1RnVyZVRsNnZZa24yNDYtWW9VeXBQMmN1TFVEeXVhNld0QzQ2YkktNEFLUEtiakM1WGRldWI5VEpPWlMxOHI5a0RPSjNVTWZ5eV9PT0h2LTJUUFlwX2ZkREhDendncU5oMVBfSDhPcWZCZF9FaFNQcmotbTl0R1pkamFHTmxhTk43RXV2N0QxeC1McGxRcWpuT2p6VGdtUEwxazBGQzVVeXQyS2hMb0gxWG9tWmQ0Mlh4Ym1xaDI1QmlSRzFUXzlXdnF2S0p3bjBJa19LY0pocnBJMl9FSl9rTDBHRDBpUkJPaTFmdjNpcVFRbFlpdw?oc=5,"Fri, 21 Nov 2025 14:03:00 GMT",
2025-11-22T01:23:57,Google News WSJ,"Verizon Begins Laying Off More Than 13,000 Employees - The Wall Street Journal",https://news.google.com/rss/articles/CBMipANBVV95cUxQZzFtWS10azMyS2ZKTHNkT0I3cklfMEk1ODhfWUFVNTVIMUNJZ0NpMjFPdS1TTE1OQWR6UVdvZVJiN2VBUWJVRG8zblRkNWpxRHRjM1p2aTF4RVhFNjRad2RPZFBMLXBlRHRTZS0yU042WF80ZE0wQXR5TjEyWDJ6QjNBYk8xSjBYeHdVZWprbFp5T01ya09jOU1Pbkhra3FmbkxRSVk0UTlkektrLWxDbDlud3BneXZFaU5fdzJNbi10T0pkQ0JsVVNycHlUR0xIdWV1UGxaX0RaWGpaMUZNcm1mZkx4cnB0dTFwTlItTHZQVnc0Y3EyeE5nTXVPT0FOTFRodFJZd2RIT0pLRzRQejYybGYyd2dLREVmT0VLamZLT0VCUWVxY0NEYnBMamFfVC02MVdTVFVKcFlRU0hzMkhZcDN6VkJBNDRMWk9BNThmTk5mQ2ItcWtmOVItUHhDbVlqNTk4bGh6NlVkTlBTLTc4NmQzbWljc2ZaekVSM0JlVUowTUVIWnNOemtXV2RwTkNnUGEyVGxVN05QUkF0UGN4NUU?oc=5,"Thu, 20 Nov 2025 12:45:00 GMT",
2025-11-22T01:23:57,Google News WSJ,Trump Peace Plan Demands Major Concessions From Ukraine - The Wall Street Journal,https://news.google.com/rss/articles/CBMipgNBVV95cUxPa1ZlQXZucUdxSVZlcVdrMXFqdXlQdnZ2bUZDOXRHOU9jdk1EM3RIRi1TTDRlODJKWHJmNzBYeWFUcHQyUDRBOHUtX1lsMUFXbU5TNElPUmRoRVZwaHp5SFo3S3BwSkRQcHVsNU1tQmtxS2NLZlRISFJ3dXd4OVlJcS1oWWI3V3djdDZTM1M2NkRLZEF6am1Rd0hRR3p0X3JQZG9WNVdoUEs0UmlxVVVoUkc3aFZ0aEl3N2FwMlhSSFhkTXJNOW94MW1MSE5hVGRwa2dzZExkc3Voc0w2S29Danh6djVPMnJmRHJfc1c0Ykh4Tlh2MU9fbEJ5U0h6OVhDeTFUUEN2dlROeE8yRExsWnFMWXhVbGFGZzc5QUlvbmwtUlJBM3N1OHhMb0xuNzVfc3U0elZFSXl6cWNCVXZ4cWdkTlZZYUtrQXc4X2JfOXB2ZVUwbF9tbFM0VmZ0TElmeXRkTkhoUkpaZGJHU0lWZ2JlVGlaQUpqM1ZVOVduLWR0ZE1GNVN0X1dib19Xd0gwbVNTYzJwOV9oQnFmME16XzlqQnBLZw?oc=5,"Fri, 21 Nov 2025 12:29:00 GMT",
2025-11-22T01:23:57,Google News WSJ,"For Kids, ADHD Pills Are Often Just the Start - The Wall Street Journal",https://news.google.com/rss/articles/CBMilgNBVV95cUxObm1MUXZzbkwzcVlOak9adXJpaFpKaWlTNll1ZUdpOEZ6VzJNNnNUQ2JySnV3NFZCSjZlQnZJbUV4aDdMaFRtU2tZaXJmODBZTEZFTmgyY2FuOEVpQ3lJZ2Q0RnBkS1ZqVmJUZ0pOUjUxNllLZnV1UFJhQVFzR1ZDSjBMMXV1VXRjS1JGWW5ndWV0M2l5ZkpOcUk2djNOYmUzdk9RbXlPMFlWMEpjbG9fT1dlNkpwanJMN3hSZjVoX2tCUmUtdGMzNC1IWXRLR25wdGpGUEl4M2FJWXVBY2sxZFNISVEwZlNZVnJoVFdOVlYybWMzMHQ0OUk4YUFWU0tKZVJMeXlMOXZydk9MNWM5Z01EOVlZSTdDT2MyeHlFZFNWOWZWZ2VELWNqUThNVnhqWENqcVVGVDVaai05eF8tY1RNdEdMZEhQSzhIMXYySjY5cFFETHZTOFBabml4R1hETWF1QXQ3VTRKUW50enlBN0lUbEJIOGRMUW1xbWIyUmx0TzRFamxvblVUQ0ppdXZIYWMwMGJB?oc=5,"Fri, 21 Nov 2025 14:55:00 GMT",
2025-11-22T01:23:57,Google News WSJ,Holiday Gift Books: Food - The Wall Street Journal,https://news.google.com/rss/articles/CBMiigNBVV95cUxNUmZ1bzVob25CWTUtd1VuSDFXYkhWa3Q5eThqSTBUM2l4dWEwSGZNYnk3YWF2NkdzaExocFNmS1p4OTlzem5ZMG5PM3lqSUdHUFN5TXl2ejU1VTFLa3VOTHNhZy1kdmg5UXRJQUNRSDM2NUU5OWZUY1FpWUZoUVBXNFBQRGZLc1FCSTBlREhteVBmQ2hSZm1xbk1CWjRsT1lnSzBTY1VqclhaYzl6TzAxQ0pIOElqTHhMRlNGY0RpWkZRY294UnNSRWk0R0FnNWlLTk5wR1Jibm1GdU9LNzU0TFRsU2dDbC1QNnhPZDRxQUpicUtTS1lFdzluaWVSY2xMMklnRElDa0ZNOWViTUdLekZxbHltV0M3TnNPX1NGSVk1X3VVUHVoLUpuS0ZaUTNBU1pmYlN2V3VMVVB4XzBxdXBoNWcxQWV2bG5pMGVpQ0o5aGpWVURqR3lzWlVoZmFlMU9EYVRsaU5QWHVSQlpHbzY2WnI5dEtkV1FwRnp3SHFOZm93dm51SktR?oc=5,"Fri, 21 Nov 2025 14:10:00 GMT",
2025-11-22T01:23:57,Google News WSJ,"Japan Approves $135 Billion Stimulus Shot to Help Households, Economy - The Wall Street Journal",https://news.google.com/rss/articles/CBMirANBVV95cUxPT3p3TmxJUlFteHdTUzhtLW4wWFoyRWpEa252M0FVUDlkaHA1WWYxNElJRk90eGplRHZSd256aWx6N3B0czczNFU5MU55cHY2UGQ1azk0b3ZsR1dRdHd4eFk4QXRRLTN3d2VmNGtrN1I5YXdwTzc5YmZjVEhEX0ZvV3FOVm9VTG5rUW1NdTZlTXlIVjhjcmJ2NGhkaXpBaXhwY3RKMF9qVGhBdEduZ0hwSmJIcl9UejlCY3QySnVYa2VBUV92bnNtWWZ1aDh3VVR5MWxMS25KMlMzS0otSldZakZ3NFhBSS1oaTltUjd1LURWQmF4dVBNNmgxanc5c2Y5WHcyejUxT3c4dTFINXhSRmNjTHlGYmFlMk5sREI3YlVscDBHRVltZkZiTlVSQndxR3Z4dXRNX0hUc3VkaXhvLWpvZU1XY1ZRUGl4SFpiTExicEdVX0RLc2Zrc0I4bFBYd0VNV0otV1hIdXRoaTBQQ3VkTHV4SWpZbUU3d1NKTUFZNUZTVEJXbW85aXFEYl8tTDNqQnBzQ29YUDJ3cGQ0X3dPbmFweC1aZnBTZw?oc=5,"Fri, 21 Nov 2025 06:39:00 GMT",
2025-11-22T01:23:57,Google News WSJ,Abbott to Acquire Exact Sciences for $21 Billion - The Wall Street Journal,https://news.google.com/rss/articles/CBMimwNBVV95cUxOMENNSC1YTHBmSzJuTWhsTFk3UFFhMWRYRHl1aWZEaUF2SGRxUFpiSGtmNFJfbEhKNGw0VTdjNzItd1I3aEJ6QXhyYkw5M0JNdHFkeTMzNHdKc2RWcmlQWEpNMmNhS3JSUkZUMDRZREx1aFAzS08wc0oxMzZQeTFHOVlZbXRrRkpZaTVOUXNxYXVSZmdqXzM1d1FoZkM5YXBaNkxLdmwyN205d013bnpCbWZjYTREZkJUUzNjM21jY3ZrWFlvUUdjM2I0OVpoR2NXRHVELTQ3dW9VRXVaZnhqZFdoSU9lNFJVNVpRLVQ3X3dqTXEwYkNJZmE2R1FDT2pyZ0U0anF4aGo5RUJlSW5wcjhrM1pBeFVyZl9FWkNCRF9adTJBVHU4ekR3TWZubkhsWVBLM2ptOTBDSE1xMHZQSDZLNFVMRlotS0JrbU15bzBISS05ZlpzNzNOQTVKUzhxb3duVWFtdExxN2ZpOVdjY2pteGN0Ny1WT0hIOXJ5R3FnZ0JZOGs3VXlHZkVpVDQwankxNmdTOG9KUHc?oc=5,"Thu, 20 Nov 2025 15:08:00 GMT",
2025-11-22T01:23:57,Google News WSJ,Nvidia’s Strong Results Show AI Fears Are Premature - The Wall Street Journal,https://news.google.com/rss/articles/CBMinwNBVV95cUxQWGFRR01fcGRXOGdic3RxNzhlZllaZEp4c25wZ29tUUtuTEhCR2Z5NUJoeWlCX0hJbkFWRVN4Q0xrR2VNdE5RLXBGaS1VZHd6UlRxdFZid28ydUZJSU8xV3RpN3dDRHJxb3pvUlFqVGstSlZaM3Z2WkdLVWVHd0k2akI4UU1lT1p3U0VpZjItXzBWbExTYmtZUEpETzVxUFR1N2ZoRzNoSmVPVzdGNFZnYjZpQmlQcWJkN1gteWNxaWxtMjlLcW44VEQ1SDVoNm1qNW5rbHY0T2dPenlNNmRoRlIzV0x6ajI1QV92TS1USmFEUVV3SWpYbkwwZVdMdU9aU3ZpVEtVRmZHLVhLV3o0bk11cUlRV0psVWthaU1hZ3JXUXhjcFZUeVdJN1I1SG9kZjNFVWE0a1RXcVAwOURNT2kycUhfcExkaWxoVkdOUmt0YVdzWlNfTkpub1NiQ3pheGdXTmd4SmRWUTlDSlVra09JT3g0OFBNNEc5UWRqalR6UnM5ZlFpYThNcXN6R0poTHNuemxISlJSRzJBdks4?oc=5,"Thu, 20 Nov 2025 21:32:00 GMT",
2025-11-22T01:23:57,Google News WSJ,Holiday Gift Books: History - The Wall Street Journal,https://news.google.com/rss/articles/CBMihANBVV95cUxOemlHT2xmN2RkaTZ5b2RUek5VajRrZWt1Q1JNLU00UmFpd0JrTHQ2dWdjQ1IxM3dkQzFwVUFKZkdEMWE2aGt4ejJuWTBuVC12V2lacUxTZXF2cHl5NlZtZUhRVFlSak5uUUFNb3U4dzNKaTVlV0VaMHhuNjA3Z0lHbkdtdVpBZlJsZHpKa2VPS21mcUlPZlBrZ1hVcm5EMGNSQVpUdTJMRnVaMjFFM1E5Wk5iZnZIQXh4RGRTS28tVTZHd2hWMjJvN0dmaTJKSUdubXZJUkZQb3lyUVZfSF9qZDZpRDVKSmxRMUJtOENBN2tDMmJFLVNHYkNCTUEyRzlhZVc1LUNvSVl3ekZ5T3hJSnN2NUt5RDdmVW44NlZFbUQ2aW04MTJhSlhWTFhQV01YeTd0WTBFVkVYRXJDX2c0WGhqdEZUTHRjOF91R1p5SXE3bGtncjAzdDJRQ3k2X3VZRHFCMHRVbXBmcGZDcnFTbXBWZkRZNU42RExXb1loZ1lEZFNj?oc=5,"Fri, 21 Nov 2025 13:25:00 GMT",
2025-11-22T01:23:57,Google News WSJ,Greg Norman: The Golfer Who Went From World No. 1 to Public Enemy No. 1 - WSJ - The Wall Street Journal,https://news.google.com/rss/articles/CBMi-wJBVV95cUxNQlJBV1VJbmc0VTN5aTF2VnZ5MHQ1SXhJaWpDdVVjRUNJMVFoUjE2QWw1REdMUEFlSGRXcHd4UVQ5bXcxRlQ2V3RQN0t6UnNZWG41eW5ucEVfNXE5aDlNSTkxVkEwNktuV1E2bU5TR0FaOE5nRk5vd3JPcTNGeWJ0UjRJM21Ld3ZFb1hxeThKcUhBVW9OV015RDIzUGJtX3hOQWN4MjNFWmxVS1ZLeFJ2TVlBcWJBUWxQcEhZRWJvOWpyb2VNUHhLR2ExVktuVUM5MTZCc3ZLRHZUZGxUaDFCeUxld0FRMFllT3c0OTNZYVN2amh0Q2gyU2xmMTVlNTZNR0g0YXZ3SWNid09xeDd5TjlDRGVNc1c0enhDeVo3cGpuNnJvVFpVdFBXaFRqVW9JYVlLS0hISzRXUmR1VzlaWkh6SURtNm0yLTNXX29acVN3WnhhY2IyaGFnbWRXWVhpVGRPSFl6UFFwYUxXcHJYc2dsQ25YRDE3QVNJ?oc=5,"Thu, 20 Nov 2025 12:00:00 GMT",
2025-11-22T01:23:57,Google News WSJ,"Opinion | For Americans, Family Comes First—or Does It? - The Wall Street Journal",https://news.google.com/rss/articles/CBMiiwNBVV95cUxQblBwU0pRM2Vhb2JwNGxjVGZ4WEhnV05vZ21yYjZqX3RRcG9zdEZrTHZlUUdib1RmemMzT2w0VUNSLUhYYi1QOVJEQTlCMWkwYi01OTlWZ2V3Q2Z4TEdhS0pmR3I3OUg4ZjdZUnNBXzZuNVA1YV9YZC1yNHc0QWtncENVb0pXY3pOTDJvTjR3enpQZy1mOE40aFZqZGEyZlJtYU0wZkFNMVRnQUQ4VFZIT0VqaW1Cb0lEeEY5SG02OTFkaVBGUG4tTkRjTG90Yk1jNVkxekpEU3RYUlVINUZTR091OEJWUGkzTVlVdzMyZjNncHJjVkNuNFh1TVluZWhvek1YM29CNVZDQzRMOVhYeTl6RWhMZGFiblc3YUh4YmNfZ19pU3ZCa0hSWjgtTmp1S3BKUEpRODdQSERxcDZyODZ1Ty1wa3BocHhyaGJfcS03OG9PeEh6VFVtUlZtN2ZDc25pODdialRJWF9TMUNMXzJLT2tZYW5HMXJrYm5HQmRJd1ZhTEFCUmhkNA?oc=5,"Thu, 20 Nov 2025 22:28:00 GMT",
2025-11-22T01:23:57,Google News WSJ,"Stocks to Watch Thursday Recap: Walmart, Nvidia, Cracker Barrel, Regeneron - The Wall Street Journal",https://news.google.com/rss/articles/CBMi9ANBVV95cUxNdUs4UENleTBqVXhIV3FXT2ZNYzlQUC0zT3VfaFdCOUJ3UVowM0pzaUl0OUUtQTdfZVRIOVNjbHlSdXl1NGoxaXpCNjgzekx2Vy1FOEtBdFRFdE9aSjBWdE4xSXlFZkpSSU9iU0d6NVRnQjZxVlcxRWlzMkMyaWNRWTRoM3FVY3loUzRvdlJjSVF2SWRQeFhrWDZYcWwzX3JwVy1zdkkyU0N6MGxTS2o3X00wMDVienFlR1QxdkYxT0ZCZldoWGI3S3ZGYjVINjRrdFJqM19QSVlKdFFBTWJkT2RjQXBONmxpaFFVenN0ay10MVJRWDNzNy1haXFVODJ2SHZRSDRRNG92dEQ2M1lrMlhVU1JxV3pnOHM2bGFCX1RHcVB1UnBrVkFXUW1qMVVySkNYbXg2ekEwUURqeTh2Q1h6ZUNjUXFHclNIUFZGZWs2R1V1YUg3bnBXSDllc3ZWLUdael9TeW96X2ZyRnpOaVZNTTNQMTBOU0FNamdwQVBsSFRJZzc0N1Z3dGwwbkFySnYxSFVZQUM2eG1Zdk5GTWtRNG5SYmEyb3h5TU5XSDlHQ05aVVQ3TlNXRnZWaGJxRjl2cDFsaFQ1SnRpR0dKWi1zSThwbHlDZ0dpaGZHVWNiOVdmV09jQXpqRFN5ZFc4cDcxdw?oc=5,"Thu, 20 Nov 2025 08:44:00 GMT",
2025-11-22T01:23:57,Google News WSJ,Holiday Gift Books: Science - The Wall Street Journal,https://news.google.com/rss/articles/CBMihANBVV95cUxNcUlyd3FxLVVtQTVlekRRaVRWMk9jTVNHSnlENkZNNTRMRmE1QlYtUDIxbFhac1R4ek5maFVNNEQ0eGhJTF9HNXE1SEpmeHN6VVllY3ZsOERFZkRkWGJxem53cnF1czYwSk5SNXpJZ1pFOU1QOE8wa1p5eDBEd3JsMF8zX1R1OG9tTTNPbzZFR2o1UUNDWVdmVTY5QnFJWHdwRXY3RHF6X1A3SEtveVVZaFhPY2NzMDhfTGgydkV0cmpoRHlhcS0tSUlBSWthOWpVUWpwVXRoUWZyNUpuRll2RHhnM0g3NWFiN1BGWDFFT2FmeXhNTG12U2IxUW1WaDJ0TEF6UWpqbXBibkZNbXhZRllndnVTdUhZaXJ4eTEwb0ZJOVpZaVh1OXhaQjBidllRY0Y4TGJ1ZGFUUHVuLVJZTmxtbHVqNDJ2Si1DakdwUHR5NVBpRF9QcXh0ZTRxR0dFTlYwTEwxMmFQTTNDUmdPUHVSa1hRQ3doRXhfNEc3OEtjSmt5?oc=5,"Fri, 21 Nov 2025 14:01:00 GMT",
2025-11-22T01:23:57,Google News WSJ,"Stock Market News, Nov. 20, 2025: Stock-Market Rebound Evaporates as AI Fears Resurface - The Wall Street Journal",https://news.google.com/rss/articles/CBMilwNBVV95cUxPdGpKLUk0M1dOay1nOGFsNHFlMkhZUUUwbXZ3TGhfNktUQy05U2dIeDBWODh4SVVSUzdkaWs4QlFDSnpxb0FjSXVvVWwzdUdSYnNyYWVsdnFwLThKazluSndPYlFjYk1oVl90V2czM0FYeVRZdDJZMDA3RGV3blBQVzVBZjN6elNWdU5HTUNRMm80SWZfQ0tfdzV2UE9Uck01UWN6R2VORXdraWxBMkRGdXRMcnpiUmNkVmRuQlE3N0psQUh6Yld6N1JMQks4ZTFKNkYzUkY3aHlPbXIzVm41YWlxWDJJTWJIN0FTZk93Q0dhRnBqX1hqUFM0X3hWWkZoMm9ETTloSkxObHU5MlFtV0N1c2ZTUG5JUXVfWTY2TktGNjl1VUhWTk5MSGdHT19CSW9FU0s0UEZuNnN5RkJwMzZRYmo5Y0VEbk9qZXVnSXpKYnVYLTR2UG1BdGVhNWNqdC13T3F1V2F6Qng4SjRuVnZvZnByeUpLS2J4MmRERExMV3hSYlVDV0ZMUEhlOV8teGQ4ekZycw?oc=5,"Fri, 21 Nov 2025 01:45:00 GMT",
2025-11-22T01:23:57,Google News WSJ,"UPS Plane-Crash Probe Identifies ‘Fatigue Cracks,’ Metal Stress - The Wall Street Journal",https://news.google.com/rss/articles/CBMizgNBVV95cUxPSzAwVDV2LUxjQko2QVhMT1NaNGJnOTJzZ01USDE5cVJRRERBRFh3RWFxdGhmdkNMZ2xfU0dxcVhCck5BT3MwLU82a2FaSldndlNEd05MYkFsMWs5MHp2MUZEVG0tZEJLZWVwMTV5T3cwMjkxLW1wX25PLV9HOHJXc1JoaTZfMzZ5bHpwN1FCalR1RGdjVUw5V0dWRUJyQmF3TzJZc2tZN3hwcHVtNm45QmNzamRoQmlmRlBNbkR0cjljWlczRDVkMHhnOS10UGxJNGh6cVpNZmhuNjRyREFvSVpWUmd6bmdCYlRvME5Yd2VwQUQ5RUNieExuRWNrUTd5YUdhaVRFLWVZcnhybHRLLWV0U2plY2hKVjZHWFV4R2l0a05LajdjYU0xTHdnVkhRZGZUSlhxZDZCV1FkTkF4Y1l3N2R6UkVyM0R2ai0zUmVQU2phRDlPTE5zb0wtMjAxLUtrbjVpVTZuV096MWV1b0I5OUdEbW4xRGVaYVdVLWJuQ2FQNDNyN0tSQ2o3WFZNUUdLYlFjNlhxSzNFaF9BLVF5YTg5T1RaUkxYcDNCM3BmVGpGeDIzN1IxdzdNT2Ytbi1JeWF6dnl1emxqeFE?oc=5,"Thu, 20 Nov 2025 20:42:00 GMT",
2025-11-22T01:23:57,Google News WSJ,China Is Priming Its People and the World for a New Pressure Campaign on Taiwan - WSJ - The Wall Street Journal,https://news.google.com/rss/articles/CBMiwgNBVV95cUxOa0VMMTBmU01HZTdrMC1wUmNpNXB3UjQ2MmNjeXNZbjVRTHNDUUt5bGJJTGNuQl9mdEdCd2xTM1VObW8tNUt0UFFKWmVydjRqNFkydzRRaWhHdVJQeEJ3SjJXOVRYeGxPem0xMGx6bGRoeGtuSWxlU3dJTWZ1UDlhdEt6VzlEdEVuc0pnTGZtM0wxZ3hJQVRQbnBfQlN0QkR3VlRtMnJzOWdGODQ1dkM4eVRFX0VQQ1JncDBmWkxJWHBwakVvM2Z1Z1JHeTdWZU5Hc2RPWVkwX2pXNzg0RWNFUG9zNUdoLWhIQkVuVDBnenY2Qi1VakxJRmU0NkE5ZEZRalZNY2VxWVlHVnp0eGtuYUpwallnNmxtRDdZT2FDWU85eVNZVlliLW91alVTMkFoeTV6ZEN1VXBXY1R0bk1rNXFkU1RZbDVobUlVRU5KZm5BYWpqcERvMThBNnhmVDFhRU5FTl9YSFp3Nm1KdWJLdVdDNmxBRm9Jems1UTdkYlQtQ3N6bE9PNFlTOUVVaFpuVGpCS2E0YnB0eXhCalNRY0gzakNNZkViOWhVeC04OWFGY3lsSlZnTTY3eUFTRGNFb0E?oc=5,"Thu, 20 Nov 2025 04:00:00 GMT",
2025-11-22T01:23:57,Google News WSJ,"Cracker Barrel Investors Vote to Keep On CEO, but Send Message of Discontent - The Wall Street Journal",https://news.google.com/rss/articles/CBMisANBVV95cUxQUWFpWE1KVERBRnVVMjVFb045Y0VIRm8xVW1BbDk4c19XcjNDZTJSUXNXUDBkWnNDY2lDd3hFdU0xbTh0SUdOQ1VFVnpWTW95TWk1RE5qdFBPMGtTM25BYVZPOHdYSjNhb0lQbWsxQVJUZFYxc19wT2hZQ2NIcUV1TGJIbE51NTdCNlpndHg4SjhmTGtzNTdvSXhkM1l0bXBST3I4NWZ6NS1BeENNWGlFQjNaSkNUM0o3aDczWVNrVndYMkVrWC1IZThlNE12T2dsQ3VtUUN4YXltRUxITWpReUNZSXdvbGJoZGpycVBfMDVVSDQ5Mm9WUE1VcnNVakdaSTJkWlRDVlB2TTZkZmhRVU5WZ0FRaTZzNlVvT1RCTGt1N3FCMnVLZUNLUW5mZnpEVzJwTnhoS29fUFhsSXhvOGdkUXF3YmxpdEhmYl9yczNPSFQtVE1BcXZRZTRMdlV6YWhzdHpDck1NcEs5WVM4U1pXSnd0Y2xWV1NoVWJzb2VPa3d5YmxScUdScDJnVFNmUjFlYmx1T285RmhvZnpER3JJOVlIeEtNd1NvOGpURTg?oc=5,"Thu, 20 Nov 2025 21:50:00 GMT",
2025-11-22T01:23:57,Google News WSJ,"CDC Changes Webpage to Say Vaccines May Cause Autism, Revising Prior Language - The Wall Street Journal",https://news.google.com/rss/articles/CBMixgNBVV95cUxPZUE3eFNLVlFrZGVabXlxTXpXYWNvV1FkOEQza2w5ZzNaU3VqVUR3NmJ6aXZZbmtxY3B5Rmp5M0thYTFCMWR5TllDUkhjbDQyQi1fVjMyWXFSVEJHYlFsVGt6c2J3RXBudUhEcXdzUjhuSUFWUU54MGVhNlRIbGN2RmVuQ0tWcjluQzRHZ0xOSTFxdmc5QXlUQ1FOU09nZGlPQy1VdmxacjM3ajNvQ21aWnd3eWIzVzVIMnptcmpUdUZ0RHhMNm13QTRzQm1tVGNLOS10YWR2V0tTRUpyUXIyWkQwVGtlM0VQbmwwdTFPM1doakpmUG5IV3E1UjZGQlNEeFdJSlhMZVk4YmFaUktnVDc2dXJVT0xhVmlYa2h1Y1JfVVozLTJDSXZVQnJIYkE5YUZicVkwQ0pLRWdyRjhjdy1Uc1hjaHB5OGRyWTlPNFVNRnB0Ry03YkdyQlIxc18tUVRTRkxxODVVTlJ5cldNS1h4SERhRWQtTXBnenJ1ZFY4cTVSVDlpZWtsdFlrVWxHemZ2UUwxckFzd3V3TWFQOUlOemlidG1jSHVZUXpvS2dEcUFWdVN6V3pRUEt3ZFpDVVhmNS13?oc=5,"Thu, 20 Nov 2025 20:56:00 GMT",
2025-11-22T01:23:57,Google News WSJ,‘True Nature’ Review: The Restless Peter Matthiessen - The Wall Street Journal,https://news.google.com/rss/articles/CBMiowNBVV95cUxQNHVHelRFa0l6TzktQkN6S1hmV2tOTHVtX1pPMjRLcnVnWjhTVzMyd243NXhDZmR2b1IwaG5LdGlQUEpZUEpqMHBndTE4U1M1TjdyaVNhWkI0MngxbnNEd05fWUc1anZtQ2p3Tl9OWVFWQ0NROVRKWWVBNnNtYkFObU5VcS16a3RNdjJPSkFJZkdPM0ZDd2UybWVuVlFzbUZPWmdRV3F6NHhwUDF6cXZaT1hkZjVsa0V2ZTBMRHhhaklQdDdDN1U3T2hFQThqcUgyUmNRT1FLNDVfNjFYQ29qdmdvYUxOTm52aXRzSmJyUlJwLUVJN21oSWx1OG1lcWpWTGRpYVlIUnEtMTZTMG5ocWdYZWR6eWZCX0kyMDNtZDRvRXRqaHVLVG1kbGVUQ2cza0JaZ3JXczE1YXd2Vm1mS0lFUEpGSkZZWFppMWI1NlJBT0NRVloyNEtLTXktZVFHTi1vdkRtcmQ5YVFvTk5JcFl3blpLdlMzcFdDaXlBcjRZZVhidXNLLVRxRFJIb0d3Nk5QMFRhTDNLVXRKdDB3OUZHMA?oc=5,"Fri, 21 Nov 2025 16:29:00 GMT",
2025-11-22T01:23:57,Google News WSJ,Holiday Gift Books: Biography - The Wall Street Journal,https://news.google.com/rss/articles/CBMihwNBVV95cUxPa0VrOFlLYWNValZ0d2xHSmdtdmRPWF9KQ2ZrNldpUEZ6eERnT0lwVHNUS2Ftbk5fakFVa09DTE5kLV9oVUhRVWNOMUdySm5JZVhRRFBFWi1lUE9PZkZHaVQxdVlPRmZPSG1OS1o4bkFTVHpRY3ljX3RDMWJtNk11S21Kckk5aDdmOWhvZVE0MlpwMEV4Y1NaT013eDhud2JISVJzTGtDMkowSExDUldRdTFKVE92cmtNSU4tdGxCalIweS1rbzMybTlkU2lqMDRHbERUN0J1WFVVbU5GTWZWUGk0RlpaVzlkWmpQWGgxckhNa1RqUkZicWdoeVdfdmxZWFNCdS1LRTUzNG0zZWwzbko3NV92V19VNkQ1OUVpUFRIVmw1cWJkRDFMblBoNzF3aUJFVTR2VUxtWVo4R3FfTjYwUDV6Tm9LamZ6NWFkZjZpbHBsbkkwZmo2b0dhbFBnM3pWYUtfdE1BMERlendZakxUcWpRbXE3S25nd3NERllTN0tENE9N?oc=5,"Fri, 21 Nov 2025 15:37:00 GMT",
2025-11-22T01:23:57,Google News WSJ,Opinion | Schematic for the Holocaust - The Wall Street Journal,https://news.google.com/rss/articles/CBMi9wJBVV95cUxObjdCMDdBYzdvT3YxcE5lMVNmMlNhdjFsSWhOT0Z5cTdhT09TZlpXMWt3SzFfdlUyZHpQT0NLd1FPbmloWDFqTjdmWlpmWXRQamxWZ2ZrT0U2cEotenZ1WGtwME1NTjd3ZWFJc2pBaHFxV0pncjVrblI1YnpMbDAtVHlBLUJhTkpCblM5QXBza3h5eWVVQXlUeWQwWlgtal9jWnZneGZPLUNxaEZ4eW82NFlZX2pJV29ESWpITjVkVGdfSVQ3aElIWWhzZUo3Z3Q1NTgtMjIxQjVsQjg4ZGhXdm5jYUZiaVhmVW0wczQzM3FBdWZkMGN3LVNrMDJ3OFVrSUo1Zm91bGJ2dmNfVk5YdnZhOTJNbUhMeV9mUmQ1R05ZcFVlNDFEbzNxSTB4RXpSRXJfUVVha0kyOExlWWNGelAwR1Q0YXFVOUJMUjRvUUdwSWlyQlp4cXJyak9FMjBmZW5SWGFJZmZfemNhcm1pVS11ajhzbVE?oc=5,"Thu, 20 Nov 2025 16:57:00 GMT",
2025-11-22T01:23:57,Google News WSJ,Trump’s DEI Slayer Is Just Getting Started - The Wall Street Journal,https://news.google.com/rss/articles/CBMitANBVV95cUxORk85UFV3NWtBYV92ek5ZcGEzeUY3Nk1MeUFONE4xRzFNbUJnUDFTRmFTc2F6OTlaYWFzOFdSZGh5X3FxU2o0azg3ejhXejgzQkduNmt2WDhVSnFQY0xNMHNTdHF4eHJZS29JVnpnNUYzR21fQUI3cEZpejJaZVg2bkJrejM4eWhWRzJGOHhGeTJZTGJFb21aM0toS0NFSDVaOS1OYjE0LWN5MGc0cDkxZnRGSzJVTGhYdm8wNTlhU2JpdGJGeVZydlNGTTBUdmtXeWxveVFRbXQzQVh4bWMzNWlweDlkVjM0VExKQkFyTXNSblV0YThMbzRrV3gzLU44N3Fpb2RUdnI4MnYwbEpPUTdpTGxld0lmeWRqSnVpeHZvTDdlbGY4RkhmSV9IOUtfUGxUN3Y4cF8xaVh3TEFKUFl6aDduUW1BYTM1bnJVSk9GVTR6ZVoyUzM3UzlVbWFLdEhhdzR2LUduUnVydjhPWmlQMjNNelBFQ2Q0TC1ibHNWZ2J1LWxkNlQxLVhPeEIzVE1SNXBtOF9MNjcyUXBkTFdQR2xLZ2tfLXNieXJXMFRsZkJX?oc=5,"Thu, 20 Nov 2025 03:00:00 GMT",
2025-11-22T01:23:57,Google News WSJ,"Millions of Kids Are on ADHD Pills. For Many, It’s the Start of a Drug Cascade. - The Wall Street Journal",https://news.google.com/rss/articles/CBMigANBVV95cUxPVldhbUQzVEJDRy03X2UxZ20wN2NXWEFxTmZxWl90SzlsdTkteXVIdW9ESkRMQ2VWbU82OEJ5Q3pGZXNmblF6X3FER015eUFCVkhJSWgxa2ZhQTNuQjI3UGdDYkt2b1lTRUFVUTVocmU5WXljMnZhRVRWLTk5akgxOTlISXBWQU10eHM4eHNVMDJKbm1aOHNXV1FGNXF4RDVJS3A5ZTVwWkN4NUZGZXYzN0gybjFzQXFzNFl1SjJJWWVoa2x0TmJ5Y1hNWFRERHFGejNsb2pVd3V6OXFfNGJDNlBCNmpWSC14RW9Rd1pRTEVoTXBFZjBJckVMUjc2bTZDLTUzd1FndU42UFRmSTU2SFNjZ1A3c1FlRFRUOUZGbjJYZG45TUkzZ3dwTzZ0dE1PbFdoLXlZb1V3bUwwZmpCWmJMYjlvNG1BaXBhdUZjVk5UTEdtYU9fdkFTbFVBdU45NE5zUzVJN0NQYlNJcFNMNlFTWU9FUV82NF82bHpVcjM?oc=5,"Thu, 20 Nov 2025 02:00:00 GMT",
2025-11-22T01:23:57,Google News WSJ,The Pentagon Can’t Trust GPS Anymore. Is Quantum Physics the Answer? - The Wall Street Journal,https://news.google.com/rss/articles/CBMipgNBVV95cUxOTmVaWS1sNFJkQTQ4YUh2TE0yMkRUb3RXZmFWazJPUXRwakxfdEE5c1RpLTZUb1lpak9MQjdoTFdiUVFxb0JwdHZ3YmhYOXVscHQxeHZUYllSUVBUWnZFLXV1U1VoazNENzVSRFMwRmZwNnZKaGhRb1BUTFhaUjNmU095MjFHeXI2OHBTYzZMdmNXNEpzQU5uTWNoekwzNE9KMXpibjF0VC1zQ1FjX0lQbEdUSXN3MnVkTks4ZW9lZXlwWXg5ZVd5bHpicG5PVFZZY1N2UFQ4SkRIZnp2RVRyTHlzX3I0SlBHeGVnZkk4dFJPM2JyY3BfWmFDNWNCdzBEQm52NUxnMTg3V1pSWHk0eTRYMWs2dmxsSUlmZnRsWWZQdGZ1Vm5yRmdCMGFwSHlMSy1QbE1xeTFCZ3BTYVJIcUZUd05FOVZBaXllYXRfT0h1eGhfbHB3U016dW1LYzRPX2xJMl9pdTkwY2NYajYxeXZNdkxIZVhnOUNaU2czdTQyWGRGWDVacEpjT2RESWNDVkcxR0F5UWs4dGhTcmdmaVQwOWZTUQ?oc=5,"Thu, 20 Nov 2025 03:00:00 GMT",
2025-11-22T01:23:57,Google News WSJ,Oracle Was an AI Darling on Wall Street. Then Reality Set In. - The Wall Street Journal,https://news.google.com/rss/articles/CBMingNBVV95cUxPNWJTcEo2ZEhRQkc4dUNGenNIckEtd2U3Y2ItZENjaWFpZi1hdklzMmxuQXBrM3MtaUVyQldOMFh2RURFaFVlZ1lwQUJ6cUNHVjZRUXpxaU5zM2RjSlJWbXNZWkRnOVA1bmZqaEdSNVZ6MXdWNHdMTUtzWXdrMkk5ZmduVEhqYXMwX2E0UG4zS0JjWkNUZmx4Tk80TFkxMkpWbXc5UnhnOFhkNmZIaHVlVzY5am9mdWdDeTBUMHNXQmVaU2xBbkpQRE1LVnBlb3ppSWRCdkdZOW55WEcza3NqbnZVcFZqZFBEOHNLTVFJdWJqQjZWOE9KbTJZWVJ4NExKZ3JQNjdSLUhmenZfVm5JQUJpcDdVNlBGb2JkckNGLUJTbUpYSU9rNGJ1T1EwblVJNWk5eWpVQ08xeVdTSkFJRmVJUktPc0cyQkdzZDJka3NZNUVEUXNXd21ZRWZBcHBGWEpmWFJmeGt1b0NBT19wbVdxcmlSUmRRSTNOR2dyNVZpXzBtN1hyTXVBazFXUXZNcFlmdjBJRThRc2VMOVE?oc=5,"Thu, 20 Nov 2025 02:00:00 GMT",
2025-11-22T01:23:57,Google News WSJ,Trump Administration Pushes New Plan for Ending Ukraine War - The Wall Street Journal,https://news.google.com/rss/articles/CBMinwNBVV95cUxOeW9CNEJYZHVEeWF6TGxXeDRUTjY5RlZ2ck9fSjJUcm9QeU02VVJFMTBQOHgyXzRfWkxLWkp4VzhEYkRMSUdDck9WRWhqN2Vlc25TVkUzTlhxanRpZkV5UnN1SFhFZm55QnY0cnJMdkkwSjZxalBlMUVLS3FFVjVFU3E0bUJ0SE9CRWd6Zk1jUXg0TlA1WnhpNVJteXpjWHh1dnJTUWRNNkQ3SEZvc0dfZjY1SWdoU3hSOGxlRk52bTJSWGpnME5YLUh3WWdETGVuMGMzM3laTFJvZVJVeGF3SXlVUEFkdUFXeFZjbU1zNC11Qkg3S1A3d29Qbm9GR3lGb3hMbmtMYkxqZDEwd2xOZ09kVF9wWXpZYjVaR1ktTEp5Mmk5ZHQ0WEtoemMyazk0azRWNUdrYzhUaGR1T3h0cUZtYVpUWHVHbXNxQnU3NlF4YTJ2ZUdsSnNXbEVocEJOZkRBNFlwY3Q1UldHNHlwSGFfWkZzeWxHRC1ES19DbFNINVdTTzNuT2d3Q1U0SVJOQzlFalJCc3hZYWlfeXNj?oc=5,"Thu, 20 Nov 2025 02:14:00 GMT",
2025-11-22T01:23:57,Google News WSJ,Trump Signs Bill Authorizing Release of Epstein Files - The Wall Street Journal,https://news.google.com/rss/articles/CBMipANBVV95cUxNeGZDbG5tdWlaWXVPUnVSalgtdktuSG9lUWI0cmlDNkZDdHpqLURFczJ5YVJ5ZFdDRFI2VzNJSVJ6TDJ1VXYwaGx0UkwzZjNmYzU1bUwxcXFVQThmLTE2NXVlazQ0azV3Y3ZHVmx0OUtuQTk3MERxNVVldUtUMkVHbFNKamw0QnRxU0ZwQ0txTkxVZnRhMkszcnprdE1qZlB6dFJYOEZ4QTdrNUd0dUNhVFVKTk81Z05VNm1MY05GcGJCWXpRV1JfTVZ0LXVqZm9vQWFIYkRxaC1UX0ptajRHSTBJVGgxMjlJMGNjdnR3N0ZELUhBNldWN3pfYUV0NGp3ak9xNzMxcnhDQ001MHlIbGM3QkJHZlF3cjdaa18xczBvd211QUpWaml6eV9YZVdEdXIzcU03UFJCNEhuenlwTmpnODkwWUZVUHNHUXhFY3RKaVZwZ2g5VVdROGxMSWNmRFc1eGJoTmtYb0VOQ3pHTmtnTU9pRXZmSVMtT1pNdWhpeHdaVHlWNjl2bWpsSG9kWnNYRzc0R3lFWTdfV09yTWJRdnA?oc=5,"Thu, 20 Nov 2025 01:59:00 GMT",
2025-11-22T01:23:57,Google News WSJ,Maasai Sue Marriott Over Ritz-Carlton Safari Camp - The Wall Street Journal,https://news.google.com/rss/articles/CBMipgNBVV95cUxQMlpabENsc2dnSkVXRGU1V3lrekg3LVFiNUJVWGhSS2R2LWhXNFZDQmw2dmM3UnlTM2tjeklsOTJzYjZpRGtqNGI0MVFrcnhVOW9zOUZfdkQ3UUo4b3lTMHFmS3BBQ0s2ZldXa0xFaW16WmVqcXdqSC1hTHJHMzBmd250bWJhMXFFbW14Sl9MMnRPUGlVMl9BT0ZWUFU2YWRma3lUMGEzM0VoMXc0NXU4ZXV3UHk3V1FpX2U3LS16c3hZdDJsbklZYW5Hb2wzOGttM2wxY0xjX3FSMVlvZjY1eDBsTzVjZTQwQ0loc0x6SEpxdHdFVFVrQnhJRmxtTFpzQ1BITmYzbGxWZmxNX3FpMjUtdEtCTXJ1QWVCS0dTeXNHZXJuQjBvZE1IejBsaDdJSjRic3E4ckVpUDAtNGxWUFNONXNIZkJsTHJQZWVTTzRYWFdsU1JfMnpyNlJMM0Z2cWd4b2d4MEhvRTdzTzEwT0RrVnhWYmp1UkRIQ3ZLbHgxb3I2RlJHZ2cxMTBvc0pQdGw1aUFicnFKQm9KdTVzSjMxdGV5dw?oc=5,"Thu, 20 Nov 2025 04:00:00 GMT",
2025-11-22T01:23:57,Google News WSJ,"Nvidia Profits Soar, Soothing Investor Jitters Over AI Boom - The Wall Street Journal",https://news.google.com/rss/articles/CBMigANBVV95cUxNbFg4RDcwcVNKLTM5djR0MFQ4cVgzVmE4cVFXVWE5Q2drLTJfdGdFQXNDNV92RGpBb3Y2emt0WVZFMGJKRFlZRnVNd3dOVFJ5U1dlMWZkQmtOV0t3Rzlwbk1Za2phZGRIUmNHRnZhbzJQVXprSGtqN3VnTV9JSUtfakZWdHVVemVvWnc2dVQteEloSnd4SUszY2QydG1KTkV0RklQZzFwajNCcFNXc2otWENWQjFwb2JzMGQwemwtazQ2SWFvaXJ1NHg5UzZHTEtCYnlQSWxsbzNIWldtX1YwbkItQy1TQXRMUGFSYmlhVjNvNU1DaW9GRDVqUHhNUGVpX2N5Z2EwaVNTbkNLR0E0M3NiY2piNXpvXzRCbXQ3X2lNdTNjVEVfMklkSmpuQjBYWmNjWmgzTXEzblhIMmFGTC1HUlp0RmFSdXlJTUVNMGZEbENGbEYwREluN3lLQ3htVU5Va25LcVdkYzk0VlVXUDFJeU9fbnpCV3dkUWVLTHA?oc=5,"Thu, 20 Nov 2025 10:36:00 GMT",
2025-11-22T01:23:57,Google News WSJ,Exclusive | U.S. Approves Deal to Sell AI Chips to Middle East - The Wall Street Journal,https://news.google.com/rss/articles/CBMilANBVV95cUxQaDJ4ZUlhZV9scl93Z0k3dlh6Q3ZneHd2azVlWmUyanJxSkc2aWZfMXRRdnpSQ2VyTGZEQTlxVnNabUJ4VmRtY284MHEwaGVBbWJMdzFibUFULWNxbi1TZi1mbnZtSnZraEdyT0RMOVJNdUp4SzBSUnB6V3hvQmVFc1BVUDFBMmVIb3BZVldha1d1ZHhKd3V3VHNFX00tSkZRb1NiOHQ0c1VZRGwtV0ZfamhMNzNWY0tsWktjNGQ2YVFJcFZQRjdCdGE2VHBlUnJCQnV4aE9ZY192WjQ3VFF6VmhtQktGbXlaU2YwS09aTmJhTnVjcDNsZDAxY3lDNE1UZHhzTVJjMTRsd0s4elByTlRsWnJ1Z3FzYjk1SHBmY3d2RXdzeW9LSF9vLU10bUhONUZHeE1TaW4zRGZqeFZSSzN5aXpHUWVKa2pnVG5UZmsyTXhTYU00TWd5T1puOVEwc0tSSzhFOHdMYllXNnkycmFLbGpScWNrNkpQX05aM3h1SWJ0azlXQnpuNDQzZkpBd2duUA?oc=5,"Wed, 19 Nov 2025 22:53:00 GMT",
2025-11-22T01:23:57,Google News WSJ,‘The Most Successful Dictator of Modern Times’ - The Wall Street Journal,https://news.google.com/rss/articles/CBMijgNBVV95cUxNQ2NQcjBMUDV3TnBZdm84OEpxUEFZbkxJaFZ6M01hYXRhb2s2aVVnWUlIZFZudVZOX2M5MHk2SWhqRlRrdnFUd2ZrQXA0QVNfbE9welVCZFVRRWlVVmoxZENfUWdwUVRQYTFRT3JPVFZueFN0TGJ1NUdxQ2ZxZWhwN1oyaXB2eTUzc1AtMmRVa0tHQWp6dERlNHpXVHpwV2tMbktjQXZtcFBqLUxFU1YzUjRCbG9IeDBhVU1keXNHVjRjYkw2N0NkbWhQVDVvWkJWWXFEblVpZGhnM1czUDcycUhySXZwWmNLZXNFcDNYcTE4b2wyM2NvTkRzWlBGYUw2YVF5MHRBelZzZjlRaFh5VGloQ1Z1a2ZxWjdrM1IwZjdlOEU3WlYzd1l0M3hMdlVmMkFNVGtzYXZOZkpCTDhIbWF5QW50WElNWEppQXRGTHlvcExDbUxqbkFfZlItUlFJWEoyT2lMdUlGaU5MWDZJSnlBQWNsaGhCdzJrcjFVMWVVek1YMGROUE1fVDFrUQ?oc=5,"Wed, 19 Nov 2025 21:35:00 GMT",
2025-11-22T01:23:57,Google News WSJ,Opinion | Spanberger’s Premature Takeover of UVA - The Wall Street Journal,https://news.google.com/rss/articles/CBMirgNBVV95cUxOY3ZMZzJCTkZVQi16bTZJZ1NzSTJXNFlXU3pTaUVIbTZIeUpMWEM1X0hnU0ZmX3lXTmRpYjN6aXo5MV9ybm1iVVd6bmpKQ3dvM3U2U29TVF9HT0MwVk9TRUFDdnhTM0luTW5iVzlTQTlzQzhTOW9sVTdLeWFOZzBiZGpnaTBMZlBablJHS0lVU2tSaWEySmU4YUZUWnNfRmF2OHVfT0pObmkyX3R0NUowdVBCa0VJQVRFNDEzNGNoZF9Fc0tqZWhiRVFJbkRHNGRGLXVkeTNhSVZrYnlYc3RaOElFVEtyQnc3RTRDelRyV3MxM3dSY05DdGNoMlFfZUdKREloZnNpbjBFdTc1Q2dzM2llUWpBLVpnZ2cwYnlSRjVta2MzWUFUNE1veW5mNmZNUkJNSV94enltWUtZS1IyTG5qUmo4V3l0Qjc1azVGcFlZNXh4U0JXb1ZRR0FnUkhmek1FamkyQ0RRZUhJbDA5UjFCUDR5dkhPZXMwNEJsZXhQMXlRWUhqdFFmM2lLSVdkdVpTOEZaS3VUcG54c2otc0N3R0dhdlpEX195Qzdn?oc=5,"Wed, 19 Nov 2025 22:40:00 GMT",
2025-11-22T01:23:57,Google News WSJ,Opinion | Dick Cheney and the Fruits of Regime Change - The Wall Street Journal,https://news.google.com/rss/articles/CBMijANBVV95cUxPQ1Y4RzdHNWMwYWxCU25zVE14NGtXRV9BMFpzODltRGg0RUdteU1LS0RzdXp2S25oVGpxVWtFbmRONkNRZVJzdG1CZUVhS2o0dlk0cHFlS0ZSUXlRbHFuNVhJMW5xay1YOG5yVTVfTU1wckM5RnRMVkduZ2hVWmwweWFtVGMzU240c3QwNk5GZ3d5Q3VsN29XR2RGeE12ZTFmang5WExGb0lqc2pzSlR0LXpoMGI3cU5oaTlfYUgxRjBSWDIwQThHS0x5QnN5bmxSTExIbU1GT1ZENk5hNE52SGJ2am1HdXpDS0t4VDJEbjhmaW5qNkRPV2ZDcGZ0MjhXcFpDaXE4d0dxTFlXaGcxY1NyMjJJMUYtMDZTMm93Wm9BYjF2VEwyMnIyM3RyLWtoMUdFMlZoVGlTVG1kX2FXcC1DOXBmZzI0T3hPNWZLTUtTRU1JN3VsYWtQVFdPVGdQV202cl9HTlpsdTdkT2FFTVc1T05BNlBoYkdSTzQ3WThCSWI1LWJmbjV2Nk8?oc=5,"Wed, 19 Nov 2025 21:40:00 GMT",
2025-11-22T01:23:57,Google News WSJ,Opinion | China Has Nothing to Do With Its Money but Lend It - The Wall Street Journal,https://news.google.com/rss/articles/CBMilgNBVV95cUxNbnk2OFhsa2ZPMnpzQm1mNHd5ZENXUWFRdVNVMXBiMk00UWo2b2ZRdGczZWJrT012VDNVM21ySXQ0blFYaHpnUGtBUVdodDd6UHpENHFEcTB4Y2dFS2hCdmI5OERfb1dkNm8wSTlscUM5V0ZhSThjdmlsWnRUWFVDaGN3R01fVER6UFQ3Qkl5d21ZcGRjc2llWEdTaFdpMXRWSlF2YXJZQWE4MzFSSlh0RFZlSUtUUFdhaEU0cmZnZDU0WjVabHZlWGtzRGtpeEx3NmstQTFfWjdCenFYSmM0REZvRFptQ2VNTkh2b0ZOSHpZTm9IYnY5MTR1ckdjQWFFSUllTlpKa1VkOUxHd20xM3BwR2VaRE1mQ0NNamtVc19LZTcwV19hUUFnUTBaQXIyeUhTN09vODhfODJEd2NTNEVVMXZOSlpCUmJZc1JGbE9vekFnMGZOaGhfTUd2TDJRc0pHOVBFUmN0UlFVcjhvOWVoQ2ZXM1NRbWRlUmppSmVxMUhmM0hfdlliVXZhbVFPYzk4dFZR?oc=5,"Thu, 20 Nov 2025 22:28:00 GMT",
2025-11-22T01:23:57,Google News WSJ,"Pakistan’s Army Chief, Trump’s ‘Favorite Field Marshal,’ Cements Power - The Wall Street Journal",https://news.google.com/rss/articles/CBMirANBVV95cUxPdzNsNDVERUxCMVliSWxjMkk4MVZRNk5ZMTBfNU9HeHZONGo3TTZIaXFlanc3SFFDV2tNajU1Q0stWWhxWXByYk9TSF94ZUNsRGN6cjREcGhNT20yZVc2RjlrWDhCelVJOHpHRzExSkZHVXNuYVVMZ2V5S04tTFpoN0d1cFZ2UkdSd1BOZUJ6RGZkdktnc2RnOWpMY3Q4SnY2eGpkbHVrUDJhX1RvcXVCMkd1X0pvTzJyWVpzUGxyNFZKMkNYYUZtelBDQU03Sm9HODl3RWFndTdlQS0wS0loX0kzeEtGV2djaHgybVNxeF92OUlxQlVXVThOY042OVZ2Si1qUlZFcHhFRTZHRTBqZkFXT1BzU1E2Y1lwdXliUkw5OG1KSktBS1IxZGY2cHN0MTJkUXpSb0VPbHJiNlJNempDMmVxdUN3TlZ4eE9YTElOUE0yR3NJajZUb0c0MkxJb2UycXpvYjZhSld5MDQyYzFiYnFoRGpaSWZlNXBfQ09QOGhETDFSRktQUWszNHAyUE45OVZXLU9KajdFNEhpeEl1b1ZOOEZlNENFdg?oc=5,"Thu, 20 Nov 2025 04:00:00 GMT",
2025-11-22T01:23:57,Google News WSJ,10 Subtle Signs That You Are Ready to Retire - The Wall Street Journal,https://news.google.com/rss/articles/CBMihANBVV95cUxOTnNPRVRTNjlLWUMtZmlRZjVyd3BjbzRHTi1HNElfeUFSMnpEanNqNkc3UG0wYWJNWXZkck1nYzd5MGpzMTY0NU4tZzZYdnF2bHp5TjRlYjFrdVh2WGtzZW5ZcXFVUHNDMnBoS3RsdmdIYl9Ka05RaWV1WEpxUWxocy1FdXA4VE93ZGtpMUtuWUJIZ2xNR25VVVFQZW5zUmJVbGJ6QjBEN0RIMDFuaVpDekMzV3lrWXQ5R3BxalQ2aTB4a29zZjQwak5tVUktNm1LQXd5MUpaV0c3d3l2aUNxN0N0WXJrczJBemJJMFVkRHh1emdsc1Z0SmktSWZSY3hndm9KOFE1akd0XzQwVDMtVThRNndHQWJWYVJTZ25WYTNVV2pjdmlnYnB0UUthLUZVVlJnNzNZX0dyQmozLTdSaURtWUNieWxId04wY05FN1VnajVieDZjLXVmX2V5ZnNFdGpKSG90T1hNQlFEQTZPZDVSX2VKYTdfZEc0OTZjbVoxd1VR?oc=5,"Wed, 19 Nov 2025 19:00:00 GMT",
2025-11-22T01:23:57,Google News WSJ,Opinion | The Economics of Income Mobility - The Wall Street Journal,https://news.google.com/rss/articles/CBMi_gJBVV95cUxPYkNzaGtETzg5dnJRejNJOHR4WW5YX0pOQ2lzVmlhQ1k3dDVvRHBXQTlfNW4wREJ0VHZlbWZMZW5NT2x5bXNwdXczMExKMzczeTZJM2x0R0dsZzVCTHJqMEtJVjQ1bHZWYnhOMlI3ZE9DRVlYQTZUcHQ4OXB6TXNheFJPdU5KamlFdFZXRUliY2xnNVhwYTI0aGdrUy1ES0NMcEtDR3BCOW1udEdVOTkxTVNmMXp4SExfc1JTVjBxZDVVWkR4NFh4S1RnejJrMmlaYWUxWGdxakVYWjEySjRzUnhjYmlYWEdLWlhTT3Y0WTlhdVVHSVd5enNrb0JlcXBTY3dGamdqNXY1M0JmQS1sT014SklJR29GNzZHZm02b0R1dDFRYS1kcjhGTWQxbkJ0bDQ4SlliRkRvSEphNGt2XzlJV08tTDdTMXBOVHJXakhwNF9GekJGQ1VtZ2loSHZ0ZlFuUGZjcGsyNEVpdWpvdVA0b1RZNEg5aDBkVGV3?oc=5,"Wed, 19 Nov 2025 19:29:00 GMT",
2025-11-22T01:23:57,Google News WSJ,Fed’s October Rate Decision Fueled Pushback Over Possible December Cut - The Wall Street Journal,https://news.google.com/rss/articles/CBMimwNBVV95cUxPZVBIeUhxX0R3NE9zcmxGMVlSZ182VGZiZ3ZiRHd0d0FCRkNsb3lPLWotMXhwalVGTTVVMl85ODlpNjJFN1V4ZlFpUkpaV2VMY1JhOTRyYnRzeTVlZTVwR0FRcHVOTGVySlpGaFQ1Szlfa0VIREJXTGlJaVJoNHcwWEVnWFotd1dLc0s5blBxcDM2MlBoaVZPek9idHpWM2d6U1k2ZU5kdWowRTZfOE1SMDBTZG1hdWkzY0ZoQkVTYkxDRWxrOHVhaUNvTEpsMUxONHh4T1B0QmI2V1JPTnNEY2pOd1RfeWl1aVg4SjdkejZoa0FxX29iZFpTSnk5WE9qMmF2aXZ1Tkc0bFZYU0syVUwwVFlTc183N204S0NlZVlWV0Y2N09ta0FhNURaYnp2bW4xLWc3b0FLbWFMSE5VTmhjOVNPd21qVmRCbDdqa3FRT0o4UHY2bF9adHBCZHRheExpYVZMR1hHV0RtLXRGX2prZC1GY3NsTG9ZT1A0SGhab0t6M1hPcTlLMF9saUZFZUtQN3dOWWJDeUE?oc=5,"Wed, 19 Nov 2025 19:38:00 GMT",
2025-11-22T01:23:57,Google News WSJ,"Frida Kahlo Painting Sells for $54.7 Million, the Most Ever for a Female Artist at Auction - The Wall Street Journal",https://news.google.com/rss/articles/CBMingNBVV95cUxQX0JBdUFJU1pjdmpBaXJuQWl2NWRhU2FodW5fcmFIMUZiQWJtdTQxbWY3VjhmcDl3RmxrdlRqcWJ3X2RSOUZyZnk2V255ZUxlTU4wcEJaNFR5NENWZEdjT1Z4OUg4eTJiT3BlQ3VZSnBrdGlzcVlvQmVlR0cweDh1UXpFVGxsQnhQSzhNdUlkbUNBUkJZN2d0cVByVW81TW90YnRMWEZNSUVPQWJ0M3RhVWt5dGpJdzhHbUJ5RkdZZlhPVGNDYmlQc1hWdXM2R050MXZTTUxlc2ppVmpEVzFuZllHeGE3Z18yVFBOUXlNdGZVa0JxTFd2Sm04ZEJZa2lVTngzX2JkUzJCdXgyQW9JTElOUUVuaDU2MG5yTkQyenBKTk1rYVRCeGZqbmYtOXZCYVoyTUdsTTVDblgwRFZ1LWM0MUR3OXZGUGx4S2hBTW5rTF8xQ2p4VlBfWWQ1RFItM1V2bFRuY2hPMkYwLU02LW85Q0tNU19TNkduSk1GU2p5WWx3VTVyUjlLNk5nVTRzekJPelRFYkpSSndILXc?oc=5,"Fri, 21 Nov 2025 00:25:00 GMT",
2025-11-22T01:23:57,Google News WSJ,Inside the World of AI Song-Making: Big Hits and a 7-Figure Deal - The Wall Street Journal,https://news.google.com/rss/articles/CBMilgNBVV95cUxNay1kME5RdzVJUXRPYzJva1BRb3M0ZmZGMEVfcl9KNzc3VGdXY09DS28yTGRiRjFyUlIwMllfaVNJZmJTT1ZuUEsza0tZeEdqOFRQSFJuTTd4dG5hbTd6elRna21HZ21FX1paVjF0Y04yLXQ2NEozbERpSXdvTnZ6R2JtNDhrT01uRWVBVk9tTEprcDhhSWFvNXF5STh2TG1MNWR4MnMxTzVGRjh4WUNsQ09qb2x0TzZYcnM2WnhscUF4VW1kcDZUV1FweU53aEVNX2RITVVoek5sVktXYTBDQ1ZWWUotM0dGeWpiYXp0U0xZazVHMWNOdzYzZVhkT2xIVVdfNHZ4MFBQTHZtOXlWZWdGMTJia1hpb1pySGkyTmJua0JBZ0duZ0Z2MjMyd2FIMk1Lb2ltb005b3J0eTVxNXZWWXJfQ2RTX1hVaFZjOFl5UlpwSDByVkJvTkxCOVY5d2tORXRfQVpTVE9ZMW5CQ3ZNUlBXdURqbnFSUFV3X2owdDQya21CbVNiY3BiYnpSb3hJUzNn?oc=5,"Fri, 21 Nov 2025 19:00:00 GMT",
2025-11-22T01:23:57,Google News WSJ,GE HealthCare to Acquire Intelerad for $2.3 Billion - The Wall Street Journal,https://news.google.com/rss/articles/CBMinwNBVV95cUxPb19DUFN1TG5WX2t2TFdfcjU2WGxlZ0h5ak5xZGs0YUhaMjNnN0JzcXFRUGU0RkN5b3BzOXR0Q2ZXY2ZxUVJCSndfcXc2WjdZWkxMcVpSOXpxQjd0NGdoaE5ZcFlsOGFpQXBYb09IbVpMdW0yLTAtS2JHTzV4V3g0M3VnWE4xOUR6SVNsMWFiSURNNlRnUjlMYmpVWFdGdkxLcjc1bWFsczFfS045OENWNjhEcEt2aXliaHdVMGZCOVE3eTdxbHpnQ0V6Ml9Ta2ZEWFJfZ1c1Vm0xTWxyVmFTbGZTZ1RXcU5ieUJQVU5EcUNkdGVZZy1pZVZGOWs0RWIwQlNyRTBqX2ZSUW92ZThnT0N0cnQzd3lELWQwdFQwczRHZGY0OVU5NTQxblpsWFdTcjdWNzYxVUo1cENXQlY0X2lPaFNicnBZZ21QWGJoX0gxVW4tRnZLV3pDdVFpMVpMTGJ2VXRIa0FVa3hRZVhSY2NNQS1DbmEyLXVTRjVIX0ZrY1BuV2hLTlFGczRCQUtoUXNzSE45VlBNR0R1TTNZ?oc=5,"Thu, 20 Nov 2025 22:43:00 GMT",
2025-11-22T01:23:57,Google News WSJ,Essay | Why China Still Can’t Tolerate Christians and Other Believers - The Wall Street Journal,https://news.google.com/rss/articles/CBMikgNBVV95cUxNZVNKVXhJTkpQX19mSlhUbDBUNWZwamY1NmRueVp5UUZySUpLTVlaZWF5dlJkNWVudG9aUU90NllDSW9QOVAtTXc4d1dOdkVPMHZ4eXdZZm1NSlZLQ2FVYXJJa1p5NXNSaktSWGVvRkszRXhzZnk1RUdycVlXTDdqQm9meThZQzNuQ3dUVFVXcWFORUx2akpHSGxEUDRuSmlWUEhqQTJsX240SFFtTEpNZXk5Vkl4QmVnTnZiOGZVdzlMc2ZXOVlQX29VbGNuVi1XcFhXV0VhcGh2TUFqRUVSQktpVWlRWVEzNGJCUUQwRHRkREx5LWFfamE2WENiOGh4bDExU0xWaHBuaU5FZVBWZ0JDOXFBZGlMTmVvQjN6X3VNTGRrYkc3THhaZWVWY040cFlaMTRhanB0TWtZdW4tdF9xN2NlVnhNcmFocnRSR0F2SlNlTURsZ25jMFZ0aXcxblZSb19DVkRfMWlyN2dLMllFTkVuRU9Oc3ZFbGhicmxWRFV4M1IzbDVJVEhrTksxM0E?oc=5,"Thu, 20 Nov 2025 16:00:00 GMT",
2025-11-22T01:23:57,Google News WSJ,"Major League Baseball Signs New Rights Deals With ESPN, NBCU and Netflix - The Wall Street Journal",https://news.google.com/rss/articles/CBMiuwNBVV95cUxPOThBNTJ4cUdmMXBQRVVZWkF3cUpESVA4LVE3VDd2ZTFIQTNCTG54Z242VTRYQmRHVzJSWG04RERwRXFDLXY4SWdhYi1BNFhfdjc1S3pfVUVobEdQZXg1RUpfakZZXzVXWmJ1aXFFZGgwQUZMWGs5OG1tTEdiNlB0QWxfRm54bFFlb2pFZjJmcndwV1Axb1I1X0lTM1M0cGJXZUVyd3NzNzhOdUZ5WlpOLVYzNlNpR1NvVVI5WC0yRlhVUE1MMFJqeDNWelloUVE4TXQtUlYwTERYQ2s3VlJPaDNHYlFTRkVSczJDQlJvakRxSWN3cGQwck9PLVRXZGVVTk1lenE2dXM2cjk5YjdXcEN3c3l1TDVaX05zVy1tOG9iVG10ajFnU2ZDaU1TZ0JHbnc2c1JmQXNyYkMwS3k5eTNuYVRIbjhtejFkVWF4U3ZsM3NUdmxtajBDUDJBNjg4ZHB6cGsyWnhJOXFfMVVVZjVHdjBxZkxYY08zc2M4dmVTUE9UUUJkd3JNcHZtbklUSUNvRGRyZGJIQTgyRFRncTdnRWhNWDh0S0lRLTFuMmt4NWhsRHg1LUVmMA?oc=5,"Wed, 19 Nov 2025 22:40:00 GMT",
2025-11-22T01:23:57,Google News WSJ,Holiday Gift Books: Reading for Children - The Wall Street Journal,https://news.google.com/rss/articles/CBMilgNBVV95cUxQWUZ4ZzN5aEJYSGR5NkJuaUdOVTJtRXRvVUdCeEhJdV9sUzVGNk94SWVvUXdhaVhUcHZyTDdfMVlQMkJ3T05icnducTI2ZXoySWJZTEF6X1ZRSnJxeFZvU2xYazJzYUJPeE9nQ3VYWi1lT3NtTVlCYktOUUJWUWpqYlE4QlJvZG5BOUNKZFJYN1BTX29qVG8wd3NHWUh4M095N3J2eWlBcDI2OGVtaGZmVm9wMkt3U004RzBlSTNOTDl6NU8tcnFTdW1kVjRPWHVzR1NzTFZfa19MSndiRDh2aERramhjRlloajdFNEczN2JJUnEzejE2VjIyNTUxakphZnFSWjRLaURUeFlKT1ZfUkJqUnR0TUtJVjZJcjVkbkFsVm5wbFNSR2hHWV9CTmloSF9JYjNJdjR2eEJ6aV9OWmpsbWthTHMzWlUwN2tSUDQ5b04xQ1U4UnY2bjdWal9xQWx1SzZwV0RRQVBWNXFnRXRNYlNqaVRWVlVwaDBsOVZ5bk5Ya0pndTRZX05BbXlIS0VtRy13?oc=5,"Fri, 21 Nov 2025 13:50:00 GMT",
2025-11-22T01:23:57,Google News WSJ,Musk’s xAI and Nvidia to Develop Data Center in Saudi Arabia - The Wall Street Journal,https://news.google.com/rss/articles/CBMirwNBVV95cUxPMnVVM05nOEFZbG1xOXV2emVJSFNfTUhxSWoxb2dFdWNLR053RFBlVTgtMi1PUm1jeVZrN054b0hzVzhkV2NIcjhOV0I1MU1lVlNpSXNaQlNTNHZqU2pwNFRnbk5uZUVkSVZFMnE3VkhYYllqV1h0SjNnNHJoX2hrQnVpNlpsRk1pdXdqc0JMc05YV1ZfanM5NTBXc2U2VHdPTUtwSFNRYm51MExDaXgya19MV2p3UEgxaTMxYVpwX3pleVJ6akIxdTY4LVJlRDkzWWFLUzdRS3U0VjI2UWdwMzBMMHYxQVkwbkNyN2Vsb0pMLXEzLWVzczA2NnR0VExLaDAxMHQyVzFBWWE4RGljWkZ4RHdxYmxsaFU4djY5U3JQZ3pPd2FpZlkyTlNjWG9vbUtzTTZmcVlvNEtiSHZNNzdKOFc1MVhWQ2VPeGtxcFZ3OFB5NEd6aU1Yb1FGYTB3OFVyOGRFbHRwVTRfU3ZERzRzWDFyYktpbVhjUGt3a014ZHNIeHVWZ0U5aE5WbkRRbnVhV3lEbFR3eXNHV2FOZ01TY2xrY1JNcWVfTDVJcw?oc=5,"Wed, 19 Nov 2025 18:37:00 GMT",
2025-11-22T01:23:57,Google News WSJ,Trump Administration Weighs Sending Nvidia H200 AI Chips to China - The Wall Street Journal,https://news.google.com/rss/articles/CBMihwRBVV95cUxOVTMwMVJoX292WWY1V3F4X05ra2FMdnp5YkpCNUZ6LU04ajBmU1Y1cDlHbU45QVZlN3F2VzRHRUxxLW1iZlc2dlhHUmNZUlBMd3Y0eTlibXByeENrSHdzeXpjWXlTQmRsby1ZZlg5djFoWUoxSUVEbm9oN3BxQWFwVDVFZ1hfMmdLZVg0X0tFQmNKMXBSejFYWkM2SlI5Tk5hbTVxb3JxejVIR25EbWpKdjBDQ1FIZm5GM09nV3dMMXc0emw0ZktSTGNQclZObW5zVXl4ZFltcU1lNUpwUmVHTFFFSjAzTllKQmtQTlN3bGMxUVZncl8tbUtQeE95VEh1UUdDQnhsM09DRC1FOFN6UGs4Skw1ZmhWLTN1eURiVzhWekxNd0ZmcmxoLUNQb3NjQ1E0Z3FsM3hmVTRYaFZGZjk0SFZKM3o0UEVnUzRQcXJFYXhraTN0SU5fRkxsOTdNVVpQX3pxcno3N3J3WTlWVnNVWk5TYmpzOFUybmp5TmpBT2pxbHl0YjUwckxDREhLSFUzbUF6RXhJVWJNcGRHZ0pzd3p0c0xiTlQ3WEc4M2hycEQxbnhacWtncmpPMjJyNTQwRFU1Nm10T19TQ3dTX3R4ajFUZlYyckZROUNXMlNiTXJSVjA5WFNyLTNsWW5iNzMxT0o5SGdVR3ZhLVQ4UFJmNTRsbms?oc=5,"Fri, 21 Nov 2025 08:37:00 GMT",
2025-11-22T01:23:57,Google News WSJ,Dollar Bounces Back from Payrolls-Triggered Decline - The Wall Street Journal,https://news.google.com/rss/articles/CBMipANBVV95cUxOWUtjTG0waF8wSFc2dHRwN204eVZHRkJXSlZ2Q3JGcXlnYkJ0YmpmRVoyTkRnaWVPY3p3aF9hV2tnNnpELW44VFpWRnFJaURuc25hV2lLUVJrRloyRXNSOVkzTDl1Q1RGVWl3eE5kSEYwUU5iSGMySUhTdjNGVHhma2pNWnJzQ3JQUGVYR1FVWURXWFIwQTJvdlRZTmtab0pJM1A4TFFZcml1dWJWMDZybHVUbHJKT2tQQ2ZUVmZJRHNFcVUzSGsxZV9rNHNxUS1JY1AtN0o4dU1ianpCSFRha19PMmxxWVNOd2JieGRMdllrOFpFR1hPaUNrOEtCeExJdGJ0a1FYMEpVT0dDUzZ5M000cTFUQ0s4eTRlakJUT1NZbXVvVFgtanVaQVJSTVNMakw0RW1vSm1VVU9iSzVkQkFveUkzQ1J0UkpLeVJQSF9jT25vMldFcTVNVUJBR1ZIM242SGYzRFJ5eFBXNWZFLVpsNVJDM1ZiTWRfUFYzRE9yNnJ6QkV4LVJpeUM0UDN5ZGt1TmlrNVhKRWpIWEdwNXFlQjI?oc=5,"Thu, 20 Nov 2025 19:35:00 GMT",
2025-11-22T01:23:57,Google News WSJ,"The Score: Nvidia, Constellation, Eli Lilly, Gap and More Stocks That Defined the Week - The Wall Street Journal",https://news.google.com/rss/articles/CBMisgNBVV95cUxNZDM2d3JHYVVFRWVYWGZUUkRJSjQ0YlFyNEpieDF0QlRVU2c2bElSUDJmUFVVcWdja3VqSzhETDBZR19nVXozb1lZSVYzYTVwZW5rck9IQm1lem9nNk54dTZXWFpHMUZFVTRnM2tWYklmRzVWd3NUeFJHSExGZEt5UFVXQmlwdE5oOFpjMVlOYW5OWlpEd3Y1cWFfd001N3hOVGZUMm1iVnRYSWs4TkhPSm1ncVhVLTU2RWNIRVZMQ1RLdXdoLWNweTF1M2dxRXFPTG5DTUZLSFhBY3ZYWHhFSmk2MTl5d0hFZTdoTEQ4RmMwZ3RRRkVrVXdfWXhOLW1icDFRVm02OV9BQUc2NVFIODdtUnd4TlJOb3FKcmVxbm1yb0R1cThFWFpQUVVXMzZTQmVhdkdqSEtQRF9jY0ZLcUVpQ2lQS0I2ai10S2NFZXJBa3BCcjctUXc1R3ZoT053XzBISXc4ay1sQ1ZVSERsWUJsWmh1Vm9ONFkyTXRXcEY1aGc0QTVrLUY2dmNjZFItbzBHaFhTNFVINnlvY0NRM0Jzby13WFZGa1MzMU44akJBZw?oc=5,"Fri, 21 Nov 2025 22:16:00 GMT",
2025-11-22T01:23:57,Google News WSJ,Exclusive | AI Music Platform Suno Valued at $2.45 Billion - The Wall Street Journal,https://news.google.com/rss/articles/CBMimANBVV95cUxONGFCeUVPd3BCbm5vVkZkeFFZLVAzV2ZWQkN6WHllanNVMGNicm9vOHRBWEtrSkJCV194MzJhaUpkdnluQm9EUWY2UFhzMV90MHNTM0Z5RlRPcnRyZWxlYUljVE1sZ0Y2Y1BPaVpQRmpUWXVoWnNNTkFZbFNFblZzZ0tKM2o2X3NfX2NxUm42Zl9jRHQwMy1Fc2xyOEtuOVFMLXFKVjIyVXVKRTh2UEZHUkVSRnlrRFRFRk9QRW9GTzAwbmx5QlRYUzdSX2kzS0hJeFc0aE92ejE5d0tVY0pyMk1PdjlnZlh2eTZmWi1SMWpCYTFsRlg4YXZWVk15bEpna0dKSVVOQW1xV0szTnkzNW5qZjJiNUZIYmEycE5wY3FDSEFLMzhTd1NCSnRLaDYwb3h5dndBQnFuUnFvaGo0U2lqNlU2aTV3RmRvdXRHOXhiUUpJdEZtV0hvSG9PVTk2cEt5U3o5ZTNQUTBOeEhxOEJZWk5FSnkzcnhtckJwRmVuQVM3elJEeXg3VjEzZEtIMUw5Z0l1Rkc?oc=5,"Wed, 19 Nov 2025 14:00:00 GMT",
2025-11-22T01:23:57,Google News WSJ,"Heard on the Street Recap: Stocks Gain, Bitcoin Pain - The Wall Street Journal",https://news.google.com/rss/articles/CBMi8wNBVV95cUxPX1VZS3lsbVVZeUJtSmZHRURlTzV3Q0ZmU0xLeEFQNHVCUnY2TGJGeEYwUk5KdE9PaFhPakxrVFo2QmVERkU4YW1QTk1HVHBGRlJPMW5tMFo5UkY0U2xLZVVXY3NnM09ldlBFMWpISkR0X01HbmRzRDd6YXU5RVhZTXY0SmdIenFLMWhFdGhTR1lEaTU4UzFoX2FCUkdhYzh2NmVUVmFyZ1pKU1RWck95d25XTm5qZk9DSnA3SUJzcFhPTE5lcW95amhDYVE3VjMwSzdWMUhEVDlCa1A1MVd3NC1HVEFHbVF3RUtPX3VVaXNodWVXVXMyYnNfRzczU2xuYVQ3MTR6T0l4bjl2WHVQN2xlRWtoU2duckdQMHd5RmlXMEJsQzF3ODFSQUg5aWg3dk80UlNTV0VWNXJNUGNBdjQzTGdaak1NLXhJZ1JDZWhQZ2pGNGp1ZkVhUkpUdlJVWjBJR2wxbGFScjBfVzZDVFZWcDE2V214UDBWQUJTYTdNX3hsNE1aZ3Bna3BVMmlrbVVMRm8xcWR2Qi1aUTRsb2RxZG9QNDl2TzRQQ3k4aUxtS0ZKekFQaTVEaFcwVjMzbEQ3bWJCZ3VuakIwcHo5N1FISndtS2p5U0hXMFFSY3hsa3JzVm1nZkZVdHVZdWxtRlFv?oc=5,"Fri, 21 Nov 2025 08:37:00 GMT",
2025-11-22T01:23:57,Google News WSJ,BLS Won’t Publish October Inflation Report - The Wall Street Journal,https://news.google.com/rss/articles/CBMiigNBVV95cUxNSjhmdlc5NjlRUFQ5aVRqSHZVbkgwbTlJbzhNbi1qOHhfcDRhM0NUeldCeG9CQ2xJX3dObTNubGk5czZqeDRzbHhZY1VfNG42LV9FMnQya3hLRlh4QUhkQ1piYjRrOW9VTVZFMWVwQ3lMZkw1dEo2dWJjUGFFcDVDWmJkc0o3YmREUVdUTUdfZHByRlpFOEp0RWE4dTBXTF8zS1Y2NzUyOXVUVDBqeld4VDhqTzA3dmZwVjJvZ3hXdFlmUkZhNjVOM3Npd3pSa2E4QkwtMUc1TENWVzFZNjN0V2tlNjI3N1VNYXlySVhidEZqQ25EUi1NM3lFTU41OFF6QnBQX09XWEtvd3VlcmtnNGdjSmNfdUxsUE5pOFJqWlJ3TWRUR2J6NzV4N3JuYktickxJOWpGc3ZFa25SbE9XT1p6NVhKUHlwMkZuRjdNWHhrYk1wZzJ5UUJIeGYwazlkRTVqMmgxZVZDNGotMVdCY1J6OFVyZ1BMTmZDRTlmNzcteTdDRy12MVdB?oc=5,"Fri, 21 Nov 2025 16:39:00 GMT",
2025-11-22T01:23:57,Google News WSJ,The NFL’s Secret Obsession With Supersonic Flight - The Wall Street Journal,https://news.google.com/rss/articles/CBMiiwNBVV95cUxQLWcwa2ZDSERTelFKUTJoN0dPSlpWaTNDaTEzazBIMFJTbUpwWnptdWMxay1xNEczMDUwN2E2ZHEzaTc4V05pcjliRF8tYkJ0c0xuc0lpMy1PcU56MlBSYWlVM0luUk9ydjZQbmNKU2FRZm5pY1BEUkF4V1dsNV9qNlpheHdvVS1uMXhQMTlKSkRZWGVxSVNvVjhZN3I3c3ZPUE9OYmE0OFFCVHQ3eEk2bUpDZjl6MFI0RlJHb0lxa2RXcmF0NWVmbmg1ODk2LW1WOHpBSGtPN3lXNXZ3eGhUeW15S2h3LUM2cEtoTHlKNy1ELXpGUVZ6cUt2RDBHVGNqWDc1OU1UUFEtdkVMS2lwekN1OVRsR1hONnpPdUFueVZ0MVpOY0QzWVRUX0RPa3I5Mm9hSDIydHdKNmh2ZjUtWHNVdFBMclpRWUFpUUVhaGpMdWp1U1hIVjV6SkpOOXJkNU5XWEliUGNqUUtNTFdqTWVUalBMWUpFYjkyQVhSNlVmajNFNWV2QWJCWQ?oc=5,"Wed, 19 Nov 2025 11:00:00 GMT",
2025-11-22T01:23:57,Google News WSJ,What Wall Street Said About Thursday’s Selloff - The Wall Street Journal,https://news.google.com/rss/articles/CBMi7gNBVV95cUxQQk1UdXNvTGhuRXl4Yk5LSExELVExV1pnVmVDSkExOFJBU3Q5ZWt1QTN0MFUtX3hsTHRuekt4b0R5VVMwQVNWcWlPbjBxVm1PQkRSdU9xZTR4R21DbGpNSXAtaEdXMlhTRnkxalBNc3ROZ29Ec0J4NU9VdldCb3ZULTE1MHVmZHdUSjd0N1IzSlloQjl1TUFHSXV1RDJuLWNfY2hXdzlaOTYxZ3hoOWhQOExaYzZ4eGxlZ1RJSkdSUXNaVy1yTldZVFlmMER6VkJjTEFscXVaa1VIRVJwSGJxbmp5R19QRHNLSGEtTVlwSG1JdklXNHlDR2lWS0YzaVBJcWhIbURiaU5UMUk4RVFKa1REWHhiOXN3YjFoZ09MWkc4c3hxRFlKY251WWRXLU9xYVhQQnRJNkZ4UkdGbjhEblJDT1UyU3RnSjNBWXh5b1l6ODdzay0xRmc2WmJpcXBpRXM2T0FuUkw0QS1zeGl4Vy1VMjZHZXRaZXh1b3NkVEdRTDI3a2J1T0drM1RGNFIxbUdLVXlVVl9BSGVTSFh1VEIxYXBMdE0wMXd1MzIzcDhrTU0wV2djdXA3N1FHQnowbDBJUHBMTjJSSHV3RnNiaTN6TzhHRERWMFRkRndFcktrREMwbFNLWDFMQkt6UQ?oc=5,"Fri, 21 Nov 2025 08:37:00 GMT",
2025-11-22T01:23:57,Google News WSJ,Adobe Strikes $1.9 Billion Deal for Software Provider Semrush - The Wall Street Journal,https://news.google.com/rss/articles/CBMiqgNBVV95cUxORWhUTVE5VXBSNkl4cllUWGJDQVBTai1JWTBpMjlkQVlfSEFxN3A4b1R4bDZEZDB5dTJYOFBjUm94dy0yVVlfVkRzTWtQR2Y3YjdYQkItWkc4R0JQQUJqcXY2MGRRbDVnX0MybHdCMmNWc0gwZ1pCT29NWnEtMENLMDhaTEhzcEk5dTFid1lpU18wVXNhdnp5bjZ6V2FYYmlWVF95MS0yZGs4SDhlN2VIQ0hab1FBYzBpdENQcWY2cXdYYXRXR2p3NjhkWmlvWHVsY3N2Q0dwSDdyYW5XSl9pQzhDR3RWdjNyVGNiaHUyZzBXeXEzeHN0RGZ1UHlwNlNNeDV5TEtELWE4WmkwdkxfaXRxWjBkTkZQRkV0M1RQaTNod1dKdWxQY2lMZ1lfaGlHQkY2cHdEQ1lHRHpkdnJ4VVBPMUlWaHVXcHUyNk5zVWIwR3VXR2FUYUl0V1RBVFN5SE1xY1NKQWw1YjdNdWQ1cjR1VGx1aVZpQ0pwdTVVQncyZXYzTWEzZ2FMa3ljTWItNWRPTWRXaDZQOUpsUmlsRDg4aVNEdFl2YWc?oc=5,"Wed, 19 Nov 2025 13:18:00 GMT",
2025-11-22T01:23:57,Google News WSJ,U.S. Sanctions Loosen Russia’s Grip on Serbia by Forcing Sale of Oil Company - The Wall Street Journal,https://news.google.com/rss/articles/CBMivANBVV95cUxPVm5CODBZZll2dWVrSzM0RzdlSVkzTWlNcGlIRUZMZEJFMVMyOFJJejlSSjllamVqRGViX0NHUm92T0lERC1UUzBSdW9jMlNtX3BrWXpERnRQcU85V3Q3ei1aWElpbkgtN2lIRWRHalk5ZGhCa2diWktnRVZxUHFjc043bWluV054QlZEX1ZZMjFzRGN5TnUxVzJMWUNfak80NUlhbEdFdGlPbGlIbXRYQXBiTkdOckdiR09CQnhoZHF2aDE3QzVSMWdYMXRLZ3hUdExOa0RaRmJDeUhyWDFrY1VpSFNXUmtQUVZBUjlwODgzTGRSVzFzYU5FUUttVFNIb1ZQeGJPbWs2d1dodTRCT1o4NUR2UXFCZGRxRFViN0pHdlQzTVpVa3BlcWlhM29pMnJrbkdhUFBFOEFOZ0gzbWVtdUZva1hMVE5aV0N6aUZEd2ZubTc0YmpIMXMyaFRDS0l0anJlMV9vbDZuR2V3T0UwS2lqUkZuZ1dMSlB1dVhaTFV6ZUNucXVERnhNcjBFZER2WEpEemhIWU9rNnp1SjI0cFpBZ0tFSWlyV0Nzb3ktUGxUdzhXMGs1WjQ?oc=5,"Thu, 20 Nov 2025 19:39:00 GMT",
2025-11-22T01:23:57,Google News WSJ,Target to Invest Billions to Upgrade Stores as Sales Slump Continues - The Wall Street Journal,https://news.google.com/rss/articles/CBMiiwNBVV95cUxNeFkzXzFzOUFOcXVlakRNYnJkZzF1Mlp3SHNEYUNsYmZhZGtaalFWTHNJYVpidVJyZFY0ZldvTTlDMGhzRUh0WmxPM0ZlcmREUjB6VGh2WV82OWtoTElscGNZdzNMMHBhak9HY09VUnVia2VWMk0xYUE1VGsxSk1zSXdJNnJqamxLVEdCRGpjS1JkU05OMW9ISU1VUGxBMVdldTRtazI0OG1vSlhhWHlGazMtcHNWSTg4ZlpHVVktLUNXbldfbTZ0eXJQUjQybEpCTU1odnE5cmtFRWctcFIwaHZjU3VSVlVwNUVCLU1OR3RsOFl6VzVmU1FMRnVzS0Ztc3UwczBHTk9Yd05wWDk3OTlTWUpDOGpuNWhXSVNicVE1WEJPV2tTRjRiNVpKN3o5MVRlTkpIY2daMW52XzFxYUlzR1ZlM1BvM19ZQ0JHZGtmb2h0dlNMX3hscjA4Y0ZidEYyeU5BdnJwbmhINFpkMTE5dlhGaE1ldUZaVEw2azdTTDFEdkJYeUVFNA?oc=5,"Wed, 19 Nov 2025 14:47:00 GMT",
2025-11-22T01:23:57,Google News WSJ,Asian Tech Stocks Get a Lift From Record Nvidia Sales - The Wall Street Journal,https://news.google.com/rss/articles/CBMinANBVV95cUxQT1lUUzFWSlNXUE1UMVlHQ0R4SXpkWGRmZlh2eVZiZ2lteXREeWRKeVF4UkxXdDVSX1Y0MnpfNFR4MkFJWHo4UXJwa0x6dkY3WUJ3R3RoR2dXS2VhOVlUUUFlelAxWTlDUjMwRXJrNk1iU0lxUWdBbHhleXpZSlNhMXBCNXROYnhFNFR6Uk5iUjNlLWhpT1F0U1JXZEk3VmlDZGY5djdvTTg1cW04QlV3cTNzSU85TFdaUEhsSGt0d2xwbXVDVU5KTGc0RUNTQmJ5V1JxbHY1LUU3RkRKX002T05xRHVsWldHQlEtRWdIcllDWTMybnpZTDFTYUxMRGs2Uk81eGdESGg5eUt3SF9SSUJqMWNudnhRUTVMMzNzZDdibUxyT0hKVGNDOXpKb25UTjdlRVc1WV9MX3JhVGdWaFZHWUVEa1RMay0yTjdXZ2YtLWJYV1hzX0RPNDB3T3JmTGtTYncyVEZFZHJPVUE4LWZUVjE0M0doUjBEMEI1VGtISG92RGpnRU9hWGoyQTFTOVlxTER3T2MtLTVF?oc=5,"Thu, 20 Nov 2025 06:03:00 GMT",
2025-11-22T01:23:57,Google News WSJ,Saudi Arabia Wants American F-35s. Israel’s Success With Them Shows Why. - The Wall Street Journal,https://news.google.com/rss/articles/CBMikANBVV95cUxOVk5yV0pKZGdFVHhiWjZBS3lEdlVHdjdkTVBLSGJCWTN1UjRwVmh3RDBDMC1OYVZFMVVxdkx4UDJTcktoOGpPQTRPdTh5UmhCU1ZfTG8tVkhpTDBhUFNOdzRmSXBvVzFSYTRiUWQ5TUNSRmFEckZla2ZVekpaR2VkaG91bEhHYVZWWDNxR29FMmRrT1U1WnRZRXZqUlJKeHZCLWxzRjNCSGdYZ2NremkyYVgzbWJfcWZSdTlzXy0xM1A0T1IwZVV6TU5ubUhLX1Y1S29JXzRGcjZnVC14MktNVk4wdzF1WkduRmVsZkt1ajdsaXJNemliYU1lbl9zZ0t1VE9OMEM5SFNtdEsyTDFLYnNqOTVnYml5ZkhHd0FlcEZ0bWdDel9LdVQyWk9za1M2THBBeHYyQ0NEdkg2amYyZ1RWa295eDU2TEwwTTI5MFB0aFVPNFRmbjF5bkliZmhITFBqazdhNlgxX0ZwZ1UyQkR2OV9nb0t4MUhxYlQ2NVVRLUY1R2x1Nm1fQ2dUeWJv?oc=5,"Wed, 19 Nov 2025 14:38:00 GMT",
2025-11-22T01:23:57,Google News WSJ,A New Antidote for Youth Loneliness: Sharing Data About the Kindness of Others - The Wall Street Journal,https://news.google.com/rss/articles/CBMixwNBVV95cUxQbVlRckxCdlBZS2xDN1JqVEtjT0RuNkRXSlZYUkh3WWZBWDZCOWhTSFdQdVZudlF4T2djcl9yUTJQdWYzTDZxZVROa1E0b1VWakd1YTU3TkFYMlFmeE9VeWV6N2hqX3dNWXV2eG5kdUd2T1pkNlRQd1N1QldDUDJ5cExSWVBRZlFybkxsOG1xYWd1Q0x6Mm9BU3A5aGpycGlqSVlJX3JnTDE0bVlOVTEwcG95OGNHZEUyc2c5Q2FkeVAtanAyemZINng3MHFpNDRMWXpCU01oeUpyQ0NRN2lpUTRyY1hHQ0ZtRFR3SmU4U0ktTG9Db1I1QWFLbmhTZVhIRzBkSzdyNU92UjE2VjZWSXJsOGNNV0JmR19tb0E0Qmlhb2ZjNDFPbklaWkZCbkt6eU9qdFd0R19iZVNxRnI3NWpVWEtpeW9zNUpzNElaRGhFQjVreVAxLXg4NVVRc0FkdDdrUGMzVmlZV3BRMnQ2M190RzFGbGt4ZUZiM1dGY0ItT0szYmFRdkc4clAyMkFHR3lOLXh2eTVWVXRvWFFlRV80ajFfQkdqWUxXT3dKanI3ZTExOWhzNnBBVGlFMk0wMDMyV1J4RQ?oc=5,"Fri, 21 Nov 2025 17:56:00 GMT",
2025-11-22T01:23:58,Google News FT,Eli Lilly becomes first pharma group to join $1tn club - Financial Times,https://news.google.com/rss/articles/CBMicEFVX3lxTFBFWENXM1dJeUVfaG90eTZpRnNqV25hMDZDdU5WajJfaEF4WXc4UzdNOFZmVzhhOWJRVXlWVE44Vi1vZXB1UnUwbDQtbnF2OEg5aXlZOENfczdWU0tYMDBVXzNTTkR1c3JlUi15U05Gd3g?oc=5,"Fri, 21 Nov 2025 14:55:43 GMT",
2025-11-22T01:23:58,Google News FT,Annotated: the full text of Donald Trump’s 28-point Ukraine-Russia peace plan - Financial Times,https://news.google.com/rss/articles/CBMicEFVX3lxTE1XLS1sWU4xc3VieE85enQ1RW9maE5sNUdlMUdZa2hmdVhJeEZmU214c0NzVlRCTy1CcDdDaTVjSm5xd3duRUgwc0FlZjBFVWx3M0VYWVBlay12NnNDSzhCOEdEVFBSS3JkRHI2eW9LUDg?oc=5,"Fri, 21 Nov 2025 12:30:14 GMT",
2025-11-22T01:23:58,Google News FT,Brazil delivers a climate COP like no other - Financial Times,https://news.google.com/rss/articles/CBMicEFVX3lxTFBFN19HRGlRc09OLVpraXoyRGo2c0lFLWpDaUl2Q0lKUnFyQUg3c2x1MVdCY3lkWXhGTVVud0JpaU5EMWpFeTFRRldMblhucU04SHdRd3JRUEcxQ1FLUkZabTA5TEw0YWdUMngtY1F3WGk?oc=5,"Fri, 21 Nov 2025 16:19:51 GMT",
2025-11-22T01:23:58,Google News FT,"Ukraine faces choice of losing ‘dignity’ or American support, Volodymyr Zelenskyy warns - Financial Times",https://news.google.com/rss/articles/CBMicEFVX3lxTFBQY29KTlpJNE51LW5DWHFGMklIcVFabHV6Zml3MXUwUkhWR1hiT0QzcW5nS2tRY2o3aEY4RmtOek90cVpsSk5MWlNTVWEzc3ItSzdyTllfOG5vODZWQnRXYTV5M2ZfdUY4U1VLSlUyUkg?oc=5,"Fri, 21 Nov 2025 09:38:21 GMT",
2025-11-22T01:23:58,Google News FT,"Trump’s world view: cynical, self-interested and money-grabbing - Financial Times",https://news.google.com/rss/articles/CBMicEFVX3lxTE1nRDB1d0RJeXZpQ0tySVBZN2Rqcnh1eFpxVnBFNXZNSkNRenY1aExiZTJueVlFZ09RYlBPMFlzVl9wcVVFYndxR0NQYTRWSlVSZjRLSktwUEgxZVIycjhBVkNqcmRXa2FyYXU1cXRTLUs?oc=5,"Fri, 21 Nov 2025 17:42:33 GMT",
2025-11-22T01:23:58,Google News FT,"Saudi Arabia leads attempts to block climate deal, UN chief warns in closed-door talks - Financial Times",https://news.google.com/rss/articles/CBMicEFVX3lxTE92X2ZhaVJRaXYzdXlnUGZ0bnhQMGhJTm93RFRDb0RHNlVKSGFqZkpnSGU3MDIybjZEWVRIa0IxOTd1R1lhNkd5NFZSdVN2WktzTGNVWUFUbG16UlpJeVUzai1BV19tUU51LUkwWTI4aHI?oc=5,"Fri, 21 Nov 2025 08:00:01 GMT",
2025-11-22T01:23:58,Google News FT,Davos assured Trump ‘woke’ topics were off the agenda - Financial Times,https://news.google.com/rss/articles/CBMicEFVX3lxTE93VXByc2F4U3FCeXRFZkpnWWtCZ0U4YlRVSkZVb1RmeTNoRzNTREtFMXdaaUJsQ28yOEt0QlJ0U0hnQVVnWGliUUVtLUszM18xSnpZa1Iyc1JzeXdHWnNsWmIyQmhCc3VvT3dOMUVqem0?oc=5,"Fri, 21 Nov 2025 05:00:22 GMT",
2025-11-22T01:23:58,Google News FT,Japan approves restart of world’s biggest nuclear power plant - Financial Times,https://news.google.com/rss/articles/CBMicEFVX3lxTFA3eG0xeFpwdWxfVkl0RHptTXlPeGxQX1VaR0RSdjdKUk1NMTA2N3Vha2JTbmdYY2ROYnl5S3h2Zk1oZkJfaUgwQUdaRXlnWG1tMEd1aHRGdDZsSTJ6WWY4WlNFMWhFMUkzd0lSVjdrMHQ?oc=5,"Fri, 21 Nov 2025 08:40:11 GMT",
2025-11-22T01:23:58,Google News FT,Read the full text of Trump’s 28-point Ukraine-Russia peace plan - Financial Times,https://news.google.com/rss/articles/CBMicEFVX3lxTE5VNUVOcHp1N0R5MEFIai1NWE5lQWhCTGtVZFVXcXNzSUJnRDF2aEVLdGtaLTE1aW12Q2JnaE01OEpRSzlGSVRnUDBCVGNxcndqY3BTSzF2bGZrcGFRUkxLNi1NZUR6Y01lX0s2cUJ2S24?oc=5,"Fri, 21 Nov 2025 01:35:06 GMT",
2025-11-22T01:23:58,Google News FT,EU confronts Italy over its ‘golden power’ rules to stop foreign mergers - Financial Times,https://news.google.com/rss/articles/CBMicEFVX3lxTFB0eXhBNm50Q2x2bzExMl9lZGZTV3MxLVNsdmRrQTI4b1hQT2p1N3dhMHY1SjljWUdUYWZLRHd3S0tqVWlsWkNSRG1TSUh2V1V1eEhzcWZDUHVTeENfeFBndGx6aGFLbE5UTUhqaGROby0?oc=5,"Fri, 21 Nov 2025 05:00:30 GMT",
2025-11-22T01:23:58,Google News FT,Lawrence Summers’ extraordinary fall from grace - Financial Times,https://news.google.com/rss/articles/CBMicEFVX3lxTE9zZVRNWHI3LVd1NkFqY0NjLWk2VmxEek9ZRDJFZHNpSHdZMWFsTVllNWdUUEZQSXZwanR5cU8wUFlXSVNlTktvalNGa184Si1IR3RGSm82V2EtdUltUUlKZjZjRlExaGlaQy14eURRWUw?oc=5,"Fri, 21 Nov 2025 06:48:53 GMT",
2025-11-22T01:23:58,Google News FT,Clifford Chance cites AI as it axes 10% of back-office staff - Financial Times,https://news.google.com/rss/articles/CBMicEFVX3lxTE51b0JsT3I0MmZZelE4N09fSURWZlZ0MGtBbUh1SFppNmlBQ2JLNjZIVG1DNjkzRzItQ0dTMGR0eVJJWTl2Z0JId0hyWTNXZmROeWhFLUh4aGxBVWFnSmg1YzJnRlpCcjJTR1RDZThOSk8?oc=5,"Fri, 21 Nov 2025 05:00:21 GMT",
2025-11-22T01:23:58,Google News FT,Ukraine fears US pressure campaign to accept peace plan drawn up with Russia - Financial Times,https://news.google.com/rss/articles/CBMicEFVX3lxTFBMWTMtTmdtREEwMkFKOEo2ZEw4ZlZfNy1hRUpZUV96UUoyUUtNQ2tidnM3OC1VbHYyS21wdkRnak5aZGl0RUNFdW1tczlGSm03d2JiYThLUUFKcG9xQjZteWE0aW9JNkFVSUZmSHVvcUw?oc=5,"Thu, 20 Nov 2025 16:52:44 GMT",
2025-11-22T01:23:58,Google News FT,Britain’s tax system combines the worst of the US and Scandinavia - Financial Times,https://news.google.com/rss/articles/CBMicEFVX3lxTFBIYlh1cGFaQktzaTNEY2lKYkNudWZKZ3Q5SzJLR1BrSzR6V0lQZEVhTmNKN2ZhTU5xU2RMNFFBTTd5RVZNQlFPcjA5S29ma1lqcmNmSVgzX1JYVjR3STdqRVJGTDlZMjUtWXhYaDdRNEE?oc=5,"Fri, 21 Nov 2025 05:00:30 GMT",
2025-11-22T01:23:58,Google News FT,Ex-Wirecard boss Jan Marsalek linked to multibillion-dollar laundering network - Financial Times,https://news.google.com/rss/articles/CBMicEFVX3lxTE1nT2NveFdiRmJVUHhkY0JHaERNMTNRUVptdUpsTFVjMXRDUXBTbm12QlRLRUNtUC1acXMybWlOOFQyYjU5RnZIRFduTmRJeEtoZXZHczNUZEUzSFJTM3RlR1NaZzdFQXZvclVtUW9ZZEs?oc=5,"Fri, 21 Nov 2025 00:01:28 GMT",
2025-11-22T01:23:58,Google News FT,Spain’s attorney-general forced out after guilty verdict on media leak - Financial Times,https://news.google.com/rss/articles/CBMicEFVX3lxTE1hM0dad29uVVZKRFA3ZWF1eU1aaVpOcFZSN3NuNjM2c0dWWWpNWHdCN2JXbUFFUXlVOV9maTJ0NHpzWUJ4V1pWclJrYm5sRnM2QlVPM3IwOGZPVm9CUlQySWZ2UWlPcWlLYnVRLTdZSVc?oc=5,"Thu, 20 Nov 2025 18:28:15 GMT",
2025-11-22T01:23:58,Google News FT,The bear case for 2026 - Financial Times,https://news.google.com/rss/articles/CBMicEFVX3lxTE0zTm5vVDR2LXRxOFpSS2hPTi1icXpyR0lEZVRXRVpCdDJ6QnhBLUk5blY1TUNhNjU1aU94OEFuXzg5X3FFMkRzRnJFUnRBZk1KYmU3c0t2bl9KZUtGQ2xmYjgzVFZ1b2VvTTZMX0hTNUw?oc=5,"Fri, 21 Nov 2025 06:30:00 GMT",
2025-11-22T01:23:58,Google News FT,Watchdog weighs probe of PwC over WHSmith profit overstatement - Financial Times,https://news.google.com/rss/articles/CBMicEFVX3lxTE5td2E2NjREWUo1OHY1REhOSVlRcUdzOE4tVDdBMkdGQ2M0QUsxZXBIZHBkWmEwLUhNZFB2Z3E2bXhnYmRseGJsM3ZyR3k0WE9FWk1GdHdpaXVPSUpCQVJsZV9xeW1STE9YdU1idHg5cV8?oc=5,"Fri, 21 Nov 2025 16:19:08 GMT",
2025-11-22T01:23:58,Google News FT,"US adds 119,000 jobs in September but unemployment hits four-year peak - Financial Times",https://news.google.com/rss/articles/CBMicEFVX3lxTE1QaGFFTWdDbEw3bEUxdFVvWDBHOEMtcFNRdGRpWlBLUUVraXc2dkZCbFBwYkdaUmhSQzR3ZHUwVVFOTWU5UFN3dWpKM1gydnh6aUJ1Y25aNGFfN3NBdnRMSmJjRmUxdTR5VHdXOGNfb1c?oc=5,"Thu, 20 Nov 2025 13:32:12 GMT",
2025-11-22T01:23:58,Google News FT,How do I learn when to shut up in meetings? - Financial Times,https://news.google.com/rss/articles/CBMicEFVX3lxTE9yRnpmeFZMUm1fREMxY0VIc3V1OEFTcV9FaVFoUUdJelFMcUZoZUwwNmtmUmFEUThTSHJoVTZBRU9ZZGlodDlyc0JtN2x1aFpaRXo5OEJraVhLUzI3M19UdmdNWExGR2RKUjZRbEt4ak0?oc=5,"Fri, 21 Nov 2025 11:00:09 GMT",
2025-11-22T01:23:58,Google News FT,The dark truth behind supermarket tuna - Financial Times,https://news.google.com/rss/articles/CBMiSkFVX3lxTE51ajIxRWRMeDd3a2R5aGN2OVJMSjZZNDdHVW83Ung3V2RaQV92THZDcF9TZ2htakVnZ2pGd28xV3hZV3Btai13dTd3?oc=5,"Fri, 21 Nov 2025 05:00:00 GMT",
2025-11-22T01:23:58,Google News FT,French telcos explore wider bid for billionaire Drahi’s assets - Financial Times,https://news.google.com/rss/articles/CBMicEFVX3lxTE5reE0xUms1OG9PcmxiVXhuazJGQ2JkcVhYZTFsRmRRZXZqRTc0UEliS0ZZSDdTQjRLbWVJdXBDQnF5TGY2U2dUeG9VWmhqOUt3dVhHSlZxZGpXV2pRV08zUDBtNVdGQUFKNHdaQ09WUXQ?oc=5,"Fri, 21 Nov 2025 05:00:39 GMT",
2025-11-22T01:23:58,Google News FT,Taiwan minister says US will not put ‘punishing’ tariffs on chip sector - Financial Times,https://news.google.com/rss/articles/CBMicEFVX3lxTE1ka0RrYnl2VUZhSG0xcVd3MjNtV3RHSHk3Wms4NUc4WG5QV1czd0VvTmlFVWtWdG1GQi15MjJKbXk0eGV6MmJOcXZDTnZkSGhnOXR6VWFxNVNiZUV5RGI4TVA1OWFuS2RFeVZjdzZXemg?oc=5,"Fri, 21 Nov 2025 03:35:35 GMT",
2025-11-22T01:23:58,Google News FT,"Behind the AI bubble, another tech revolution could be brewing - Financial Times",https://news.google.com/rss/articles/CBMicEFVX3lxTFBkS3pISW91SExMbWlBTDJ4R0hLS01hNlVBeWJTVHpoLTE2cFhUS2R2Q1QyVWNVbExrbUtZV0plYnN2N2xMLWJiQWd4dWdtM0R3VVJKOVN0LUFlUjczUXhkNXp1Vlk2RVgwek5xRU10Mk4?oc=5,"Fri, 21 Nov 2025 05:00:22 GMT",
2025-11-22T01:23:58,Google News FT,Bill Ackman plots IPO of hedge fund Pershing Square in early 2026 - Financial Times,https://news.google.com/rss/articles/CBMicEFVX3lxTFBVMklLSk5EbEp0UklEUjhNTV9ybTJFZDhKSlNhVFdENHdXWWtWd3FhM1RTZUtYR2Z1QXBkMTlGY2dlVWNSWDJRbnA2Q0hwdWdVTW11YzNXaVgxTzlFZU9EQ0ptbWNMSzVsVUNOU3FrMjk?oc=5,"Fri, 21 Nov 2025 22:25:36 GMT",
2025-11-22T01:23:58,Google News FT,Germany’s problems are worse than you think - Financial Times,https://news.google.com/rss/articles/CBMicEFVX3lxTFBCT2xPM1VNVy14QWlveXNUSDJPVWVFWlNOSlkyelV4V3FrM3BTX3VaWGg5Q2J0WkN2bGxlZXg4VUFFSU5WaWZZQTAxN3FFUUhacTlEQmpseFdqMHZJTGM3WWh0YWY2NEJlTVk1MDVTVEI?oc=5,"Thu, 20 Nov 2025 11:00:04 GMT",
2025-11-22T01:23:58,Google News FT,How will Democrats handle the Mamdani effect? - Financial Times,https://news.google.com/rss/articles/CBMicEFVX3lxTFA0MVRDUjZEZkY1Q1d5NUNvdDI2Q05OalNlOENNbHVWXzNydHJmVW9CaDlZVUpyYTBxS2RfcWVIdzZEbFZpWXM1akVOOFZFSlA0X3N4WFZoQmtNVnZ1U3lkeGlYYmpZTnVNRVcyR19nSFA?oc=5,"Fri, 21 Nov 2025 14:00:08 GMT",
2025-11-22T01:23:58,Google News FT,Who is OpenAI’s auditor? (Update: it’s Deloitte) - Financial Times,https://news.google.com/rss/articles/CBMicEFVX3lxTE5tQUxXM0Y0dzlpVDI4ck5OZjU1Q3hoOUFzM2ZVZjlUckw1dWtOS2U2d3ROMm9pNjBwRmNROU15TkpnY3dzWkpPUzRlaGNscXZiWm5XaDBEdmlRSzZNaHVmZmNyQUF6c19ZcUVGMlRYaGo?oc=5,"Thu, 20 Nov 2025 02:39:37 GMT",
2025-11-22T01:23:58,Google News FT,Top Fed official warns on risk hedge funds pose to $30tn Treasury market - Financial Times,https://news.google.com/rss/articles/CBMicEFVX3lxTE13Q1EzSXgyYnJ0aGYxbGw1SWpLVHF1cTNsYVN0MG5ObHlSSDVLMjNjcGV3d25hUTQ1QjFMd2cwYVI1LThIY2FQRVRUOFVGbmI3VDVDS0RsaEZMZ19WZVRuZ3F2TUJOSTB4cjA5WS1SWVQ?oc=5,"Thu, 20 Nov 2025 19:07:08 GMT",
2025-11-22T01:23:58,Google News FT,Best books of 2025: Politics - Financial Times,https://news.google.com/rss/articles/CBMicEFVX3lxTE9SbWlKYU9fUmZQcnA2QnE5ME9WQ1BHOHZEd3hMTF8ybzJsSFc4bTFITXJXWHk2RzhFcVJENjF1SXdGOXZpc19NZjI0dmFuWEo4bnF0MzE4NTlzWVJ1bmxtVFU4SjBobEtFbmhGelZhMEk?oc=5,"Fri, 21 Nov 2025 05:00:12 GMT",
2025-11-22T01:23:58,Google News FT,Donald Trump and Zohran Mamdani forge unlikely bond in the Oval Office - Financial Times,https://news.google.com/rss/articles/CBMicEFVX3lxTFBGbFdCcTFYMHJXUkk0bXVDUHhJcVNEQXZvYVlmVldSalc5bk9OVEVpeFdXcjdldThqYklZR2MxUnRRVHpRaFVIWTVMR0tkTjBUR0FPRkEtaERqMEZsNkpKNV9EeV9ra2twTWV0NWQxZG8?oc=5,"Fri, 21 Nov 2025 05:00:30 GMT",
2025-11-22T01:23:58,Google News FT,Big Four partner promotions sink to five-year low in UK - Financial Times,https://news.google.com/rss/articles/CBMicEFVX3lxTE53VDQ2dXRRT0tRbGF5VjQ4NTdJanNQd0pJR2Nick5zRVpsdWVvQ29IaVdrOWFySXM0UjFUUjRRUlBzcE5mNE1UMEZyd1YxY2JMVXNhX1VWd1hNU3Fya2R5WDFQXzV3aEptTldCWTNTZWc?oc=5,"Thu, 20 Nov 2025 05:00:50 GMT",
2025-11-22T01:23:58,Google News FT,Inside the Sims rebellion - Financial Times,https://news.google.com/rss/articles/CBMicEFVX3lxTFBZb1lhLTNReXdVX1NuQlRpLTZjQXVBcS0wZDVXUktjMzNQcnNxVVpFR1pkMzZzSGFDUGk3Y1RGTGhKSjZLVEJMMWJIVlUtTklBVmdROS1rN29ra25KNjhVbm81UGd2eExfQXlqU1NMLXk?oc=5,"Thu, 20 Nov 2025 05:00:29 GMT",
2025-11-22T01:23:58,Google News FT,US and Russian officials draft new peace plan for Ukraine - Financial Times,https://news.google.com/rss/articles/CBMicEFVX3lxTFBwYkhPeTVqeHNWbWZyMUg4TG5PdjdWa1RMeUxNbTlrNzgtRTkwazkwUnZOSDRwZGRqX3Zsc19maDVTYnZZUndvN1p3UFNTOFBVV1AyT0hxRFFCTGRkMTI4UGl2MkFyaFFGbG5ZSVNVMWk?oc=5,"Wed, 19 Nov 2025 17:18:54 GMT",
2025-11-22T01:23:58,Google News FT,Donald Trump accuses Democrats of ‘seditious behaviour’ punishable by death over video - Financial Times,https://news.google.com/rss/articles/CBMicEFVX3lxTE1mMi1oY0h3MUhCelhEeTUwWlNRLWJFWHNwVVJzQXhyRDU3S0JyM2w0ZjkzQi1NOFlBaGN0RG5fdE56b0gtX3ViSjFaSDZXcTY2LUxwZDFKTU9XNzF6RWlwcElfM1JyWk40U0VkUnB4ZHk?oc=5,"Thu, 20 Nov 2025 16:23:37 GMT",
2025-11-22T01:23:58,Google News FT,How the EU botched its attempt to regulate AI - Financial Times,https://news.google.com/rss/articles/CBMicEFVX3lxTFBja1dSRVZjcmVhVjJKcVhROHA0clhUamtKckg3MDdXYVdoS3BZT3NlRU1JNk5QYVpSak4xYnhiLWRpZWQ4UTctM0tRSnpjRU9Ba0ZWM3BmbTl6RWU1VWVYNFdhdU55Yk4tYkJnZHBlVV8?oc=5,"Thu, 20 Nov 2025 05:00:29 GMT",
2025-11-22T01:23:58,Google News FT,Laufey shares her favourite things - Financial Times,https://news.google.com/rss/articles/CBMicEFVX3lxTE9fTDd3RFlrNlBETUs4a3FUNHpBaDhwZDAyT0NoUjIxdUg5bTNYd2FjdjV6WmFtRFAtRkFtbkFqcWRKbTgtUkRHemZ1alVXNnB4UjZaLUtXUkgtSk11N3RjWWdiUk1wMkZOaFdCUWl2RFY?oc=5,"Fri, 21 Nov 2025 05:00:12 GMT",
2025-11-22T01:23:58,Google News FT,Rachel Reeves’ gambit - Financial Times,https://news.google.com/rss/articles/CBMicEFVX3lxTE0zRWtKc3Q4dGFWY1daeVZvT0VmaHJob253OE9Jb0dLTWp5aGljUUVqd0ZYNGNBeWE4bnBseUtDVGJyMnpYcTM1eGFTMmdtSF9nLXZQY1laUEdRT014MkxWa3hya3BmaS1WZDRiSllGeXQ?oc=5,"Thu, 20 Nov 2025 05:00:36 GMT",
2025-11-22T01:23:58,Google News FT,China and Japan’s unnecessary dispute - Financial Times,https://news.google.com/rss/articles/CBMicEFVX3lxTE5McGhVeHdmbkVVMXJ1M1E1Y2N4Q2dZUV9PbUFqeUcwSUdwNHFoZWFpaE5SWEZxMHI4emo3YnRTZHZ6SUNZeF9MdEdtLWh6b2JPYVE0aUNvOFhRazI3NjBkZFhJTS1XRkFwLVFGU1NpNWc?oc=5,"Thu, 20 Nov 2025 17:56:34 GMT",
2025-11-22T01:23:58,Google News FT,High earners to be eligible for UK settlement within 3 years of arrival - Financial Times,https://news.google.com/rss/articles/CBMicEFVX3lxTE1CclBlV0ZiTFc3SlRGX29QQjdobV9tQWFocC1ZZ0YtbklwREthbVpzNXExaVRsMXVpdmZTcHpiLXRWSTltOEhqeUJoWXllYU55UkVkNlVSdVMzVm5KU3ZBSVZ6RC0yWWEwV3hVWnFJZFc?oc=5,"Thu, 20 Nov 2025 13:22:41 GMT",
2025-11-22T01:23:58,Google News FT,The man who weakened strongman Erdoğan - Financial Times,https://news.google.com/rss/articles/CBMicEFVX3lxTE13dV9YVE5VMDByS3d4TzVzMHJEeUsyOXBSbHhHVmlKdExpQzBmaU43WkZrVHYzTV9jbE9pMEhCUnZfLW9aQ0J2NVVSZ2JFbm5iVDFDUUNVU203eGEwaGxFR3VDQTd3bzdMSmJVdUhBa1I?oc=5,"Thu, 20 Nov 2025 11:00:04 GMT",
2025-11-22T01:23:58,Google News FT,"Lula, Ramaphosa and Sánchez: We face an inequality emergency - Financial Times",https://news.google.com/rss/articles/CBMicEFVX3lxTE9OWTI4M202OTltS3d5TXh5RkhDeTZCdVh0NG1wUk9FS2ZVUzl5X2hxS25qUjhPOVBxSTFVLWlNa3J6RnFRZm5Dem5aWGhELVB6ODhKbFVVZ3lzSXNfYkRXeUZCRWdqMzk1RkwycFp0WTM?oc=5,"Thu, 20 Nov 2025 12:00:05 GMT",
2025-11-22T01:23:58,Google News FT,OpenAI says new GPT-5 model speeds up research in maths and science - Financial Times,https://news.google.com/rss/articles/CBMicEFVX3lxTE1mRkQzOUo4V1B2QXdNRXBrbjJIeXFqS1RhNlFQMjczUzk1UjBoaDZZU3oyS1FOaFhfVHQtQ1Rza0Zhc3Bsd0Fpa3JrM0V6VFlGaE9wSEJLSDNGUkZaSVQ5bDhJamRHNURHNHNUbmJOUVk?oc=5,"Thu, 20 Nov 2025 18:00:06 GMT",
2025-11-22T01:23:58,Google News FT,Robot threat to drivers’ jobs in China heralds wider shift - Financial Times,https://news.google.com/rss/articles/CBMicEFVX3lxTE5BclJZdTRsUW9ZU29yVkx0TUthVWZvM3NPbnF3N1RFRE1IR253Y2dxbjJ5QVdXOUxuaTJqRDVGMHRubEc5OE9pamg5MnFlNkZJNmV1ZTRteUNRUzF1R2ZfOEs3TG5zd1EzMElyOXhQSTA?oc=5,"Thu, 20 Nov 2025 00:01:29 GMT",
2025-11-22T01:23:58,Google News FT,UK borrowing overshoots expectations and retail sales dive before Budget - Financial Times,https://news.google.com/rss/articles/CBMicEFVX3lxTFBfV3JVR3hFT0pQVEl4RWN6UjU3N1dTakhCLTg3ZzFPX3ZrbWZaVjA1cHVYUkUwN1J2S2VfZ1VOclIwMEZVWnBBMXlDQU9GV3p3cUhoVTJabndJT0VBVmZEUGtndV9xcWoxY3FNLTFydjI?oc=5,"Fri, 21 Nov 2025 07:08:44 GMT",
2025-11-22T01:23:58,Google News FT,Takaichi unveils $135bn stimulus to spur Japan growth - Financial Times,https://news.google.com/rss/articles/CBMicEFVX3lxTE1BeXNGWWdqaUhVYUcyWmVRNGFSWnhKMm5UZk9NR1o4WktHQWtyZUdSNUFGcWNvWklfNXB3MDlYRXh3WWlYb2JzY0xHRjQ0MkZEa0FZV3p6SUNIWDIzV1plTnh4cVpPQzhFUFFCOXRseUg?oc=5,"Fri, 21 Nov 2025 04:41:55 GMT",
2025-11-22T01:23:58,Google News FT,UK government will buy tech to boost AI sector in £100mn growth push - Financial Times,https://news.google.com/rss/articles/CBMicEFVX3lxTE9UaWdTYjIzbElqTVAyQjg5aHlSWXBfTVR4R0V3cVBvbkx5NjJQYjBhcXExN2RldjlJNXhoTEQyWVdZNEtjSlI4Y3FTcXY0Q1h6SVJtNHBkUlVXcFpMQ09IZ1hYLXlZOXM3S3RWVXVzRmU?oc=5,"Thu, 20 Nov 2025 22:54:15 GMT",
2025-11-22T01:23:58,Google News FT,US stocks rebound after top Fed official signals openness to rate cut - Financial Times,https://news.google.com/rss/articles/CBMicEFVX3lxTE5Jb1BmVXd1VXEyUTJBUWtubk9iTDhTWDRFbVNVQ1NyTDVsQk91bGhuTEp3aG1GRWhuVkVtaEZXaEtlNWVad0JWZlpTTnJDSjVaMkgzeWZRVkgyNUw0NVZfdjZnSWhkYkJic25tRDZEU2k?oc=5,"Fri, 21 Nov 2025 08:43:18 GMT",
2025-11-22T01:23:58,Google News FT,Best books of 2025: History - Financial Times,https://news.google.com/rss/articles/CBMicEFVX3lxTE5fS1ZTMEVSSGREMWRiUFVmLVlpbTBTdDZDRGhuTzVydVg4OUpPLVBybU1aTzQzLTlPZzZXWi1YeGx6MkhCTXlpSTlDSGdOOVNrdjFWbkVISVZkYmtvMlBQZlJQck5LUjc2N2FoRWlBRFI?oc=5,"Thu, 20 Nov 2025 12:00:05 GMT",
2025-11-22T01:23:58,Google News FT,Citigroup names new CFO as part of business overhaul - Financial Times,https://news.google.com/rss/articles/CBMicEFVX3lxTE45ZXU3VWJVWFNURWZUN3BLNVh3N3VBaHlVYnZrZ1FWS3dFNW5ZUlVwdWpQM0hiLXFwREtNUG5Xa0VpOWJvZWRSX3RJejhtWi1VNFFOU1ZIOGVVc2x1Ny05VVJSNzRldGp5YWN0SkhBVGU?oc=5,"Thu, 20 Nov 2025 23:06:17 GMT",
2025-11-22T01:23:58,Google News FT,European chemicals go from breaking bad to breaking worse - Financial Times,https://news.google.com/rss/articles/CBMicEFVX3lxTFA1ZjV1ejBJbzVpZS1uN3FFYlVsY0duWWZvUkdzWENzRnRZQWVJWTQyWk9FeUMxakRPOFdLUldCbXo1eFN3LVlSaUpVNVF3Zy1DR1FsZDloM2tOSmZLRjdDaXplQ24wTGJzd1NfSHR3YTU?oc=5,"Fri, 21 Nov 2025 05:00:39 GMT",
2025-11-22T01:23:58,Google News FT,Zelenskyy needs to change the way he governs - Financial Times,https://news.google.com/rss/articles/CBMicEFVX3lxTE1OWGFXUXBpTzNaNVlpR3I3YjZVd0gyS0tyX1k1NFRRZ3VXSk5scDNuV296OEtNOWRUWXBfbTJlY25aMmtMdkpJM2l1empLWXVSb0VPT2lQcUFyUEROSnhLVVpqbU1CTDAweWJpSkZnLUE?oc=5,"Wed, 19 Nov 2025 18:27:17 GMT",
2025-11-22T01:23:58,Google News FT,Quantum computing needs its own industrial revolution - Financial Times,https://news.google.com/rss/articles/CBMicEFVX3lxTE9ES3N2eWtSX1BGNjdwdXNlNHg3SEJPMXVoQ0oxc1dqNHdjckZKX2lIU214VnZFVTlPMVFqdmZJUUdIZHZta3BwcGN2X1djVFlKZktSRVBZVHpEaWV2S2w0NDdsVlBoa0t1WVJtLVFrczU?oc=5,"Wed, 19 Nov 2025 17:34:40 GMT",
2025-11-22T01:23:58,Google News FT,Donald Trump removes 40% tariff from some Brazilian food products - Financial Times,https://news.google.com/rss/articles/CBMicEFVX3lxTFBZQjRaeGpiS2JURk1MeXdHRnVKMnFPUGxTV3NkZXBMaHV6VTF6SC0teE1yM3RraE5GTm93cVdEY3ZDT0hHMEwzUEVYZVNzcU41eWN5S0Q2TlhwRkZ3NDhHX295WHREUWpfa3ZaNkNnN20?oc=5,"Fri, 21 Nov 2025 02:12:35 GMT",
2025-11-22T01:23:58,Google News FT,Nvidia shrugs off ‘AI bubble’ anxiety with bumper chip demand - Financial Times,https://news.google.com/rss/articles/CBMicEFVX3lxTE00YlBjVTRTa0xRbDVjNkhKU0VTTmljQ0Rvdjg2STlfckNrYk1qT3BRRkhvN0c0dmVrME9xVDZBOHdxeGxlVU1ycVpOUW0zZGZMZFF5eFV1cnlwcWtPLVdQSWUza1BVdDQ0bTRRajEyTF8?oc=5,"Wed, 19 Nov 2025 21:29:08 GMT",
2025-11-22T01:23:58,Google News FT,Best books of 2025: Economics - Financial Times,https://news.google.com/rss/articles/CBMicEFVX3lxTE9ZS1BpV1ExYnQ4RTZ0aU9HZk1RNWVkd2szT05HM2V0aTdnUzlBMF9Ub0Zmd3pmZVNacXk5QkY4SUxKODlDN09Gb0dIYWpybldZOUwtNVg2UXRUQ1JNUGtQV0hIRUxpS21YcGo0czJYOXk?oc=5,"Wed, 19 Nov 2025 05:00:43 GMT",
2025-11-22T01:23:58,Google News FT,US tech stocks slide as jolt of volatility hits Wall Street - Financial Times,https://news.google.com/rss/articles/CBMicEFVX3lxTE1wVjZ1bUlGM0FvT2dITEo1b1hmUUp1YU9NZHcxdmM1UThjNVplZHliU3JqcDg4NkNWSUphTXZaZUpFOVN2ZmJsUkpnZkZfU1I5a3R2aUFuUnlZOVJmWXFGVlJPSVU3N1BrdkM3NS10OTc?oc=5,"Thu, 20 Nov 2025 03:32:13 GMT",
2025-11-22T01:23:58,Google News FT,SEC weighs looser independence rules for Big Four auditors - Financial Times,https://news.google.com/rss/articles/CBMicEFVX3lxTFBwdDhiMS1qS1lUMmpOR3YteGpLSV94TldRUDF1cnlOalJaTGgwRFdremZBNHdfemoxejE4OGtoQTF6T2h2bWI1MFFwcEFGaXUxX1FCOVJ5R21ZWEFuZnY1Y0VnZXloa2VmQkFVYTRvUWM?oc=5,"Thu, 20 Nov 2025 21:04:29 GMT",
2025-11-22T01:23:58,Google News FT,Trump’s grab for Russian frozen assets puts EU Ukraine loan in doubt - Financial Times,https://news.google.com/rss/articles/CBMicEFVX3lxTFBPZG9ya0JkYk12WnVzNkx3RnZaQ2VhVFlJeURVQ0FvUjZfWDR0TTFqQmY1SXUzRmlkSUt6WTR3cHNrU0JlYTZUa184aXRBMEhxTFpsLTJ0aVY0bTFYal9rS3VBM3FUSXNxRlNfcVB4VnA?oc=5,"Fri, 21 Nov 2025 15:51:50 GMT",
2025-11-22T01:23:58,Google News FT,Japan’s borrowing costs at highest in decades on fears of public spending surge - Financial Times,https://news.google.com/rss/articles/CBMicEFVX3lxTE96LXVybWFUNjRlbXpvU3c1MDBsbUxBOUloZGZUZHRJZExTbVFKTTlHQ3dBSDZZTmZrTHMtODhPelFCNVdfdXhRNFZmMUV5RjI4RXROc2s5Y1FXa05ycmJTbDJFeUIxZXRkYVQ3MnFxeFI?oc=5,"Wed, 19 Nov 2025 06:56:15 GMT",
2025-11-22T01:23:58,Google News FT,Walmart rings bell on grand battle of the bourses - Financial Times,https://news.google.com/rss/articles/CBMicEFVX3lxTE1SSy1sY3k1NHNGeWVtQk1wTGlnUGUxaHZjSmVZQVdNNm9hOXFGUUotRkNoeDRwektwYWxMUjdVa2I2eGYyRi1oNG9QN1AzQW1ETm9hLVIwYVcxQk8wU2JxYnIxdWF1dkhQd3VER0hGTGg?oc=5,"Fri, 21 Nov 2025 15:36:32 GMT",
2025-11-22T01:23:58,Google News FT,Foreign investors snap up Japanese government bonds as yields surge - Financial Times,https://news.google.com/rss/articles/CBMicEFVX3lxTE5DV0doX3htLVV4WlcxNXNMOFFoX2FYcEZ4bVZpMmplWUFLY053b2w3OUFxMndseFZiWkRfajJENVhGbVhrbkhqeUtCN1dRZEdhVThaSVdna09IS2h5QzBjXzBVM1pfUy1VQU1zZ0lLRk8?oc=5,"Fri, 21 Nov 2025 05:00:12 GMT",
2025-11-22T01:23:58,Google News FT,The UAE’s next attraction: gambling - Financial Times,https://news.google.com/rss/articles/CBMicEFVX3lxTE5aWmJnaUlaSlIzaU15U2ZCSVYwbE1MallLNk1xR3ZHcGVadlN6bWRMYVBtTWtYNFJZeHloaXNnNl9TQ0xkNE1CcFdoVFhxeUVTQ1JTTnpUTFQ2Yng4NUlyMWhtNEllWDFlRThTd0tmMkE?oc=5,"Fri, 21 Nov 2025 05:00:12 GMT",
2025-11-22T01:23:58,Google News FT,US plan for Ukraine-Russia peace calls on Kyiv to cede land under its control - Financial Times,https://news.google.com/rss/articles/CBMicEFVX3lxTFBITzJ6b2RCSEJZX0haQlhoemNWT09ZdDQ5a0t1Sy1HWFMzbjU5RkVyVHN4Z202dVp4ZXRwN1J5QjR5a0tNVTE4cmNxeDl1all6aGlEb1ByRlFlQzRkeXpaeHd5STBMT1NlaWFCU3MyY3M?oc=5,"Fri, 21 Nov 2025 01:33:34 GMT",
2025-11-22T01:23:58,Google News FT,"When Chinese tourists reroute, so do Japan’s investors - Financial Times",https://news.google.com/rss/articles/CBMicEFVX3lxTE9fWjNqTmo2OXRkR3pXb1FqbXFQZ1BwV0NuYlp0ZGVSNWlJcGJhWS1hajBMdnhuaW9XMWpEZWJTb3RPTUR4RUFwaWZIZmN2VDk3WkdvdVloRUJoTjF2bVgtR2V5MjFGblI3M1N3M3RRQk8?oc=5,"Thu, 20 Nov 2025 23:00:07 GMT",
2025-11-22T01:23:58,Google News FT,Oracle is already underwater on its ‘astonishing’ $300bn OpenAI deal - Financial Times,https://news.google.com/rss/articles/CBMicEFVX3lxTE8xUDExMy12QkxGdHlHaTNSNnZ3b0xHdThCNGZMODExSmVzcC16ZTJoUWlkVklvUExNWmI4WUtLRWYtUWQ5aTRLUDBta08zNGFCd1VRUmswcmdNdmI0TVM2NHpybV9TVEE1MWIwZ3ZkNm0?oc=5,"Tue, 18 Nov 2025 06:30:29 GMT",
2025-11-22T01:23:58,Google News FT,Fund managers warn AI investment boom has gone too far - Financial Times,https://news.google.com/rss/articles/CBMicEFVX3lxTE5Wbmc0NldGV2V2aEd0b3dhSmNGeHFHWk9KaG9laUg0V1RUWlBBbGxxMWNsbC10cTFKZmVnNF91VTc0dXNESGNxOHZYdTlFbndyZEg4RXhfcEZtUG9RVjUtWW5XRWdXcGI1RjBpTzJfZ3Y?oc=5,"Tue, 18 Nov 2025 11:08:28 GMT",
2025-11-22T01:23:58,Google News FT,Walmart to shift listing to Nasdaq as retailer raises sales forecasts - Financial Times,https://news.google.com/rss/articles/CBMicEFVX3lxTFBZUkRiVDFIRjNVMmY1akRhQ2RYRG5DZ2t2X2pxUVVXVUpNXy1icTlpMkRLMXVkNXpfTDhGQ3REUm12c3VhTlFXM2ZiTi1HT045SGZuMGNmVGR0elluamUyR0xPNV9jTktCQU9MaWp3UXc?oc=5,"Thu, 20 Nov 2025 12:03:38 GMT",
2025-11-22T01:23:58,Google News FT,Iranian nuclear experts held second covert meeting with Russian weapons institute - Financial Times,https://news.google.com/rss/articles/CBMicEFVX3lxTE5UcUcxZjN0UFBzTzZfSVRvejdUaG40RFRMVWNoMFJzZzM0eGUzbTZVV1hoYUFrWXExVFFtYkFLQTh3SDhLV2MzVTNPNUpFd2IzVW95VEdCUTM4X0hfMjAzd2s4dG5jQWhhYnJjNXU0X18?oc=5,"Wed, 19 Nov 2025 05:00:35 GMT",
2025-11-22T01:23:58,Google News FT,The American exceptionalism trade is wobbling - Financial Times,https://news.google.com/rss/articles/CBMicEFVX3lxTFBqS21RVW1UVnh6LXpQVmpZcjBVeHNWV3d5NWgxVHphR0oxTW1ET0hkU3ctVVRINnozOGtFZVdiRGZSbU1DMGlMcTdFbzlmb2hSNEstTnlvMXJEaS1OLXpIRFRyd2hHeXVkOWxCWTFTVFo?oc=5,"Wed, 19 Nov 2025 05:00:43 GMT",
2025-11-22T01:23:58,Google News FT,We should make insider trading a thing of the past - Financial Times,https://news.google.com/rss/articles/CBMicEFVX3lxTFA5eExZakdNdjROeFlhdGZWbzM0OHh0YmRDTXFRSmRkZVpIN19OOEZyMzNEaFF6MUhCdjdTR2RpQW5POTU1X2doaWRMV2xIdTgya1h0Z3drZDJMUjZwOG1qbGJ1WWtCSHRWSEZVSXJCX0M?oc=5,"Fri, 21 Nov 2025 16:59:07 GMT",
2025-11-22T01:23:58,Google News FT,You don’t have to be Lily Allen to attract property nosy parkers - Financial Times,https://news.google.com/rss/articles/CBMicEFVX3lxTE1fRzlqRUZSTy1QUmxTc2VtenpJUndSN1VpUElaQ2RaSmJsdWg0Rm9MSjNJYXk4SEJWOXQ2NGdnSW4zd3puaVg4ZW5WTl8xa01ZTGljQnhvTFZLY0xRUnM1VGdHRy1yU09MR21XZU53Q08?oc=5,"Fri, 21 Nov 2025 12:06:02 GMT",
2025-11-22T01:23:58,Google News FT,Economist Philippe Aghion: ‘Macron’s legacy will be better than people think’ - Financial Times,https://news.google.com/rss/articles/CBMicEFVX3lxTE9mR1NTUm9BdnI4bEV4Q2xOOFNjNEwzMmt2NVRKTmZSaTN3VkJ3NkROOUxIMmxsOC01eUVoeXBTN05Bd2xEU01sTW8yNHhnd3ByQXM5enk1WVNiV2VUSXd4ZzN4Q1ktN2JQakRNN0ZaOWY?oc=5,"Fri, 21 Nov 2025 12:30:08 GMT",
2025-11-22T01:23:58,Google News FT,Western allies seek to forge joint defence against cheap Chinese steel - Financial Times,https://news.google.com/rss/articles/CBMicEFVX3lxTFA5ckxjdjFtQWxtVFBFLW9jTUhkUUlRSHFlUkdxN3pWVU84cmpQUWR1azUtX1J4S0dHdkFDYVIxQUlIMmdTeWN3NWw1RFdZY29kQmVxU09jNXFYY1ZPQi1HQUROOXd3eG80UTBMbjVEX2U?oc=5,"Fri, 21 Nov 2025 05:00:21 GMT",
2025-11-22T01:23:58,Google News FT,Trump flattery will get you nowhere - Financial Times,https://news.google.com/rss/articles/CBMicEFVX3lxTE5yNkVTTHg5WUhnTC1OaG5EX1ZsaHZDZDFhOFFrS0FjM19MM29BMFZyS1VtTzRzcThua2tGSFpWNmtaYzJoRXcyUXFVSXlDbzdNZ1lTUF9Ba1JPX3lPajNoVjMxaXlkZ0R1Mnk0dlJiWC0?oc=5,"Thu, 20 Nov 2025 16:38:54 GMT",
2025-11-22T01:23:58,Google News FT,Donald Trump’s support for pro-AI proposal fuels Maga backlash - Financial Times,https://news.google.com/rss/articles/CBMicEFVX3lxTE85M09obHkyNGJsNkM1OTh1X1dwLXNGMDRQbXkzVExRaVBESm5rLWdVMlJ2enc1QjBHdUl0M011WUdqOGdrM3NYSnhNcW5yYWtpbnp3OWZRaXNvLU5JdGJ5a18teVM5Q3BXSmRqZjIzOUY?oc=5,"Thu, 20 Nov 2025 11:00:04 GMT",
2025-11-22T01:23:58,Google News FT,Could Washington pop the AI bubble? - Financial Times,https://news.google.com/rss/articles/CBMicEFVX3lxTE1zSVBydlhsWENLeGFYLUV0SXdRcWJjbURfMjEtOVN5RTZTRWU1dXhiVTU1ZXhOMWtHMWNxVUd5VTJfN3B3VVUwRDlaZVA1aVdyUmNDMUx2TDJrYmJOYmNFSGQ3VW1mY3dQc2xfQmVvclA?oc=5,"Fri, 21 Nov 2025 05:00:30 GMT",
2025-11-22T01:23:58,Google News FT,UBS chair talked to Scott Bessent about moving bank to US - Financial Times,https://news.google.com/rss/articles/CBMicEFVX3lxTE1PNzNVQm5jYmtNV2VKOXd0Q3JWZC0ySjN3Y1diMzY4YW5fTkhOUDQ3RTJwVGJTXzBCeEZmSXpwcEItcXh6dFl6anhzS2xEZGFHTndSb1N0WFRVMTh6ekNmSHE5QTRTQWVUMTBCckZHRDU?oc=5,"Mon, 17 Nov 2025 12:13:43 GMT",
2025-11-22T01:23:58,Google News FT,"Global crypto rules for banks need reworking, says Basel chair - Financial Times",https://news.google.com/rss/articles/CBMicEFVX3lxTE5UTkVoRXIzRy1QOHZBNFVtT2NITU9qN2IzSEEwNUIyNTRjQUlpdURRdVlZZllxQXVXVExCNG9LeHdITGNhd2UyMmtIS2N2MzBDY0E2WURUb1VVbUdSQ09lTmxESFU5c09RS3NldUNlU2k?oc=5,"Wed, 19 Nov 2025 05:00:43 GMT",
2025-11-22T01:23:58,Google News FT,US open to dropping EU food tariffs to lower domestic prices - Financial Times,https://news.google.com/rss/articles/CBMicEFVX3lxTE9wX01zT1lKcWU2bEdRM3dXeWRRX3VObkJKcEVWdEU1X19UaTNISTBwd1Byc3lCVjNPWVlSYXVXVTFwb0ZJUUpZU1FTbEFwZFBoWVZuWWpvRTlKVmYtcW5xaDRZZ25uVEFpUEk1dnhBYnA?oc=5,"Fri, 21 Nov 2025 06:00:00 GMT",
2025-11-22T01:23:58,Google News FT,US ‘has Sanae Takaichi’s back’ in Japan’s escalating row with China - Financial Times,https://news.google.com/rss/articles/CBMicEFVX3lxTE9DQjA4aC1tZVp2UE80T0ZLVTdBLW1HYW9ReHBNOE9leHB1NkVkZ0wwaWVfaG9UekUxMkRTd0tlcGhmalluaGRIdEd0UGlwWVZOU0JPYW5qRTQyRXQ2ZEdkazN2bzRWeDM2MG1RSDZWLTk?oc=5,"Thu, 20 Nov 2025 14:50:28 GMT",
2025-11-22T01:23:58,Google News FT,The surreal 45-day trek at the heart of Nato’s defence - Financial Times,https://news.google.com/rss/articles/CBMicEFVX3lxTE9zMkZNM2NHZEZlZE5ISUJyc0g1N2EzcUtLZVJPYW1xWDJpUWRyQUctS2F6S2Jlb2VYRnRYNjA3SmVCWG5hNTVZNEJsMTVySVFvaGh0bUg3LWRRdnotYXRuNmw0eEtGRVI0MC0zcDNrWHY?oc=5,"Tue, 18 Nov 2025 05:00:33 GMT",
2025-11-22T01:23:58,Google News FT,‘I’m nervous’: Klarna founder challenges trillion-dollar spending on AI - Financial Times,https://news.google.com/rss/articles/CBMicEFVX3lxTFBoRVlqUGxCSkpaZC1Va1Z5djNiLUhBczdWeFhHTk1LWkdReWdkb2UwNzhoUnBoSllyTGpybldCVGhqY09TbGdGVkttUHpmZy1qMUlaUHpLRzlfZW16Nlo1NUdWdjVjZkdOYTl5NlFxWWE?oc=5,"Mon, 17 Nov 2025 14:00:08 GMT",
2025-11-22T01:23:58,Google News FT,"Wall Street is banking on too many Federal Reserve rate cuts, Vanguard warns - Financial Times",https://news.google.com/rss/articles/CBMicEFVX3lxTE5FNGswaHE3aTBKRHkzSDA4d2Q3N2c5cGRHcXJNUHpKSklZaEx2ckhoaElJUV9Rc2FHdFZkZ3ZtSmJZSllhUUl1OC1hNUw0MGRkWnBRNVF1QzNfbmxkZ3l2dmhQeW5mY2VLUVhTTE4xQ28?oc=5,"Fri, 21 Nov 2025 05:00:30 GMT",
2025-11-22T01:23:58,Google News FT,Blue Owl’s private credit fund U-turn - Financial Times,https://news.google.com/rss/articles/CBMicEFVX3lxTFBfTXI3dFQ3TV9qWEVzTGNqMmtLWVU3VmxWQjZqbno1MU40dlBpOU8xYl9HN1Nvb0syd3dZaDJOcE8waEFfMC1nR0cxcjB5MThuRHdjdWZUbGZVREh3TElabXlJbnBzX0htOFdFYVpScFo?oc=5,"Thu, 20 Nov 2025 16:15:39 GMT",
2025-11-22T01:23:58,Google News FT,The ‘Marathon Man’ approach to bank supervision - Financial Times,https://news.google.com/rss/articles/CBMicEFVX3lxTE5TV2hHTjFncWRjaVpIMVNZS2tRb3JjVi1rb1pnZllFWjdsc0gzNXpRbHF5WnZzcG5VY2p1bEdrV1hFWTh6NzE3SC0xSHAwcGd2dEc0OWk5ZHZZVU5qSndJZFJFWXBSekZfWUZRVEtQSHU?oc=5,"Fri, 21 Nov 2025 11:11:57 GMT",
2025-11-22T01:23:58,Google News FT,UK to ban resale of tickets above face value for live events - Financial Times,https://news.google.com/rss/articles/CBMicEFVX3lxTFBhRFhyZ0NPektnejlQTk1hNG85dkFCMHluaFI5UmIxbGZudmV3SmtheXVIQ0pCVHg3N0NVNTRTdVpaRXVqVGtGRzlrekZCM2cybjlHLVZLLXMzZ3dPQkZ2RVJXM3hJQ3EwLTlXc0lOWHA?oc=5,"Mon, 17 Nov 2025 17:33:51 GMT",
2025-11-22T01:23:58,Google News FT,BBC board member resigns - Financial Times,https://news.google.com/rss/articles/CBMicEFVX3lxTE9Vb2xaWW94ZVVfSTdhaUQ4anZBcU1zSngtaHZxd2VPRktvZjVxY1ZROFNnUE5qOGQ0MUxyeTBHV29ubFFvdnhQUE9mUEJxZW1jYVpURE5yVmRUTllzTDVjaUVpVmdnbWJHQmthVnRHdDI?oc=5,"Fri, 21 Nov 2025 17:52:02 GMT",
2025-11-22T01:23:58,Google News FT,Five questions from an ignorant no-coiner about the crypto crash - Financial Times,https://news.google.com/rss/articles/CBMicEFVX3lxTE1TcVZwY0gyQWZlQW1MTW9qSy1RTXdES0F1YUpuaDFGaUVtQ20yakZ4NXpFNmlHSm5JTnc3SHlGYVNJSEJmeHl1eUJJZmstdlBURFlCaHNNSUlfWVpVZE5GRHAxQWtiV1RyNDMyY1llcFk?oc=5,"Fri, 21 Nov 2025 16:14:18 GMT",
2025-11-22T01:23:58,Google News FT,FT Alphaville is finally getting a Substack - Financial Times,https://news.google.com/rss/articles/CBMicEFVX3lxTFBUS2hzQXRVZVFvUkRHSDlSMlVOT2dVTmVQUGE2d0laRFNlSXprVV9NVEdDR2VCOF9vYzZSUHFXQ3pfa0ptMFlNcGxLcm9fUGtNYmlSSTVQQWdOSVFXMzRSN2xSSzFwMEktRnBLUGVnVDQ?oc=5,"Mon, 17 Nov 2025 12:00:06 GMT",
2025-11-22T01:23:58,Google News FT,The Big Tech stock rollercoaster - Financial Times,https://news.google.com/rss/articles/CBMicEFVX3lxTE1wTHF3UExLZVJ3M01nNFRPaHBpN3ZWY0tQOWJYN0JEVDdOYlhlOWpXT3kwenczWk5US3d5SkJPQnRMYjRwSTlZb1U4bEtNeG1vOWtkVFIyam5fVjRGM1ZXMl9nXzJjSFZIOUc5UkRCWjQ?oc=5,"Fri, 21 Nov 2025 05:00:00 GMT",
2025-11-22T01:23:58,Google News FT,Blue Owl private credit fund merger leaves some investors facing 20% hit - Financial Times,https://news.google.com/rss/articles/CBMicEFVX3lxTE90QUFOTmJ1eDlEOUszUl9LUmpsR3dFQUd2UlJVUVlrQ2JvWDNxdTRPVHE1cHZrSElRM20zbVk5Z1pZVGRfd1JLeDVrUFM5bVJyYmZpY3B5NFkzeHlyemppaXl4ZW9uRWYyOE5yaXE3UFE?oc=5,"Sun, 16 Nov 2025 11:00:11 GMT",
2025-11-22T01:23:58,Google News FT,Berlin and Paris discuss scrapping joint fighter to focus on air ‘combat cloud’ - Financial Times,https://news.google.com/rss/articles/CBMicEFVX3lxTFBLTjlPVmZtMWF5Y2dlWjFJYU9TUThsRVJOZmlIM2t4bWFfQl9rRzBRVDQ0TUhhR2Z2X0tUbDRBbUViU29FVzZvM1c0Yk84cmp4eHBOQUgzTUE3ekdWdjJCTGV0RDVSNlBQeDBNRHVvOTE?oc=5,"Mon, 17 Nov 2025 11:06:58 GMT",
2025-11-22T01:23:58,Google News FT,The bull case for 2026 - Financial Times,https://news.google.com/rss/articles/CBMicEFVX3lxTE9IRTVrN1plaDNXMlRQY2VBYjBPNklfWTUzbi1wc1hIbUhxRVEwZUhkc19Sc0Q1UUhHSHdpcWhEMnIyN2hCbUtJQzBKU3pVbVhoTVJyeFhHN2F3cTRYVXNieElaVFVsR0dSSmdvYzNhZjU?oc=5,"Thu, 20 Nov 2025 06:30:19 GMT",
2025-11-22T01:23:58,Google News FT,US tech stocks slide as traders fret over ‘frothy’ AI valuations - Financial Times,https://news.google.com/rss/articles/CBMicEFVX3lxTE82UU11RmI3Q2VLZ2xSb2lUSmQ5QU5qY0tPNjNUVTI5ckVNQ2N2eWEtOExDZlI2amdidXlaSUVqcm9odG1wNWhEWWVVYV92Ym1VWXlOTFVnVExuaFFBTkNDZ0kteTZPRDAwOXI4SGRLdk8?oc=5,"Tue, 18 Nov 2025 15:16:25 GMT",
2025-11-22T01:23:58,Google News FT,European diesel prices jump on sanctions threat and supply disruptions - Financial Times,https://news.google.com/rss/articles/CBMicEFVX3lxTE9CaVZodmF1TENwQVhTOVZvYjFPM3l4cWVybmlkR1BKMWljdmlRXzlnSmprRXBlSktyQ0tQMlh3TkpnQ3F5SUFsUC1yWmN0OTJmSE1kZXY3WDVlZEJhaEUyMkppcEN6ZC13dXpXRlVEdHY?oc=5,"Wed, 19 Nov 2025 17:06:51 GMT",
2025-11-22T01:23:58,Google News FT,How South Africa’s underworld infiltrated its government - Financial Times,https://news.google.com/rss/articles/CBMicEFVX3lxTE1GS3lRTGMtY01fXzdpTllydlFtUExEYVNTMnhaNDBPRFFSUWNxU2hvQlhRVk1kMy1vWlJ5LWg0TUVMTnJFZ1lwbDYwZHA1M3RFSjN3ZFB3LUlqLXlvdDAxNmY4UXJLb3VpM1c5SHN4SXM?oc=5,"Thu, 20 Nov 2025 11:00:04 GMT",
2025-11-22T01:23:58,Google News FT,Could an emerging technology unlock clean hydrogen’s potential? - Financial Times,https://news.google.com/rss/articles/CBMicEFVX3lxTFA2dDJBa2xaYWpSTVdhVTBzYUZEOVNuSmVoUTI5a0JueE9jUE1Sckt2NGFvTkk4NkhKN0t1djZSU2E4cXA3azRqbm9yRUp0WHRoQjBGcVhpVG0yM2ZDOFVFN29XV1FKbFcxSFFHai05MXU?oc=5,"Thu, 20 Nov 2025 12:00:05 GMT",
2025-11-22T01:23:58,Google News FT,Apple intensifies succession planning for CEO Tim Cook - Financial Times,https://news.google.com/rss/articles/CBMicEFVX3lxTE5xVHdIRHFKSmIxNklUekJoMkIzbXNJRFpmeFFYNUFucnlxYUZIZlVieE8weDhiU29wR01IRy1hOVh2QVlWSUVWYkdFZ2psQ1M3VlVCaG9vd01JaHJRdzZXY3pCV1dXRTI1OFVuVFdRN2M?oc=5,"Sat, 15 Nov 2025 03:30:23 GMT",
2025-11-22T01:23:58,Google News FT,The tide is turning on China’s savings glut - Financial Times,https://news.google.com/rss/articles/CBMicEFVX3lxTE5ZTUhPRDBpSG1yMWVGeHU5MEtKV0pRSElNTmxaZzdzVEpjMzFOMFg5Q2xSZEwydEZIbWRNMlRUV0tfTnVzckZkR0FMTE83Slo2elhQc3Z3eEhaVm5GZGI1VDRJYWZNc2FOSTZKeGkzOEo?oc=5,"Thu, 20 Nov 2025 00:01:26 GMT",
