timestamp,source,title,link,published,content
2026-05-24T01:32:52,MarketWatch Top,This bond strategy can protect your portfolio even if interest rates go up,https://www.marketwatch.com/story/this-bond-strategy-can-protect-your-portfolio-even-if-interest-rates-go-up-9e9418cb?mod=mw_rss_topstories,"Sat, 23 May 2026 18:31:00 GMT",
2026-05-24T01:32:52,MarketWatch Top,Nvidia can deliver chips — but it can’t buy Big Tech out of its credit and power-grid crisis,https://www.marketwatch.com/story/nvidia-can-deliver-chips-but-it-cant-buy-big-tech-out-of-its-credit-and-power-grid-crisis-9c114e62?mod=mw_rss_topstories,"Sat, 23 May 2026 18:17:00 GMT",
2026-05-24T01:32:52,MarketWatch Top,Kevin Warsh walks into a trap where the Fed can’t cut rates even if it wants to,https://www.marketwatch.com/story/kevin-warsh-walks-into-a-trap-where-the-fed-cant-cut-rates-even-if-it-wants-to-8475e97c?mod=mw_rss_topstories,"Sat, 23 May 2026 18:13:00 GMT",
2026-05-24T01:32:52,MarketWatch Top,Your bond portfolio is facing a ‘termite’ infestation far worse than Jamie Dimon’s ‘cockroaches’,https://www.marketwatch.com/story/credit-termites-are-lurking-in-the-bond-market-and-eating-away-at-your-portfolio-3f6be6e9?mod=mw_rss_topstories,"Sat, 23 May 2026 17:58:00 GMT",
2026-05-24T01:32:52,MarketWatch Top,The surprising cost of caring for aging parents: Divorce,https://www.marketwatch.com/story/the-surprising-cost-of-caring-for-aging-parents-divorce-2ff83fce?mod=mw_rss_topstories,"Sat, 23 May 2026 17:44:00 GMT",
2026-05-24T01:32:52,MarketWatch Top,These 4 market sectors look frothy — and Nvidia’s isn’t even the biggest bubble,https://www.marketwatch.com/story/these-4-market-sectors-look-frothy-and-nvidias-isnt-even-the-biggest-bubble-d740acf7?mod=mw_rss_topstories,"Sat, 23 May 2026 16:52:00 GMT",
2026-05-24T01:32:52,MarketWatch Top,"‘It will not bring you happiness’: I have advice for your single, childless 62-year-old multimillionaire reader",https://www.marketwatch.com/story/it-will-not-bring-you-happiness-i-have-advice-for-your-single-childless-62-year-old-multimillionaire-reader-1cb6a09f?mod=mw_rss_topstories,"Sat, 23 May 2026 16:30:00 GMT",
2026-05-24T01:32:52,MarketWatch Top,"I’m 66 and have $85,000 in my HSA. When should I start spending it?",https://www.marketwatch.com/story/im-66-and-have-85-000-in-my-hsa-should-i-spend-it-all-by-a-certain-age-66939bd9?mod=mw_rss_topstories,"Sat, 23 May 2026 16:21:00 GMT",
2026-05-24T01:32:52,MarketWatch Top,"I almost fell for a scammer. This one rule saved me — and could help you, too.",https://www.marketwatch.com/story/i-almost-fell-for-scammer-this-one-rule-saved-me-and-could-help-you-too-8c3bcf78?mod=mw_rss_topstories,"Sat, 23 May 2026 15:56:00 GMT",
2026-05-24T01:32:52,MarketWatch Top,‘Buffett Indicator’ warns of a market top — 8 crucial signs that stocks are running on fumes,https://www.marketwatch.com/story/buffett-indicator-warns-of-a-market-top-8-crucial-signs-that-stocks-are-running-on-fumes-12e4b4d8?mod=mw_rss_topstories,"Sat, 23 May 2026 15:33:00 GMT",
2026-05-24T01:32:52,CNBC Top News,Americans are feeling inflation's pinch into the holiday weekend. Here's where prices are rising the most,https://www.cnbc.com/2026/05/23/memorial-day-weekend-prices-inflation-war.html,"Sat, 23 May 2026 12:32:36 GMT",
2026-05-24T01:32:52,CNBC Top News,"Trump says Iran deal reopening Strait of Hormuz 'largely negotiated,' will be announced soon",https://www.cnbc.com/2026/05/23/us-iran-war-talks.html,"Sun, 24 May 2026 01:17:29 GMT",
2026-05-24T01:32:52,CNBC Top News,"Spirit's collapse, high fuel prices test limits of summer vacation spending",https://www.cnbc.com/2026/05/23/summer-travel-gas-airfare.html,"Sat, 23 May 2026 14:01:03 GMT",
2026-05-24T01:32:52,CNBC Top News,Stephen Colbert returns to TV in appearance on local Michigan station,https://www.cnbc.com/2026/05/23/stephen-colbert-returns-to-tv-on-local-michigan-station.html,"Sat, 23 May 2026 17:38:07 GMT",
2026-05-24T01:32:52,CNBC Top News,‘Blue dot fever’? What's really behind a tricky summer dynamic for live music,https://www.cnbc.com/2026/05/23/concert-ticket-prices-live-music-demand.html,"Sat, 23 May 2026 12:00:01 GMT",
2026-05-24T01:32:52,CNBC Top News,Disney's 'Star Wars: The Mandalorian and Grogu' tallies lowest Thursday preview sales in franchise history,https://www.cnbc.com/2026/05/22/disneys-star-wars-the-mandalorian-and-grogu-box-office-preview.html,"Fri, 22 May 2026 22:42:23 GMT",
2026-05-24T01:32:52,CNBC Top News,"Millennials spend $252 on an average date, BMO finds — and social media is spiraling over 'date-flation'",https://www.cnbc.com/2026/05/23/date-flation-average-millennial-date-costs-252.html,"Sat, 23 May 2026 13:30:01 GMT",
2026-05-24T01:32:52,CNBC Top News,Three signs from APEC that the U.S. and China remain far apart on trade,https://www.cnbc.com/2026/05/23/three-signs-from-apec-that-the-us-china-remain-far-apart-on-trade.html,"Sat, 23 May 2026 11:19:52 GMT",
2026-05-24T01:32:52,CNBC Top News,Lingering mysteries from Berkshire's portfolio update,https://www.cnbc.com/2026/05/23/lingering-mysteries-from-berkshires-portfolio-update.html,"Sat, 23 May 2026 12:59:47 GMT",
2026-05-24T01:32:52,CNBC Top News,SpaceX launches Starship test flight on second try,https://www.cnbc.com/2026/05/22/spacex-prepares-another-attempt-at-starship-launch-after-prior-scrub.html,"Sat, 23 May 2026 01:28:52 GMT",
2026-05-24T01:32:52,CNBC Top News,Bulls push the S&P 500 back near records — here’s what drove the market last week,https://www.cnbc.com/2026/05/23/bulls-push-sp-500-back-near-records-what-drove-the-market-last-week.html,"Sat, 23 May 2026 17:21:36 GMT",
2026-05-24T01:32:52,CNBC Top News,Microsoft’s new responsible tech lead on how to humanize high-speed AI development,https://www.cnbc.com/2026/05/23/microsofts-new-responsible-tech-lead-on-high-speed-ai-development.html,"Sat, 23 May 2026 13:00:01 GMT",
2026-05-24T01:32:52,CNBC Top News,New lawsuits against Trump's DOJ 'lawfare' fund,https://www.cnbc.com/2026/05/22/trump-doj-fund-republicans.html,"Fri, 22 May 2026 21:02:52 GMT",
2026-05-24T01:32:52,CNBC Top News,Tulsi Gabbard resigning as Trump's intelligence chief,https://www.cnbc.com/2026/05/22/tulsi-gabbard-resigns-intelligence-trump-husband.html,"Fri, 22 May 2026 22:05:04 GMT",
2026-05-24T01:32:52,CNBC Top News,Kevin Warsh's real Fed 'regime change' may happen deep inside Wall Street's plumbing,https://www.cnbc.com/2026/05/22/kevin-warshs-real-fed-regime-change-may-happen-deep-inside-wall-streets-plumbing.html,"Fri, 22 May 2026 18:23:49 GMT",
2026-05-24T01:32:52,CNBC Top News,Donald Trump Jr.-backed 'Steroid Olympics' are happening on Sunday. Here's what to expect,https://www.cnbc.com/2026/05/22/enhanced-games-performance-enhancing-drugs.html,"Fri, 22 May 2026 11:51:23 GMT",
2026-05-24T01:32:52,CNBC Top News,Trump skipping wedding of son Donald Jr. to Bettina Anderson,https://www.cnbc.com/2026/05/22/trump-wedding-donald-bettina-anderson-bahamas.html,"Fri, 22 May 2026 21:04:00 GMT",
2026-05-24T01:32:52,CNBC Top News,Qualcomm's stock pop shows investors are 'waking up' to boom in AI devices,https://www.cnbc.com/2026/05/22/qualcomms-stock-pop-shows-investors-waking-up-to-boom-in-ai-devices.html,"Fri, 22 May 2026 20:52:39 GMT",
2026-05-24T01:32:52,CNBC Top News,Wall Street thinks IMAX is ripe for a sale. Here's who could buy it,https://www.cnbc.com/2026/05/22/imax-sale-talks-potential-buyers-wall-street-analysts.html,"Fri, 22 May 2026 16:26:26 GMT",
2026-05-24T01:32:52,CNBC Top News,Two top Walmart executives leave company under new CEO John Furner,https://www.cnbc.com/2026/05/22/walmart-executives-depart-under-ceo-john-furner.html,"Fri, 22 May 2026 22:19:27 GMT",
2026-05-24T01:32:52,CNBC Top News,"Judge tosses Kilmar Abrego Garcia charges, calls Trump administration prosecution 'vindictive'",https://www.cnbc.com/2026/05/22/kilmar-abrego-garcia-charges-dropped-trump-doj-case-vindictive.html,"Fri, 22 May 2026 20:37:38 GMT",
2026-05-24T01:32:52,CNBC Top News,Consumer sentiment hits fresh record low in May as Iran war fuels inflation worries,https://www.cnbc.com/2026/05/22/consumer-sentiment-hits-fresh-record-low-in-may-as-iran-war-fuels-inflation-worries.html,"Fri, 22 May 2026 16:13:30 GMT",
2026-05-24T01:32:52,CNBC Top News,Trump said he'd 'remember' companies that didn't apply for tariff refunds. Many of them are anyway,https://www.cnbc.com/2026/05/22/trump-tariff-refunds-walmart-home-depot-target-apply.html,"Fri, 22 May 2026 16:56:12 GMT",
2026-05-24T01:32:52,CNBC Top News,Stocks continue surging to record highs. Here's how to hedge,https://www.cnbc.com/2026/05/22/stocks-continue-surging-to-record-highs-heres-how-to-hedge.html,"Fri, 22 May 2026 17:59:04 GMT",
2026-05-24T01:32:52,CNBC Top News,Oil-rich Alberta to hold a vote on whether to separate from Canada,https://www.cnbc.com/2026/05/22/alberta-referendum-canada-oil-sands.html,"Fri, 22 May 2026 10:27:34 GMT",
2026-05-24T01:32:52,CNBC Top News,Egg prices are plunging due to oversupply — and producers say margins are taking a hit as costs rise,https://www.cnbc.com/2026/05/22/egg-prices-fall-due-to-oversupply-after-bird-flu-shortages.html,"Fri, 22 May 2026 15:59:14 GMT",
2026-05-24T01:32:52,CNBC Top News,"Despite murky legal landscape, companies are undeterred in their prediction market investments",https://www.cnbc.com/2026/05/22/companies-keep-investing-in-prediction-markets-despite-legal-battle.html,"Fri, 22 May 2026 15:14:52 GMT",
2026-05-24T01:32:52,CNBC Top News,"U.S., Iran signal peace progress — but remain at odds over enriched uranium, Strait of Hormuz tolls",https://www.cnbc.com/2026/05/22/iran-war-strait-of-hormuz-tolls-trump.html,"Fri, 22 May 2026 13:33:25 GMT",
2026-05-24T01:32:52,CNBC Top News,Which company will the U.S. government take a stake in next? Here’s what traders think,https://www.cnbc.com/2026/05/22/which-company-will-the-us-government-take-a-stake-in-next.html,"Fri, 22 May 2026 15:29:39 GMT",
2026-05-24T01:32:52,CNBC Top News,Surge in 'risk-free' treasury yields sends bond investors in search of better opportunities,https://www.cnbc.com/2026/05/22/treasury-yields-bonds-investing-fed-rate-hikes.html,"Fri, 22 May 2026 15:18:46 GMT",
2026-05-24T01:32:52,Investing.com All News,Kyiv struck by large-scale Russian attack after warning of Oreshnik launch,https://uk.investing.com/news/economy-news/kyiv-struck-by-largescale-russian-attack-after-warning-of-oreshnik-launch-4696646,2026-05-24 01:10:11,
2026-05-24T01:32:52,Investing.com All News,Baidu’s SWOT analysis: stock faces mixed outlook amid AI push,https://uk.investing.com/news/swot-analysis/baidus-swot-analysis-stock-faces-mixed-outlook-amid-ai-push-93CH-4696645,2026-05-24 01:08:10,
2026-05-24T01:32:52,Investing.com All News,LPL Financial’s SWOT analysis: stock faces asset growth test,https://uk.investing.com/news/swot-analysis/lpl-financials-swot-analysis-stock-faces-asset-growth-test-93CH-4696644,2026-05-24 00:42:10,
2026-05-24T01:32:52,Investing.com All News,"Suspect shot dead after gunfire near White House, complex briefly locked down",https://uk.investing.com/news/economy-news/possible-gunfire-heard-near-white-house-north-lawn--cbs-news-4696628,2026-05-24 00:34:10,
2026-05-24T01:32:52,Investing.com All News,Viking Holdings’ SWOT analysis: luxury cruise stock gains analyst favor,https://uk.investing.com/news/swot-analysis/viking-holdings-swot-analysis-luxury-cruise-stock-gains-analyst-favor-93CH-4696643,2026-05-24 00:24:10,
2026-05-24T01:32:52,Investing.com All News,U.S. Bancorp’s SWOT analysis: stock gains momentum with buybacks,https://uk.investing.com/news/swot-analysis/us-bancorps-swot-analysis-stock-gains-momentum-with-buybacks-93CH-4696642,2026-05-24 00:06:09,
2026-05-24T01:32:52,Investing.com All News,"LA suburb chemical tank heating up after evacuation, fire chief warns",https://uk.investing.com/news/economy-news/la-suburb-chemical-tank-heating-up-after-evacuation-fire-chief-warns-4696641,2026-05-24 00:02:09,
2026-05-24T01:32:52,Investing.com All News,KeyCorp’s SWOT analysis: large-cap bank stock eyes growth through buybacks,https://uk.investing.com/news/swot-analysis/keycorps-swot-analysis-largecap-bank-stock-eyes-growth-through-buybacks-93CH-4696640,2026-05-23 23:44:07,
2026-05-24T01:32:52,Investing.com All News,Taysha Gene Therapies stock hits all-time high at 5.49 USD,https://uk.investing.com/news/company-news/taysha-gene-therapies-stock-hits-alltime-high-at-549-usd-93CH-4696639,2026-05-23 23:28:09,
2026-05-24T01:32:52,Investing.com All News,IHS Holding stock hits 52-week high at 8.39 USD,https://uk.investing.com/news/company-news/ihs-holding-stock-hits-52week-high-at-839-usd-93CH-4696636,2026-05-23 23:28:09,
2026-05-24T01:32:52,Investing.com Bond News,Rising Interest Rates: Why the Narrative Fails Against the Data,https://uk.investing.com/analysis/rising-interest-rates-why-the-narrative-fails-against-the-data-200624855,"May 22, 2026 10:07 GMT",
2026-05-24T01:32:52,Investing.com Bond News,Rates Spark: Differences Brought Into Sharper Relief,https://uk.investing.com/analysis/rates-spark-differences-brought-into-sharper-relief-200624848,"May 22, 2026 06:25 GMT",
2026-05-24T01:32:52,Investing.com Bond News,Real Yields Near 20-Year Highs as Energy Shock Continues,https://uk.investing.com/analysis/real-yields-near-20year-highs-as-energy-shock-continues-200624789,"May 20, 2026 11:04 GMT",
2026-05-24T01:32:52,Investing.com Bond News,Rates Outlook: Still Exposed to More Upside,https://uk.investing.com/analysis/rates-outlook-still-exposed-to-more-upside-200624776,"May 20, 2026 07:13 GMT",
2026-05-24T01:32:52,Investing.com Bond News,Why the Bond Market Suddenly Matters More Than Nvidia,https://uk.investing.com/analysis/why-the-bond-market-suddenly-matters-more-than-nvidia-200624754,"May 19, 2026 08:26 GMT",
2026-05-24T01:32:52,Investing.com Bond News,Markets Have Shifted to a Broader Inflation Impact,https://uk.investing.com/analysis/markets-have-shifted-to-a-broader-inflation-impact-200624749,"May 19, 2026 06:43 GMT",
2026-05-24T01:32:52,Investing.com Bond News,"As Inflation Heats Up, the Bond Market Loses Its Cool",https://uk.investing.com/analysis/as-inflation-heats-up-the-bond-market-loses-its-cool-200624718,"May 18, 2026 11:21 GMT",
2026-05-24T01:32:52,Investing.com Bond News,Surging Bond Yields Threaten to Derail the Stock Rally,https://uk.investing.com/analysis/surging-bond-yields-threaten-to-derail-the-stock-rally-200624711,"May 18, 2026 09:28 GMT",
2026-05-24T01:32:52,Investing.com Bond News,How to Read a Treasury Auction Using 3 Key Signals,https://uk.investing.com/analysis/how-to-read-a-treasury-auction-using-3-key-signals-200624709,"May 18, 2026 08:05 GMT",
2026-05-24T01:32:52,Investing.com Bond News,Rates Face Risk of Instability,https://uk.investing.com/analysis/rates-face-risk-of-instability-200624676,"May 15, 2026 09:33 GMT",
2026-05-24T01:32:53,Google News Reuters,"Suspect 'down' after shooting at officers near White House, official says - Reuters",https://news.google.com/rss/articles/CBMiqgFBVV95cUxOZHF1QnlfQmhUenRrRnkzaV9ZRVFXYU90SktVREhvWGtmWGZrRnlVZkgxcGpGbENUYmJ1TW1MZUVVMnBiT0FieE5QbmlKMlhCTUFFV2NVbzlnWFVOTWZrYnJjR0t5dERUUHNBUjBZbm92SzRWTFlWaGx4SmdmZUQ5TllsYThMTzJOUHpLQURnQzM1VlJKSWJvTTB0d1VkNXcwRGQzNmtBZTlYZw?oc=5,"Sat, 23 May 2026 23:44:09 GMT",
2026-05-24T01:32:53,Google News Reuters,"Ukraine’s capital Kyiv hit by massive missile, drone attack - Reuters",https://news.google.com/rss/articles/CBMiqgFBVV95cUxOZTF3TzRleUdUZEptV2xCbjAyVWRISkNuTTBEM1hTWXZtZk9fT25jV0M3X0x5NlJWN2FxeUtqMjRMWWhac1RSX1U1MHl4dFJJSkZPZWE2M3lsNlJkTUtTZ3BvSkRmWXdBOHRTbG1FSDdiSUpGN0p1THdLaE1mUFBGM2FEY19wLXZEcjA4V0doX1BCUmlINUkzYU0zQTZ6djYyY0V4NTZNOEpEZw?oc=5,"Sat, 23 May 2026 23:48:00 GMT",
2026-05-24T01:32:53,Google News Reuters,Trump says Iran peace deal is 'largely negotiated' - Reuters,https://news.google.com/rss/articles/CBMipAFBVV95cUxONVVFalhkZm9MVTdKRUlmTFpRdzFWUVFVd0FMNG4yTWVBbnpLSEpjcTZfVDRRODlKbXVvazVnY3RfOXZTbER4WVVTOWgySVdCVXY3aFQ2RnM3UVN4UVNxeG9OcFhLcDdCOUV6UVBxNGc5d3UtcjRwRFBhRnNiRk1ILXBrVFVTaDYtVzNXdzZPaXVMQTFCbHRMNVREVFBtdHpNTldwMw?oc=5,"Sat, 23 May 2026 20:51:43 GMT",
2026-05-24T01:32:53,Google News Reuters,"California chemical tank heating up after evacuation in LA suburb, fire official says - Reuters",https://news.google.com/rss/articles/CBMizgFBVV95cUxOMDBpakJIcDEyN211VHlCNm9QSDVYTFpGSkVGSmZ1Q0lQUTg4TGotTjJsV0lpR2xVWFl4SENaTEc3cnNrZHRTaTFiTTIxUEY0UF9PSkUwQVh5MFh0N2pVblBfS1g3OWMyMUU0bnE1Q3BxR2toRHYwNDhDaUVER2xZVk41S0lCbXNRZi1mZV8zQ3JTQ3lsUlBaSmFQemVLWXVtNmFHRXFUeFk4NDNOSEg4Z0kxTFhxQzdHMWZZOXlGcGtrYWpieFlOdGtoUDNMdw?oc=5,"Sat, 23 May 2026 22:19:31 GMT",
2026-05-24T01:32:53,Google News Reuters,Police and protesters clash in Serbia as crowds demand president's exit - Reuters,https://news.google.com/rss/articles/CBMipAFBVV95cUxQV1EtSGZYb1ZFSUE3Ml83aGJQNmYtSndBQ1hDVWdsbF9hcVYtQnhWYkxDV1REY2lua3cyN09hQ3pQOHEtRktlOHhJVHVCdGNfbUg4cVB4cUxNMS1EZnBmdmQ5QkI2eXR1aHFMRXNGc01NTjdmQUNtSTBLRmU1dWpYcG9JdUpJenlyYnl6UjJRRmg3UUp4bUZvMzFkMEJpNnl6bDl6Qg?oc=5,"Sat, 23 May 2026 22:21:23 GMT",
2026-05-24T01:32:53,Google News Reuters,"Russia preparing strike on Ukraine using hypersonic 'Oreshnik' missile, Zelenskiy says - Reuters",https://news.google.com/rss/articles/CBMi2wFBVV95cUxPYXlkdVBNNk50dlU3elVGaE1XYm1RX21FZHlwRFI4eTFFR1RBTVB1R0w5OU0tdHNqTGVhMlQtcTR6VEg5bjEwOE1ycHFlRkh2R0FEYjZZcEFPbXJHNkNMblVYNDZMREQycmZwUlN5Tlp3RWtoaklWOS1tNVdwR0Q5c1FaMlFWYlN1OTEwRjdUWi1RNGtFelBVSVpfWnYzMHRLQUw2NW9nbDl0X0s3Vzk0cVJOajI4Sld3R3VIRVVkVWVPTUlMSWFJRmU4LU55b25ZSF94LU1QSlZxa28?oc=5,"Sat, 23 May 2026 16:31:52 GMT",
2026-05-24T01:32:53,Google News Reuters,'Fjord' by Romania's Cristian Mungiu wins Cannes' top prize - Reuters,https://news.google.com/rss/articles/CBMivAFBVV95cUxOYzhmcnBUYWJXSTVTSkUxeFYxWktBVEM1cGZmYnVPQ2tES1FtZ0VVYW1CSkFVQjZSNmlTYmV3NjAydmw2a19DU0xCb19UN0diMENNWGdrWllzR1hFZTdLSjhNSHUzQTZoY01hZWI2ajI2VUhFb1d4WGM4RThfSmNkOUxfbzJ6X2N2QTZGdXQ0bUtiM2Uzam5UM1k2QkNSLUduT3IyMUdUVGxnRndSZktkSFF4VEpfNjhoZjJEVA?oc=5,"Sat, 23 May 2026 22:10:14 GMT",
2026-05-24T01:32:53,Google News Reuters,"Trump says negotiators are getting closer to Iran deal, media interviews show - Reuters",https://news.google.com/rss/articles/CBMixwFBVV95cUxNemZRTFNxTFlDOHRNeDVEQnVKeVlIUElVNWtRZFBxOElQZUJucWJ6Z0wyTlNMbm0xZEJHQmt4bi1mNko5MlY4Tld1NzFBX3FBZjdKa2RRRUFwa0ZLRmVLRG1zazVYRzUybkNQZkxWb2NFRlRoeDV1MXRtMVVPbVBwSzNSeFpXTmtWbmQ4R1pDd0hKczVaR0MyT3dGX2VSTVJuLXZBNmtXN2tMNmRwMmRjU0lLLWhaS0JQM3pCR2xPa0syeERjQlhF?oc=5,"Sat, 23 May 2026 16:23:43 GMT",
2026-05-24T01:32:53,Google News Reuters,"Trump says framework of Iran deal 'largely negotiated,' with provision to reopen strait - Reuters",https://news.google.com/rss/articles/CBMiuAFBVV95cUxNYXExaUpDRVJ1QU4yZGJTQ2ZQWkdkb1pYWHNrZFE4ZWZQalNIY0R6MzFNSGJzb01qNlpwbjd4NlVRSExPdGUtaGRnV1VMZC16OHVvay1Kczg3T3AxbHRPLU9jVlpNLUhrM21FNmJlZGJYTjVNSlVnOFJfZEdkNDFFMVhnS3F2a1gzWTZadzc4bTVJSUctMFBhcUV1MnZINDlYRm5sY0lxOWZlYkxOLUJpR01KNkltN2M4?oc=5,"Sat, 23 May 2026 22:06:29 GMT",
2026-05-24T01:32:53,Google News Reuters,Delivery Hero confirms takeover offer from Uber - Reuters,https://news.google.com/rss/articles/CBMikAFBVV95cUxOMlJBUGh5dWVSR1dHZWtmZEhBcmdpcUUwZVk4X2ppTmFJeEpZclRpLUpNSnRNOXh4THh0TXBpaFIwY3VkWWFSME9GS09SWk9qV2V0V0h0Z1NDNlF5eHJEUjd4aTJDU0c4UzBzdUVEVFJBSDFxMy1rczhNWEprWDFDSzlLeFRiYkFvZjBmem5vLW8?oc=5,"Sat, 23 May 2026 14:36:09 GMT",
2026-05-24T01:32:53,Google News Reuters,Tens of thousands march in Madrid to demand prime minister's resignation - Reuters,https://news.google.com/rss/articles/CBMiqwFBVV95cUxNYlFrOEFNbUxHaWZqTHNlUDRKYmNEXzk4MnlPMWxIejlzU2pSV2lTc1pFU3hVaWI1SGVURDExSXBrQTFzY0JGaGxENnFvaFpVc215U0MtUV9hVk8zRlJheTd3Wk11LThsdzhJS1Bzai1HZ05yNzhVeTZhVGw2QzEwLW9aRkFxMUh2RnpYU1BzMHVoa0ZvSUdoa29fMVZKaHpFNTFGVDFZOXdRT0E?oc=5,"Sat, 23 May 2026 19:53:56 GMT",
2026-05-24T01:32:53,Google News Reuters,Iran's top negotiator says Tehran will not compromise in talks with US - Reuters,https://news.google.com/rss/articles/CBMivgFBVV95cUxQVExWX2MyUk1sTzlRTnkwWmFrUG84NURsOVY3SWlhNS1MM0pMekR4N0lmV3cwcC1xLTM3T2MweFdndzJyajlabXh2UEh4VTdGN3J4bmwtaE9jc1p4WGVOOWh5RURtTHhuTURfNV9MNlRUVEVNZjFiYkpHZy03LVBCUjRGT1BkVzJmX3FOVjcwUXo5d0puN1E2eERxbm5md2UwQlRpN082d0N6MWJYN2lBZ2tCTGw3bWtxcWRKVHdn?oc=5,"Sat, 23 May 2026 14:31:31 GMT",
2026-05-24T01:32:53,Google News Reuters,Israeli minister Ben-Gvir banned from French territory - Reuters,https://news.google.com/rss/articles/CBMirwFBVV95cUxQLThRUGhjSTMzSEVwYkV1NjhLUUpSUzE5dUcwZ1hUb0xQcVhsdF8wTFVPLUhRZU5pdUJ2WGROb2JIUzJhU0VCME5STUFiWHVFOTZZY1M2ZGphcUtLZHlqa3BlcnNrbDhSUVAta3JLNkJUSmRBZDBEbVZoNi1CUS02d2licEdWeGdRajFHdktqYUVBTnB0QkE3dXc4NENWREFkdDl0RzM0YXhmekFSYktF?oc=5,"Sat, 23 May 2026 13:13:03 GMT",
2026-05-24T01:32:53,Google News Reuters,China's DeepSeek to make permanent 75% price cut on flagship V4‑Pro AI model - Reuters,https://news.google.com/rss/articles/CBMitgFBVV95cUxNM3Q5LUNUSDdncjRsXzJUaDFubjZGRm1SVDh5bkx0Z0pGNUVfZzZOdGQ1UThpTFFQdGg4d1ZaMFpGZ2Jxb0xuUmxMY0NQQkZBOTAtTjdxRnEtNmNMdXBWc3YwLWVfendsczJINk5jeEE0M21IWjdpMFRtbkFwU1B5ZkdDenhoMmhZVVpjU3VsZWtHWVJSR05zLVQ3dW9xU0Z0aDJEX3YtdkVWUTdkMVRzTEJnVUlfdw?oc=5,"Sat, 23 May 2026 13:57:23 GMT",
2026-05-24T01:32:53,Google News Reuters,Ukraine says it hit Russia's Sheskharis oil terminal on Black Sea - Reuters,https://news.google.com/rss/articles/CBMirwFBVV95cUxOMnZ4SlFrVi1vaEJOaFpxYmZseFRhbjN6bUZQdUZuMXRVRW5iWEY5N1d6c2RoREVZT3JMcTdIVUo4R0lBeHNHN3R1V0RHNzUzak43VG9tZThTTFVfNW03dkxEWEk3RklIOUhtOTJsNVpncDB0S1hKWk53Y3Y2cVBFUy1DWk1HTG1QRlJ4NVViSk9GVmRaUWJQWlB6S3VVck1QajBwR2I5SG1jODIzckdv?oc=5,"Sat, 23 May 2026 13:34:30 GMT",
2026-05-24T01:32:53,Google News Reuters,"DR Congo stick to pre-World Cup plan to meet Denmark, Chile in friendlies - Reuters",https://news.google.com/rss/articles/CBMitwFBVV95cUxNc1dHUEJJMlJMTEMtQV92X09kM0lQbEN0M1ZCYzNNclduUE1lMEYzaFFZVFNCcUw5aUZPN1RxZlU0SmtQSW1aR19JVjZpQTB3UlIyejlqS0gxYU5JRms3S2luNjljcV9LQm92d3doTDBiaUVyczU0MWlZX0VwM29yWDRLUk5qMlplbEtBZDJoa1hxUkpLOEw4Y3BmTUE3V1hKSDdNeDFaamtNbkZlRlVqN2NUREpwVTg?oc=5,"Sat, 23 May 2026 19:42:25 GMT",
2026-05-24T01:32:53,Google News Reuters,Nvidia says its forecast for $200 billion CPU market includes China - Reuters,https://news.google.com/rss/articles/CBMirwFBVV95cUxPVGJtaGk0ZTdTcS10ZjF0Q3U1SXlwbFVQbEpjQVJwbENYc0NibFFpVF9MN29UNE5uZ205eGliMTh6QXUxem5Dd0g0dVdWT2h2c3ZhemRaMWdPN2VabWtBOWlzVmt5a2doREhnYkU5T3pVTFE2Vm1SQTMweFkycmRBTFFJemdTV21nd202QkRtS29YMGUxZzZHYXdjSUxkLTNFNjdBX3FNcjVMNFcxWkZz?oc=5,"Sat, 23 May 2026 18:31:14 GMT",
2026-05-24T01:32:53,Google News Reuters,Republican defiance over 'anti-weaponization' fund sets up confrontation with Trump - Reuters,https://news.google.com/rss/articles/CBMivAFBVV95cUxOeG92dmJsZXpGaFlCRzFLdGxLUXh2TG02SVpHVFlFUlFQbjVPLU1ZOGFSMVRkRUVmZ1VCaDk0WmxYX1JnLVBvOS1jWlpPOG9DTFhLWWRUclFPcC1aTHBqNFlLLUs0cXFTTDVpQ2RKc0ZXUGprRGJqUDVVNmEwTjRac1dwN3d2SDFLZWo2N0xwVFFpYWE3SzZPN01OcTNTQjN2OWNRM0xjS2phNlFSZnlMeTZPYVpSc2lfdm9IaQ?oc=5,"Sat, 23 May 2026 14:54:32 GMT",
2026-05-24T01:32:53,Google News Reuters,Iran to base World Cup camp in Mexico after switch from Arizona - Reuters,https://news.google.com/rss/articles/CBMipAFBVV95cUxPS1JpQ2lnc0Q4NUU5RUZMQmtEeURnNzlnbFZJdUNwNWdMckZyTnJSeVBrN2t6eDZpR3RlSjJfN0l4S0RkNUoxNEg1ZEdtazNST3A4dmNBR0plOEdKQlVpVHRXZTlpdnZMejB3OEFGNlVBSDgzbS1KMjBBSG04ckFnWjVDajNfVlhjWkNuMl9YVnlmTWRMdVFaMFItUjRyOWw3bEcxTQ?oc=5,"Sat, 23 May 2026 18:37:00 GMT",
2026-05-24T01:32:53,Google News Reuters,"Uganda confirms three new Ebola cases, bringing total to five - Reuters",https://news.google.com/rss/articles/CBMiyAFBVV95cUxQYTBDS0RiSEVLWjVKbHVvTEdVVXlIWUViUXV4WGRJYmY3ZVM5MUNZb0xoRVhQdVdwWlRaZWJGb3NTNk90RG94djdCMDJOLW1CS215V3NOVzZjSzBZU01aVlZtVTh2MlB4SFEtME1DaDBoR1lOazB1TVF2eXlfMkthTGRpbUo2WldDRkpMMnRCYW5lTjhJVy12V1hyVG9NTDlPX3FJZ3ZGTGFmMk55QlRrZG1oTzN1UGJtZGV4NkNvRUFHT3BVd21ZWQ?oc=5,"Sat, 23 May 2026 19:57:14 GMT",
2026-05-24T01:32:53,Google News Reuters,Hundreds rally in Taipei for defence spending after parliament cuts funds - Reuters,https://news.google.com/rss/articles/CBMitAFBVV95cUxNREJ0NjdkbnZzTjY0SHV4T1pNcDI1T3pHZFdicTlxcmhzQ09NZW4wTmNBM0JGbGRWLXFFaTkzb0R5cXR1Z0cyWUVNOWtvSEp0M0lkUVJkUVUzQ1RQc0FmMVBNYUx1ODZJZlllbmdNZ3VRcU03aGRFRVRRbk5nZ2lRek4zN1ZSdlFPS0ZBZFJ1dHp1MGNwSlVOV2ctdFhma2pucU9XUWNtOUhxU2ZPOG5NYWtmMWk?oc=5,"Sat, 23 May 2026 13:17:43 GMT",
2026-05-24T01:32:53,Google News Reuters,Exclusive: Ukraine's Zelenskiy says proposal of associate EU membership 'unfair' - Reuters,https://news.google.com/rss/articles/CBMisgFBVV95cUxQakN0UXdpeHNBOThxLXNzU0RBOHlqN3BXaEN5NGN2cWxjZGVmSVQtQzlXLVF1TGF2YmNSVVF2Z0xJck44TFRMVmFkUTlWZkwzM1d1QU5JOWp5Z1cxN2ZsemhCNy1pMGpXRV96MmJiQjFPSUNpSGN4OVlZTDFQUTRsdWYzLUYwMV9EY3hNNHIzNzlFQUNHLWZXeUoxc3BOOUFHNnVaNllMN1Utd0ZULUROaGlR?oc=5,"Sat, 23 May 2026 17:07:55 GMT",
2026-05-24T01:32:53,Google News Reuters,Pope Leo decries 'dizzying' profits earned by companies that pollute - Reuters,https://news.google.com/rss/articles/CBMirAFBVV95cUxOanlvLVJ5Um5Sc0NjRDB6NVpGV25BQ192bGtEenBDVHR4Rm9tamtLT3F0UXFyeTJoLS1UV1dFaU1qY2hYbVZWM1VtbngwOUdoeXFLSEszalRRVGRvaWwtRUU3bjVmbXQ3S21BS2pRc3J6a3J1TjFWcm9MRjBPSDVJVXhuSG5MOTNxOHVVUHhsV05hakp2M0hCUkRUdHNTb0Q2cHN5UkhaMDNZNEd0?oc=5,"Sat, 23 May 2026 19:36:30 GMT",
2026-05-24T01:32:53,Google News Reuters,Magnitude 6 earthquake strikes Hawaii’s Big Island; USGS assessing Kilauea volcano - Reuters,https://news.google.com/rss/articles/CBMixwFBVV95cUxNbVd6Q0R4OE9OSG5SVGpJYVZJaXljSVlHSmdNUUhvQmZIQlNOdG50dWVCaFJfUzVlUHQwWXF1X3o5SHJXem9XVHczMmJncmQxcEN2UlJMeDJCaksydERWQkVnYlctbTNqdWo4cVZ3NjQ5MjVIV0dpd0ZkR1hJb0NBclNZSU5vZDd2VlBtZzh5OHlwOXE3MTNBeV9oSFN4Zmg5bzR4aXhxZkpwMXp6Y1FscjJlZDhFRXNuSzhSNFBZZFJyNHZkRVpV?oc=5,"Sat, 23 May 2026 11:18:09 GMT",
2026-05-24T01:32:53,Google News Reuters,Russia says 18 killed in strike on student dorm that it blamed on Ukraine - Reuters,https://news.google.com/rss/articles/CBMivAFBVV95cUxQcXV2V3Vsc194TEZJM2N3WTFZbXJ4YUowYlMzaWhkVGZUS3VoTlVRYXQ1LVF1MnVHRUN6TlM0cjFPcHNwZzFYRWdSeFFEQklrbV9nZEpfeVBQUjBEYkdfbHdkUnNkM3JwVjRsSkVBZ29pYVpuckNNOU1hV19WZzRuOTdGbmVfdDM3MFhTQ3pua2U3TTVUa0VvX2RnYk9hSV9LTU1iSUlHNjVWbTQ3YnVqUFhzWHFEQlZOdE1SYw?oc=5,"Sat, 23 May 2026 16:34:16 GMT",
2026-05-24T01:32:53,Google News Reuters,Drone games put Ukraine's best military pilots to the test - Reuters,https://news.google.com/rss/articles/CBMilwFBVV95cUxONkRndlB0UWVxTU9aV3dqRGJ3VXZfazVxaW1VM00wYWZzWnl1ekZFSC1ZdUxpekI4QUZzbGJ6b0hMZjJydzNhTk5YYmtqNjc5MllXMU4yRThIZWNpRDZXU2swdVpSd05SRkswQ0tmWFJxWDVrTDhtdFFuOWxIelZQczZoUGhzUHlTTXRtWTZ2c3ZRbk1FWmtF?oc=5,"Sat, 23 May 2026 08:07:47 GMT",
2026-05-24T01:32:53,Google News Reuters,"Three months in, is Trump losing the Iran war? - Reuters",https://news.google.com/rss/articles/CBMilwFBVV95cUxOb0xrTW5YOXpZTlM3YmFKQzVXNlN2UUtDOEc0dldIUkh3dExmSVU0NmtvbThyTGs4ZTJVeFl1VkFQekZqS0ItTFhDYVQ3X09hRzN2S2taT1FYNjhPakE4OWJxM3p1V1BHcUxBQ0FRanpsZU16anhHRGVlQmwyRGdVeXVlM3QxczNNUWZNVldZM1l2QVNfc0dJ?oc=5,"Sat, 23 May 2026 05:03:00 GMT",
2026-05-24T01:32:53,Google News Reuters,US conducts military drill over Venezuelan capital Caracas - Reuters,https://news.google.com/rss/articles/CBMirgFBVV95cUxPa1Zad1hRcUhjSV9mNV9FM1AzWUVIcXpCc2poTW1Ha2R3MU5BTTZ1OUZWZ1VsclJ5UDU2Tkg3NjF1WlByaFpkQmZST2kyem04NkVYOHltZjFkM1pNQW1jejYzTUpUNmx3dGItNlF1al9KbVpmRE1yNmduWHFiYk9qeUxXY1o5WTl1c1FiSWpBQUZZNldsZGZMZVBENmpZeUk2aXUzbU9zWHJZZFByMFE?oc=5,"Sat, 23 May 2026 23:47:55 GMT",
2026-05-24T01:32:53,Google News Reuters,Rubio touts US energy on India trip meant to repair ties - Reuters,https://news.google.com/rss/articles/CBMimAFBVV95cUxONDFKTmtwSV82N3VTRDZZR2ktYW8wZzFvNzJUTjdYdEgwMzZreDBuSm5ldFBDQ0d1eWdrT2k5TWZuN1JadmhfQjhBNTVrZVdUd2VhQXBSOUpJU2pDby1vV2dWNk9xN1FNcno5NHJsTnF2bmFSZXYyYW1uSTRQLW96Q3VHaFl6NEZ2amJYNUx3QTBYQ0NUMUhOUg?oc=5,"Sat, 23 May 2026 03:02:00 GMT",
2026-05-24T01:32:53,Google News Reuters,Thousands evacuated in Southern California due to failing chemical tank - Reuters,https://news.google.com/rss/articles/CBMivwFBVV95cUxQRWZWMWl1a2FUWkZfRklrWGtHRnB0MUJqTXBHbXBpbG81NWg4LTJxbDVQdmNDWW5BTnY4dUZVLU1SemxINTNHajY4X1lnX2MzVnVSeXIyNV91WmY5Yi14N2U4ZjMzM2lRcnZZUVhXaFNyV2FXWU02QjlGdjRuUFhiTmVHMTBCNW40MmRGNnhtNmo1TDRtN3ByWHRWZ21LeHFnNDNMbjUtR1VNVmJyM3pzMEowQnZwTDA5bXl5ckJRaw?oc=5,"Sat, 23 May 2026 01:51:00 GMT",
2026-05-24T01:32:53,Google News Reuters,"Uber and DoorDash sound out investors for Delivery Hero bid, FT reports - Reuters",https://news.google.com/rss/articles/CBMixwFBVV95cUxPZ3FySWRoR0xFZ0V5VFJVczlrUHQycjNIZFA0R2d0Z0VfZy04T2x6d2MteGREd0VoNmNvN1FnT1E3c0V6a1VXTmZnWFktQ0VzbGFsT0tkcGJmSGgyalNldjVTUDF1bFRNQXlfeER5cmY4aGJSVm1HWEVwNy1fLWZMTXBMeEpicXJKRE40NTIzd0oyVE11X01fZzlMNVptZ0lsLU5rMUhQb3lwVzhxLVMxNmllR2VsQkxiRnl4VVEyQy1qZDZOODZV?oc=5,"Sat, 23 May 2026 13:38:48 GMT",
2026-05-24T01:32:53,Google News Reuters,Indian retailers raise fuel prices for a third time amid Iran war - Reuters,https://news.google.com/rss/articles/CBMitwFBVV95cUxOUGRFSkpMUW1aZHNqUno4UDUtT2FSOFhpb0xKR1o4X2ZFRy1CSDJ6QzVzV2NyVUlwN0ZldVotMm5IR2JMSnZpT3pUSUZhenBlMnVONVl4cVR4ejdhdWpUUVc2Z2djaFFGRnJWU2wyaGJkd1FCZkgzLWxoWjJOOHBjd3V3bnhyaHRnNnJlcmU5Q3FHWTF6RGtnRWxRSUd0X2ctNFZQOXR2Y254Y0R4QkZYOUZXcHZGdnc?oc=5,"Sat, 23 May 2026 00:56:00 GMT",
2026-05-24T01:32:53,Google News Reuters,SpaceX's Starship flight hits most targets in pre-IPO test - Reuters,https://news.google.com/rss/articles/CBMixAFBVV95cUxOeHgxN3U4ZFQ3eTNIUmY1NGd2TEVwTC0tRE16MTVSWmh4dXZTSnFBbEtWMC1WQlBsYk1xbXp1UEdnRGdJYjdQTVptSWg0U0dacGtXNjFIdFp6UGVqZVptbzZZdTF4R2c3Zno3ZlpGX0lJVlNGZjQtOFdpQ0czb29xWDZySzdLSWR3UHpkd3l6c3J4NGsyMndnY2ZiNF9zRFFNdl95RV9iZVdONzdIR19aX2pmNmNIMDVjU01ncG1OYm1tbzNl?oc=5,"Fri, 22 May 2026 22:35:00 GMT",
2026-05-24T01:32:53,Google News Reuters,Ousted Turkish opposition leader calls for party congress in 40 days - Reuters,https://news.google.com/rss/articles/CBMiyAFBVV95cUxNSnZmUlp1SThfVktvUnJ0bjdYU1EzTW9mZk13S2l3SjRqWEMzVjRvdm5fOGwzTFpnSHoxRVVFcVRFZzFwR0RycmR1TG1IT1plU2I0XzdvTm9sbGpjRDRnU3p2R1lrU3djVHYyWVB5eExHRXdDQjBGTWowblo3NDZaeVNqRFlpb3B2THFLQ2tIMGhRMVRJWUprdmwybVhCb21RcFh0RXZzUU9ERFFGWEhiUTFtNVJfU0FfaGxOY2lMb2h0ZE40ZjJfUw?oc=5,"Sat, 23 May 2026 13:22:36 GMT",
2026-05-24T01:32:53,Google News Reuters,"Senegal president sacks PM Sonko, dissolves government after months of friction - Reuters",https://news.google.com/rss/articles/CBMiugFBVV95cUxOQ1Q3U3FCRV82bmw2Nm9ubHQxOEdYQTU3MTF5QzBVNUVyX0FSZWRVVnBKOWgtVDQzUDVNX2hfNzdnbm8xc1Jwc2MxdTdLT21UMEQ0VVdzNXZuaGlUWUd4d1FUWE4tZ2dsakZkR1BRcmxGLXNEUl9renk1c1dtRmFVNFduc2NKNjN5SHB4eklfMWJkVkdpUTUzalRxNHBxOFVKbXIwQ3BPa3c3Q1gyNWQ1cXVaelViU1d0Y2c?oc=5,"Fri, 22 May 2026 21:57:00 GMT",
2026-05-24T01:32:53,Google News Reuters,Usyk avoids shock defeat with 11th round stoppage of Verhoeven - Reuters,https://news.google.com/rss/articles/CBMimwFBVV95cUxPZjdpRlprRXMtaDU4czY4UTVXZ01YcFNXTV83WlpxN1BicDBtLVE1b0JscDFqRzZNcUlMOV84Tl9yeUVnSXFPMlVrZTE2RXFnUS1ERk4wd3ZrMElCZVNIQkdLUnJzTEJGVGdLOS1seU83YkJZOU16TGxaQnZxb05fLWlpYUtyOWVyOWhQTF9aRlJOdFZTM3l3ZkZCbw?oc=5,"Sat, 23 May 2026 23:28:00 GMT",
2026-05-24T01:32:53,Google News Reuters,At least 90 dead in China's worst coal mine disaster in over 16 years - Reuters,https://news.google.com/rss/articles/CBMitAFBVV95cUxONE14a3Z5ZjdwczhjQ2JQSEJFS2lGdWR2YURTTUhXdzBoeWtyMW80OFlfYWhrekJlUEJTeHI1OHZUY0txMW5RVTllUGI4VU1ScWNfLUM0NmVOek1LQS05a3NJbS1TWVNGbUhJbDlxbEh1NktLbElhakg4VTltbG5tb3U1S3VnZUo2d3pOSy1fYXNBRzNCNkFlNFpYWjhrc0lSYkdCUUVQRlJ1aktvR1FoWXoxZzE?oc=5,"Fri, 22 May 2026 21:26:00 GMT",
2026-05-24T01:32:53,Google News Reuters,Week in Review: SpaceX shoots for the stars - Reuters,https://news.google.com/rss/articles/CBMinAFBVV95cUxQN3JqaEZiRF9ZalVuNnFtbVRMdU5TbHltdXc0dXh6akJKYUFkNUtXTDI5TWFEMUJaTlFFcTdxUmp0Q3hiY3BYS3EyUTQ1QnVobkhqT1RMeTAxTXhXa2JRWFMwOGJ3Z01tRGRGOEw2UWpKTEh2SEZabGdZOUthNGtyM0Zma3pyRFd5d2tQMHp2LWRfdjZEYl9Mb3BfVjc?oc=5,"Sat, 23 May 2026 10:03:58 GMT",
2026-05-24T01:32:53,Google News Reuters,Exclusive: US tax officials consider adding citizenship question to tax forms - Reuters,https://news.google.com/rss/articles/CBMiqAFBVV95cUxNbDlRbkFPeURRdnNjN2pZU2ZjRzZPLXhQWTcyeU5FZy03eDZlWmNKZHZ2ODM0NWlpRFVfZ29wbnN2MXV4N2JFUFFPOUR5WUY1X3lkYlZ1ZlpWaWlqWmNfWHlLT1RMVGVPa3FoRHQ2b2wxWEg0SFRsQjFsYzRJSU1IdjdWRUlHZ0UxSmJnYkhfd3QtaVprWjhtdEhMY0NXVlJwdTdUWFhOZHY?oc=5,"Fri, 22 May 2026 22:56:04 GMT",
2026-05-24T01:32:53,Google News Reuters,Exclusive: Democrats demand Rubio explain visa for wanted former Polish official - Reuters,https://news.google.com/rss/articles/CBMiqwFBVV95cUxOdDA5UU1hTTJEeF91TmlPTGctQS03bDY4Q3lSU19rQVRkSERNZTBjRUJNS0s5VkU4dC1wbHU4VW00dHhDTU1yZFNaOVFEUnQzMThBVlFJcFYzQXFDRll6Q0pCREtVdkhPWGZIa0Z2Sng5YkFSd25pcFRvLUZzc2w4UGkyRmhIODQ4c3dsQVhGbndqTnJkTm1scHdjVnY5XzhGQjluMnhTTERmMEE?oc=5,"Fri, 22 May 2026 22:02:39 GMT",
2026-05-24T01:32:53,Google News Reuters,US extends Ebola travel ban to Green Card holders - Reuters,https://news.google.com/rss/articles/CBMiugFBVV95cUxPVFlESUtxTTZHQ1ROOXB1LWlPZjdEUURNUTlseU9CWnQ1WV9WbDlGd200dkxJVlU1MG1ZUVBHQnhqLVhOV0VoMVQtTENDV3lLSUlsQkx0N1FjT0MwTUtPQms0d0YzOF91a3E5dU1OTjhwdHVKZ1k5Zm1kaDQta0xhSzRxTWQ1bmZqMHVKXzNkdFE3MEdxVDA5TXQwOWZtejJXZmpGeXowQzVUT3J6bXBfMlBnWHg0Z1lmUEE?oc=5,"Sat, 23 May 2026 00:45:00 GMT",
2026-05-24T01:32:53,Google News Reuters,"Senior Walmart executives depart amid rejig under new CEO, memo shows - Reuters",https://news.google.com/rss/articles/CBMivAFBVV95cUxOZW1rN0dZcXFhRHE1dDJyRlI0QktXbHA0NFgtdm5YblhvYjBFY2ktSlhRZHZIc0Y1WXBHNGVMaHZDVzBtbkZxUmpmdXAweWVMWGhCQW5YR3hzZnY4Znp6cUFIdkRkamtxQkt5VUJEME5FeklmcjRYbkRsMUc2RGExd2s0eWVMRXpzU0hDWGVGekNwN3lhbWFuRWpvRG13NGlXOVVLRnludEFseUhXVlRfc0hzUkVVcTA1SmxpYQ?oc=5,"Fri, 22 May 2026 21:26:11 GMT",
2026-05-24T01:32:53,Google News Reuters,Barcelona power to 4-0 women's Champions League final win over Lyon - Reuters,https://news.google.com/rss/articles/CBMiswFBVV95cUxQMkNGMUlfWjFLQm9nck8yakhSTXBTT1RCMHYydHRPZGJzMmh3YlFabU80X1ZKVXJWZVduZERyNGhoN1hoMUZEVTZKSnRBZ1JmVzJUUlBpOEJwVFR5MXZXNHdtZjAtdU01cXdXc2FCd04xNXV0em50QWEzVEZLcVV2UWhpS3dqd2V0MDNCaVpCNkEtZjAzbVJDcUJjUGZ0Vjk0LVprOHVZTklSWWI2RVNDZHJwZw?oc=5,"Sat, 23 May 2026 19:03:55 GMT",
2026-05-24T01:32:53,Google News Reuters,Jury clears Boeing in 737 MAX fraud lawsuit - Reuters,https://news.google.com/rss/articles/CBMiigFBVV95cUxPZHJwMnItOVNIOGJWRl94a3JiSG1MUmsxT3dOQkFURzJ5T1h2Y19EUV8zNERjbDFHZ2FGWC1Ia3ExQUI5cUlELVBFYWN5eFlTUVFCS0x2ZzVNampfcFZJTXBWLUYzcUhwbTB5Y3NKYmhQQ2p0dzJzMUxMSlNwYXNtaGxaYmI0bkhLekE?oc=5,"Sat, 23 May 2026 00:33:00 GMT",
2026-05-24T01:32:53,Google News Reuters,Trump says he will not attend son Donald Trump Jr.'s wedding - Reuters,https://news.google.com/rss/articles/CBMipgFBVV95cUxPakxXejJ4VWFsVUl4YWlMTmZvQzZNYVNLLVVuNVlxUnZaczFnT1oxcUdHNXIxemdORDRhdkVTbnkyNkNvYXNlbm9tekVWNFNzLVh5OGJ2TC1VSUNvaDB2b29aNnBhRC14cTZteXpkM2VQM0RhZGtsM05qaVZ0Yll6MHpTdGJWSnNGV2w5Nm40X096T0ZYU1ZPeFUyVmVuYUpwVEJ6SVV3?oc=5,"Fri, 22 May 2026 20:17:02 GMT",
2026-05-24T01:32:53,Google News Reuters,Gabbard resigns as Trump's top US intelligence official - Reuters,https://news.google.com/rss/articles/CBMiwAFBVV95cUxOR21MRllZNmk4ZkpiQnVFS3RES0JiMklrX25JWFV1ZnNiY0tYYVI0YWk5bVRySUNsajlmNjFxeENVeDZlNmI3WkRWdDhfMzNJVVJkYkdlNnpaUExoMWNYVkVkaVNERFFxTXR1czBjQnlOa3J5SFU2MEw2OVQyR2lNZ3RHMlNWeFdwak53TmV5bFdXdk9PSHgya3NfelFFMGp6VnNhM3UzV3RIRVRkeEdvVC11OHdpcnE0Smt3MHJ6RG0?oc=5,"Fri, 22 May 2026 17:07:00 GMT",
2026-05-24T01:32:53,Google News Reuters,Pro-Palestinian activist Mahmoud Khalil to appeal to US Supreme Court to avoid re-arrest - Reuters,https://news.google.com/rss/articles/CBMivgFBVV95cUxQTEdzaE55MlpxQkJpalRFYXpKTWpuV0h1d0hJUVhnUG5IM2ZKODZSalFQamVTRHhNTGo0SkszTVpibF96UFJkZEVHSDFBSVVMZDVVY3FEN3U0WENqTWRib0V2a0RteVRlcjdzRm5xS21Ua1hBSUpvWDlNbHFrbFlDaFYzTFF3REdWV003T1ZKSlVfeTV6RGpPSXFGeWN1a0ptNzA5UVI2U0g4MUd1X2pBbHp2UGJmRGVDTkRqTDR3?oc=5,"Fri, 22 May 2026 21:30:21 GMT",
2026-05-24T01:32:53,Google News Reuters,US tells foreigners seeking green cards: Return to your countries to apply - Reuters,https://news.google.com/rss/articles/CBMiwAFBVV95cUxPdWdld0ZfZEt4ZklOM1lzRWdmazc4bWZSWmkxeGtqNkJDb0xub3hiLTZUMVZsa21IX1h4eFk5NG9CWjRuZHVnc1F3Q3A3aEdqenVzWTFXWFpiMC1QZTNQaEhVVllWdVdpNkxUOWlxaW1mUk1wQzZScmpvY1FoOWVCUlZOT09YYi1mUlA3SVFzcjVNdU1Ebzd2VWREcVE3NWduQTBialFHNTdNNEN1U2dKWW1oQVpKcEJwUjJaalJkR2I?oc=5,"Fri, 22 May 2026 21:38:45 GMT",
2026-05-24T01:32:53,Google News Reuters,Activision shareholders reach $250 million settlement over Microsoft buyout - Reuters,https://news.google.com/rss/articles/CBMixgFBVV95cUxPd3dzMERseTJxQTlIdUZ1Skd5aks2Rkl0Nzh1LWVlbVhOVTJRdXB6dkFRaUJTR3pBRXhvVnpKUDBrU2dCaVlnMmJ0VE9ZQ3BQRHhzeURBd3piU0Z4R3JZNllGaF9WeGF0Yl9xNDBtN0NSWE9KNXRtUjVEemM3MnZHUk4wQTN4dFRUUE5CYlktZkZMWjRNTkFBa2otUkE1YTlXaExyS3c2NW5oVzN5dmJGRlVjWDlBcjB0YkdJcy01eDdCVGdtYmc?oc=5,"Fri, 22 May 2026 16:23:00 GMT",
2026-05-24T01:32:53,Google News Reuters,Le Pen says France should quit NATO command structure - Reuters,https://news.google.com/rss/articles/CBMipAFBVV95cUxPU0YzbFgtSlFFNlZiNWFaZEVwb0g5U0VyQ0hqUWlVNEF6WGllRzBfTXlHbXNCcVN4QW9xb0ZPaXBySXVnNWxibzJxUDRmeHFrQXBxTUQxcEhVcDJZS1FjRlJfbHdzQlpuWm9ZTkdkejF1RThqalcxNTJlUUNiLTAtVnk4MEVnMHdSdkUzTjY4YVZyOEl6MVZJQUxWU3M0Ym5oWGJ6Mw?oc=5,"Fri, 22 May 2026 16:32:09 GMT",
2026-05-24T01:32:53,Google News Reuters,"US judge dismisses Kilmar Abrego indictment, finding DOJ abused power - Reuters",https://news.google.com/rss/articles/CBMisgFBVV95cUxNY0gtNDVwT01LOWpnNktEazY2S0RQcEh6cVhoWEYwWmR5MEtNandJWm43dnRiSjAwcm1hZHJzc1dsbzlMOHZCZEdTSnA4dlVTYlRkNzVyU3NfQ1czcVdMVEt1ZlpGajA0cVFMdFZ3NU1feVp0ckFJelVjR2g4UkM2SjFfSmsxcVZNQXdFSzM5SnNycjN5dFNGWWcwbUJsRHF6enRHcGNYSGdzUWtuMXVjbFNR?oc=5,"Fri, 22 May 2026 21:23:32 GMT",
2026-05-24T01:32:53,Google News Reuters,Iran's intensified closure of Strait of Hormuz piles misery on stranded sailors - Reuters,https://news.google.com/rss/articles/CBMiwgFBVV95cUxOQjJFVVVuNEF6XzdYREdselRWOEI0dlBsaWRodldZUXltOVIzYXdKZWRZbUw5dEdLdG5LQVdETDEwSDZxejcxVzJTMVpmOFROUmtpSDFoSkViQjNMV1h6NkxtTXBNa09ZN1pnMzdadnFvVjNRQ3dOQWpBSW82d1kwc2MyaDZXLUhOb0ludXNuWTJPTnNTMWx1T1A0ZlJIZkE2WU1HUEgyUkVsMkRfYklxQ2lKZXRTOV9VVDEwWHk4cnFEdw?oc=5,"Fri, 22 May 2026 22:08:16 GMT",
2026-05-24T01:32:53,Google News Reuters,"US arms sales to Taiwan unrelated to Iran war, source says - Reuters",https://news.google.com/rss/articles/CBMioAFBVV95cUxQbExqQVpkQktleWVQcE8ybk9iMVllMkxHclcwQjVxS0psaGduSGE3SWV3dnY2a19kd1Q0WDlLTnZEaVB0a3EwSUFpaDJIMHFGNDhhREJEa1Y1UzUtMFF6THJZZlJjWFlyQWJrTS1BZTVhU3RId2drUkZOMjRQZGZXMGJEQy0xLVI0SThuc0JVLVU3UXBRVHlUbHR6TkxKal9D?oc=5,"Sat, 23 May 2026 04:10:00 GMT",
2026-05-24T01:32:53,Google News Reuters,Bangladesh’s rare ‘Donald Trump’ buffalo becomes Eid sensation - Reuters,https://news.google.com/rss/articles/CBMitAFBVV95cUxNUnloZGZ6c0RTeFRNMWtnU0s0RWdLaE5CUXh4Q1ZmYXBEYmEyQmFXLWk3SERreXZpbHBGOHZIM0RQUmdfRFBfYW04Q2xCZ3VHVEdjNUNmM25PUnhsS2h2aXR1ZVNraXVEM3JENEhnZ3F5cXhibXJJQWV0NlhJamlnVHVVd1lTMy1KUXZ6V3pyR2d4OGM4TEZIRFlWNVBqeFdfeVgxWVVabllLUzlYM29uZ3pIMGg?oc=5,"Fri, 22 May 2026 14:34:27 GMT",
2026-05-24T01:32:53,Google News Reuters,"Exclusive: Qatari negotiating team in Tehran to try to help secure US-Iran deal to end war, says source - Reuters",https://news.google.com/rss/articles/CBMiyAFBVV95cUxQQThBMGFCbXlrNFNIbHFpT2ZvTWNFMDFvMVI4ekMxTTBiZURGczRvR29KMWFiZVFmUWoxQ013ajNkZlNUYk9jYURmcHN1bnpqM0JheW9GQ3pubTYyWWtDdW1HWEFKYzE5bE5PMG9yZTJDd20tTVNQNXp4RlRXLU0yVVJodVo3VmRTVTN3TkhjWUxicnRqZVlSNVU1WDZhVFVwYzZSaGN0dnBjbDRSSmhRam9sb0VscWh5anljZXR3YVZYVHZmcXVyMw?oc=5,"Fri, 22 May 2026 17:51:09 GMT",
2026-05-24T01:32:53,Google News Reuters,Trump says more late night talk show hosts to depart after Colbert exit - Reuters,https://news.google.com/rss/articles/CBMixgFBVV95cUxQVHBhXzU5NmQxOVlnTHB1dno0dDJjN1ItYzFadkh4Uk5kN01kSDJMQUlhay1WS1FuZkFMb3ZJYUtULVFMNEJ4bUlSczJkQjdJbDVpb0pwc2VXb0hYWVpWTU9Za3FBNl9MX3dtcFQ5a1dUbUpNb0cwMmJmVmtBX1ZrenAwT2lWWjdBdlYtOWhsRzQxdGJ1YmRWUlB2Uy1TaFBReGlNTjQtR0RKcFY4RUVBMFVvNkQtNW1OaF82T2Y5bHB5cTUyQkE?oc=5,"Fri, 22 May 2026 15:43:25 GMT",
2026-05-24T01:32:53,Google News Reuters,WHO raises risk of Ebola outbreak in Congo to 'very high' at national level - Reuters,https://news.google.com/rss/articles/CBMizgFBVV95cUxQRDRTN0pWX0xKMVFlREsyUWgwcm56am5WVjg3M3ZfMHFaNU04UlRGeUJIZDdlLVB6YWJxSkUxalNWc2d4cTlYOG5oelk5Vi1SVUl0NU5xN2JQR3RRUDlKdUd1RVE4OHFuMzZQdkFnWmYxeFBIdVhZQXhJdHZhMzdpMElVZ3VFaWpDV1RvWEdtX0xNMlktMDB5aktPc2FuLVlNWEJQSTNKQ3BQMWxEbmJ1OHpTcGRsSFlEM2djbWZBaFI1NmZXN21UVTVHbS15UQ?oc=5,"Fri, 22 May 2026 17:02:22 GMT",
2026-05-24T01:32:53,Google News Reuters,Freed Gaza flotilla activists allege Israeli abuse including rape - Reuters,https://news.google.com/rss/articles/CBMitAFBVV95cUxNazV3Y1pqUzlSeDJ0YmljTkdXMzlNakJSRzlxR016YThhazBOQVVLRXB2amFMVklyczdfczdRZmhISnBFOWRIbGhFYlNhazRvSVMtWC1kTkdwamRDVkRTVmR5WTlDTzlsZ2JyVjdMaGtFdjJ1XzhIWldYU3pGWWdsS3h5LUNHdG5DWUo5YVpkeUF3ZHBuZFBKWWtzYWUwNUNld3lMQzNOUmpWUTJZbnMwMUZsSUI?oc=5,"Fri, 22 May 2026 17:52:44 GMT",
2026-05-24T01:32:53,Google News Reuters,Chicks hatch from artificial egg as US company aims to revive extinct species - Reuters,https://news.google.com/rss/articles/CBMirwFBVV95cUxPUzVmTlBNRURKLU9oVndZTWc3ZzZvSlZJX2hJTklrUGlKQU1hWFJRNUJ6NWNNTXc5UlMyek1vSndsNU9LVFJhN1V3U3dTRzR2Q1FVRzVka0FfRFlvTnhsSjI5RERoM1V6dl9DcGhMOFRBdVBhb1FHTEY0OWVJd3RRR0o1d19JYThhTFRlX21EWm1GZHdBVkl2WTVWRl92dXZ4Um9UVi1DSEFZZ3BSNEg0?oc=5,"Fri, 22 May 2026 13:32:27 GMT",
2026-05-24T01:32:53,Google News Reuters,US releases second batch of government declassified UFO files - Reuters,https://news.google.com/rss/articles/CBMipgFBVV95cUxObDNibGFMdkpoM3Y0Tk1TbHNXRl9YdVlmakdWS2stc2hDeUxTSzRkWnhWZHBFc2FsbTNiZ1VFTlBwcWVNTW01UHE0RzZMS1BGNERSY1Z4eHlpa3lZZDZNWUliMmEzb2M2U0VrMlNQQkpGS0s5Zi1TdHc0VWEyNXVFUFpzMnpYRUtJaVllWjVZYjZkNkVqQk9zbFJNYjZoUFVFTlRfZnB3?oc=5,"Fri, 22 May 2026 12:45:24 GMT",
2026-05-24T01:32:53,Google News Reuters,India’s Goyal to visit Canada with 150 business leaders to boost trade ties - Reuters,https://news.google.com/rss/articles/CBMitwFBVV95cUxPWHFYSk8teGU2dFo3bGVTOVlwcFktMmREcUp5YXd6WFNPTklpZkpPeTV0WG41RHBZUUFBU0liYlBxZTVUTkVDLWJzTnpTek5UcU0zdk1ONjBUdDAtdjVId0ZxbVRrYXdYMnVOMzVTSDJwSDBNaG1iUlZ0enliUzd4N0RmSGdkblR0dENTOHhGRDZLX0xDT05vMzVxYjNRNVFFTlJ6bWZpLVRlVEd5ZGVRNEdiMS1vTW8?oc=5,"Sat, 23 May 2026 10:28:21 GMT",
2026-05-24T01:32:53,Google News Reuters,"UK floated single market for goods with EU, media say - Reuters",https://news.google.com/rss/articles/CBMimAFBVV95cUxQbW9lbGVlN3lCRzBqOURPdk9WZ0JRaDRsQzRsTkJRMXhfVEo0WjhBYUJ4TTV5WUhlSV9ZdXhSSmljc0wxYzhTRlVPaDktWUJYVjF0RENBcm1CaWE1bjlKcXBtMFpvVG54bC05RlpJT0M4Ym1UWUJLYzliS2EwbHRiYWdqUGdiVkpHdUstejJHYnV2WElzUnBnQw?oc=5,"Sat, 23 May 2026 07:56:09 GMT",
2026-05-24T01:32:53,Google News Reuters,"Mexico, EU sign stalled trade deal as they aim to diversify from US - Reuters",https://news.google.com/rss/articles/CBMiqgFBVV95cUxPU3hRMkZqRjFiT0tUMzFiTFRoR1ZqQ0dUeVY2SzdtckRLSWxLZVRFYVhiVjBUUnpybVhHMWFjNmZJSHFqUFhPS0szbGpaSGVQc0JiLU5FUTZiR2dyZDZTcDhWNVBsd0xhdm5pbFcxbjZoR0hVSEVtb2oxNi1MTVdES21JTU9YTVA1eC0ySWNUZ04wZ0FndVNEV0lhVU52R0JQR0p5N004eHhMZw?oc=5,"Fri, 22 May 2026 12:03:00 GMT",
2026-05-24T01:32:53,Google News Reuters,Nigeria's NNPC accuses Dangote refinery of seeking fuel monopoly in court filing - Reuters,https://news.google.com/rss/articles/CBMixAFBVV95cUxPd3R1d1QxOGUwVHpyTXZzYjBqTExTQTNEbHhORTRja3JfZlZMWWRXbkxBSDAta0F6X2JkSEhsUUdnRTZqbzJkdkI3NmJDWXFiNUVrS21XTTR1ZnhaTzVmWFNSck9ZUmZLczNxa29SX29DWG1yN3N5Qm1IZ3B1N1YxZFRkSDBvcHJReVd2Q3h2Vll4Z2RGTUNMQmN5MkgwZWN2YWlrdXJfRWpYQ2hVeUdMa3BheVdHTHlFbl80a21GenNEdXdz?oc=5,"Fri, 22 May 2026 15:39:07 GMT",
2026-05-24T01:32:53,Google News Reuters,"Exclusive: Trump official tried to ban half of US voting machines, citing conspiracy theories - Reuters",https://news.google.com/rss/articles/CBMiyAFBVV95cUxPNTRjVGgxQXVVX3pObHY4VjdBMG94allJSnVZdlVZUGhXVmYwV3ctdzhOWURrSkJYb0dmSjdjT0NCZUhMM29mQnlvdDdzR09XNEJSZEt4V3pVc1J2ME5CQm9KSHpYeW52WjFGUDNjRUVjaGoyOHNjaGp2NktvMFlwdDRPS2lvNFpubUU5S0N0LWw3OWJSLXExN0t3MndTbXh6NDY5NVRqdC1yU1p6dkVJWlQzZlp1cHZTbml1UG42V2FXNWRNN0RReA?oc=5,"Fri, 22 May 2026 21:04:10 GMT",
2026-05-24T01:32:53,Google News Reuters,"Putin accuses Ukraine of deadly attack on student dorm, orders military to prepare options - Reuters",https://news.google.com/rss/articles/CBMiyAFBVV95cUxPRHdwUXVTUDdqRGxxLTZRV3Z0UHN4U2poVm1iRU5iYmVSU2tET2Zud05ZOUxnaUZRSHJ0bUhPQjlOZWthYjRnZDRIMlJRUUl3Yng1eWlnZFA1VnphWWJlaXJMWnU1enI2WDJQSDhEMXBpOC1VTXBtVEhRcS1fZUpuc285RUg0a29UVWNTOTJ2YVdpMjZGOWgzN0cya1FFNDdzeFE3NG9MZW5ZMk1haFJDQTRqc0phekZ4RG1DemtLMTgzSWljVU9wQQ?oc=5,"Fri, 22 May 2026 21:30:30 GMT",
2026-05-24T01:32:53,Google News Reuters,China to crack down on 'illegal' cross-border securities - Reuters,https://news.google.com/rss/articles/CBMitAFBVV95cUxNeHpicXlfcW9NVGU3Wnl4c3lnNE9KekJ6TjRwZnFDT3MtOTJ3WWtHM2UzMHJ4TFpjLW5YaEEtYlVNX0V6Qm1laGFNcHdpcXNsY29IZ003SmJrVldSUmRQRG1YZVR3ZGtJdThFRE8yMktGXzJNZVI1U0wzRmFhOVBaQUdOQ3oyalRzYUlnQjlUVC1OUzJ3NDkxRnd4NDBBSVR0TmJUYzc4dXo4NUJRZzZERkROQVU?oc=5,"Fri, 22 May 2026 14:51:30 GMT",
2026-05-24T01:32:53,Google News Reuters,"US Ebola patient in Berlin hospital not critically ill, family tests negative - Reuters",https://news.google.com/rss/articles/CBMi3gFBVV95cUxOYlVJdlNmR19hZzI2b3FpT3J0RVV0SHBDUkRoZnltdlZwcVI0c0thd0otTG42UVAzUU4yTTJMbzlrcjRaY2FLN0NISGpfU29pZzBOWlEyS0xHckhHTTRKMXJYUTQxR3NPVHhuN281NWlYck9BeEJoT1g0VU5YcjhiS1ktd0dLdnFhNHQwV25rSHJDTkt6bFJTVFk5VVZ5SWpvMEw2Nm9Ta3ZlVjl1Z3hNaUJ6Q29hRTFMWmNOSm9RbjluUVZVQlU4Tlg4Y3FCQWFmRGMxdHRlbVRhM1hXRXc?oc=5,"Fri, 22 May 2026 14:11:33 GMT",
2026-05-24T01:32:53,Google News Reuters,China squeezes Japan over rare earths in repeat of 2010 showdown - Reuters,https://news.google.com/rss/articles/CBMiswFBVV95cUxPYmIzNXl6aDJJemRUYUFZc0NjbUVXQmJxbFhsNF9aeWNhbGFubG9SU0xPT1BTbjlaUnFIR1EyQmdybDNjMzdDMG1PbVJSdzBaRDlGbU9PcXpET1JXbEx0QTRzNEYwWG5QbG5CeW9ibHctbV9vcWdQTC1DN3VsVUxmbHlSYmRoc3VWUTJPNGFHX2hXXy1ISWhDWWh0U1FFdklwWG1OR3NGNXgzZGJGZGE2U0l5RQ?oc=5,"Fri, 22 May 2026 08:43:43 GMT",
2026-05-24T01:32:53,Google News Reuters,Wingtech seeks $1.2 billion damages in new suit against Nexperia - Reuters,https://news.google.com/rss/articles/CBMisgFBVV95cUxQVDNHVUwtM2cxUkVWVUN0R2hKSkFQTXpseGdJMVZtN0Y5cS11Nks0SXNSZWZkb29sWnNQeURLQ3k1cFJvODQwNUVJd0VxcTh5VHZ0WnoweGV1T1Vua0RnaUU5OTF6M3VqWkc4dzRrVGJOQUJCTU9KckVhanZGZDEzcGQ5TEM2VTU2YTNKWUs5YkhCVDlxUGRONjFhZHBLdzhhSzczaGdLaGZtTTRSeUNpanNB?oc=5,"Fri, 22 May 2026 18:50:55 GMT",
2026-05-24T01:32:53,Google News Reuters,Climate change threatens global plant species as habitats shrink - Reuters,https://news.google.com/rss/articles/CBMiugFBVV95cUxQRlpiUTRVTGIzTC1SczZCXzZpbTNqQzhjWkRsN3A0cVJxRXBEU0dXY3l6UnBET25VWGdfQnpGUXgyZkJuVjN1VlB4LW1ad3JPOWplbmhJTk9YWXl4YnREZ1FEOVhhR3ZFcmFlT1dtNVpvVWdyZWd1cVNVOU9CZWg0V1ZBU29tTkRCWEd5VENxamwyWXBuaENWb05jeFN4blJKZTZjSUVsS2x3LWI0NTM0SGY5WHh6SG1YMlE?oc=5,"Sat, 23 May 2026 16:04:09 GMT",
2026-05-24T01:32:53,Google News Reuters,"Despite Trump's pressure, Cuba may not turn out like Venezuela - Reuters",https://news.google.com/rss/articles/CBMisAFBVV95cUxQYVJfWm5zYzExSlFjX2FLQVQ5VkxDd2J5bmRNdFFHMmlWelYyNHRVVkFFU0hTZE1Id3Z4czYxTUtDLXlub29PTjF3ZERlLUJ4RmRyRk05aERXOThIYmxOYndRRE9MNnJ1dERLZzZSMnlUQnFWMnltbW41cVp4UldnODh1V1BGM2pLeWZlR09RQVNWUDdjMWR0bU1fdTlwQTJPTHVISF90dEZrOTFOQnE0Ug?oc=5,"Sat, 23 May 2026 18:38:08 GMT",
2026-05-24T01:32:53,Google News Reuters,Turkey opposition vows to resist court ruling as political crisis deepens - Reuters,https://news.google.com/rss/articles/CBMivgFBVV95cUxNQlpLdklhSjB4dldVMjJoV0pTREUzbTkxRzYxbV84RDBqZXhvRUN1dVdCS3hKRllmLXM1SlR0VUM1QnBMNkpWZkhBZTg5NXNFWFZrclBlcGJaaktWd2twT1FQYlhmREtDenpmVnZVOGdBTnhJWDhJRUM2bUtnN1ZiN2labDUtNTB2b3licFBILS1uZkZzc1dPbGhtcTlMaF9nRkFkcnVZSmVuT0hNSXJONXM1bVJURGpSNEJjLVNB?oc=5,"Fri, 22 May 2026 18:50:00 GMT",
2026-05-24T01:32:53,Google News Reuters,Inside an African lab that helped crack the hantavirus outbreak - Reuters,https://news.google.com/rss/articles/CBMiywFBVV95cUxQQ2NOOFBydEVILXdJZzZtMVJVb3psZ3VENktYX1QzYkRiNEtqa09HYzRES3NsS0szcWZBMXl2Q0V2R0gxdVpMdzJ2RGdXOTdFenlEX21OcHFCMFMwUFRsMXlQM256R1I2YTF3YTVVOHo3QnpwTFp4TTRVM1hMT2hTNjRMRENyUmQwZG1SNDkxZHRVbGhOWDhabGdtclliV0ZlbTh0LUdaZExScWEzQjI0dXl4bXdKNTNhaXZ2S2RYWlRmMVhJdGkwYk5JTQ?oc=5,"Fri, 22 May 2026 11:24:03 GMT",
2026-05-24T01:32:53,Google News Reuters,"US adds Atlanta area airport for Ebola screening, CDC says - Reuters",https://news.google.com/rss/articles/CBMiwwFBVV95cUxPUzZleHZNRFVsM28tNi1JeWNVbjZSSno4eTdhdEU5Ukp4alE2MkZvdEdqRVRERVF1V19FQ2R3Y1FidDNuNVd3anFfMm92ZVJGU2xrUW94VS01NHFCamR4M3hKWlBGdGNrZzJnbEo4ZWhuZkE0TktJWWltMG1Ga3VfbVQxd1FkaEwxaHBOa2pwU2ViNG40ZzNzRXZleFRqVUlDaEZYaVVKc2ZhOThmN2VLc09VSDlYVEZvSkxzSERzSm5zVEk?oc=5,"Sat, 23 May 2026 15:43:43 GMT",
2026-05-24T01:32:53,Google News Reuters,"Hyundai to recall over 421,000 US vehicles over software brake issue, NHTSA says - Reuters",https://news.google.com/rss/articles/CBMixwFBVV95cUxPVHlmQldoNkJvVmtSMG1rU3ZlaXFFbWozZzFLb2E2WTl5ZVgyQS13djVvTlMwWG1BNWFWU1RFUkpjTHpBWW9VdldQbm9KcFdwOWNacmxhdUl1SVVnOUJoNjlRQ2VBSXQ5NVFPNTJ5QkhybExDcE1GN29nZ1l0cHRuU0c0dV94bjBBTE1ZRnRoZ0tPY2d4dVllc3dmdllDYS01Z1dGS0kydkdCeThVcDYtTmQyaEh3Qmo2Q0RWc1JOa0hVTnhKQ2Mw?oc=5,"Fri, 22 May 2026 16:21:59 GMT",
2026-05-24T01:32:53,Google News Reuters,"US Secretary of State Rubio sees progress in Iran talks, more work to be done - Reuters",https://news.google.com/rss/articles/CBMipAFBVV95cUxPR2d4SXdOSFhYWWtVdmhsRWNNc3lQQVR1TkhpMnRLSW8zYk9jV1lpYU5XWXpraXBVWnJ0OUMxcVVFdG01a3R1S1NCc25zZjAzWmRjclJiVUVMaXlKRzU1Sm1lWDhiX1B0Zk85UzhHejJ4MlU4TDh4VkNub2lhd3ZhUjkzc0JuNXIyNElNNU1ORlNnTDJqR3U2ZTVyS3FkcmQ4UU5xeg?oc=5,"Fri, 22 May 2026 06:49:00 GMT",
2026-05-24T01:32:53,Google News Reuters,"Uber exploring full takeover of Germany's Delivery Hero, Bloomberg News reports - Reuters",https://news.google.com/rss/articles/CBMiuwFBVV95cUxPdENTdG1KSE5HcURMNEpLU2VGWGk4M1FPUkZQRnRRaC1rcFAtQTFSN3ZNalltb3ZyQXdBTEs5SU1DLU5zcjNFeFJsQlN3MzQtSlpyRXR6ZXNhSnV1RnpObHZENjIyMm16QWRmck5QMVJETC13NG9rOGZEcm5UclZXU3dKM3l1WjlqUVpmcXJxQmV5OFloeHUybVpjRzRmalNpSkJxdTNZbC1WRUVCS1RELVZYMVJJYXBmT2M0?oc=5,"Fri, 22 May 2026 17:13:13 GMT",
2026-05-24T01:32:53,Google News Reuters,"France's Macron announces €1.5 billion for quantum computing, advanced microchips - Reuters",https://news.google.com/rss/articles/CBMitgFBVV95cUxOLUh1NjhpR0tpejRMUzNBbjVpby1Jb080aEtCcENUTzNXOU5BVHdKUVFXc2xBcTFIazg1ZzBpa2RvNnNjREU1NDdUTW03UW9sUXBKZEw3dTFFUUt3VjVLWTNYX09zbW5IUkd0d1ZWU2YyblNmMFI2ZnR1bXBGcGlyNHRnb1I2M1VJVzU3aktHZzFza1hqbVdzQnViaERNaXNQSHBkOVljVUk5VE9JYzNQUWpmajBZUQ?oc=5,"Fri, 22 May 2026 05:04:00 GMT",
2026-05-24T01:32:53,Google News Reuters,World Bank document shows 27 countries seeking to ensure access to crisis funds - Reuters,https://news.google.com/rss/articles/CBMixgFBVV95cUxOVHhlbmViQ1lPWW51TE10cUJoMTBQMHQ1RTVpWFpJcGZrVHdSWExKWXhyQjl6LXN3a19GdGhlbHRRS0ZBaUJVWFEyaEpkQW5rVmw5SHdLclh2cjFhUWRLVHZCVGExUHFUdlNNNlJYNjFoMzB2U3d0R1JPeUFncnlGNUo5eTc1MEdSaTQwUkNGZGVWanpLYkprdXZQVW5zOVUxTEpiVW5QYk8takJaVExablNrWHdlQWF3NUR5Q1RsSnlyMlVlZUE?oc=5,"Sat, 23 May 2026 00:37:00 GMT",
2026-05-24T01:32:53,Google News Reuters,"Texas sues Meta, WhatsApp over encryption privacy claims - Reuters",https://news.google.com/rss/articles/CBMirAFBVV95cUxQM0RhZEtoMzZKRnRSRlg3dVMwbHJqTkIzWUdPRjc3STVhWW1sX1JzMTBiaXVja1Z2Y0YwWVlxRkdfM2gyVjBGQUh2dHpjLVRvUmVxcXlHb2ctNlZMM3YzUWRxaG9mcTJXa3FSWEpwaG5SZ2l1VDdVekliOGRqQWpNaHlraGdZVHFObjA2UGRzdzk0WDd4Q3NTWnNyZF9IX1Fld2ZRd3BGWThNU0ln?oc=5,"Thu, 21 May 2026 23:34:00 GMT",
2026-05-24T01:32:53,Google News Reuters,North Carolina sues Vietnam's VinFast over delayed EV project - Reuters,https://news.google.com/rss/articles/CBMiswFBVV95cUxPY2E0bzJlbUxRVm5iQllDLUdPTXFnQ0Y3NVdKRGlMSlNLNGFGTkxldk9uRnNFX0ZHTDBRVGlGNHpEVlZiMlp0QUljOUZFN0trQWtTZ1BGVnR4bDdiYV9Eb0U5aGUwQnBmM3FtVWtmRmVnNWNpel9Cb2FVT3l5N2F4eU1nTmx2NHJSWFlvME94QTAxM3FPaTBqT1BuXzZvYXRpaFRIcmx1b3pCNndMTm9LZ1E5UQ?oc=5,"Fri, 22 May 2026 03:36:03 GMT",
2026-05-24T01:32:53,Google News Reuters,Manchester United's Fernandes named Premier League player of the season - Reuters,https://news.google.com/rss/articles/CBMiswFBVV95cUxQZllIaE5xNlFrR2tpVE4ycTdKemN0cmZMcTNYZUZzanBHeGNCLVFhdHppZGhRb181RXhGb2xLNWRJOEVIb3F0Rk5PM2lWNEJvalB3dVBXcTMyek1XeC1TSUs2bjFyeDRBMXFjM2V5VW9GVXBYZ1E5enBUNVhwNWlQX1o2cm9NaXNackQ1eXVwNDFWTGF1SExrUjJQT1QyRVF6MEg4bDVrY2NnZV9sMGdsVFdYaw?oc=5,"Sat, 23 May 2026 12:34:01 GMT",
2026-05-24T01:32:53,Google News Reuters,"Waymo suspends freeway rides, pauses Atlanta operations amid safety fixes - Reuters",https://news.google.com/rss/articles/CBMi1AFBVV95cUxPTHZtcGV5TUQwTzRoeVFmM0FwZHZmSDFkWHU2NDhjNW9HSDBmYU03VFZ4M0pWcFhtREQ4azZUUzdJanNzWTNGVUd5dzFTbFdBNTdDRnE2TEtQTGF0c014VFBmYk1tQldSdjZzd0RadUR4eFhFN0tJVWpxOE1IaVo3d2JWZG1ZbW5nbUloc3ZJcDd0bmhpY2tjZlA4YURsVXRBMWtubkNkQXhOc0JTRlJoaEE5NlVKVkFQQ2RJOERqalhJSkJIc1dTWE1Yb0c2YUxscEJpbA?oc=5,"Thu, 21 May 2026 23:15:43 GMT",
2026-05-24T01:32:53,Google News Reuters,Congo province bans funeral wakes to contain Ebola's spread - Reuters,https://news.google.com/rss/articles/CBMixwFBVV95cUxOcXNOVWNaQ3NfcmFSWk0yRUt5M2NVRzQwRFRuT2ZnZHdLSEl2Z2NTeS1VOTMtQjNuNy1lYzRKQ05PdkluT1VBSkNDMWVVbmgwZ3pYZkVJOUZkZkJnTEZWWl9veDZaVlR6U3hQRG9TbjQ0S0FqbFVVaWtHMnRlc1JvQU9KRXhYcWZLQW9mVV9rWmhhN2ltblNlSkQ1Ni1CVVM4eHpRNjNhMDd5aThDamRNLVZtWU1Rbmp2b0lOdGhUUlVCekhYeTFj?oc=5,"Fri, 22 May 2026 18:14:24 GMT",
2026-05-24T01:32:53,Google News Reuters,Exclusive: Starbucks scraps AI inventory tool across North America - Reuters,https://news.google.com/rss/articles/CBMiogFBVV95cUxPbkRIYm00Z1V2eGlJRXVkbkhuVU9NcFEzRUoxZXFvbUp2Z0QzQXZZTVh5TTFXUzRZcFZvQXhKV29PblB4MnFSNVN4ejgxbUNzYVJ3Z09YUVMzQVJSMHAzT3REb0tSSUpoOV92S3dRdmlWWk5hTXRRdDBIaWxLcTA5a201SXR3VTZmTlZNdXRRVWtDMC1jVElXcmJ5Mnp3QzVMNEE?oc=5,"Thu, 21 May 2026 19:32:40 GMT",
2026-05-24T01:32:53,Google News Reuters,Republican revolt over Trump 'anti-weaponization' fund stalls ICE funding vote - Reuters,https://news.google.com/rss/articles/CBMixAFBVV95cUxOZEFFWXB2OS1nTHpZQlpPUFc0QmFRelBiYVZyUWQ0UTJsTmp5UDRLckJCaUl5cW9RdGlRT1AxTmFZamlsOFNiallOV1BHcVp4OXNjRXVGQkVZNk1WR2dhMHlUTDZRMkhMekxmazdtdHgzS1B6UXlWVGVMdHhKWkhqU29qRjF6Mk9WSmVqM1IyZTU0c0NMOVdfU1N1ZXMweFM1eGtMdExBQXNtbnBGMXo1TWVsQk1sUWtzSzZibS1UZTNJVGNq?oc=5,"Fri, 22 May 2026 02:01:42 GMT",
2026-05-24T01:32:53,Google News Reuters,US House Republicans cancel Iran war powers vote - Reuters,https://news.google.com/rss/articles/CBMimAFBVV95cUxNN3EwOGNmNGZ1RHg2NkhNaHNwakpqSHhPTHlsSmdVRDNJTXF6dFVNaWpIX3RXWmdRSG8zaHJDN1RxclBRZFh4SW9udEpXTTFhNWtDSlFXcGN5Rk5jX3V6aU9qV0l2TjhrZnp4cDlrbWRMN0dNdzR0RnpCTUhHY21UYjZFLURHTzhxMkVSTFcwcnZzQXg0d29iWQ?oc=5,"Thu, 21 May 2026 22:58:28 GMT",
2026-05-24T01:32:53,Google News Reuters,"Fed's Waller's ready to axe 'easing bias,' says rate-cut talk now is 'crazy' - Reuters",https://news.google.com/rss/articles/CBMiuAFBVV95cUxONjc5RnlqR0dnbXBHVTB4dHlCek02Tk0xRVlIUE9UeXRNSzQzVlhEY2EwaHFtUU8tczlxNmFoSzBQbERNUTVsZTRZZWUxVnZnNFBPdnJoWUNQSUEwYnB4T3JkenIta1hVV2EtN1VwY3RaN2J6N21WZENYTXY2Q2d1bklfZ3FJdndyMkJOY0FUcXF4czRYMnoySG1FQjlXelNyNGRBMmdsNzhFZUNWQ1B0TVlLMGs5RzYw?oc=5,"Fri, 22 May 2026 16:06:53 GMT",
2026-05-24T01:32:53,Google News Reuters,"China mine blast, U.S. voting machines and flotilla abuse claims - Reuters",https://news.google.com/rss/articles/CBMipAFBVV95cUxNeDZIQzZQUHhmLWVLZ3JwQ2xqbnlIMngwYmRKTDJ6eXFQUmxjSENVU2tMbXJxLU03MVoyUlJsNHdzNmYwWHdvYjkzWlhYcjFsdm94VmNtalNZX3F2RG11S3RLTmw1MHBrcHRrQTBOM2NfSEhiSDJyWDBrV3pRVlIxaGNOZXItTmc2UzVFSXB5MllwdnlyN0p4S0g4TlZhRGVlXzRJQw?oc=5,"Sat, 23 May 2026 14:13:15 GMT",
2026-05-24T01:32:53,Google News Reuters,"India central bank not in favour of rate hikes to defend rupee, prioritises inflation, sources say - Reuters",https://news.google.com/rss/articles/CBMiygFBVV95cUxNSHoyeGdOb3JzNzQ2YUh3MXQ2LVFHS0Mwd1JDTnNISGNKcF9IeURSTEZpRUltS1RJZDRDR2Zua085VmhQdTlnWU5yNGlRb29CZThDYlRtQ3NyakxWM2d4dGoyczhCSkhoVE9wNlpqX0RSY2R0b3k1d0pvMV9EQmo1LW9iM2Y0NlFGTnZNZWRNQTllX1hLcm15YUhfZnkySHR1bGUxNHVGNXQ0VkNSOUFMN0dJTWhoZjh0ZkhaUmpLckE3bWZBUG5jSlFn?oc=5,"Fri, 22 May 2026 04:23:00 GMT",
2026-05-24T01:32:53,Google News Reuters,Egypt's Great Pyramid of Giza built with sophisticated quake resistance - Reuters,https://news.google.com/rss/articles/CBMisAFBVV95cUxPV200ZXhTYkxaRnUxaTlKOG1YaFBWeGRnOHRXU05IaWx2czZuUGVxVnFuOWI0NjFKWElFSkw2UWFtODNsV3lyNzF1RUhsN3RzMXdqVzlTUk14MVNhZTFYT1RfM3hzU2g5dlJLc1d4WFdrc21sNFAyLUhVR2o3NVhiRHlERHc0aVBpLU8wOElzLVBKWExsaEFsVzFQNzR1S1piYXBTU2tmd3ZsMGcxb1RVSw?oc=5,"Thu, 21 May 2026 16:14:24 GMT",
2026-05-24T01:32:53,Google News Reuters,Turkey court rules to oust opposition leader in latest blow to Erdogan's challengers - Reuters,https://news.google.com/rss/articles/CBMivwFBVV95cUxOeUQyOXZWZ0JLWGNkSXNwVkZKOWstbEpzUmZOWGRxX0xuNFJkSVdKYzk2WDVFa2xJM1JaSlRkOEhuSXZBOFAwNFlPcXRaN1BaOUVaLWhNZzViZmFramFiNXVmVGFNd1BBTG9oUUVMbldhVDBNbkxpTjdtRGhNTnkxZERSSjh1LXNLS25IcXNpdHoza0h2ZThFWFAwZ3FycmstanpoVlJJTFRxbUZzcUh6Um9EYjRmRDNLanBIZG9tMA?oc=5,"Thu, 21 May 2026 18:01:07 GMT",
2026-05-24T01:32:53,Google News Reuters,Djokovic seeks record 25th Grand Slam as French Open begins - Reuters,https://news.google.com/rss/articles/CBMiqgFBVV95cUxOZWJEZzh1UktuUi1pc1JZQW9VOVJjWUc2T3RpYVlVOGpzandGMG5JZWJlTzNtSFNRZHVEc1N5elpKbW5wVzFreVVIVjRDa2hoZ0I0Zkx6M0RFdnpJd3NQcm5tZFpnVUlFRGE5ckVpQmo3bmJCUjRtVll0V3gtV0w3VzNrU1BrZnVpMjJUTy15cUlGM1BpMlJLZ0dhNjViOVNHWjRlbWdLWGJYUQ?oc=5,"Sat, 23 May 2026 17:15:14 GMT",
2026-05-24T01:32:53,Google News Reuters,Zelenskiy says he expects US proposals on new formats for peace talks - Reuters,https://news.google.com/rss/articles/CBMisAFBVV95cUxOTnFpRll3c042WHNMT18yTGYyQlJMOXdHa2cwblNsQ29BMk1Xci1IYjFIN3pJWUcyRXg0SERTZDJMOEhROWtqalo4N1AzTGRRSlFvRkpzTS1TdExPVEtUNWp4Vk1jaWxfb1k0UlJSSTBVdG1XcUFBZ05zOFpCWXplLUVaNEdGbnBhdm50TWNlT2NVNU5walUxekpDSmNGZXpTWXVLOHcxbERNWVhQdFpuQQ?oc=5,"Fri, 22 May 2026 17:03:43 GMT",
2026-05-24T01:32:53,Google News Reuters,"India's 'Cockroach' group goes viral, spotlights Gen Z worries - Reuters",https://news.google.com/rss/articles/CBMiqgFBVV95cUxQZlFQbmZWWWhCWXVWQUNhUDdXaGw5Rmc3cE5lRVN4Rm91dkt5OER2YzV0TFBEVm5Mc0V0RHc4azQxRVc1S3FiUzRJNHJ5bnpqMl8xMV9PQU5Zb3N3WHlFYUYyVDg5TDQtdFN3VHg1ZFI0OUo3YU54UGo0NU9kdWMyaTJUM0RLaGRtTXozODZhbXBzX0Q4U2psSC16RVdacXV2elBJTmZKYndHQQ?oc=5,"Thu, 21 May 2026 11:29:00 GMT",
2026-05-24T01:32:53,Google News Reuters,"Exclusive: Supreme Leader says enriched uranium must stay in Iran, Iranian sources say - Reuters",https://news.google.com/rss/articles/CBMixAFBVV95cUxOR2FnRzlWa0JneHMzSWNSa2NPeFh6UTdEMnpDbFpLOGNubnRNaWZWOFhKOTBrd0Y0ZkRHYUVIVjcyMmVVZHhBYzFPaXhxa0NaUWZXUzBzVWhybWZXbVlITjB5Z1dQRGZiQ011ZzlIVy1pRHZYTGdoSlFvS0pKVEtjc29LZHYySkstYlprRGxDUTlhaXFncEVmWkJCc0YzMTRoWDM4S1EwN1gwTll2RXZ0akhNYzlSWWc2MzQ5S0dwa2s2bFE4?oc=5,"Thu, 21 May 2026 10:27:00 GMT",
2026-05-24T01:32:53,Google News Reuters,Inside the unraveling of U.S. diplomacy under Trump - Reuters,https://news.google.com/rss/articles/CBMimAFBVV95cUxNR3dBRnBuYWZXQ3R0b2I4N3ZfYXdZQ3d3b0hqNlROYlBRUDR1ZW41TWZJWGFTdUxNdy16TkluZW9vMkE2MDRkRFlPYUVRa3JqcFR5WG0xRUF6dllsRENCMDY0SHFkRi03eVFMMXZCWEpYcnR5cHBqRlZVb1JWYWJfTXlMbVhjWUlIU3BudXBNSGJKMTNicjJ5ZA?oc=5,"Thu, 21 May 2026 10:00:00 GMT",
2026-05-24T01:32:53,Google News Reuters,"No full Hormuz flows until first half of 2027, UAE's oil giant says - Reuters",https://news.google.com/rss/articles/CBMitAFBVV95cUxPbzE2TEdQMTdvOWxmS0dLRFJsZF9jakptLXFScF9ubVdQWDF0WTRqMm1sMnYwcUNfNjBzdzV6ajVpVFBlc3EzcW9fUzY1bXhjWENPUXRiVm56UzJiNi1ic1FoUzhiTEo1b1VoNnd6RnF0S3VMajhOSW42dldsZ2tJVjVFdzMyT3NRSnkybjdGVDdSeHpzcjBaNnVRQmhKVGd6Q2NBUGpBaEFPTmJ4dEtPcjhvcTI?oc=5,"Thu, 21 May 2026 10:41:43 GMT",
2026-05-24T01:32:53,Google News Reuters,"Exclusive: Grok falls flat in Washington, undercutting SpaceX's AI growth story - Reuters",https://news.google.com/rss/articles/CBMiqAFBVV95cUxNYkVBeG83TF9qcjAxRjBDQ3FLR25nNUxtLUFFMmI3S01nSm5obzhLS2FMTDA3MDZTeEpRdGg0TWlCOERydWI4RWlaZVJYRVM4YmN3TVEzRkFBbmtxa2NwWm9OT0xJVjJPQnl3NEZFZzRsOUdGUU13MGNLVFRqTXJZcW93dGk5SGZORExyNjJiX2s3V0tab3Zra21XbGdkaGFiUU9ydFZfaGg?oc=5,"Thu, 21 May 2026 10:02:00 GMT",
2026-05-24T01:32:54,Google News WSJ,"Suspect Dead, Bystander Injured in Shooting Outside White House - WSJ",https://news.google.com/rss/articles/CBMioAFBVV95cUxPNDNGQ1ItVnVxekszck5RSGRDTWhaZmE0SWZjWHhGZXp2TlBlRjFjdi1IS1RVaDUyaEdVLTA1TjZqQzZDVzhsNEMyYi1UUVlHUFVlZVU1N1hfT0Z0YUhoY2ZFMVZVSzVIdG5tNnBoVjM5aVBTNGpDZ2p0YkkyREd5Z2g1dWdsRU9IUkZBbnJ3ckZvTzRkZld5ak82bFhscDF3?oc=5,"Sun, 24 May 2026 00:21:00 GMT",
2026-05-24T01:32:54,Google News WSJ,China Eliminates Tariffs on Africa to Outmaneuver Trump - WSJ,https://news.google.com/rss/articles/CBMib0FVX3lxTE82bzZZRUg1VllYVk1iWTd2SWdSZVR5T2ZmN0k2ZEdTeEtiLWZ1RFdSQ2E3bE9XR052bHluTDFmU0JlcVJkSnp4QTlxLXk2R0NrM3F1QkYzMUd5aDJ2QzBMOWN4bkpPMEZILU9NWGd0NA?oc=5,"Sat, 23 May 2026 16:00:00 GMT",
2026-05-24T01:32:54,Google News WSJ,Venture Capitalist John Doerr Says AI Is the Biggest Tech ‘Tsunami’ Ever - WSJ,https://news.google.com/rss/articles/CBMiakFVX3lxTE9nTVFscU9rVklYRE1EQ0k2SnR3MURkV0IyeUUxTEtXX1hzdmNfcUlvN3RfX2ZjcnVtVXpXZXVlTTJOQ0c5ZXFkZmJBR0UyUnVkSzdzUnpxQ1A0R1lqdTVUZWVMTkEzQ21PaFE?oc=5,"Sat, 23 May 2026 15:00:00 GMT",
2026-05-24T01:32:54,Google News WSJ,Tulsi Gabbard Resigns as U.S. Intelligence Chief - WSJ,https://news.google.com/rss/articles/CBMiogFBVV95cUxNUkRDQzhJa00wVEF5MlJIQWhWWVlwUWxYNDByWER4eXg5VzluaklMZHVvQXRkajlsaWIzNW5uS0VXUHRmM3RVakVhTWRudGJaSU40REV0b1RjdFFHMXQ1dWZlQkdaeVVrdi1IcE1TOEZOREpBcjJjd2Fmalp1NHhyTEs3QS1FcXVCWndPdE9fLWNSamFmZndaN2ZnNDJPZ3B4Z1E?oc=5,"Fri, 22 May 2026 20:25:00 GMT",
2026-05-24T01:32:54,Google News WSJ,The $255 Beach Shade Dividing America’s Coastal Towns - WSJ,https://news.google.com/rss/articles/CBMib0FVX3lxTFBrelNrMzVoSE5MSmJ0LTRONFpKbkdyYVBlcVNhdHRvQlpnUW8wYWlNLWxIbXNQWHRVQnE5YjFPUTFTYlRCVWY4UERsWDAzU2FJSlNXSnJ2c0ZweE9LbUMycnFQZUV4QXJkSVBoV1luUQ?oc=5,"Sat, 23 May 2026 09:30:00 GMT",
2026-05-24T01:32:54,Google News WSJ,See the U.S. Surveillance Flights Off the Coast of Cuba - WSJ,https://news.google.com/rss/articles/CBMigwFBVV95cUxNdDIxZlRiYlBRZkNWRnA1TjZkQlNLWE9JMzNjUTJZRXhCcy1NeEkyYzR4OE5EcWpheldVQmsyU1BkSlNraHU0NUxBdV9BUTQ1S0FueUF0R01NNjhaaDNiNjNVMTdxMTRwM05wWWdqclRiMFRTQkJ0NTBTYUZQWm1fbWVaYw?oc=5,"Sat, 23 May 2026 09:30:00 GMT",
2026-05-24T01:32:54,Google News WSJ,China Coal Mine Explosion Kills at Least 90 - WSJ,https://news.google.com/rss/articles/CBMijAFBVV95cUxNYksteGVIUk1lV0thVFY1Z0ZkY2ctc3publU0RWtEdG5FaGF2SFhLQTZzOUIxVWFvaDBDWkhPaGgyU1d1dGkzeDk1SEotVG0yemItREdIalNuTXpHVUM3em5UNUpBUTM3TWJIVDd0bnhHbDloSXVMQTROWkVvVVRRdGR5TElRbG56cHFBLQ?oc=5,"Sat, 23 May 2026 09:29:00 GMT",
2026-05-24T01:32:54,Google News WSJ,"His Chatbot Nearly Ruined Him. To Recover, He Had to Destroy It. - WSJ",https://news.google.com/rss/articles/CBMiiwFBVV95cUxPRjhpalhJTjVYQ0F3Z2ZkRUVNWm5LYUNRdjBuV0ZsbU15Y3pSOFM1Sk55VmtKVXhIM3RWUXNiS0kxT2x2SklBRGdBbVpXV19WYjVieHpNakRoMVpLTjBReFJQVHpwNkM2VndjRlF0Ql9ZWlhaLThVTlNOWGEzUjdBWTgxNTlORUNZYmZr?oc=5,"Sat, 23 May 2026 13:00:00 GMT",
2026-05-24T01:32:54,Google News WSJ,Print Edition | Wall Street Journal - WSJ,https://news.google.com/rss/articles/CBMiYkFVX3lxTE05Wl92UURud2JPb2wyQWRrb29UN2tVV0ZRRF9DOFJHbjcxUnBiZDJjOWhCS09wSjd4bjV6X3doTkZVc2N0aUxzaFlWaThDdUdBc3VDWGgwTE93Q2RPbVJIX3VR?oc=5,"Sat, 23 May 2026 23:23:46 GMT",
2026-05-24T01:32:54,Google News WSJ,A Hot IPO Lifts Geothermal Power Companies - WSJ,https://news.google.com/rss/articles/CBMijwFBVV95cUxQS0JRNmd3cGR2aElaa0MyejV3ZXZkc3pnTl9TazNHZC0zQnNRTGU2Nk95T0JMQk5HR29MZlByNk82ZXJUbWRvYnA1cDBVZVUwRGJYVXJzUm10clNISjQzSk56dktiVEhINUx3VFFiaHFpVW1rTGllbFJZU0dldF9FRm1xVEZ6VGhDZjB6ZlUwcw?oc=5,"Sat, 23 May 2026 13:45:00 GMT",
2026-05-24T01:32:54,Google News WSJ,The Week That Broke Trump’s Control Over Congress - WSJ,https://news.google.com/rss/articles/CBMihAFBVV95cUxNS2hEajBTMjlsT2FwUVA3QzRfNE8yMmRfSG83UVZsNFhBT0lUZFFzNzNBOE9hSTZIaGtjcE4wSkhYMHpvcjRnUkZQX3dwMF8xeFhfNjNCZ2otYS1zMXRpbklUWGJIOTQ5YUU1VUNOREQ3WmJFeU1ycFlTeU93RUVBRldpWV8?oc=5,"Sat, 23 May 2026 14:44:00 GMT",
2026-05-24T01:32:54,Google News WSJ,A Classic Roadster That Still Comes With a Stick Shift - WSJ,https://news.google.com/rss/articles/CBMidEFVX3lxTE10VHJraFRiZWktek9qT3RqalRjak16Mll2WUs5SEhzX0JScVl3OHFnMGJpOHhlZnNGMnBTa3FsTjJVcDNlUHdMX2l4N0xwbXdhQkJjc3g1X2RXQmVJQ1NTN1RTcHhuOS1rTk9iVUxhcUJFUGRF?oc=5,"Sat, 23 May 2026 01:00:00 GMT",
2026-05-24T01:32:54,Google News WSJ,How the War in Iran Helped Ukraine Go From Problem to Solution - WSJ,https://news.google.com/rss/articles/CBMiYEFVX3lxTE9EV25LWmdWQjB6b3lqdlFudkJjczkyOUNBOGV5SUtrTGFzaFpERkNoY1NweGE2SExGLXFNX2R3RHJ4UlNRTHEyYjlZMW9qeXAxVlM5T1o0TFZlRXdkV3JNag?oc=5,"Sat, 23 May 2026 22:23:33 GMT",
2026-05-24T01:32:54,Google News WSJ,Dinner on the First Date Is Back - WSJ,https://news.google.com/rss/articles/CBMiggFBVV95cUxQZXphZUp0YUptZUFxeDdRa0xpSmNIaEh6akJ5dVlQSG9Pdk9kakJibHNSOUtkUlppb2h0WnFaeXJHZExkY0JxN3ZrQTIxZDVBSERjQ3V1dTlBbWt0TWxkYWxBZkFTSkl0aGs5RnRGT016Y0VxaXB6djRHTkZ0UGhKbkNR?oc=5,"Sat, 23 May 2026 11:50:00 GMT",
2026-05-24T01:32:54,Google News WSJ,Exclusive | Senior Walmart Executives Depart in Reshuffling Under New CEO - WSJ,https://news.google.com/rss/articles/CBMiqgFBVV95cUxPUURPNGRzOFZQOU9UZTE4YXVrdm9CRnpIQkZLSkxmdlZoZXZuaV9RZWJ2TXRBN01TYkV3NDRTa0ozM3VLMy1JTHRJNXR1bVdKdHVrd010VnpENjJwYTFCcmFVTks2amUtRVlJTGtmcVBPTEdFcHN1dmNoSXotN0I1VmVUdTlGQ0l5TGtVa0t1WmZtU25YQUt5cGhZb3dDbHBzRGVkVVF6dVRMZw?oc=5,"Fri, 22 May 2026 20:23:00 GMT",
2026-05-24T01:32:54,Google News WSJ,Ebola Outbreak Is Now Third Largest in History. Here’s What to Know. - WSJ,https://news.google.com/rss/articles/CBMidEFVX3lxTE5aSll6WkNvelRTTlBtNXF5NWJrZDl2ejRmXzg2Mld6anB4Ri1KNFQxSVNma0QzcXFkZWtOWXBpX0hURXBIaFNZN24tMHF4RkFWcnpCdktLbVlGMXk2U2dQTFBROE1sMWpINnFPUkdkanZrc2RM?oc=5,"Fri, 22 May 2026 23:06:00 GMT",
2026-05-24T01:32:54,Google News WSJ,"The Washington Metro, a Wonder Underground - WSJ",https://news.google.com/rss/articles/CBMiiwFBVV95cUxOU19DdDFod2hpTzFobTFHSmFhV2dndXBRa2RuQV9fSzJXRFFFTmlXR1o4WExQQ1Bhbld3WDV0Rk1oTVlHXzBpQnEtbVFvZF8xWkluLW5IOUpTQ09jX3lxQm9jTW5ZNWtnSnBPNUxXZjNQa0xoeHlZSUFtWDhzRExrYlZIOGl4U0tOcFlN?oc=5,"Fri, 22 May 2026 19:05:00 GMT",
2026-05-24T01:32:54,Google News WSJ,"In India, You Can Get Milk Delivered Faster Than It Takes to Make Coffee - WSJ",https://news.google.com/rss/articles/CBMiuwFBVV95cUxQUGtfUTd4dzF4OXpFSkdDWWN1WGZiZWdCUkV0aEtxTVlXSkVVeDdiOXdUM2I5bVJVWDlvNlVQRDhRSTlSWjBDVUhEc0dJbkh2SzFGWnlRQ0dyLU1yV1FDbHFxZTlsX1haR01qYXBFY1JyX2FhOWVVcmxNSjNydURLeUFfYTVYa2U0R0Z3WTVCTHRONEQzYnBidDNxRlBxYzk2NmMwUXdvUVVTWlMyMUktSlRZcE9SNnpab2xF?oc=5,"Sat, 23 May 2026 03:00:00 GMT",
2026-05-24T01:32:54,Google News WSJ,Opinion | Don’t Leave the Iran War Half-Won - WSJ,https://news.google.com/rss/articles/CBMieEFVX3lxTE9NZXliZ09ybG8yZFBtNG80S01ZejNobFIyZzhobm9JS294VWEwYTF0NXh5WTNrM0g4S2hSeVhBclExWVMyMjZnYmh0d2p5QkZWcUNDMEVvUkxBeG1FLVg0NEVsUVVQaXJkb0tzemJLZWwzc3pJeFdlbg?oc=5,"Fri, 22 May 2026 20:39:00 GMT",
2026-05-24T01:32:54,Google News WSJ,Trump Administration to Make Green Card Applicants File Overseas - WSJ,https://news.google.com/rss/articles/CBMirgFBVV95cUxNblJHaWlIY1RKMkc5TEQzOXdiVFVrM21XdWRwRmE2ZGdWNUhFNHVwcjh4RWE0ZGJ1VHFHN1RyZmFhUVdQenM4WXFQWXZWNF9DV3JfMVZVOG5JYW5KM1lNT1FQVFdWMkswMGVtbWkzaS04cVBpNGcwT25LUHBCa1NOY2dsbDNXSTJ4bEFNVkg2U3VPRVpyVU1sQ1pLX2xmYnlhanFsa0NPQzhIOU83TlE?oc=5,"Fri, 22 May 2026 17:43:00 GMT",
2026-05-24T01:32:54,Google News WSJ,Exclusive | U.S. Pauses Visa Issuance for People Who Have Visited Ebola-Hit Countries - WSJ,https://news.google.com/rss/articles/CBMitAFBVV95cUxOaElqTmNBZkVuSmJpaE9MbExFZkg1RXNnVHpxQ1c3LWExemlLX0NMQlozbUFRVnVibWZldFdoV3lXM2JacXA0bE1WaU43OGhIcjRpaEZ2U2JvQ1AwdEZBcHdDVVptSzBLU1JoYjNEWmdwTktxamlnNG9tdFZXb0J3aF9uZlZGRlRTTFdaeXdFZXIxTDBkWGZoYVZGNnVHWVctbWlaQjc1UjhEbmMtMVQzQjM5VzU?oc=5,"Fri, 22 May 2026 23:26:00 GMT",
2026-05-24T01:32:54,Google News WSJ,Exclusive | U.S. Warns of Growing Russian and Chinese Spying in Cuba - WSJ,https://news.google.com/rss/articles/CBMisAFBVV95cUxQQnVhbmpzZW1NQU04ZW9JTmlBRUgzOXNia01uTzRvZFg2OVEydXRjQUFpMmhuZWtmRnliT3l1bk93OTZjeVVheDczbTlTeVRsWDNTQjhGeGI4LWhSbWh5LTNwck9HTHYwTHpveGtIZ1lGUmRPUkRWYmhLeEZycGd2ek9hVDhMblRUc283N2V5TVhMT2E1M0lESHdDaldDa2Y2Q1A5WUpRV2hBR2YzMm1vMw?oc=5,"Fri, 22 May 2026 17:13:00 GMT",
2026-05-24T01:32:54,Google News WSJ,New College Grads Confront a Tight Job Market but Still Have an Edge - WSJ,https://news.google.com/rss/articles/CBMigAFBVV95cUxQaEZEWndCWEFMTzRzT001b2xKRUc5a1FoMnQyNFF0U2llSkthbzRyaDhadS1hRFFpcVJhZUhya09fcnZlTC11YXhDQmNyOW9kcWRhSWQwUk9lS3dPYTNTVTl0R1V3YW15TlRscTMyYTZfdGo5bGQweS1Ralk1VGlRRQ?oc=5,"Fri, 22 May 2026 15:45:00 GMT",
2026-05-24T01:32:54,Google News WSJ,Key Moments in Tulsi Gabbard’s Difficult Tenure as Director of National Intelligence - WSJ,https://news.google.com/rss/articles/CBMi1gFBVV95cUxQRXF3YUpicjFVVnlQcUtET092Q0RYMnY0UmU5Zkl2TjlpZWVLREpXUUZLS1RtWkJjVVlIYVBfUkdTeXNuVFJRV2VFNnE3R0s0NGhhS2ZlTnBabTFaSzBIWVVZaFpMTWp6cmptRUd1N1RHdDdSMHJjT3VOSV9VVHRHbEprM3BHX0o4aG9PRGtTNzhjS3NhZm5xZVdfakxYTjRfSzVuYm9JTlFBeGFlbFJYalFGdEdiR3JNT3NlWmxtU3hQbjM2Z3pyci1Wd2dUUDNxd2VVN0dn?oc=5,"Fri, 22 May 2026 19:23:00 GMT",
2026-05-24T01:32:54,Google News WSJ,Judge Dismisses Criminal Case Against Kilmar Abrego Garcia - WSJ,https://news.google.com/rss/articles/CBMioAFBVV95cUxOTjVnLTlZV0NKWF8xcWtqaG9ydnZ6aTRNakgzMVJfMnVhYkYtNmg3aGtWVDZSTWxiQUU3THdsSVFkZ1FsejQxWjZZR0tGeUQ4MzRYbHVzWWdGYlFXQUZUc1N4OVpnQ1dYOE5mSVNYZWJTMURYSzFnTHZSSnI1ZUVVamdSR0Y0cllUZHhncVdFZlNZX0xEMzJpZ2hQWlhmcnF6?oc=5,"Fri, 22 May 2026 21:09:00 GMT",
2026-05-24T01:32:54,Google News WSJ,How Weight-Loss Drugs Are Causing Frailty - WSJ,https://news.google.com/rss/articles/CBMijwFBVV95cUxPYmRmMkxVQUlBZF9zcmlpdmhycFhxUVZPbWRiQ1lKbWt1a3VJUnJIMEFyeWVJcFlVeXBoQ25uSmFtQWZpTzdOdGpSekJDamdJaVd5SjBrMjl6dUJvTGxQWjZLZ1A3WTJ2SUpvYTVqUjBYTHllN1NVZDd0UlZpRUdtdXh1dmpsZ3l0dGZBbDBSSQ?oc=5,"Fri, 22 May 2026 16:55:00 GMT",
2026-05-24T01:32:54,Google News WSJ,The Oil Mystery at the Heart of America’s Pressure Campaign on Iran - WSJ,https://news.google.com/rss/articles/CBMiswFBVV95cUxQOU5jRmVUbm9QX1VWQUx5RFEwT0tjR05mYVNrNzVtM0VUcUxTakRTaEcyUmhkS3Uwbm5kNGhEVHNjVkFxQjZhdmp5WWkwdjV0VTNGY1BTRFpid1JHcWRSTDJpTk9QQXBoaFNhWU5DQXVUNm5mMWVvdG5tVDVjZ1RqaTYxRjI2YjJ6cmlNQ3cydDJuRXRfeVBvaEFQbjM5MzRVd1ZDd0VtWlVTU3RlX2lPdi1LSQ?oc=5,"Fri, 22 May 2026 11:50:00 GMT",
2026-05-24T01:32:54,Google News WSJ,The AI Superstars Who Say a ‘Vibe Slop’ Crisis Is Coming - WSJ,https://news.google.com/rss/articles/CBMib0FVX3lxTE5wQlhFMElBemhzMTcxSTFwcTFXUHV3QnNTeUNIek82cEdEakNBSC1TQTU3dWxvM3pmSGFzTFNIU00xZTZBNXpoVm5oNnBBUHhGdDhZQUhrdWdzVVcxeTZLODlSMU9GUEswR2pWeTNQSQ?oc=5,"Fri, 22 May 2026 09:30:00 GMT",
2026-05-24T01:32:54,Google News WSJ,Trump Picked Warsh to Cut Rates. Markets Are Bracing for the Opposite. - WSJ,https://news.google.com/rss/articles/CBMikwFBVV95cUxQUXZBN3RfblZZSFU2cGc4cWNTbHV2MmUwbkFheHB0dmdHSjJWOTlZc0tCcXIxemxpWFl1TDFZcnpvTkQ1RXh5cElySmhNLWl3c2ppa3hYNFkycUZ6X0JjTHFTWUs4RnBkVFNlMXBNM2E0MThxR2VFN0NPVjFFWnZMQWZpVEltQndBSFMzbldhQVd4MGM?oc=5,"Fri, 22 May 2026 16:57:00 GMT",
2026-05-24T01:32:54,Google News WSJ,U.S. Towns Paid for Teachers and Cops to Use Weight-Loss Drugs. It Broke the Bank. - WSJ,https://news.google.com/rss/articles/CBMitwFBVV95cUxOMEt4aVNEQ0h5SC1Tal9HRXhOM3RvODJxVnRnV3BNTTY1NXNZQ0twdS1jYlhwMjJPNkMwM1ZZMVFQVWxNdVpYWFZySlZQckJhdnJsbGF6ZDdYT2NxY3Q3eWU5NUlDbjdwWmRYWDdTcHRYZGV2NUNsYXo1S3FIVmRuaVBCWENfdWNfYnJhLXFqRkFRbldfUTR2d2RIcm9ESEl2M092ODVxc2NtUElKRUl0ZnVRdTVKam8?oc=5,"Sat, 23 May 2026 16:00:00 GMT",
2026-05-24T01:32:54,Google News WSJ,Thursday’s Chaos Shows How Trump and Congress Have Cracked Apart - WSJ,https://news.google.com/rss/articles/CBMiowFBVV95cUxONXR0eUx6enVJV1BfS2FkZnVPTjB3VDg4VFZxQ2w4bWs5aW9WSGdHek9iQ29lSzI2QmczY09YRjQ0Y201aXo1SUZLei1VZkl6cEpoUVR2b1o0TXh4aFJBMmRRdW9INlRPd0M1Tkg0b0lPQkZ4dUU3a1VMRV9aTFJSUGZLVTJfYjBGWFVMUGtsYVk5SzN5T09Fb0YtMXN3TW5WR3Vz?oc=5,"Fri, 22 May 2026 11:10:00 GMT",
2026-05-24T01:32:54,Google News WSJ,‘Ladies First’ Review: The Second Sex No Longer - WSJ,https://news.google.com/rss/articles/CBMingFBVV95cUxNcjlDeUVzY3JQYjZmV2lTSmZWaFdBRHM2TS1udHlQWDRIZ2p1Y2RTUlVSWjd5dkNWbTkwb2ZXLUpKczRmRG9pRnRvSHBYY0hoWU4tRGZtRDE3aGFDWUkxMFVXLUx5aklmOHNGcU5VbExabGlWSWRLTmVmTTBrcGJKdl9sblIwQ1ZVeWlQNHp5YlF5Y3lINjMtb0pyOWF4dw?oc=5,"Fri, 22 May 2026 07:00:00 GMT",
2026-05-24T01:32:54,Google News WSJ,Trump Commits Troops to Poland After Asking Hegseth About Canceled Deployment - WSJ,https://news.google.com/rss/articles/CBMirAFBVV95cUxOM2txTFNiUzJJRkpldUJEUndmU0prbHJNWEhRN2ptNTlQdDlwNnl5MXRjQk5fSFJSU29nVG9DWlJzMU9VVUYtdDh1TkFMVy1VazRpVFJfaVFaT1FERkhVRXkyTmRqUHFBZHgwdzBBTWh4NjV5Z1lmX3VfVGp6d0RGWFlKREljT3BjdjVQbkFaYmdfNWZMd25oZlFzSXRnQi1zU2xPX0V3c1RuSC1O?oc=5,"Fri, 22 May 2026 15:05:00 GMT",
2026-05-24T01:32:54,Google News WSJ,Iran Moved Billions Through Binance to Fund Regime—Continuing Into This Month - WSJ,https://news.google.com/rss/articles/CBMigAFBVV95cUxOaUZZdGNNdEVFaTdWelpjUndFVXl6aG94aXNqZW52TzRLZllmQWZvZHd3MkhiSnpXQkVZQlNyY1R6d19qZlg0RzZZdGlQX1Boa3dHaTR5WUY0VDVjbFMxZWZBSTAyMXFqMXRadDF4T2ZWSzFBNzNoazVWSXNpU2ZTUw?oc=5,"Sat, 23 May 2026 22:03:56 GMT",
2026-05-24T01:32:54,Google News WSJ,Opinion | A Wealthy New Yorker’s Case for the Pied-à-Terre Tax - WSJ,https://news.google.com/rss/articles/CBMikgFBVV95cUxQbnZmSDhKd3ltcXZ3ZmNVSi1MUzRNVkxacWJkeTIyS1lXQnpoamdjWTNtSGs1a01jMnVuQm1OWHk5b1BzUXg2RlFsS2otTVI5T1hla2xzMGJwVDNLaEo2bzh0bGozTncxQkZKOC1mdng3ZTFtanlqQ2tLbXRvY3lnYlEtZU9JNGdRYmoySDlEdUE5Zw?oc=5,"Fri, 22 May 2026 20:40:00 GMT",
2026-05-24T01:32:54,Google News WSJ,Opinion | When Memorial Day Began - WSJ,https://news.google.com/rss/articles/CBMibEFVX3lxTE9UV0R1b1R6S2J2aEUyTFA1cHpOb0VldnFLLUNxYzZUUzhPUHZKU1NrS2EycXJVWXA5UUtOb3lRd2Y4Qks3YTRSNU9WeGVhNUREOFo4TVl1R21zWUJPU0RJa0prcXFpU2VNa3VYWA?oc=5,"Fri, 22 May 2026 16:13:00 GMT",
2026-05-24T01:32:54,Google News WSJ,House Republicans Pull Vote to Limit Trump’s Iran War Powers - WSJ,https://news.google.com/rss/articles/CBMingFBVV95cUxQSWVkeWc0N0RROTFKSHV4VHJwazNhY1h3SEFGTElPMEVRQmJZOGo0b1FSdEx4YmQzSFp5Xy1wRlpTbWNPV2FKcGlVMTZ5aUhxa2thSnp3TUhidkFMVURWMVZrOXY0ZkZrTVhxTTNmMnJQOThrdGJOa3hIcjBNN2hCMDQzUkRYWkNNaDFMVGFMeF8zUFN2WkM5WFUyRzNEUQ?oc=5,"Thu, 21 May 2026 23:54:00 GMT",
2026-05-24T01:32:54,Google News WSJ,How Supervoting Shares Tighten Musk’s Iron Grip on SpaceX - WSJ,https://news.google.com/rss/articles/CBMilwFBVV95cUxQdnRQaXNZSXpIcGUxbjNXZzdxbVc1Y2lSLTdQX3B2TC02M0xyU3RNZWlNQlBFbU5GejItQlA4bmg1bVBpakdNSllVZVZtWktWd1dwdm0wNlE1bndWY0pHRHdkWjlvQ3ZacWpVZHQ2ck5yU09DWVNIdHdjUVVUZkhnTW53Z0FfbFJaR2w1OEduRklnWVptZHY4?oc=5,"Fri, 22 May 2026 13:20:00 GMT",
2026-05-24T01:32:54,Google News WSJ,Trump Envoy Accuses Canada of New Trade Barriers With Streaming Revamp - WSJ,https://news.google.com/rss/articles/CBMiuAFBVV95cUxQSTZTTWllYkJabEtsd0pWekxnNFIwdGdWZG93Sm5GOEJlLTktVUdpTFRaVVVnb0pJVDVZd29BUW5ldVQzRmRPSWFsYkxUbjIyS1dQWFkyemVlWjhjWW9SS3FLOXJXS0lsSXJPcDBPTmFraGktaXpibGxVTHRfMFRyN0RybHdqZkk4TEo5T0d6VU8yeUlFRU1zLW5KUHhjUWxBRC1VRzMtUDJ0Q0NyWVgwOVhuUWFFZTJW?oc=5,"Fri, 22 May 2026 21:43:00 GMT",
2026-05-24T01:32:54,Google News WSJ,Weight-Loss Drugs May Have Surprising Side Effect: Stalling Cancer - WSJ,https://news.google.com/rss/articles/CBMitwFBVV95cUxPdjY1M0laT01yOVktU1FEb0lFVVBuYjVEV0trM0JtV184RmljZGJ2a2hvMHloaHFaek5HczhvVkR2MzAtb0Zvd2I0dFhmQmdZNXNCNGVkSnlNV000b01rVEVOTEEyOGN4TjdfekkxOXBQTDQ4ay1aaFVSYnA4OExpVDlRSzFqVVdxdl9TRGtvV0g5RmtkLUFDNzNBdHNiclBlbUdVd2tZNmY4MTZ4R2ZvZ1pVYVE5c00?oc=5,"Thu, 21 May 2026 21:00:00 GMT",
2026-05-24T01:32:54,Google News WSJ,Exclusive | IMAX Is Exploring a Sale - WSJ,https://news.google.com/rss/articles/CBMid0FVX3lxTE41dlFJZng0R0RPRkpYTlVrRy1GWFp5aG0yNERIblJfMllLbXJ1enBrRlRRU29oVHREVEZ3eDlPNkdmSG5lQl94RkVKQXpqdTg1ZldvWWkxak9vWjdTU3BMTjFaZnhqZFMwT2ZheF9FLU5LMVBYdXNz?oc=5,"Thu, 21 May 2026 22:58:00 GMT",
2026-05-24T01:32:54,Google News WSJ,Opinion | You’re Probably Overinvested in Bonds - WSJ,https://news.google.com/rss/articles/CBMifkFVX3lxTFA0ZkhWX3pmNjViNkY1cGlGdC1KV0Nva3NXNXhIWW9QOVpJY0swYlNGTi1GQnJ5UTNiaDNEajFBZ2NxR0pGblZTWnRxWUg5dG5CMEtrLXd1MENqZTUtWUlBX2d3c3M2WFRLY28wZ3RwOF9jRVd6cVZjVVVvam5SZw?oc=5,"Thu, 21 May 2026 21:12:00 GMT",
2026-05-24T01:32:54,Google News WSJ,Slumming It With Swatch Is a Clever Move for Audemars Piguet - WSJ,https://news.google.com/rss/articles/CBMipgFBVV95cUxPbXo4ZzNGX2Z3MnprYmdGUWoxZUVGRDVjbU11ZG1uLXZnS2JNYWxoNDZzREVUbzVtRXFBNENXRVpYaUxpMjJ6OXRuNjdwd3JhVGl1bzRrYm9zcEtLNDJ4b0Jtekk5Uktzbk1vWFJnTnFRLU1pUTVwN3I5QURnaUNXamRHNmxaNlhmYjU1RDhZX1Y0Nk5aYXppc0otNERDdFBxS2k2WnRR?oc=5,"Fri, 22 May 2026 09:30:00 GMT",
2026-05-24T01:32:54,Google News WSJ,"Opinion | Robert L. Woodson, 1937-2026 - WSJ",https://news.google.com/rss/articles/CBMicEFVX3lxTE1JMU1qQlVWMDhNYUlhN2JQSXhpYzZzbi02dWd4aWJQVERFcTcwM0JnRUhLWDREUWVxS3FpRGpzTDRZZ2UwTW5tNTYtTzF4cl9wVGF0RTVNTXlDY3VzOGFVVU1hYndEUVRyMDR2dXVDYlU?oc=5,"Thu, 21 May 2026 21:37:00 GMT",
2026-05-24T01:32:54,Google News WSJ,Opinion | The Iran War and the Anti-American Reflex - WSJ,https://news.google.com/rss/articles/CBMihAFBVV95cUxQZi1za3RZd3BmbTlwbGJZSGRheWcwM1ZXNTVNaDlaLVI5VkFpVk80WHo0d0VZYVYxTFl1UEh3UmhMbGJaYTVraEtSeXRkQUpqRkRKWWtyT08tZ2ZCNFE5dHcwVHdMM093Nkc4VVg5YUljb3RadkhFenJSTndPWEhIaEQzaVk?oc=5,"Thu, 21 May 2026 21:14:00 GMT",
2026-05-24T01:32:54,Google News WSJ,Thousands of Iranians Travel to Saudi Arabia in a Tense War-Time Pilgrimage - WSJ,https://news.google.com/rss/articles/CBMivwFBVV95cUxPM2tvYUhQMWhvX2pmd0gxUFhaR0M4SEZQR0tQUzVyM2M2d2paT2lxaG0yNHVCdGJuWTBRaDBjLTdFejdreHZtRkJGRzVRcmJyM095dWVzdjVralhxb1hTZDk0VzJvamZ5VUZfOTJzclR2RVprS2dKYk5YaU52c2xFQUFPRXlkazZpSnJRZkdOTnduSXNUVzctWVRwV0hvOHl1TTlsb2NONkhaQjFkeDU2NGxxaTJkVlZ5a2pNWVROSQ?oc=5,"Sat, 23 May 2026 17:40:00 GMT",
2026-05-24T01:32:54,Google News WSJ,European Regulator Backs Novo Nordisk’s Wegovy Weight-Loss Pill - WSJ,https://news.google.com/rss/articles/CBMiqAFBVV95cUxONE9OU0dGa2Q3dl9PVTdWTVYzRHZ6eE1nN0YyLVJsXzFGRTVYU193VHhEczVHVFNBdDdfS3RVM0pLc2NwRTh4alR5emRsWGh5WWxVdVY2N0RJbV91SzlKTDR1N1I5dXRRNWt4aTh1d3k4YTgySTRubjA0dC1QdVZIOGZIUGljNF9SeGk1RTJldkZxdUI3UDJmRThlSnZMbkJIVWVucjFldEw?oc=5,"Fri, 22 May 2026 12:30:00 GMT",
2026-05-24T01:32:54,Google News WSJ,House of the Week: A Shell-Shaped Home in the Arizona Desert - WSJ,https://news.google.com/rss/articles/CBMijAFBVV95cUxOa3g5WVZUT0F3TE4tbWRlS2xmVUVsZC1YZnYzQmNNV0VFZGJBa3BQZW92dnN1MXZ1eG1oTmoxTDNfZlh5R0JtTXlqYXpTazlxQXg2ZE9Ca3hVYUxXSS1WZ0NyZFAxY0NkTlJCYjIybmZXWXdDcXNPWW03Tl9jNWJMZU5SWWE2STRhcGxFdg?oc=5,"Sat, 23 May 2026 16:31:15 GMT",
2026-05-24T01:32:54,Google News WSJ,The Yankees Have an Ivy League Slugger—and He’s Out-Hitting Aaron Judge - WSJ,https://news.google.com/rss/articles/CBMifkFVX3lxTE5fZUZ2ejYtbWdrYl9NaGpRNThQWVZwaTh2YWlBMnZGTzBvZ1hmMjIyLWVVanNZMHNQUGlFSEFtYVRhaVo0aXpTVWg2N0hvVUNaNE1PbHNCNFZETmx4SF9USVJkaGFUZ0lSYXFHVGxMZzRya0tBMkxfdm9KWktxQQ?oc=5,"Thu, 21 May 2026 21:00:00 GMT",
2026-05-24T01:32:54,Google News WSJ,Social-Media Companies Settle Youth-Harm Case Ahead of Wave of Trials - WSJ,https://news.google.com/rss/articles/CBMitwFBVV95cUxQRHdVelZycDBjdlVwOTZJN1ZqXzk4NUR6NE50UFdIMGcwcFZmR2pkT3lkUjFOUTFLaHhENEVHRG1DbDNfbHNXTE5mUHRDS1hMZFc0VnRKRnctYkZWNlRURjluY2pwVUF5VVVkbGZ1TEgtVGpxSVpVclMzcko0VE1DZVJlOVZlVHRIV2FnNGUzSG1vdlAxbkZUdW9rMDlkNzJsd3U1dEFhdWh2c3FfM0xzM2F4eGpsTFU?oc=5,"Thu, 21 May 2026 19:51:00 GMT",
2026-05-24T01:32:54,Google News WSJ,Mortgage Rates Hit a Nine-Month High in Blow to Prime Buying Season - WSJ,https://news.google.com/rss/articles/CBMisgFBVV95cUxOMTVGTC00Yktvd0M0RDd4SFpEUXkyNmUzU0Uzbk5aSFBSTE5MbkRRZWc3eEZicV9zQlhQZENoeWVJVElNUDdMaHVXNjFUUWVkbEgtelUzVXZsd1RWcERMSlNHQjJoR0xlaFllZ2FycjZqUG51cUEtdmxLM0R4eXBXWm5NLXg4bFlCbWYydXA3STlXbWFEbVJyTVBpYWNMWHpvMkxQZ3A1bEtfaTJsSHFhLXJn?oc=5,"Fri, 22 May 2026 00:04:00 GMT",
2026-05-24T01:32:54,Google News WSJ,Exclusive | U.S. Clears Scrap Dealer to Buy Ships Sanctioned for Iran Activity - WSJ,https://news.google.com/rss/articles/CBMisAFBVV95cUxPTzVfLVFSN2Z6LXk1SXl0VGlESDk4MmlETEVRVW1GWHo3c2llcEEwanNXN3RCMzg2QlhZQ0swOV9mcG1kelFkdk9PSGZEQlZlcXp6cGotZ2pNVWUzY0hPQTQxOFI3RWhocThLQ1hLWUFpVWx0dk1DazBfMVY2a25tdGlpcDRfS1dTdlpBUlMxZlBSemhtVmNyVHRaai1pYWV4WXJEZmdZVjNITkVGbmZNaA?oc=5,"Thu, 21 May 2026 15:00:00 GMT",
2026-05-24T01:32:54,Google News WSJ,Trump Collides With GOP Senators Over $1.8 Billion ‘Anti-Weaponization’ Fund - WSJ,https://news.google.com/rss/articles/CBMitgFBVV95cUxOSUtvOW9nWjQtRWJ0b3R4WlVjUEJuNEJrdHhiaXhFR3p3UDNkVnAxcGNVYm5EenhMc1lmQmI5UlpkeFlMWlRlbVdSN2ZqSHR4QVozaXpXMll1Qks1QV9iR0FVTXFTVGpSVUI3Njg1Qng4UGRabnFTQVVRYnFhQWkxcHpNcVVaOVZIa1RZenBYVDJHR1ZNRFUzM1JNemZOeTZxRjdxQ2dfc3pFNWpnZHBkclRMaXlYdw?oc=5,"Thu, 21 May 2026 22:14:00 GMT",
2026-05-24T01:32:54,Google News WSJ,Supreme Court Eases Lawsuits Over Property Seized by Cuba’s Communist Regime - WSJ,https://news.google.com/rss/articles/CBMivAFBVV95cUxQak9LQXR3ZVBJd0FIdE0wbzVyV0tmSmRkYnl3TllNY2JLTWUtUks3WTVvWHEzMW1RTHRRWXFWRXBSZ3NJYmE1MHZ5c1hNeThNUzg5ZXhDQzhIcUF0QzYtYkVVWV9yRUxPb2g1YWx5MW1ZX1d1QVRQWnd0d2x3a253SXR1V1FIdGlCdzVUNVZtM0hTc25nMnF6UXYxU2pyb0JMVmszRjZ3dWt4SUpjYVlNYUcwQXAtMVJiYXZrXw?oc=5,"Thu, 21 May 2026 17:49:00 GMT",
2026-05-24T01:32:54,Google News WSJ,Exclusive | U.S. to Award Quantum-Computing Firms $2 Billion and Take Equity Stakes - WSJ,https://news.google.com/rss/articles/CBMijwFBVV95cUxQSjNFakRtZW02d1VWWVc0NUw1dHVMVXhQNHUwdXRWZzlCcEFpSUNCM3ZJSWV6SFhnaG1mWTd1Um5LSkdoWVFCVDRkaTBhSV9sNE9HU01iWnZlS2t2Q0RfRXdhd1lTaDl1eG9PUkRTLVZ1V0lmOXczWWlGeFdlcHdJUFEtbl9Bem9wT3NFeFFEMA?oc=5,"Fri, 22 May 2026 02:17:00 GMT",
2026-05-24T01:32:54,Google News WSJ,Exclusive | Exxon Blasts Proxy Advisers for Conflict of Interest in Fight Over Texas Move - WSJ,https://news.google.com/rss/articles/CBMixAFBVV95cUxNVlNicVdfdlBxTEp0Umtac0NJZ2QtS2l4ZGJEbFQ1QlctLXB2RU5NMzY2NndiQ3hDWVJzT3g0blliaEdxU0JIVVA3V3BkRHlzYUp2UWVwRGc4MHRTWG5Eb1d0TWxXcDd3aVJqdVFiS1MwS2FycFJUeTc1Z25rcjRIUW1GS2laSXNSakpOZDV6OXRGYXYzcnBIYkVyS2xNNktSWG5HQVRyYmw5NlJQSExKNndpakhLUmI4ZGRhNk5QWjhKWUo3?oc=5,"Thu, 21 May 2026 15:00:00 GMT",
2026-05-24T01:32:54,Google News WSJ,Opinion | The Gospel According to Karl Marx - WSJ,https://news.google.com/rss/articles/CBMiekFVX3lxTE5BQUpCclVZWVVJU1dvcFF0Qk1iRVctVE0tTGdyVy1hMmxaak5VTHJxcUZNaGV0cE5pNGFXSG11Y1JNVXFCdjFWLVViOGxLRmVmQ1NnMmFqV2hhTDBTYVVnU1Q4MGp2dzRvZGJVem5XYmJ3cC1JV2VfRTh3?oc=5,"Thu, 21 May 2026 18:33:00 GMT",
2026-05-24T01:32:54,Google News WSJ,Opinion | Kentucky Fried Clown - WSJ,https://news.google.com/rss/articles/CBMifkFVX3lxTE1UYWRZYkpTclVxcjQ5ZlRZai1fRzRkZWJETk9BX2lwVmx5dWttdUkzLTFLZnZfdkFGdlV6blQ4dmpGLUswTnZSNXNGaTBiTExjaHpDWGhzaFlMYXJEaUNaOU5mak9PbFRWaHRMX0xlVmljdVBEbkdGcnFSR04xUQ?oc=5,"Thu, 21 May 2026 10:14:00 GMT",
2026-05-24T01:32:54,Google News WSJ,Kevin Warsh Wants to Remake the Fed. Here’s What He Is Up Against. - WSJ,https://news.google.com/rss/articles/CBMikAFBVV95cUxOcUlvQXdvU0R6RVpZUDRFelpvUWlDX2dpVEFTeW1ubkx5N1BqMjVrdXBPdzYzdktIaF80b3ZCcUVRTkFfTm1oYVQ3SW1QU3RIazhZVXM2YmVhdEw4aGFDTnhMNG1YcW5nMUYyUVZlZzZRZC12M0hhdjVaazBBbGRxWTZJN0xPTG41ZTBtQW81Wng?oc=5,"Thu, 21 May 2026 13:00:00 GMT",
2026-05-24T01:32:54,Google News WSJ,"SpaceX, Anthropic and OpenAI’s Sprint to Go Public Defines the AI Boom’s Big Day - WSJ",https://news.google.com/rss/articles/CBMitAFBVV95cUxQYTdfbEFwT2VjY3kxMzJKMm9ZbEpfM2pVOWF0WE5hc1R1OWNjTmhIU21aUy1fb3o4MDF1VFBuQWQ0dVY3ZkxlcE1fLTZrOVF6SnRKT1I0bW0xSVdMbzNXRXpMWi1lSllxRVhXWl9FZ3pab2RIVloycVBiTkFrUnJfbHBjQmlzcldXVnk0WDRBb0Q5aEFqLTdiejh6cE5VdHFCLVpNdlEwLVdLUWRJYUI0V09uOWY?oc=5,"Thu, 21 May 2026 09:30:00 GMT",
2026-05-24T01:32:54,Google News WSJ,The Dangerous Brew That’s Rattling Bond Markets - WSJ,https://news.google.com/rss/articles/CBMioAFBVV95cUxPTXlmR24wTF8wbXozYWk0TFZqckpPLTFLU0EtbC1PZkt1S0U3a0dRRkZVSEZQdFF0SzcxR2xqSFFsSlVVLWtxaEMxLXE2SGVPZlo3WGdNVThCNVNiVVRvUWJvZjJ5Q09DY0NhTkZaUFI5Mk5UU1RuVWM2RlFfYUpuNVNaZjhFLWlWSzJZbUlMelFGQWlrRkJyRTBSanl2V1Nq?oc=5,"Thu, 21 May 2026 09:30:00 GMT",
2026-05-24T01:32:54,Google News WSJ,‘The Mandalorian and Grogu’ Review: A Stitched-Together ‘Star Wars’ Story - WSJ,https://news.google.com/rss/articles/CBMitgFBVV95cUxQbzJXU19RVXlpV0M5MDdtOW9lUXQwYmJDRFh4bmRUVkNpcFRtUjV6aGc5VVRfVklXeDBXbzdXd2NYM2M2dUk5Q1lRTmVTM19BZUJTbEYtS0NfQ1JVcmNsN3BBT0U1ME1HaE5nSVM1VGFmMGdhZW9IQ0JJQzdCVGEyaVQ0Ym42dW5JNjhkN3dXMXotTDFEdURyVTBjY2E5Q3dmMldHNUVCQTlvNUs3RjRMVnNLelhSUQ?oc=5,"Thu, 21 May 2026 21:00:00 GMT",
2026-05-24T01:32:54,Google News WSJ,College Lacrosse Has Its Caitlin Clark. Or Maybe Its Michael Jordan. - WSJ,https://news.google.com/rss/articles/CBMikwFBVV95cUxObWZoSmZqVmR1UGhXbGRuU3V6YTFZS19DajU2ek55UEV5YnRaemNyTFJ6Y2Jzbi1vZzZKTklLaDZQQmk4WXh2TkV3Q2MxRHpZMjdwWDgyM2xyYTNuUlJmSlRLYUtlZnNuMHVaRmg0WFdBLTUxQkJkMFlaTUdaREpvZm5TMFlPSDkwdGtZRHRvaEkwYWs?oc=5,"Thu, 21 May 2026 12:00:00 GMT",
2026-05-24T01:32:54,Google News WSJ,"Bezos Wades Into Politics, and Mamdani Was Waiting for Him - WSJ",https://news.google.com/rss/articles/CBMipAFBVV95cUxPUkQ3RDF4NFcxc3BCTTBtSnhidGgwS0l5a3FaNU41OXlybmpqRDR6VTBBZmttempOOGlWV0dMNGgxSkFEMEFTSnhkdFRpLVY3QmFvT2pBWWQ4WHdqR3gzMC1hUGtHYWFXWDdnbjZYY3BRdElEQU5zRjFKQ005eTlJVmxXbHJZbkYyOVRPS2ZUMFAxZUtRUl9lWmItYmlJa2hwZ0lJOA?oc=5,"Thu, 21 May 2026 11:06:00 GMT",
2026-05-24T01:32:54,Google News WSJ,Opinion | Democrats Akinize Themselves - WSJ,https://news.google.com/rss/articles/CBMic0FVX3lxTE5oNlFVdkUzSHNDVkQyQzJTelpnWlpJRUJTdWdpM2FTSjFMYURNYlNSb0lPRnRpRjVURXR5TEpTMHgybXFzTHlTWXpUaHB2eUY0NnNabE9VNTFqVzJhUU93aENBbGx0MndCNlpKenBoZmFQUlk?oc=5,"Thu, 21 May 2026 21:49:00 GMT",
2026-05-24T01:32:54,Google News WSJ,The Secret to U.S.-China Diplomacy: ‘The Sound of Music’ - WSJ,https://news.google.com/rss/articles/CBMieEFVX3lxTE9LbU1FZDQ4MWtpc1BUWWxWenpCZVdyWElVQkY0WTJ6V2UyNDhyUHhJNXpLTnJYMWVCNm5MMFB4aUpBazItZG14LTZ3cHNKZWlzWUg0b3N3V21VWXBKcWVOcTFLMVFORDdPTGpRSVpOY1ZzZzh2OTg5SA?oc=5,"Thu, 21 May 2026 09:30:00 GMT",
2026-05-24T01:32:54,Google News WSJ,The Longest Internet Blackout in History Is Crippling Iran’s Economy - WSJ,https://news.google.com/rss/articles/CBMitAFBVV95cUxNOHVoNTZFNmNVNnBXQWNHcTZGWlB4ZUJCRUJQaWpjMUN3WFNFaFBTNWdxRDN2SkFPVmFwaDZOeTNjUVp1R2g1d1o0R3J3UkVZSFpXUG40bGxLS0hkaDBzc3doeWJGQTI1SkhONnlJcU9oQU1rLXB4UmZqc2FtYVdGdXBXNFBnX1JDMl9Kc1hNT1A0Zjd0NnhBenNwR2NBUzBITGVtOHFwc3IxNEtSaF9YdlN0Y1M?oc=5,"Thu, 21 May 2026 03:00:00 GMT",
2026-05-24T01:32:54,Google News WSJ,Inside Israel’s High-Tech Campaign to Kill or Capture Every Oct. 7 Attacker - WSJ,https://news.google.com/rss/articles/CBMiggFBVV95cUxPdHlQcmJ1eEJKUFNWUVZkQTNHSVd5aUdFVVFRc2E1eVM1UVNhRVpsTU1fcG1HZmRBQWlMb2I5UXpmRHRERjlLNTZnVThSX3NZaVhxZzE1dTl4Y212SnRyaHo2bzhpel9XaVlTdXpHemtPMmZLenhlOTRQNkd4QmhGQjJB?oc=5,"Thu, 21 May 2026 01:00:00 GMT",
2026-05-24T01:32:54,Google News WSJ,Cuba Has Few Defenses if the U.S. Military Moves Against It - WSJ,https://news.google.com/rss/articles/CBMieEFVX3lxTFAzRHR1NXM5VkNIQkhKV1l2SFhOaGVLMzZfUXVoZEhwU0ZWaGg4YzhFY2RBX1FQSWhsUzI5NFo2dzJSWGdWVjBxMXo2Rk1PYjN2WkdKQU5UTTJnbVZRWi1uUV9KYmt0R0FQRnVSc0hWWW1abkhrYnRLdw?oc=5,"Fri, 22 May 2026 02:00:00 GMT",
2026-05-24T01:32:54,Google News WSJ,"Exclusive | This Cannes Film Cost $500,000 to Make. $400,000 Was AI Compute Costs. - WSJ",https://news.google.com/rss/articles/CBMiqwFBVV95cUxQZm5GdzdfeU4tQXBjT2N5LU1JQWN2RDhFd2dOd1hqQ0hwUnFBUXhQVVBDamdnWkJaNGJMcXVBSFIxUUhVOWV2MWU5VUZHVXlQU0VfZWNCUUg3a3VMRFloVEFFOWNQREhid1Fqb1dqNUJCXzBwdm1fR1hpZjB6WV8tN3pOcU1wY1NxU1c0SDR3TklqcDJ2UERRUl9jNkp2VGRzNkVUaS1TSmxKOWM?oc=5,"Thu, 21 May 2026 00:00:00 GMT",
2026-05-24T01:32:54,Google News WSJ,The Secrets Revealed in SpaceX’s IPO Filing - WSJ,https://news.google.com/rss/articles/CBMiakFVX3lxTE5TT09XNnZ1V2NuWldNb1loWWdsY2Q1ZmtTVjF3TWFOTGdHMl9wd01iTkJKNEhjOXJWTXZQaks4S0M5UGJySmNoOVNyRmtmbm1XNEM4VjZfdFhGQ0xqTE1KUG95MGFtRGVIWnc?oc=5,"Thu, 21 May 2026 00:38:00 GMT",
2026-05-24T01:32:54,Google News WSJ,"With Castro Indictment, Trump Bets His Venezuela Playbook Will Work in Cuba - WSJ",https://news.google.com/rss/articles/CBMiugFBVV95cUxPS1d0VVpoT2J6dU5UMkFaZVF0YlRkbTZVQXBMVV9sTGZhN2lfYXBYWl9Qd3JYMk9WQTNXOHFpLVRfeVRVM2FtZ25kNWZVdUUzUHc4aVpWeFpiWHA3LWRzemxuV1FkWDV2N3l2Z3otWUEyTXVCNTRRMlNNVHJWdTJTcTV2WHZyZ3d3Yk9iMk9aMm1odk9SWDU1ZGE3RlgzUlFvMDZaZWdpQmNkUEZFZ1lMM1p4WlJOR0xsVGc?oc=5,"Thu, 21 May 2026 02:00:00 GMT",
2026-05-24T01:32:54,Google News WSJ,Opinion | How I Choose Which Cloudflare Employees to Replace With AI - WSJ,https://news.google.com/rss/articles/CBMimwFBVV95cUxOMUpqVE0tdE56YXdFTEZ3VHBtMFNaZzN5emVQYlU5SmRGMWRISEt2d01rSTN2NU9PSTUtWUNmZUN3dEN1UlRKTkFLT0tMeFU0Z1lMRVVpZ3dFampaRm5LZFY4YlE1OVc4WS10MWZBMzRKTHhWRkxMLVh2UFg2ZXlmZlZUNUVTU1hQRlM5ZWNjMHZacTBtV21Bb3FHZw?oc=5,"Wed, 20 May 2026 21:40:00 GMT",
2026-05-24T01:32:54,Google News WSJ,Natural Food Colors Embraced by MAHA Linked to Health Problems - WSJ,https://news.google.com/rss/articles/CBMinwFBVV95cUxQTDMzcWprcURHQkp4cDhRUHExTDVIYkpOOTYzaWE0NFd0dnlwMjBHQU05enJGSHoxN1dsYUVWRXBEblNpQmFiMzBmUHFVWk56aG9QNnpMeFotRHRBY19UcDNYdGNWMDFRX3VSMFJZaXRpdnIzMmY2ckJzYXVMZjQ0X3F2Rm9YcTU2MFU3YjR1U0dSNDJNczVuelM3ekdpXzA?oc=5,"Wed, 20 May 2026 23:05:00 GMT",
2026-05-24T01:32:54,Google News WSJ,Exclusive | Mind-Blowing Growth Is About to Propel Anthropic Into Its First Profitable Quarter - WSJ,https://news.google.com/rss/articles/CBMiuwFBVV95cUxQR2NoS2RrWHg1NUpwVkRrd3hyTzFHRGNSdWYtWElOS3JXV2czY19mYTltdkl5NW91OG5zZ3dndFVKZVoxMzc1dzVleEZyeVJDcTVwMlF2OXFiV0ZMcVU2NFFoTXVlUURwaW50ZmZybUNHYnM3bTVqci11cjM5U3Z5ejJ0ckgyUEU0ZmVVYXdoemx3c3Q0blEzSE44b1Qzc0ktZmVJQXRFUVc3YzVBSFBrUkJiOWFTdjAxTWtR?oc=5,"Wed, 20 May 2026 20:54:00 GMT",
2026-05-24T01:32:54,Google News WSJ,The Most Expensive Home in Boca Raton Fetches $75 Million - WSJ,https://news.google.com/rss/articles/CBMilwFBVV95cUxOWnRoQlBycW9RR1FhTjFUb20yZmJhVjVnWThQOTc5TzVlMmZLSEdKZVRtR2hCTC14eDB0dHBOQzg4WXBKZ29Zdml6OE5WRmQ2dUx0MTdab0IyaXdEVHJPckhDcF9uTG5NUjczTG80NjVsUmNaeWJnR2x6a1RKUkozME5BblF5M1Jadk41NVJGcVRwWWF0d0xV?oc=5,"Wed, 20 May 2026 21:31:00 GMT",
2026-05-24T01:32:54,Google News WSJ,The Best Team in Baseball Still Doesn’t Have a Forever Home - WSJ,https://news.google.com/rss/articles/CBMigAFBVV95cUxPSW10ZHlOX1BkYU10REtFODFVSnNuak13SDFQS3dvemxoWkpJRW9xLXhsS0FSVF9ycXctcWtaZ2ZCVWxsSHpaTkhkRnpCa2JuTnA4SnYtRmpjd3ZsdUhyVkpjRVVkMjVacVJhTU9odHI5ZkhCZ0hyMXlzbnpUYzBiTg?oc=5,"Fri, 22 May 2026 11:00:00 GMT",
2026-05-24T01:32:54,Google News WSJ,Exclusive | OpenAI Is Preparing to File for an IPO Very Soon - WSJ,https://news.google.com/rss/articles/CBMia0FVX3lxTFBRenYyMXEyVGhlMnlXNi1pb2xaVlRURFNaYW5NUGdERVB4WVdQa2dfYWVoNjdJYXcwUVRjQ0FpTzZBdnVMUHZQRktvYUROdWdEYVRGbm1TNDJraGVXYkpiQ3ZrZ21oM25wVkpZ?oc=5,"Wed, 20 May 2026 17:43:00 GMT",
2026-05-24T01:32:54,Google News WSJ,Opinion | Why Would Anyone Trust Pakistan to Mediate With Iran? - WSJ,https://news.google.com/rss/articles/CBMikwFBVV95cUxOekg3b2UyOGNsejU2N0JYYmVGbF9kZVY4M2UxQlBzLXJDUENmdDZwQlFNVHBOVE1GOG5BQzlHZnA2a3ZrUUlUMEhmUDRuWlktdzJ5Qzd6MDRqSWRfelF1b3JKWkhjTUNmWG14T3VXU2FzQ2YtbXRfcWdxM2pSYmNwMFZ3STlFWndQOFp0aDFqM3JRX28?oc=5,"Wed, 20 May 2026 21:02:00 GMT",
2026-05-24T01:32:54,Google News WSJ,The Fashion Heir Facing Suspicion After Father’s Deadly Fall - WSJ,https://news.google.com/rss/articles/CBMiogFBVV95cUxQOVloWUJVVXdTUElTOF9RTHJRUG1qYTNzRWt4VVd3Ni1VYmpBbnBFR2NvU1lpOXVwYmhuVWVpSml3X0RCT1pHYVNwVmR0blJUY2pycHByeTJ4dndDVmh5RjJhdGpyci1vTTROVGJDeDhDZFJiNGhxTENRd1ZuSjZPR3RnLTVoeFdyQXFYb0RickVXTGh0YmJfbnJ3YWdSNnFqUEE?oc=5,"Fri, 22 May 2026 20:36:00 GMT",
2026-05-24T01:32:54,Google News WSJ,"Trump, Netanyahu Hold Testy Call Over Iran - WSJ",https://news.google.com/rss/articles/CBMikgFBVV95cUxNWkM3VjBJLWw3VDZyS3N1dU1vOXMzMFluaVhaYW5pTlFqcE5xNGpxdWhJWC1ael9XdWQ3MjVTdm1PcEZnZlRGWUJicVV0aGh4ZndCQk85NHRoTUV1MjlyWFBDTjVWLWxnTjVzQW54VnhLWVgwTUVFS2ptTlgxSFVTcy0tbnVDLXZCVDI2aGEtQm9tUQ?oc=5,"Wed, 20 May 2026 19:47:00 GMT",
2026-05-24T01:32:54,Google News WSJ,Fed Minutes Reveal Support for Rate Hikes if Inflation Proves Persistent - WSJ,https://news.google.com/rss/articles/CBMiwwFBVV95cUxNM3B2WWw5VnNCNWo5SWlqdlhOT2ZVZm9yTm5yc1hmdGE3SUUyZy1RTndpUGF3T0REdXJHc2xGZUR2SnB1dU1aQ2plTWJaTTVaRkxjV2RUSVg0NDVxTzRVV18tbWRBMzNHNHJMOFp0Zm85dk1LMkl4SVFVNDlJaE1nQ05HV3BFWnYxRTlhSjBtQW16WWlYQnA1cW9OMk1wTE9taEYyUUoxTnN6U2tmT1ZyYTBDcnNjQngtSmNrVVoxNjF2Qms?oc=5,"Wed, 20 May 2026 19:46:00 GMT",
2026-05-24T01:32:54,Google News WSJ,Opinion | The Panic Industry’s New Target - WSJ,https://news.google.com/rss/articles/CBMidkFVX3lxTFAwekJHZF8zeTVsTFlOZ3dMWnNFajFUa3JlYU5jN0xOemtQb2R4eTFrZy1TYlJGdF93alBUb0MxRDllOW1sVVRkZXFDQ2h2dWxuZzJtTXNiSjM0cTVRSHlJZ1FpNTU3VFZjQ0tlemQ1YUxBLTRUaFE?oc=5,"Wed, 20 May 2026 21:16:00 GMT",
2026-05-24T01:32:54,Google News WSJ,Meta Begins Laying Off Thousands of Employees as It Transforms Around AI - WSJ,https://news.google.com/rss/articles/CBMirgFBVV95cUxONkEwaXB6alFpeDJ1YmRtMlpCQUxNVUNXeFhuMHJkNVFkczk5Y1JiWGNMZmpZUHVCUFJWN2cwRW1mX2VCRnFqLWdBdDV4Ml9Mekgwamk4ZVRycEVwcFZHR3ZRb1o0bXFCZTE3b3c0cWpOOFkxdEQzV0ZHY21PY2owN25oenllMnB4ZFp3NVRocU1BSHhSVUlJYWt0Mk5GdW9IQnY1NG9IMGhvUFNLUFE?oc=5,"Wed, 20 May 2026 21:10:00 GMT",
2026-05-24T01:32:54,Google News WSJ,The Ground Drones Rescuing Ukraine’s Wounded From the Front Lines - WSJ,https://news.google.com/rss/articles/CBMioAFBVV95cUxOQnBfdDVEREEzNS1xdmRad2xQNTJRWWtJWWd3X25IM3JUSWhyR1N6bEQzeXZCZTRKMmNUUndWUUR5aXZxNUxRS183WXdjRkFjQUMtYXNCN0xVVG11amk1ZHU0Zkp0XzFhOVlha3B5cHVLamF4Ym5SV0I2QUE2M3JHbVlTUlFuWXcyMWw1YkE5b3FMeXE5bEQtQlh5U1Vta2xm?oc=5,"Wed, 20 May 2026 15:49:00 GMT",
2026-05-24T01:32:54,Google News WSJ,The Ice-Cold Civil War Between Diet Coke and Coke Zero Drinkers - WSJ,https://news.google.com/rss/articles/CBMihgFBVV95cUxPTEhreE5kSndUTjIzcXk2SXFHNXROVWlmbnVKTWFQY05vVWxaS1FKMjJkNU9pRDZjdGRMaWJJX0ctdHhtclZNQTdkVGlMWGk3MDg0TnM3UVI5TkFkU1JOcEpWb3VDUmhDd1dUZmFRYTdZRmk3M0FmelYtUkZYUU5ibVVRNV83dw?oc=5,"Wed, 20 May 2026 09:30:00 GMT",
2026-05-24T01:32:54,Google News WSJ,Opinion | Falling Birth Rates Are a Mystery - WSJ,https://news.google.com/rss/articles/CBMijwFBVV95cUxPdjZGZGx3dFVrMG1WRVl2NXQ0YWowT3BHcGNsbHE1YVRzOUYwZ3cxSmJ5eUxleFhLdXhoZG41WWhmR3hjMWRJUjQ0empDdWVFQlI1YVExUHJqZW00enJ1MjduUHRSZF9PWnA1U1RfZzlZbzk0QVJkWEZzYkw3M1ItcWFPMGpSQm1KeU5PZGhrUQ?oc=5,"Wed, 20 May 2026 10:16:00 GMT",
2026-05-24T01:32:54,Google News WSJ,‘This Dark Night’ Review: The Witchy Worlds of a Brontë - WSJ,https://news.google.com/rss/articles/CBMiogFBVV95cUxPX3VrWEd4WFRzUXVZTFNYS3RVSW03U1FCZXpCZXhXV1RBUE1oM2l0Mmd5eXhBOTFYaE5uQmRYcDVqalBTSGJCT3Q5akd5VWk0NXpxWVcycjIwUS1ROUJYOHFrcXM3LXRQcWJkclMzeGE5WDBYUS1xTlRGTDFTelM4STB4andPbkFQQ1FoSVd0UUJaOF9lYnkwS1plX0g5NzN1S1E?oc=5,"Fri, 22 May 2026 14:31:00 GMT",
2026-05-24T01:32:54,Google News WSJ,"Opinion | U.S. Defense Needs More Competition, Not More Money - WSJ",https://news.google.com/rss/articles/CBMijwFBVV95cUxPcmI2eGJhc3Fpd2pHZFhlNFN2OWlNV0VuVlJuWnZGQ3E1NW94aEJ2UC0yTkF3WjBQNXlpRjQ3UDRpV1ljeWxzeFdiXzYzNWllZ3VxeEppdDlMMW5aQ3kxM0VtOGFjNV9oeVh2XzhWQVpIa3J2WmxTel9wRjVlQXAtQ2dnUXZzeGFQbTh1a29LNA?oc=5,"Wed, 20 May 2026 21:02:00 GMT",
2026-05-24T01:32:54,Google News WSJ,"Exclusive | Bristol-Myers Squibb Brings Anthropic’s Claude to 30,000 of Its Staff - WSJ",https://news.google.com/rss/articles/CBMirgFBVV95cUxQR3JmZVJUWEZ0ZjZyVjZoWXpJeXRCTHlZRFI0aUFXT3htTFg1WHZ0cVVNcFNpbGtzWGlqRkRoRS04aVBENFJNN1RxVklOTDNqenFqX2ZqN2pEd0U4V21yb0I5T01TaHBYYzh0WUpxNTZfZTUtVTZoakZVX3NmaFJtYUFxUEZEWTgzdXI1VlBNang0dFltWXpUMGhXWFE0QzZ5VmtxYVVUcFhQNzA1TXc?oc=5,"Wed, 20 May 2026 10:45:00 GMT",
2026-05-24T01:32:54,Google News WSJ,These Parents Are Buying Homes for Their Kids—With Strings Attached - WSJ,https://news.google.com/rss/articles/CBMisgFBVV95cUxQc0RTbTBjN2Q5a0JYdzdxampDNEM2Y1l6RS1Tamp2dDRlTDd1aVo4VW5PMHJkUlh1UDRWMF9RaHdpNVpWTnR4aWFBYkNMOXZSbjAwVkhvNDRoYzQyLXdCVV9FdlBXTG1OemZtd3dnUGVUSGI2eVRWb0ozdHBtU2VVSm9ITVU3b19pd3lmU0hhdnM2YjUzUVpHMTd6dThhc2xqcmU4R21KbDJrTW9IMXBOdGdn?oc=5,"Wed, 20 May 2026 01:00:00 GMT",
2026-05-24T01:32:54,Google News WSJ,My All-Inclusive Hotel Binge in Las Vegas - WSJ,https://news.google.com/rss/articles/CBMikAFBVV95cUxQd1pta3A5TGhla19GSzZUSnFVeFZheC1sN09WcktFNjkyZkhxSXdLR0NzTTRnRzNzbVZHYUhlMXF4UVRuRjVwS0I1S29qeXFjNnRtZkw4TkY2ZFNzclZTQWV5N05odFEwbW0wVWQzaG9NSUhEN2NTLU5tMXR0Z1Z2bktxMHNvQ1NoQ0ZuWGd3VFk?oc=5,"Wed, 20 May 2026 00:30:00 GMT",
2026-05-24T01:32:54,Google News WSJ,Opinion | Why China Spies on the Suburbs - WSJ,https://news.google.com/rss/articles/CBMiiwFBVV95cUxPUnVmMGNNeld4djVlajVNZk92M1dGYWhzMWNKZ2hmYlJabGhfQjMwejEzZlBrT0F6ak1WWWR4R1lrVVNhUkhwUVZXQWNFT0pWaFlHQWdkOWdsWThVYjJad2dYTjJDeFRfZGEtZml1OEZwclJBYmdWSmtxeE9VbFMxNFg2SnJpZmh3NG5F?oc=5,"Wed, 20 May 2026 10:15:00 GMT",
2026-05-24T01:32:54,Google News WSJ,"Huge, Hungry Whales Are San Francisco’s Latest Traffic Headache - WSJ",https://news.google.com/rss/articles/CBMimgFBVV95cUxOcUZEX3pvdlp4V25xY1FickxXSDhZQ2s4bGRndnE2Nll0SUFiVFlBMkROdUw3WDlnNDBVR2Z2UVo5TEEySjRJa211MGFiSV81QzhCdXVXdng5aUFnczlhRUo3QjdOc3Z3Rmh3RzJxdFpvUFVNN0l0a2p2cG9lOWQ1a0pCdzJjUk5LWGVtdUNQVW1KRWEyeXBDVXFR?oc=5,"Tue, 19 May 2026 17:26:48 GMT",
2026-05-24T01:32:54,Google News WSJ,Opinion | Trump’s $1.776 Billion ‘Anti-Weaponization Fund’ - WSJ,https://news.google.com/rss/articles/CBMijwFBVV95cUxPbXhZeG90SFhodDV3UkF0MjQ4bURraG9YS2Z6WFllT1YtaDh6T2cwZEU4SmNpMjR0cEpvcDQwTm43NGFxTjdLTXVmUTZyMjBfS0lETWtQT3dicXRoVEpkVFdsQXN2WmN5NlVYWjlKTVgxanN5U3BnNFdNeFFpQnZqc0puMFRFWjhBaFk4ZGRxWQ?oc=5,"Tue, 19 May 2026 21:26:00 GMT",
2026-05-24T01:32:54,Google News WSJ,‘A Bird’s IQ’ Review: What the Crow Knows - WSJ,https://news.google.com/rss/articles/CBMijgFBVV95cUxObzYxdDZQZXFsWG5QbXVuQzFTc0Q5dUdMRUtlVTVVM1VfQ1d3SUJqaDZLWDlzQ24wX2NxazZvYkxoODJqLUw2V1A0ZzlfQmI1TUlNaS0zZWk5NGJQckFmc21nTk0tRllGTlhXbFZ1TXV5a1cwN09PdVdsMWhlR3ZvbUoyVlV3MTQ4UUktd0tB?oc=5,"Fri, 22 May 2026 14:23:00 GMT",
2026-05-24T01:32:54,Google News WSJ,"Exclusive | Porsche, Armani and Now Music Festivals? Brands Are Taking Over Miami Condos - WSJ",https://news.google.com/rss/articles/CBMijwFBVV95cUxPUlJrak1FdmNlZkYyNFVDRVhoSDhQVnFEVUNlSHZZeWU4b1E2MXdxb2xtOWx1RmJpRTZ5WU9ZOWVEWUZvYUJXMWVvdDhkU0ZXN2pCRm5sUFJJNjJhaXlEWlFwNWpPd3NGZTBNdWpPVkRKaG5NdkxwNWkzUUxzZVEybGk1ZFVfZzFWZ2F5LVpjaw?oc=5,"Tue, 19 May 2026 13:47:00 GMT",
2026-05-24T01:32:54,Google News WSJ,Exclusive | This Manufacturing CEO Once Spurned Venture Capital. Now He’s Taking $110 Million. - WSJ,https://news.google.com/rss/articles/CBMizgFBVV95cUxQRjBPWWJ1dFBET0pWbTZ1TmFvbkJMTmoyY1h6Q3hYVUZ1am5KMFN4cFJtbUdxV2pUcDMzTlpaZkRac1FtcThHa0VUYzBaa1BFRThubGJpV1BqdVcyN3d1dHNmdENBM0Jwb3U5b040bDA5NXZHQW1pSHhRclZvU0U2Nmw0dGpVRElnX2poMmI5dDRpZW0wakNSQ29lSjdBVGhfVDBSZTY5TVE0VWRnSjRDRzNTay1wRzVqc3dONGtVQWdIZnJoSVI0N1RISk5Mdw?oc=5,"Tue, 19 May 2026 14:00:00 GMT",
2026-05-24T01:32:54,Google News WSJ,Google Unveils New Gemini AI Agent for Personal Tasks - WSJ,https://news.google.com/rss/articles/CBMilAFBVV95cUxPQ1lkckxWd25jTF9XcUZTakJadTNxZVFnNGxlOXFwY0VPVmNldzFZY3p5SFZLa1hKbnRzdmtMTlpDWmhPY1c2REdsZEpUXy10T0dFTVdwMFRTalV4X0trcjZ1cGhpcEI5M1d0a3JzbzFmTS12LVRnNWJ6ZmRsVGwyVEdhWDY0OGhxbk8xdTZsS1BuMHAt?oc=5,"Tue, 19 May 2026 21:30:00 GMT",
2026-05-24T01:32:54,Google News WSJ,Treasury Lawyer Quits as Government Settles Trump IRS Suit - WSJ,https://news.google.com/rss/articles/CBMioAFBVV95cUxPTHczVFNxRlBLUlFoTnc3cm9fZGhDSGNabTUwVFYtcXBlOFl6VmpOaDlLMGxsVkRZbXZZNW80QXFlUmQwNFNZTlNVR3Vvd2JlaTVRcUJrNU9IdkhvUld1QTdMSll0dWNESzR5SnhyWG14R1hJYUE3enY4UzZTdFRyNWJkRVY1c3hTOUJycHhuaG9JQk05V0xKa1VTMHZPWE5R?oc=5,"Tue, 19 May 2026 03:41:00 GMT",
2026-05-24T01:32:54,Google News FT,"US and Iran move closer to extending ceasefire by 60 days, say mediators - Financial Times",https://news.google.com/rss/articles/CBMihAFBVV95cUxNXzhoY21ra3dKY0ROeEN3dEloWVc1VjBpSWdNdnI4VWhEc0x6X203LTZSWG9jaHJDUmx6N19EeXFuNGNlTjc5SDBmOW8zUmlpUUpZODlrQ3ZNY05pVGxIU2lLUzg1VGlzY01jaUFmbDg4U0gzMVhnc2hqTUdvbm04X1R6THg?oc=5,"Sat, 23 May 2026 14:27:49 GMT",
2026-05-24T01:32:54,Google News FT,US oil producers increase output to capture price surge from Iran war - Financial Times,https://news.google.com/rss/articles/CBMihAFBVV95cUxOWndRTU5ZMHB3Mk11VHZPamYteFZyZzhoOEp5eW1JcVowaTVWR3Z0NkZPeURsbFB4Y1JUZ1IwQ3lzU3FpempVbkhHT1kzWkZVNEhUVi1uaTc2TTdUcExoQ0tYUy1oVzAxUGZTeV9vTVA5VGJmQkhjQmt5YVQycVFJaWtMaHU?oc=5,"Sat, 23 May 2026 11:00:07 GMT",
2026-05-24T01:32:54,Google News FT,Trump administration to make foreigners leave US to apply for green cards - Financial Times,https://news.google.com/rss/articles/CBMihAFBVV95cUxPTjM1WFZSZXB2TUZHLTBlQW1BNDJWcDJwb08wbldWVEdxV2pzSmcxdk9JTWt4VlpQZF9acVVkd3g3aTAxT2U1dVBzVWNyTXd0QjFGWUpIWGxYRFdBMGJmMkFjZzRwZkNrQWxLdlJLTTB3NUNDUFZpTkI1WjlsenJGdnFfLUY?oc=5,"Fri, 22 May 2026 22:48:37 GMT",
2026-05-24T01:32:54,Google News FT,"SpaceX, OpenAI and Anthropic IPOs set to test limits of AI boom - Financial Times",https://news.google.com/rss/articles/CBMihAFBVV95cUxOVi0xbFNHeUNkRXItRE1uQmdVQmx4RHU1T0JkUlp0OE1sUEFBR0VNLUlhRHBHUlVYcmNOYm1VSmtHM1hhNS0xZGp2dmJnVmtia2tSdGVvZ2hkQTVSLTNlN09hMjZXZUZNaWZfWm4xeFFoRFpFUEExbVFOLXptZG1Od0JYSV8?oc=5,"Sat, 23 May 2026 08:00:06 GMT",
2026-05-24T01:32:54,Google News FT,Arsenal’s hold on the streets and the elites - Financial Times,https://news.google.com/rss/articles/CBMihAFBVV95cUxQU1Q3cnU0RV9TLVJWdlplRUktVmVCc25fY2hyZGVqSUJ5TVdWcnpBdThyOHlxaTY5WnA3TmhsaDFERFN6ZkpmMjNOVzZBQzNNUXB4MWwxaEFsNjhHTFZ3akljdk1USmFTTzd5N216OHowRTJ2cFpHZG5ZYjZBRXVrYXBKanQ?oc=5,"Sat, 23 May 2026 04:01:23 GMT",
2026-05-24T01:32:54,Google News FT,Marco Rubio combats Cuban-American backlash as he seeks Havana deal - Financial Times,https://news.google.com/rss/articles/CBMihAFBVV95cUxPN1Y2dEJLcEhXLWJ6YzAzUmVNVnRjZFhDN19IRkpYNGF2ZTNWbXhqNjAzdmNzdmVBS2tBLTNrV1prUXlTT0xCQVM1VGZVZG1zUEtnTkJzRV92Ym1EN1JOcTdZUWFKUjR5NWI0cjdxMzVLdXVYS3ltWDRGQUVkR1F2T01RZ2k?oc=5,"Sat, 23 May 2026 11:00:07 GMT",
2026-05-24T01:32:54,Google News FT,The new arms race in computing power - Financial Times,https://news.google.com/rss/articles/CBMihAFBVV95cUxORlN1aGwxajBfNG5ULVp0X1BsaXFnTnk5d0tUdFJ0Z2hMekVLa2NQRFEzbVlzSlNEbnJwRkQ2OUQ5X0gzajFvT3hkcnc2Vi1FYmRTTWlHTEtCOEVQV2tQQ2ZWSF9ZcHFQM2RsSk5SVkp4QW1Nel9oV1BXeWJjV0ZLb2tZX0c?oc=5,"Sat, 23 May 2026 04:01:16 GMT",
2026-05-24T01:32:54,Google News FT,US crime and mortality is declining fast — what can the rest of us learn? - Financial Times,https://news.google.com/rss/articles/CBMihAFBVV95cUxPRXZvc2dGUGU3OExWeVVBY2xLbzQ0WEtVb2daQm4wRGlrWktuV2xrcVF6anprRTRBQU5OeDJheE5NTU1kOWg4RHNZbkNrNlUzRmRoX09lRzJEOFNlYkFpT2l1amtJdElNRGtGTV9lVDJXMnJ0RU9wRVd0YndTbFlpOGMwMlA?oc=5,"Sat, 23 May 2026 04:00:46 GMT",
2026-05-24T01:32:54,Google News FT,India’s viral ‘cockroach party’ challenges Narendra Modi - Financial Times,https://news.google.com/rss/articles/CBMihAFBVV95cUxNa1lkQ0w3YVp5TDdGQ3gtSExjSkdjdFV1dm9zcXRsaGhoQ3pnbTZyX0JBZE1VQ25xUjVrbzRYTkp6NGVrS3BsZkVzOGgzYXJUUU0wWDg3NUplNUJvWU0xVUFhQTFpZERncWpiNFVOV2tLcmJraXZoYk5md2RGVkVtLV9famM?oc=5,"Fri, 22 May 2026 20:00:09 GMT",
2026-05-24T01:32:54,Google News FT,What is it that we really hunger for? - Financial Times,https://news.google.com/rss/articles/CBMihAFBVV95cUxOR1YxTmJwYXpOMXlvQWNMMTdaaGh0STY1ZmtVeVJBbTBFYzBvVGV6bXF4X0s0U25QQlRrcU9RWHRHZThyNF96UFBnekZFTHNobzh5OGc3TUMzc2FvaTlhMzYyVHhmSkRGdUN4ZVhxazRuR3JDWFpNYmhLenNqT3NYWnkwQ0M?oc=5,"Sat, 23 May 2026 04:01:23 GMT",
2026-05-24T01:32:54,Google News FT,Air travel sucks — now more than ever - Financial Times,https://news.google.com/rss/articles/CBMihAFBVV95cUxOTUtzSUp2bUluT3hDOV9UWGlRaTk0ZmRYVFZkVDRXTGtlWXdNUnVRSjNqR08wV2NuRUk0dGVyall6VGVPVHo4SnVDOE5WdjN4czlWTDdZYjlYdkp2Z3hDYmFMUHNsX05QanFOVS1Obm1HUnRJOXc2UkdCdzczNjQ3cXFRS0Q?oc=5,"Sat, 23 May 2026 04:01:23 GMT",
2026-05-24T01:32:54,Google News FT,Crypto industry braces for quantum computing threat - Financial Times,https://news.google.com/rss/articles/CBMihAFBVV95cUxOallSR2lhRUZYWmpuVDhscGROeFE0VUNjOGk5dVJsbFowZ2gyNGgweVlYMDVJZk9qRWY2VVBoSEtpUzF5UkRka25GTmVnR3Z3bVB2WFM0ZEFLSkttQUgyUTlRZTYzYzFrYjA4eDg1M01FTVFhR2NUVWpNWWM4eEU1Wk9KQzk?oc=5,"Fri, 22 May 2026 04:01:44 GMT",
2026-05-24T01:32:54,Google News FT,The European cars made in China - Financial Times,https://news.google.com/rss/articles/CBMihAFBVV95cUxOdllSaUhsQTBwcWxKbFhpRkY3SHJINmd3LXVWXzJjZVdGRS1JalFDcGtUVTU3S3plVHNqNHZXeE1taE9ob1A3UEFyZkZZUzRTWmRRVUZub3A1aUJ0RVdYSVdIQWp2c0twdDVsQkFUOHVNb0QzNk0tMEE1dnJTd01yMXprRDY?oc=5,"Fri, 22 May 2026 04:01:46 GMT",
2026-05-24T01:32:54,Google News FT,US parks dozens of military aircraft at Israel’s Ben Gurion airport - Financial Times,https://news.google.com/rss/articles/CBMihAFBVV95cUxPWGxBaENuVTJYRGNBVnE1WU9Wdy1PVVB5SUoybG94cWg5dnNxWlF0ekgtUXZkaHRZTXIyOXpNN1NnclMtR0x1Y2JuQlQ3d2JzNmdYNFdTY2kyNW1rZ2h2TTVrdS0zN0JEb2NSNzZSTTRXVzk5OGZQMlZ6TmZ0UEtndjRqUmU?oc=5,"Fri, 22 May 2026 13:06:34 GMT",
2026-05-24T01:32:54,Google News FT,"If you think you understand bonds, you don’t - Financial Times",https://news.google.com/rss/articles/CBMihAFBVV95cUxQWkFMNlV1dFpMdUF4UnFBMndZcmVuemtZMlgxdmtvVXlRUmp2N3BDNTZaU0pJWW1ZVG5id0FUb3hsS1dzZ3BPVDJrRjBmY2VzQ3lEcDIydVA5WTVUdjhsNlhnX0VoNTdrQ1NRc0VlMjFvaDRGbUM4VUdtemhYUkYwdi1NSF8?oc=5,"Fri, 22 May 2026 11:00:04 GMT",
2026-05-24T01:32:54,Google News FT,The new Luddite movement - Financial Times,https://news.google.com/rss/articles/CBMihAFBVV95cUxNTXFXdDgyallhRUlRYk5CNTNIT2Fnb0d3QmtNTzJHcDZ4NUY0enZXR2k1OFpaaThkSnNTanVmM3VOTUpTOG1KRTBydThDM1h6QUt4MVNNT2hNUmtIcGljSE4wd0REWFRBc0haZjdIaG50TmFKM3VnN1NnMTN4aXlwZUNTd1U?oc=5,"Sat, 23 May 2026 04:01:23 GMT",
2026-05-24T01:32:54,Google News FT,US warns Japan of severe delays in Tomahawk deliveries due to Iran war - Financial Times,https://news.google.com/rss/articles/CBMihAFBVV95cUxQa3Z6WVBGUkR2M1pNczZ4NThHendGZVBtVGhCeEd6NHRRVEhnNkJFcjloNGtYbFlFYlRNU3VnbGp1eFlNRGdLa3dLS3hrLUNpSnhpYmFpTlFRVHpBX3FFYU5rbGw5Vk0zVVdiTHlqMHJXOHdXeHJCNlpTclB0ZXBYUGxEekw?oc=5,"Sat, 23 May 2026 19:00:01 GMT",
2026-05-24T01:32:54,Google News FT,How the AI revolution has turbocharged M&A - Financial Times,https://news.google.com/rss/articles/CBMihAFBVV95cUxPLWlZc3k4XzdSazhuTld5Q1pSa2VhZVFTemRrNHJOTGVSQncyQVlJZVFZZUl6LVIyazE5a2E1UmdENXJtQV9FMl9vcllDa1VHbEZhNWVyaGF0Q2M4ZUFUTFRVaG9PYTdraUNQSXEweDFjeldHZ2RlaFlrMEJ4YnNHUUpiay0?oc=5,"Sat, 23 May 2026 04:01:23 GMT",
2026-05-24T01:32:54,Google News FT,Beijing’s unlikely bet on Russia may yet pay off - Financial Times,https://news.google.com/rss/articles/CBMicEFVX3lxTE00MGthNkJTN0pGUFVEM0ktRlN5NTVqUEcxd2xnWWZKWEtGTWdHMzkyMWJrd2IySWE3WW9oSjJyWHVMbWU3dWl5cmh5aUM2ZTUtMjF5Z3gyY2J1ck9adTdQQjN1RnNLRXJkbGFac2FRSUI?oc=5,"Fri, 22 May 2026 04:01:42 GMT",
2026-05-24T01:32:54,Google News FT,Goldman Sachs eclipses Morgan Stanley’s Michael Grimes on SpaceX IPO - Financial Times,https://news.google.com/rss/articles/CBMihAFBVV95cUxOVlBxQzF1S250QTdyUGloZ3RUZVFLOUk2QnVKOENReFhRb2Q0alRmMGJYamFGUGFLWjJoMkczVmptYmNEcjhtYnBkTnRNdEVoVTQ5OWRoQmdaclBsWEZKRUtPS3dhaHhmaURvaktfeFgyUGpVTTl5VGFzM0ZTMG5KQnRGZDM?oc=5,"Thu, 21 May 2026 17:10:55 GMT",
2026-05-24T01:32:54,Google News FT,International Booker Prize winner Yáng Shuāng-zi: ‘We still live under a colonial regime’ - Financial Times,https://news.google.com/rss/articles/CBMicEFVX3lxTE1xZnVUcjVwYjhuMlBtb1dxMUdoWnZzZ2F4c0ZFUGdNWGtmTzRhc0dYREVaMWJwdkR6ZC1uSVZSRlZLWElURGp4Ql9HOHZCQlBJRE82ZWQtLUw1dGNTR3pzem85QWxpNFAxM0xnVmpzc3g?oc=5,"Thu, 21 May 2026 18:02:21 GMT",
2026-05-24T01:32:54,Google News FT,Tulsi Gabbard resigns as Donald Trump’s US intelligence chief - Financial Times,https://news.google.com/rss/articles/CBMihAFBVV95cUxNQmw4LURCNURmRE1vVFZENHI4V0Q1d24tNF9Qa0FTUXFDUUd3RkZwaGlmRzRVYklSeGNSdDVabjJXckZrd0tma2t3TGNzVk9TU0d3ZHpYWXFEZ3VCLUZqUlljRnU0QnhMYThzRUpPemFDSHdqdHVTNHJJdU9ESUxCbElQY1I?oc=5,"Fri, 22 May 2026 17:43:46 GMT",
2026-05-24T01:32:54,Google News FT,"‘Fast entry’ SpaceX, OpenAI and Anthropic IPOs to ignite Wall Street trading frenzy - Financial Times",https://news.google.com/rss/articles/CBMihAFBVV95cUxNNmhPeGFZZm81b2RhZFFWMDdJNXVhM3I2ZlFNM1NCYVZ4VjFnZ1ZRaFdrdFZaWmh2bGJJRXBKLWM0d2xPRVFvWGs3eUxDTGVnZS1BT0ZPajFXR25FOWJPMTVGZHBFb0lSbXBSeHJYdmM4MWFKMTVuZHVXLWJRUDZmQ084a0I?oc=5,"Thu, 21 May 2026 17:41:43 GMT",
2026-05-24T01:32:54,Google News FT,Delivery Hero reveals Uber takeover bid at €10bn valuation - Financial Times,https://news.google.com/rss/articles/CBMihAFBVV95cUxNdHhyelJCR19UWUV5N0pfWDJOUDNOUTcwWmlpWE5SUk1BcEs1OE0tZmF4TzRhdE9XOUhuYl83R0ZocUhrM2RYTjhtSDJvWGxsVjBhUUZpNUxvaTR5eGo5a1l1a1U0LVZwWVM0N3E2TldMS1RKRHc3WWtBUkp6c29TU21Kb1U?oc=5,"Sat, 23 May 2026 12:55:27 GMT",
2026-05-24T01:32:54,Google News FT,Turkey court removes leader of opposition as Erdoğan tightens grip - Financial Times,https://news.google.com/rss/articles/CBMihAFBVV95cUxNR0ZtcEFQRXdGSHNVVms2aE5PQmI0QTRtSTJwVnczdEtkRTd5S2w5NzhWMC15VHdGZnVLa2drRk9pQWlKUUN3dXFBbkN3SDdQYlNFSm80ZkllcXpPa1pKQ0pCaHRhdmpEUUx3LUcyS2ZiOEtibHltbGtkV1JMSGMwdm81a08?oc=5,"Thu, 21 May 2026 15:44:10 GMT",
2026-05-24T01:32:54,Google News FT,Next Harvard endowment chief faces a private equity hangover - Financial Times,https://news.google.com/rss/articles/CBMihAFBVV95cUxNMXhMd0V4TER1LUxGMDRkODZZT1NDaWozQ1JnUnFkU2dmZWxRZlBpNVItdGNFNS1jV2lNRC1LOGtLdmFrZGhWaWJCVGd2c1EwM3EtQlM1Z0ZQVFFuTUdJbUlpUmJuQWl2dWhoSkpSS3E1YnJHOVZETHpOekRpa0RLTURwTDI?oc=5,"Fri, 22 May 2026 04:01:42 GMT",
2026-05-24T01:32:54,Google News FT,BYD in talks with Christian Horner over entering F1 - Financial Times,https://news.google.com/rss/articles/CBMihAFBVV95cUxQTDh4LXlORFlxWDZKalJXU0NKT2lvRi1zWjhxSHpycVNOSjQzMHhKRGNnaDZVS1BValZlMld4R1B2UzF3alZZYUFtSEhNLXd1bXBUZFFsQ3Y3dlNIa2dCV3NCSEJTWkJXaFBVVjZYeFgzMGJDeUNtVnd5T0Q1VmlSVDB1S24?oc=5,"Thu, 21 May 2026 13:55:45 GMT",
2026-05-24T01:32:54,Google News FT,JPMorgan looks to offload exposure to $4bn in private equity-linked loans - Financial Times,https://news.google.com/rss/articles/CBMihAFBVV95cUxOM1pKX3lILWF0T2FIR2pPM21ZZTJ1aXE0NTVwSFUxLXdSVmlTWEREZzd3Zk4tZXZjOV9zOEtHSEswcjVEZHpIQ2toa1FIMnM2alNYcUVjS0h6N1dUa3AtMHRhU2FSX3Q2c0JTd05QeEFPdG13dmtXWjlIUjJETC12QkNuaWg?oc=5,"Fri, 22 May 2026 04:01:42 GMT",
2026-05-24T01:32:54,Google News FT,"As Burnham kicks off campaign, Starmer fights to stay in the game - Financial Times",https://news.google.com/rss/articles/CBMihAFBVV95cUxNYmFydG4zS2NJcXZUSXZEUnBQQmIwdHJhdllIOVdINkxjUElmQnZKUDZMNTRpNnVlS1hPbEFuWkRyNFFTSUJOZlVIdWVIZmQ4NFNCNFplUGs5VjU5bGZTMlIxRm1RbGVINWJsZDliejcwdVV6cmV1TjNaSUZwZG8yOEs2Zk8?oc=5,"Sat, 23 May 2026 04:01:23 GMT",
2026-05-24T01:32:54,Google News FT,How Chris Hohn built the world’s most profitable hedge fund - Financial Times,https://news.google.com/rss/articles/CBMihAFBVV95cUxOM0ZNNk5FUE5rYkF3cVZsaEYxQU9VUWVYWFNSZEQzS0kwWnZndVBEY2N2c1oyWkJqX0N0UUJTY0t5VkJFZl9ELW92eWN5V19sT0UzM3I3OUZCSzAzenNUS0d1LTVzdkFwbmVsVlI2QS0zODM2dE83VVZIYzdSdEZSaFZEdGY?oc=5,"Thu, 21 May 2026 04:01:02 GMT",
2026-05-24T01:32:54,Google News FT,Barnacles and jellyfish infest ships trapped in the Gulf - Financial Times,https://news.google.com/rss/articles/CBMihAFBVV95cUxNVk1tNWVqUkhER0tzTVNJVXhFQXRNTHNsSkpUa1VIRHhZZ0FBVl8wcHF6Z1Myamg0NzJFMVhVUEdtdk9LbDl5cWlsN0Y4T0tiSnIybXRFT1FsM2t2bmdzNWt4a3h0ZWp2WmY0bnFJdmwzNElVU3JWT2tDbmRHYzkxaExFMGo?oc=5,"Thu, 21 May 2026 04:00:34 GMT",
2026-05-24T01:32:54,Google News FT,Saudi Arabia stops new work for consultants as war rattles finances - Financial Times,https://news.google.com/rss/articles/CBMihAFBVV95cUxOMUQyVU9xQVBNVnlSUWkwNlZnZU9uTjRPdC1ic0lIUWdsN05NUHZDaU1zejY0UlFTNEFjeldxLTRYYlktTVcxSGxsWTROMjE3eG5aRTJ3SG1qTi11Ym41b0J3eVZtUHhWMS1lYTBqaXRPbUNhQk80bkV2WGh6RVdWMlNwYlI?oc=5,"Thu, 21 May 2026 04:01:23 GMT",
2026-05-24T01:32:54,Google News FT,Europe’s best employers 2026: ranking - Financial Times,https://news.google.com/rss/articles/CBMicEFVX3lxTE5rRGlGY3FtenZmNl8tU3lGbVhpTXYwRG1BNWR5QVl2RkNfQjVycnBOZVdwYzBnTjZMemhSUnVQd2UyS0tuQ2NfMWV5a3hhaV9jWU5KMlJfVmcxbWdsM2FzRWNzWGZiYnctcm1ydFVrMng?oc=5,"Thu, 21 May 2026 04:01:20 GMT",
2026-05-24T01:32:54,Google News FT,"Big Tech software era is over, says top investor James Anderson - Financial Times",https://news.google.com/rss/articles/CBMihAFBVV95cUxPcFcwTS1wQms5bk5HVG52Q0xabzR2R0tQMnZRUzJTU0R6N2RiZGZfZHZmNkV4NTRWdG9MT0dEQ0VidWxEY1FhUjFTcDJqS0Q4MlFrR2JzMmxNNUZrbHZIeEdTMXRLb2dlRFU5LWtGd2tlcS1WLXZfZTlXWjduY1c5T21oQVY?oc=5,"Thu, 21 May 2026 10:43:26 GMT",
2026-05-24T01:32:54,Google News FT,Greek finance minister says most troika reforms ‘absolutely necessary’ - Financial Times,https://news.google.com/rss/articles/CBMihAFBVV95cUxPUUZ0SUVuYjdNeVZaLUs3dElKWm5ScFNlU1dRWHBSMUpUNTQyRVEwV19wMTg0eTZzU0tPVWZOOF96bkM4NVNRd0dDa2V3Q0pCb1AxdGwzMHVRUk5aMjlLbElzQ0Z6UzJ1MUM4U3Rzb1N5MElEOEwybExKUjlPbWlaNzJTYWE?oc=5,"Thu, 21 May 2026 04:00:33 GMT",
2026-05-24T01:32:54,Google News FT,"To infinity and beyond, with the SpaceX IPO - Financial Times",https://news.google.com/rss/articles/CBMihAFBVV95cUxPOFdiMzFUalFWa05ZQ2ZpZVp2NFFwWDlJdW1YQ1d5Sm1VX2gzSFVhSlpNWGh2dDV5QjlHQUlsZ0VZOUVlamRFZlAwdmVtTXZ3dzVBQU95Y2xZdlg4QkhPME1WYWw4dlNMTG5wYUwzaG5uQ2tIdkJfNEV2dm85LWhrM3JBWXI?oc=5,"Fri, 22 May 2026 16:08:20 GMT",
2026-05-24T01:32:54,Google News FT,China’s elite students pore over Mao Zedong and Xi Jinping to nail top jobs - Financial Times,https://news.google.com/rss/articles/CBMihAFBVV95cUxOMGJ1U1ZpaFJaRmhEZVpRMTJJcU1ZOUotSDVSbFVEa1F2T0wyamJEQ2R6YUZSZ2x5UFB2TzA3em1DVGNGYWhpZ0ZNZ2Y2VGNfd05uU2RsM2hJSGtHQS1OVEp2X2RVMEFvV0FHWDRrR3UzbDllb3d4bWFZUHVzbUVLWXdTWU4?oc=5,"Fri, 22 May 2026 03:16:25 GMT",
2026-05-24T01:32:54,Google News FT,Pentagon official’s Beijing visit in doubt over $14bn US arms package for Taiwan - Financial Times,https://news.google.com/rss/articles/CBMihAFBVV95cUxOYWFDeXBnRVhyOHdraU1JdXRvcmtfemhQWmFkYUFpS0hneWdaRFhIcG9IaWNabF9qMVRBTEJycU15ak1pWk5sSFdXZS1RSEtwSldKS1V3UUIxWjRsZGFVS01MNzN4ajFCcFBOUEFPRzN3UGpKeWRZb2pORUJjNVdkdnBudEU?oc=5,"Wed, 20 May 2026 23:12:29 GMT",
2026-05-24T01:32:54,Google News FT,Bond slump stirs vigilante fears - Financial Times,https://news.google.com/rss/articles/CBMihAFBVV95cUxQQmpmSnlDQWd3cmtmNERKMW1reXhYZDBPek4tNk4xZHhEaTR0dUNJaWdpbDF1c0NoTXlidjZfZWFRMVVIZ0QyYVFPRWFPWF90OEk4VnVPbjMxMDJWTDBpeWlWNFJGSXY0T2RKQ29rNHh0SV9jVHpxR3J0d2dvcFNqN1c5Snk?oc=5,"Sat, 23 May 2026 04:01:23 GMT",
2026-05-24T01:32:54,Google News FT,"Sleep helps brain clean Alzheimer’s-linked toxins, study says - Financial Times",https://news.google.com/rss/articles/CBMihAFBVV95cUxNZTY5V2g0cTZiSEN3QUhaTVRrWGlHUDRiQ3AwU1pfMUY3LUlENXIxUWFrNmFMelRmVlVXbnAwQm5DWktPRFdpWHVFaHFnNWVvOGFhaEREdTZVQXRmREttVk9QOVdrRFByUEtGVkZzSEM2bEVsLUI3ZXliSkhORlpEU0YycWM?oc=5,"Thu, 21 May 2026 18:00:04 GMT",
2026-05-24T01:32:54,Google News FT,France seeks to join UK-German long-range missile plan - Financial Times,https://news.google.com/rss/articles/CBMihAFBVV95cUxPeEhhVnZvWlRveVhLUFdoUTFQcU5sWUl6RUxHOWlJTU9ub1YtOHRjbFE5MzlPUUk2TnQyYUNUMzNiNC15V0NtREE4d2xxQ0t0WjhoZjdnRHltdUdRYjVMQ0kwN2tsTXhvamhzY2FmRjBJY2VhMzh3cnJDYWY2ZzIwRzB1eDI?oc=5,"Fri, 22 May 2026 12:39:08 GMT",
2026-05-24T01:32:54,Google News FT,China cracks down on illegal cross-border securities trading - Financial Times,https://news.google.com/rss/articles/CBMihAFBVV95cUxQNUR4UUlEUVkzSjk2N3FTZkF4MUc4cmdYZm9sTmdJVjM5RUVwUF9kcFdXaW5BS2hwV1c0MEZYNTFjaGpZQU9IM3h4Y2syZUY5aFF2Wi1xaE9XVFdxNlB2SEhuRE1hdzhac09NV2h3QWU5clVGUlRZTlBGRXM2LUh3eDVhVUE?oc=5,"Fri, 22 May 2026 09:52:49 GMT",
2026-05-24T01:32:54,Google News FT,Donald Trump and sons granted ‘forever’ immunity from existing tax audits - Financial Times,https://news.google.com/rss/articles/CBMihAFBVV95cUxNLXdQb05hclE5THN5aUx6b1c4MVotXzdVenBueHp0RDNNeHE5TjVlTEUwU2ZPNzVvNUFmOWZyeVV0Mk5wUVJFanZob25lV0pNSUJYeXoySXgxRzdoZmhwU0xXaS0wNmU2OU9PclVFOUVCYkdmaFduVUI1aUJNTUN5VG1iV1o?oc=5,"Tue, 19 May 2026 21:21:38 GMT",
2026-05-24T01:32:54,Google News FT,The oil shock is coming for America - Financial Times,https://news.google.com/rss/articles/CBMihAFBVV95cUxOVFJydVFwNkZXdlgzWTFKb0dXdklHallGNWpXT2x3a0dQRm1CVlByNDdvM2dwakdkZE9fRmlqT3V0UzFoNTFhRTY2RnRQcUpVY25CLUhnME5rRXZ4Z3RCS0ZENEJ2M1NNRmZNZ1hVQlJwOUJEQ1RlRUE5WnVLeVI5SzY1R0M?oc=5,"Wed, 20 May 2026 12:00:04 GMT",
2026-05-24T01:32:54,Google News FT,America’s ‘simultaneity’ nightmare - Financial Times,https://news.google.com/rss/articles/CBMicEFVX3lxTE9OUHhxTlBWM1ZQTFZGLXUxcnlla0lsOGo1ZWpsUC1sZnI2Rlpta3RtU1RiMTdDX0NCQ25SU1BBTEVxdFJua0J5OWpjeDhsQ1hDcno5QUZLQTNjVlJlZ3Y3a3k0MnY5WFh5akFUakxvblU?oc=5,"Fri, 22 May 2026 16:00:01 GMT",
2026-05-24T01:32:54,Google News FT,The impossible maths of the AI boom - Financial Times,https://news.google.com/rss/articles/CBMihAFBVV95cUxNMmZ0b19iSGgzOEhnRDdKeG0xcEt3SVdpNXVTUmJZTTNiZjd6aWJpa1NaYlJLemk5aDEyQlhfZlFhXy02dFJZQ3lTdVEydjdleU1pVGZub0dacEhJUmV1N1NHRzQwVXFDQnl0aHVNZjgwOWZMSW9GdDZjQnJlZlZURTMtcGg?oc=5,"Wed, 20 May 2026 04:06:06 GMT",
2026-05-24T01:32:54,Google News FT,BrewDog co-founder to attempt comeback with ‘Second Best’ beer brand - Financial Times,https://news.google.com/rss/articles/CBMihAFBVV95cUxPV1l1cUJZellZVU9HdjBVWmw1cjJfQUNybWhfNU1sUklwMkFzenZBbXJWZVcyNUtxQ193TFRNWVZkbnJRejdmcXRicVl2NGNkR1dVWW1yeGk4U01wdzVQZk1RZF9JczdDS3RhYmJuaXhzX2M5T1BPVkVMQng2cXlfcjlKejY?oc=5,"Fri, 22 May 2026 16:42:55 GMT",
2026-05-24T01:32:54,Google News FT,Gilt relief rally sends yields to biggest weekly drop since 2023 - Financial Times,https://news.google.com/rss/articles/CBMihAFBVV95cUxQZmxUdXVZaGZuMUJ3MDg3bHg1R2pTaXRFM3Yyd3pCYzQ1cTVEYVdhMHJfZmRhVlNjTnZzZXBuOHZKYW9ZcWx4X3FNX284cFliZWZ5MTd0UmtLVFByeTFOay15UEJIaHdOTDFheFZ3cWhwQ2ZtUENaYktpR0IzeWZFTUgtcE0?oc=5,"Fri, 22 May 2026 09:39:46 GMT",
2026-05-24T01:32:54,Google News FT,"Jonathan Andic, the Mango heir turned homicide suspect - Financial Times",https://news.google.com/rss/articles/CBMihAFBVV95cUxPWk1pWG9DSEJqXzN4MUk1X1Z0U01RbUtNWGllcUhlM2pZeEFqS3VhQnRPRlN6YVhhTEtMRXpQSVJabml5Skd0Zm14TkcwRHpKUmwwYjFjc3Q0NmY3TXEwSHlUT195VDlsMVUyV3laREg4RXRZSmFzZ3cza3N3V0VVT2p2eVc?oc=5,"Fri, 22 May 2026 14:37:09 GMT",
2026-05-24T01:32:54,Google News FT,Turkey passes tax amnesty as war strains economy - Financial Times,https://news.google.com/rss/articles/CBMihAFBVV95cUxPOXJYOXM5anZlVXFVWHY3S2I4eERDcVRiR1pXd01PdlBYYzBwRVhXSFE5VTVZSEIxMXJGcXRnYTdxTnh3c3BCaWp2MmNiLWVnRFc5OFdnZ3JocE5IeGFtRnRXdGQtSEY5TFhIYzFMOURldnF2eHYxOGIzTzF0UHNYbmxBRXI?oc=5,"Thu, 21 May 2026 15:03:38 GMT",
2026-05-24T01:32:54,Google News FT,Kraken El Niño is coming for the crops - Financial Times,https://news.google.com/rss/articles/CBMicEFVX3lxTE4tOUp6ZUl4cDgwT0tTT1k1YjlVVG1fNFBFeFlOeHo4c3hFdl80OG02OUpjTW5YelhJTHY1dXZTeENScnRiRTlfYWJCSXdGV1RhSURRRkdlaDZSMXowemtBLXRvRVZHeThhS1BwSkNPbGw?oc=5,"Thu, 21 May 2026 15:51:08 GMT",
2026-05-24T01:32:54,Google News FT,Jamie Dimon praises China for being ‘more consistent’ - Financial Times,https://news.google.com/rss/articles/CBMihAFBVV95cUxQZ1VmYnFZRlJ5OUwyZHFiZldjSjYyWVp1MkZMckNMUEFvb1pKWmRUWDNSZEtUTjMwZF9Ld2ZNeUxxV3JBR2s1LTQxcnlxRTE2amxUeGY4RzgzUi1aSFl0WHRJS0c1R2llLU5XQk9lTFQxN0J1NTdpTU9kWTRqdXNkeEhZa0g?oc=5,"Thu, 21 May 2026 05:14:16 GMT",
2026-05-24T01:32:54,Google News FT,How not to manage a global oil crisis - Financial Times,https://news.google.com/rss/articles/CBMihAFBVV95cUxPQ0FIUC1ZTVplWVJhM3I1anA2OFBPZ3VxQVVKLWw1OTY1Z0NMUUxlUlZXTnVqQ3ZHNGo3QjZ2RFFhMGp3ZTFQQWVHbWhHM0NjQ3FrSUMwRjhQTWpuV3JuemRtOXBVTmdjSnhCQlJlaHhPNDBsTnQtbE8zNkVrdHFUTEtudXo?oc=5,"Thu, 21 May 2026 10:00:07 GMT",
2026-05-24T01:32:54,Google News FT,EU mulls Angela Merkel or Mario Draghi as possible Vladimir Putin whisperer - Financial Times,https://news.google.com/rss/articles/CBMihAFBVV95cUxPTTA5ZW9BWVRCSm1QVnRTWUR5WDllSTFMdkZ1VkZfRzlLcTJQYXlRZ1pGSVRzN2QtbERTbXNxeXE4R0VxNWpjRHNFR2ZwVXNDVFRHN3J2dF83cWtHY2ZSNWNITVBKWVpROXJDWUFSRmNyQjhYckhqYnFkQ0pka0ZPS1AxUXE?oc=5,"Wed, 20 May 2026 04:32:13 GMT",
2026-05-24T01:32:54,Google News FT,"Farage, crypto and the £5mn gift - Financial Times",https://news.google.com/rss/articles/CBMihAFBVV95cUxPakZrS2RaOUNXa2JnOGhYWkRtYlFOal84NnBnWEFPd191MFhxVzUxNGpoaUlLbWl0Q1pnRlR3QnBNeFB4S19fN21YQzQtM0VJc2w5dm0wa1F1ZnU2d3pWV3ZndFpzekVzV08zdGlxaG5CTXRGckl2aVJ4OHRDeVN2N1g5YlE?oc=5,"Wed, 20 May 2026 17:53:58 GMT",
2026-05-24T01:32:54,Google News FT,Italy’s biggest bank explores bid for Spanish wealth manager - Financial Times,https://news.google.com/rss/articles/CBMihAFBVV95cUxORFdaU0hMUkNqQmdOc1pKb1QxX3J5SEJkRjBoSDc3SXlrQnlnZTV1WjJRc24wMWRLSkNHXzJ3S2VNY0VJZGVHdFFfbmFiUDNULWhfYVJRYU1MLXl0NVJVMGh1NWp0VE1Ca2M2blB6Y1lvdTBRU1hHWkNLdDNBUU9KOERVcGk?oc=5,"Wed, 20 May 2026 13:55:19 GMT",
2026-05-24T01:32:54,Google News FT,Morgan Stanley issues China-only iPhones to its Hong Kong bankers - Financial Times,https://news.google.com/rss/articles/CBMihAFBVV95cUxQc1l1eEo3SUhCRFBMTmlXbmREVmJTVzlURGV4a0F0bEFxcFlSRkVvYkJIZ3ZZZHZmUWtjcWlTWk1VZUV6N2xtbkh6RHRVeFNnNkZoUEpva3k3RGRHWnY3WWhoUUsxX3pRbFZ5bFZBTW1WNzdxRWg0cGlyU1I3Nk5rRENkdms?oc=5,"Tue, 19 May 2026 23:01:08 GMT",
2026-05-24T01:32:54,Google News FT,Euro stablecoin project gains backing of 37 banks - Financial Times,https://news.google.com/rss/articles/CBMihAFBVV95cUxPQms5TE9yRFZadENncmdwOUwwN3d1bGtHNkZTN3NpNERhOUZLajNadmtJTGtWM3hwaE1hTkN1eWhpNXBTRERRYWtpRTc4Y1JOV18zdEl1c2tSOENmdnhkOW85Y3lnMDlHM0p0Tjc2Y1pUMXpTSzdDV0tpOTNuQXRCUmtqZzY?oc=5,"Wed, 20 May 2026 07:00:01 GMT",
2026-05-24T01:32:54,Google News FT,UK Treasury pushes supermarkets to cap food prices - Financial Times,https://news.google.com/rss/articles/CBMihAFBVV95cUxQb3hkMmU0emxZUlc5QmJIS2lkTy0xRWhXeHRSVUFvTGVfU0Z4YmJ6ekZWNGFsR3ExbXBsWTFRMUpUb0JndV9keHBEb3F2S212Ujc0c0FSOFd2eTNmajVFLUoxYzlOQmhKSWlpU0Z3ejF3TnhlRm90endNYUd3QnBEQkoxdUc?oc=5,"Tue, 19 May 2026 15:24:59 GMT",
2026-05-24T01:32:54,Google News FT,Xi Jinping told Donald Trump that Putin might ‘regret’ invasion of Ukraine - Financial Times,https://news.google.com/rss/articles/CBMihAFBVV95cUxPdU92OVBGaHVVOEhRSEtScWNCY19ac0tETndLTEJOODVVcld5bE5WbGk5eVU1bEdna0R6T2VOcmNoR3dwQmR4TkJXS2pibGpmam1nWnRkd1JhVkZjSTFWeDFPMFp2NTJFZW5XbTZ4U3JpLVgzeFFOMmRmRFkxNFdiTElsOGw?oc=5,"Tue, 19 May 2026 15:30:37 GMT",
2026-05-24T01:32:54,Google News FT,Google DeepMind founder Demis Hassabis’s investment in AI arch-rival Anthropic revealed - Financial Times,https://news.google.com/rss/articles/CBMihAFBVV95cUxNaGJRd2hJaFE3b0FNZnB6U19LMFNMSFNzMngtWmNTdW1NVE9TNE5IZ3FrdmJ4REVZVmE4elQybGw4VEpqTDBDYlV4Wm03TUV0dzRQR0pxYnJjVXVRQjh3ZGlYSFFRRzZ0T3ZTQXNrX0t1OExBSS11dWtFRnpxYzZNNGJ1VXQ?oc=5,"Tue, 19 May 2026 04:30:50 GMT",
2026-05-24T01:32:54,Google News FT,Get ready to take sides in Big Tech’s giant IPO bake-off - Financial Times,https://news.google.com/rss/articles/CBMihAFBVV95cUxQRkhOZ0xYMXB0bE5kVk9YeW5fTG5zTGlBRWw1U1ZPODFhc1JtNU41dlhNV2h2aVdiY21Ma3F6TzRPaVA3MmxURnZlNUpZTWxWblpZM1dwTjBuOWM3NVFSV0tZbURkcUhIN3ZzeGNKUmtvandIS0NuXzhlRkhRT1dKaTdwWU4?oc=5,"Sat, 23 May 2026 05:02:53 GMT",
2026-05-24T01:32:54,Google News FT,Pakistan army chief visits Tehran in push for US-Iran deal - Financial Times,https://news.google.com/rss/articles/CBMihAFBVV95cUxQWnZyd1o3R3hzc0lfNnAwaDFEOGRrazBEQW9XeGVUQWhIRV9fdUk5a3VrTVRoVU5hSV9ZYTZ3OWF5dGphOVBuQXlDUFZ3aURmTUJmSmdCY0twZkYxX0d4OGtkSktPR3pfM195b19GNHFsVEFXaGotN0hOWWx3VVNueHhWeG0?oc=5,"Sat, 23 May 2026 12:46:35 GMT",
2026-05-24T01:32:54,Google News FT,Europe’s biggest office deal since 2022 collapses - Financial Times,https://news.google.com/rss/articles/CBMihAFBVV95cUxNdTVkVlBYZlpBREVyTWtOUWUxZnBIM1d0SlFPZEJPWjBEYUdvLVBqRXRtV3lsa2R2UGlzMzRLWHE3MTFIaUROTVg2Y0ZFekFabHNWZFJCdy13bFd0Q2pWMmdJNGkta3ItV1ZJY0ZVOVRKYWhBRDlFUG5GanVUMU90MThrOEQ?oc=5,"Wed, 20 May 2026 08:06:47 GMT",
2026-05-24T01:32:54,Google News FT,The EU’s ‘Mr Fixit’ - Financial Times,https://news.google.com/rss/articles/CBMihAFBVV95cUxPVTlwZGp3Ui1rMmNFRzlWSzdnZmd4VnhjTkptY2VORTAtYm9ZR245ekZkTGhsQVZ6WWlxU1I5TDh2Q09BcGdJSlRzam5sckVsN3hCT1RCZ3FEb1ZjVDRIdE5WMG9BVjZ0UHNuSkJudzFrV1FzNlBkQ3l1Zjg2RndVdkFKOFg?oc=5,"Fri, 22 May 2026 11:30:01 GMT",
2026-05-24T01:32:54,Google News FT,"Israel seizes 1,000 sq km under Benjamin Netanyahu’s war strategy - Financial Times",https://news.google.com/rss/articles/CBMihAFBVV95cUxPNFhMT2JYY0JsSHJPWGNqSzB0ZzBWSnA2aUdsLW9HbnpPTE5ZS2IzX2tFM1M0QzhiUllWQ0p1SlhuY0ZJX0NyNEx5QWV1OW9DWFJRWFVHTUJpM3pOSTNlNWljRjNIR0xqY0xyYnpaYzdKLWUtWE44eEdvdTFOSkNiVWViUXM?oc=5,"Tue, 19 May 2026 04:01:11 GMT",
2026-05-24T01:32:54,Google News FT,Wall Street bets on 2026 rate rise as Kevin Warsh takes charge of the Fed - Financial Times,https://news.google.com/rss/articles/CBMihAFBVV95cUxNVnBCbkx4cVlhVXJlWEpHTjJ6bmt6d1BSUnVxU2xabkhSUXY1dG0ya25mcmUyVW8ydTQxNnZfYWhDZHNlVVpnSldpUDlnX1NWOWVpTUtaRUJ1ODdyVHJyWUw5ZS1oTDU4RHhmNGtldVpXOFJDQ3NMaE1JUnpnVXQ1SzlsekY?oc=5,"Fri, 22 May 2026 14:57:29 GMT",
2026-05-24T01:32:54,Google News FT,Boards of Canada fuse esoteric knowledge and science on Inferno — album review - Financial Times,https://news.google.com/rss/articles/CBMihAFBVV95cUxQR0ZuaGVjTUVOUUV5Ml9BSTdDb0gzWTkwTVR0ZUMweFdaWkFTN2Z4T0ZsLTdHbmtoNFpmOVY4V204VXdvMlRjdm8xRjlnY2twMVlBNVQxaXlOcjlVLTRNQllZZ3hwU1pIS2RoZHE0dDN2OUc1SDdIdE9NVXp0a2paMGlWQ1Q?oc=5,"Sat, 23 May 2026 05:00:05 GMT",
2026-05-24T01:32:54,Google News FT,Elon Musk’s SpaceX sets out plans for biggest IPO in history - Financial Times,https://news.google.com/rss/articles/CBMihAFBVV95cUxPX3hfYl9IeUVlb3NhU09raTRGUkhtbldWUDRHeW5oSDRVa05wSUdVbHpIV25uSUhWdTY2QnhJZTJTbjVPRWZVQWE2d0xqMHo5SE9LQkszTFNJUFhjaXlqejIwWnkzYko3UjlSVVZNVEt2U3FKcS1TajYyYmlBQkxQNzYxQjU?oc=5,"Wed, 20 May 2026 20:57:04 GMT",
2026-05-24T01:32:54,Google News FT,The unprecedented cost of being a grandparent - Financial Times,https://news.google.com/rss/articles/CBMihAFBVV95cUxQTWpadFVFTEk1Rm5hRjN5MkMzVWNCMkdPOWs1UVF1ZDFHSXN6VFFpSFBpQmphLWdYcFpWaXpJSkRid1JKeWJrMWY5S0JWLXBFZkdKTmJFQk1SY1ZzeTlYeWtsWXc5aWlaa0JRWmFRaDlJNnJPN2FXSS16dG1UZ1lWWFh5RVU?oc=5,"Sat, 23 May 2026 04:00:19 GMT",
2026-05-24T01:32:54,Google News FT,Donald Trump’s risky military options to break Iran deadlock - Financial Times,https://news.google.com/rss/articles/CBMihAFBVV95cUxPcW9qcFRKWlJWeF9LZkpoc1JCUDRPcGJHcHFFXzlxUFVNZGJ5bkhSRUgzcnhMSVUxS09aWGU3cVpDOHZlNVU3VDd0X2NCbF93ZTItVjRJejhlYjB6Wjh1TGt2aVRNbEJUSXZxeG5VcHdobHJxNXhFdkVJUUxVa3Nua1BzMmQ?oc=5,"Fri, 22 May 2026 10:34:00 GMT",
2026-05-24T01:32:54,Google News FT,Bolivia rocked by protests as fuel shortages and rising costs bite - Financial Times,https://news.google.com/rss/articles/CBMicEFVX3lxTE93YzA1UWVtVWttcjR0MjFUZVQ4YWdIWWF2NjhmZ1k0TWJ0UkFQWDJxZ3NldXp2cXV4VU93UG45UmdjSWh6TFA0YkMtYW9oc2dxSmg0cDRpRWwydWhTYzdIY2pNSGMzQmw1dnJHLVJZbVg?oc=5,"Fri, 22 May 2026 15:14:48 GMT",
2026-05-24T01:32:54,Google News FT,UBS: the bank that outgrew a country - Financial Times,https://news.google.com/rss/articles/CBMihAFBVV95cUxNMmJzbTZDLWlaUV9HdWhQOFFWQmNVeTlUR3ZCNzlPSGkzYnlFeW52bTRQaDlEYWhLSkpqTU5ZazZMd3RtRC1PSy1yLXdhaTJPbHJFUFNZckZyM3FFbHNaTGdyeTEybDNZcUlmeFhPS3NZRE1PUmNaUUdDQXNvYTZheEpOX2o?oc=5,"Mon, 18 May 2026 04:00:58 GMT",
2026-05-24T01:32:54,Google News FT,As athletes gather for ‘steroid Olympics’ the real stars are the drugs - Financial Times,https://news.google.com/rss/articles/CBMihAFBVV95cUxQWHdCOHlmMFJMcUtLTEcxZE8wd292dHI5NEc3RndKRjVCMWt4aGVZZ2pLN0JkX081eFVEXzROQ0otMmlnbDltcTIxZjRPT3EzMURGT0JpdFNadnd5enhYLWVvN2xXYk9HVGZkay1aNmNlbU8xZGdfWHBTRGEzaEt4MXBJOGs?oc=5,"Fri, 22 May 2026 04:01:42 GMT",
2026-05-24T01:32:54,Google News FT,"Colin Inman, FT Style Guide author, 1938-2026 - Financial Times",https://news.google.com/rss/articles/CBMihAFBVV95cUxOaGhjSGZveGVkMVV0SGc1QV9JTnoyalNWdlJjLTAxSHlTbmpOQUlBckxGMDlJMUhLLUtOX3hfRDlydFIzaDdEd29VZHdMc2JZMUc2dWcxZzlkMWVoaDJWeU1vRVAyOHluamltaGZxM0huOWJUdjdRTUhjVlE1d0VZV05COVE?oc=5,"Fri, 22 May 2026 17:01:22 GMT",
2026-05-24T01:32:54,Google News FT,EU plans to force companies to buy parts from non-Chinese suppliers - Financial Times,https://news.google.com/rss/articles/CBMihAFBVV95cUxNc3ZoXzBQU3JxSzAzSXZybnRKbDRVM1VKcUk4RUZOaDFXcEc4cS15NmZVZTJTTGFRNzBiYS0wYTQ5LVlhQUt1eGNpTTJpMTJTbk1OaGFmanpkLUQtdEN2Z2tyVEtYZmxFMUI1N21sQWxtNHNTMWYwaWZEMm9oQjRNVkY0OEs?oc=5,"Mon, 18 May 2026 04:00:13 GMT",
2026-05-24T01:32:54,Google News FT,Germany goes from labour shortages to hiring freezes - Financial Times,https://news.google.com/rss/articles/CBMihAFBVV95cUxPRnktQWtIVDA1ZUtlM1VIeXBVZkxYN0tMcERqSmo0bTd2NGtHUVFWZlhneW1yM0EzMEx5X19BUjZ2c2xHa0pTVDR5WTN3dWZWQ0tPUFRaaHZXdUs0Vnk0RUtTNUtsRVJJeGtWSHVjazdRZUtfc2ZZb1daZC1zYnNOWTlfV1o?oc=5,"Mon, 18 May 2026 04:00:58 GMT",
2026-05-24T01:32:54,Google News FT,Shipping exchange argues Strait of Hormuz is not closed in lawsuit defence - Financial Times,https://news.google.com/rss/articles/CBMihAFBVV95cUxOR09hYlZOOUFrWnpnMFJMbENCUDU3MGxfX0ZhVzgwYUhDdDBxclF3RjF2MGJXVnZVUTIzYW03TjNUNjN1ZGZkZXlxc05lOVQ2OU01anAwVW8zSHVUOUNCWjQ4Snp4M3htcEk3blotbVpRMXJxX0FLWFpfeXpHTnd4LXBIbV8?oc=5,"Fri, 22 May 2026 06:16:41 GMT",
2026-05-24T01:32:54,Google News FT,Global buyout funds to exit China’s data centres with final $1bn deal - Financial Times,https://news.google.com/rss/articles/CBMihAFBVV95cUxPVUdjdnhOeEY2VVdQYXBhRHE5Z2hERUYtSnNPdUVjaTg1Rm4xSG91dWZJaTdsMnYwMUNHLVJXU1FmR1lrVVBTQlM4SWFyQ2toR1RwZnlBcnBvRGE3bWN3RGNWb2h4akpwY0ZmeXZ6bnhOdEo2Y3dsMGJaVkJBX3BwT05NYjQ?oc=5,"Fri, 22 May 2026 00:15:44 GMT",
2026-05-24T01:32:54,Google News FT,SpaceX launches redesigned Starship in successful pre-IPO test - Financial Times,https://news.google.com/rss/articles/CBMihAFBVV95cUxNRmVIWXVOS2dNa2x4YXZJanJJSWwyX1drNDlZRGtFZ05keHdBUUNvUllKVzZwQzJsN0k4RkY3ZDJGUlpiSHcydWN2WDctZDFyQ3pxdThXWDdhUEJZbG5zNGZBM2FfMFVmX2l1enRsbDlsU29jQmd6ZFZNVnl0dGFDdDJSTDA?oc=5,"Sat, 23 May 2026 00:31:23 GMT",
2026-05-24T01:32:54,Google News FT,Inside the technicolour world of Jack White - Financial Times,https://news.google.com/rss/articles/CBMicEFVX3lxTE1JblhPM2hXSF9TZFNxSDJqcjgzNUNTZVBKZUFNTC0zREFoT2hVb1UzUlVSTHItT2k1SjFHT0RIdVBady1aanlmbEF4WUxrLXpxSFowOE1HMEdRZTJ5WENXdjRBZENDbDFVUURWSHlTWVM?oc=5,"Fri, 22 May 2026 08:30:02 GMT",
2026-05-24T01:32:54,Google News FT,Why birth rates are falling everywhere all at once - Financial Times,https://news.google.com/rss/articles/CBMihAFBVV95cUxQemVMSmZOUjRrWmFQclk2MlFqQ2ZnSE5XX0xkMkpjYWRTRkxFc3ByZk9LTjRlZ0o2QXNKTVczajlvTkpiVWNBLV9JRzJHRHpQclFxVzU0Uncxc3BETTRCbW9xV3FWblhLNVZlS1FmNGstZVc5TUEyYU9sa0dDTmVUbUR6WHM?oc=5,"Fri, 15 May 2026 07:00:00 GMT",
2026-05-24T01:32:54,Google News FT,Generics drugmaker Sandoz calls for EU to probe alleged China dumping - Financial Times,https://news.google.com/rss/articles/CBMihAFBVV95cUxQMHFUMFk5MWlzd3lITVhnbTlTYTY3dnhSdklzNWF3eVNoZnVOVFNkSWhkODBFcVBiY243WTFhbDEwbi1fajBhUTktLVB3czJmdTB4cTc4NVV6SFdxWFdfSFUyZjlJSEY5UHNIN0ZTUUVPZmhyMzFEMWdhZENuRDAxa2FUVWk?oc=5,"Fri, 22 May 2026 05:32:08 GMT",
2026-05-24T01:32:54,Google News FT,CVC consortium launches €10.9bn offer for Italian drugmaker Recordati - Financial Times,https://news.google.com/rss/articles/CBMihAFBVV95cUxPU1J2UkFxZlg2Rk5LdHdxbjJZR0xkQ0xJZ2VEeU82S2NzeWV2c2gwc0s3T254TnNOdUwyZTNCWW1JZmdFYVgzNFlOakxaNjNnUElkdWFHR3Z1VDY2LW50ZjMxb1FvcjhiUDBIZXkwTWN3RTVocS1sbHNtblRLakNZNlpQUTE?oc=5,"Fri, 22 May 2026 10:37:00 GMT",
2026-05-24T01:32:54,Google News FT,Starbucks grapples with backlash in South Korea after ‘Tank Day’ marketing mis-step - Financial Times,https://news.google.com/rss/articles/CBMihAFBVV95cUxQUWNEeW1mQTN1RkFHZ0V0M2JOOVJVS2ZWZWhLTzNiR2ZTcFhJQ3lDMHNkYVhiN3d1Njk0eVlhamlOY3ZNQ3lvQjZTRGhUd2xVeUoyc0lTRmx0MTMzRG9wTElYaktEbE5jdk13eVNPaDJPbUFtMkE5RWh2akliU1llY3lqaGw?oc=5,"Fri, 22 May 2026 08:13:05 GMT",
2026-05-24T01:32:54,Google News FT,Turkey seeks to calm investors after opposition ruling sparks sell-off - Financial Times,https://news.google.com/rss/articles/CBMihAFBVV95cUxQTXFSYnNLN0ZGU0NhdGJMaTN1d3A3azBIUUNieGFieGhuMXFkMXNDZDdkdUJKb0xWUE94TmZWYkxsRkRhZzVJUmlQMDdIaGhzanBTNThKeVNTbmhLMkJCazJreGZObFhmdjlXcGpKR1Z5RmtfNy1yQlFsNm04LUx3dWlCbjU?oc=5,"Fri, 22 May 2026 11:14:03 GMT",
2026-05-24T01:32:54,Google News FT,Alberta to hold vote on referendum to separate from Canada - Financial Times,https://news.google.com/rss/articles/CBMihAFBVV95cUxNRTJweXk1dl9hM0ttaGFENnhZQWd2Zm1QbS1LZU1SWjZDdmhtZWx1Z3VNcmxSTVVHdG9yUTJYWFBNajRtOFQ0RmViQXRXQzlNTmRhZm85S2J4Vk4xQ0thcGdRdWNicXdSX3ppV3k3elFmUi1KeDhtOC1idlpOWFFhQkc5Q0I?oc=5,"Fri, 22 May 2026 06:53:31 GMT",
2026-05-24T01:32:54,Google News FT,Former Spanish PM Zapatero targeted in corruption probe - Financial Times,https://news.google.com/rss/articles/CBMihAFBVV95cUxPODhEdHRzM0NzRjA3RE1JMDJUM1ctT210ZEpCdnUzMDVOd3hrUzE5TW9Kc1BTZ1J0MnRDWWE3d1p5dFc0SFFqWDlKTWx2cThsRkpuaHNmRW1ZdjI2U2M0M1FXSWdrZG9IcE10R0puYmstcDVESEJKa3NvTXIwMzlrRXlJZWU?oc=5,"Tue, 19 May 2026 12:41:55 GMT",
2026-05-24T01:32:54,Google News FT,Carson Block: ‘Maybe the dumb money is the smart money’ - Financial Times,https://news.google.com/rss/articles/CBMihAFBVV95cUxNUDdleFplTVYzMDFuYzROTTh2aUQ3bVpJMHVNdjJfX3pWWkdMVGptZ1JrNnF4Y19xc2ZHOGxobkNZY1FqcDVndHRleVU4c1BBZ2JzZzFPNE1qSGVYdFYxSTY5ZDVZcFQySW90MlJQVklBdUNPTDM4ZTY1Rnc5VjRxVGYzWTc?oc=5,"Fri, 22 May 2026 05:32:39 GMT",
2026-05-24T01:32:54,Google News FT,US quantum investment includes groups tied to Trump administration - Financial Times,https://news.google.com/rss/articles/CBMihAFBVV95cUxNMkwtSjVQYlFwbXJNRkF0NDVHSE9COFdlTzBiOGROR3lIRjZVYVRTdm5GNDlMeXZrQ0RiOGxweVM1RnB3TE16LUhjdjVNUkVUTmM0YVdUQzJMc1RhaDBYdmtwYVpUbnZld2tEemJRVUpFQzBwQkVCQ2trem04MmlWdVdpV1I?oc=5,"Thu, 21 May 2026 11:13:02 GMT",
2026-05-24T01:32:54,Google News FT,How to make sense of SpaceX’s nonsensical valuation - Financial Times,https://news.google.com/rss/articles/CBMihAFBVV95cUxNRHd5eC0tVkkwaUlwTjByU1MzNmRqclFfZEs4d2g4WlZILTVtOVZsejkwcm0zNGpaWnNrWGhtYVhBU1oyQUl6YnBBRTRkZGZaZ3JoeWhwRDVFczNGdEFlOXpMcDJrTFFfanU3WFdFLU9WMHpVdXFuOFlXR3Nra3ctck9fZWw?oc=5,"Thu, 21 May 2026 12:25:58 GMT",
2026-05-24T01:32:54,Google News FT,China Inc goes shopping for western consumer brands - Financial Times,https://news.google.com/rss/articles/CBMihAFBVV95cUxQLUZlSHl3Y19QSkRxQ1gxVDEzdWQybHlNUW91MU5qUU5kQ1BRT2ZjRXBFN0p6emtPb19ZYUFLOWhlWm5mc1htY3F0WVY3NHQ0R2tvUDdwbXJkQzJMTHY1MXgyYTdoSFF3cDE3UnJ2Rk0xY3FQZ0U3RGdTNFlfMGlsSHBMQWo?oc=5,"Sat, 23 May 2026 04:00:28 GMT",
2026-05-24T01:32:54,Google News FT,Rachel Reeves would like you to order off the kids’ menu - Financial Times,https://news.google.com/rss/articles/CBMicEFVX3lxTE5VZWFqdld2M0ZYWVZzV3V3enNNSVRuZDhVS0V1WWM4RGpRek9MZk54bG11em14RmZYTC1RcFk2Zm5UdDg4WkNXQUVIckdQdEhPN2pvTW0yaU96QXNPdl9xVWZLLWNFdFZjQ3RjSEJYVnU?oc=5,"Fri, 22 May 2026 08:00:01 GMT",
2026-05-24T01:32:54,Google News FT,Brookfield among PE suitors circling Gulf fertility firm - Financial Times,https://news.google.com/rss/articles/CBMihAFBVV95cUxPRXBiVUJ3LVZNRlFkaEpjdDZmbUlaV25EcEtMYU5ETGx6NUI5SnJaUGR3VUtsNGhhOHR1a2RrbW1YdDNxYjdvbkE2aDR6WUpHQnBxdmZnV3JrZ0pDOWNmUlZYMDAzQzFoc2Fva3JoWXhicU1HS21yUjJuM0FfVjZUMG4xLWk?oc=5,"Fri, 22 May 2026 04:01:42 GMT",
2026-05-24T01:32:54,Google News FT,The fragile maths of Uncle Sam’s energy self-sufficiency - Financial Times,https://news.google.com/rss/articles/CBMihAFBVV95cUxOZk9tU1ZwVVVLeDhMYXhnckJzRnBRcUQ4Q3lKZlo4cjBEU1ZLdkFBNDIwWGNYUXo1NFhvdVVnN2NhQUdqWWV4MXd3WG5ic2tRVVFLNlV4UkViQ2xjNUZsaGlRaHRzZkVieU1WdFN4UVR0djQ4bmV6QkVLLWZtUzNpZDFodkU?oc=5,"Fri, 22 May 2026 04:01:42 GMT",
2026-05-24T01:32:54,Google News FT,Trump’s death grip on a shrinking party - Financial Times,https://news.google.com/rss/articles/CBMihAFBVV95cUxPMG80QTNsY214cmtHc2UwbWxvalFYR2J3ajg5Z1ZSOEpWTnNCMmpjcWdWWEV3YnZVSEFrQXVVYW5WV1FwTm1BN2dvUW94MkhYT3hIRWxSYzNDS0FSQlJjV05XcHpPcjJJMkh1UGs2UzBTZ0J5MF9OTV9HLW5LdlMzdTVqUTg?oc=5,"Fri, 22 May 2026 13:00:02 GMT",
2026-05-24T01:32:54,Google News FT,Donald Trump abruptly postpones AI order after White House infighting - Financial Times,https://news.google.com/rss/articles/CBMihAFBVV95cUxPRnBqR1FLNk1odTBhSWVLQnpWUXJJdkNDRm1tbzBPZkVfb2R2dTdMekdINzJyMGl0dmszVzNoWDJ3SHZwU1BVVkd2Z0xaVGxVNDQ5Yk9BUnlQcG1rNG5paU5kMmZDdVJFVTZDMHJHNkJUNzFGaU4zRDB6VGN5RmJ5VDgwY0w?oc=5,"Thu, 21 May 2026 17:49:41 GMT",
2026-05-24T01:32:54,Google News FT,The Musk banker who took a back seat to Goldman Sachs - Financial Times,https://news.google.com/rss/articles/CBMihAFBVV95cUxPRWZ2RzluSEhGdm5UQnJqQkV1cmxramU0dU1ReHZhcy1aeVJxaWZxeDU2UjhCbF9KLXh2NHVkOHd5S1NvX0VtSWg5eWM5R195dU45Tm5iMGtESXdBRTh3LUVFc1JvQmxEMGQ0YmRncXJEc19GZkE1XzUyWlZIMzBLaVVUb2c?oc=5,"Fri, 22 May 2026 04:01:42 GMT",
2026-05-24T01:32:54,Google News FT,Donald Trump reboots foreign aid with cash-for-data strategy - Financial Times,https://news.google.com/rss/articles/CBMihAFBVV95cUxQVzJzU2FJMWxacFB1d3RDSFFObEt5NS1lWG1jbzVDUURhOFgzdDRFSHFyQnl3cGJZdkk5cFZGWHJjUzNPUlVCUnhsbXpvNkpsWnB4Z0RYX19DZUtjOFhuWlF6dnFINjgtQXZSbUJjeVUyWUp0U3pNeFhSSzhvOVRTeVQySmI?oc=5,"Fri, 22 May 2026 04:01:28 GMT",
2026-05-24T01:32:54,Google News FT,Tipping point looms for global energy crisis - Financial Times,https://news.google.com/rss/articles/CBMihAFBVV95cUxQaUUweW90MTg0XzVfX3RSaHNRS2ZYckI1WkxrV3FrVHlnc1ZrSXYtY20zY0hrM0JNR1dsNjRuem5jcHVuUTVIeGlzcWZMd2xJaGF6RDNlSXZjVURnNENoUzdzVXlQNnBEQmlwcXU2X012TlJCQkRuOGZqMlNVVUgwOUVxSzQ?oc=5,"Sun, 17 May 2026 17:00:07 GMT",
2026-05-24T06:02:58,Investing.com All News,Intercontinental Exchange’s SWOT analysis: stock navigates growth amid cost pressures,https://uk.investing.com/news/swot-analysis/intercontinental-exchanges-swot-analysis-stock-navigates-growth-amid-cost-pressures-93CH-4696666,2026-05-24 05:28:07,
2026-05-24T06:02:58,Investing.com All News,"US, Iran near deal to reopen Strait of Hormuz during ceasefire extension - Axios",https://uk.investing.com/news/economy-news/us-iran-near-deal-to-reopen-strait-of-hormuz-during-ceasefire-extension--axios-4696665,2026-05-24 05:20:07,
2026-05-24T06:02:58,Investing.com All News,Estée Lauder’s SWOT analysis: beauty giant’s stock navigates turnaround,https://uk.investing.com/news/swot-analysis/estee-lauders-swot-analysis-beauty-giants-stock-navigates-turnaround-93CH-4696664,2026-05-24 05:06:07,
2026-05-24T06:02:58,Investing.com All News,China revises Shanxi coal mine death toll to 82 after initial count error,https://uk.investing.com/news/economy-news/china-revises-shanxi-coal-mine-death-toll-to-82-after-initial-count-error-4696663,2026-05-24 04:54:09,
2026-05-24T06:02:58,Investing.com All News,Regions Financial’s SWOT analysis: stock faces margin pressure amid credit concerns,https://uk.investing.com/news/swot-analysis/regions-financials-swot-analysis-stock-faces-margin-pressure-amid-credit-concerns-93CH-4696662,2026-05-24 04:42:07,
2026-05-24T06:02:58,Investing.com All News,Important things to know about humanoids,https://uk.investing.com/news/economy-news/important-things-to-know-about-humanoids-4696661,2026-05-24 04:18:07,
2026-05-24T06:02:58,Investing.com All News,Energy Transfer’s SWOT analysis: stock positioned amid grid reliability concerns,https://uk.investing.com/news/swot-analysis/energy-transfers-swot-analysis-stock-positioned-amid-grid-reliability-concerns-93CH-4696660,2026-05-24 04:14:08,
2026-05-24T06:02:58,Investing.com All News,Colgate-Palmolive’s SWOT analysis: stock faces cost pressures,https://uk.investing.com/news/swot-analysis/colgatepalmolives-swot-analysis-stock-faces-cost-pressures-93CH-4696659,2026-05-24 03:56:08,
2026-05-24T06:02:58,Investing.com All News,Kimberly-Clark’s SWOT analysis: stock faces integration challenges,https://uk.investing.com/news/swot-analysis/kimberlyclarks-swot-analysis-stock-faces-integration-challenges-93CH-4696658,2026-05-24 03:36:08,
2026-05-24T06:02:58,Investing.com All News,"South Korea to launch leveraged stock ETFs on Samsung, SK Hynix - Bloomberg",https://uk.investing.com/news/stock-market-news/south-korea-to-launch-leveraged-stock-etfs-on-samsung-sk-hynix--bloomberg-4696657,2026-05-24 03:22:08,
2026-05-24T06:02:58,Google News Reuters,"Trump says Iran deal 'largely negotiated', dispute over strait reopening - Reuters",https://news.google.com/rss/articles/CBMitAFBVV95cUxONEJxbF9SbGFoS1FVQVkzUmhEaGpJLXdRLWlUNDhxZVJKa241dm45U25PRlVSN1dFcmlaaXkzTUdXSEtYYlczQ1VlZjZ0UlZyVEtacWl2clkwVHdnSlczYUI2dkc5eVg2Sm45UDFMZHlKTWtTblNYT2ttNGt2RUVKUFpCZW01RElkYzFPRGJtOHlOeXFid3dfX25kM1dmTXJsb3p6UGlmUmdlVlI3Y2NkbzlaaUI?oc=5,"Sun, 24 May 2026 02:20:00 GMT",
2026-05-24T06:02:58,Google News Reuters,"Two trapped people alive after Philippines building collapse, rescue continues - Reuters",https://news.google.com/rss/articles/CBMiqgFBVV95cUxOM0xhMktUTW12MHdIR1pUZUxxbUlUOXA5Mm9rUV9YcVpiay0yblJNb0NRbFpaTWZwbHNBTnJrbkxrcFVlY0ZsaEU5NFowX1BNa29feDJGQ2tfZlIzblIwNVc3Tnd5Y2Q5bEZYUFFlV2Y3YWpmY1Rab2U1WG9zRkY2MWlRSUR3SHpzd0M3QldCYXNPNVN0bkVpZUhqUll4NGt1cXJWaVZYQTFVUQ?oc=5,"Sun, 24 May 2026 02:22:00 GMT",
2026-05-24T06:02:58,Google News Reuters,China lowers death toll in Shanxi coal mine disaster to 82 - Reuters,https://news.google.com/rss/articles/CBMiogFBVV95cUxPV21fTHNhTDh1R3NjY0Rjc0lOV21Va2JpZE5zZkZtTXkyZmdIYldDT2NNVmllX2pBSnBIMGY5dlpLZ2lsV3NJTWR6SjJETXhZRFhLXy12c3Y2b0NXZDRCQXEtS3MxMG5vODY4LXFuR0NDMElHSkNCMGdiVEZ6bkZfem83emhaSnRISzJ3a2hQalFFeWlfM0ZrNnJ4WndMTTZQM1E?oc=5,"Sun, 24 May 2026 03:54:00 GMT",
2026-05-24T06:02:58,Google News Reuters,China to send astronaut on year-long space mission as it eyes 2030 moon landing - Reuters,https://news.google.com/rss/articles/CBMitAFBVV95cUxQZFdrRDVfQkpCSHRaY1A2cUhRVW5CUEU3cTRJS2d1NkFOZHhwT1lqZEhXRk1xT2lLb3hwTGVZRGEtSGtTc1lCbEpIbXlXVW1KMS13V3ItLW11RUtlblNmRTZOTFdXWVRhMmlkLUFCd3RKSDZlQTQxMGhvUVU2czdGMGNSQmt6dGo4UjViZEZjOXJ4VjhMZXpKQng4eVpuQXZ0VVotNjIwX3lyY0RvakM0c2Q5WGU?oc=5,"Sat, 23 May 2026 23:05:43 GMT",
2026-05-24T06:02:58,Google News Reuters,Red Cross mourns death of three volunteers from Ebola in Congo - Reuters,https://news.google.com/rss/articles/CBMiwAFBVV95cUxOQlZrd20tcXFmNTFZdzgzQnhsSUpWM3Z3eGg2X3BVaEhYYWdwVXRlcDRSQ0dRbHJMbFN2RkVfN1lRSFlsTG95NUp3M0JDeW9FRzJpcklvU2czRWM2Zk1nX1JXMkxVSjg1UjYzOWdzc0pjb2o5azBNQzRXTV85MmQwUU85RmQwZ2NMN2owakhGSVJyNTFmVFlNY3RadTBFZ2FFWmxSTEFrU1hRNy1zWEFLaHc1SXcwWE5oc2VrMHd4dFM?oc=5,"Sat, 23 May 2026 11:53:46 GMT",
2026-05-24T06:02:58,Google News Reuters,"Trump throws weight behind Japan's Takaichi in meeting with Xi, Yomiuri says - Reuters",https://news.google.com/rss/articles/CBMiuwFBVV95cUxOeklXUEhjaE1OYUV3Y0dWODRuVW9TTVBLOHQ1OE5HWm90dGlDWW41alJYVWpaSHVLTmRqR0lrSkJ2Y3N0NHRwNUVqMXN0LVRZanFXeVhGakh0bVQ1Q0JuQnRtSV9fTXhQalBMZ0FLazFZcVU1dFJJYWFpTERiOXI5Y1hncWFZOW5VX29ucV9VeFBZWkR1RXQwdm1mZUNZNVJtdWFlcFJYektsMDAzNWJoMGFkeWlSXzl2Vl9V?oc=5,"Sun, 24 May 2026 03:24:00 GMT",
2026-05-24T06:02:58,Google News Reuters,Hungary PM Magyar sees deal next week on releasing EU funds - Reuters,https://news.google.com/rss/articles/CBMiowFBVV95cUxQcjRQVndldmU0TVJFNXV3bndLc1l5WkxhTE5SdmVmV3JKLXQ3YmRwaEZtNU82dnE5cjBfNklTaHFUTTNscElKaUNSV1RxVThKd3JlcXFDVTBYcVBzTDU3Y2lQdkQ1ZXRHVTdUY256SW9NSHZwN3RuS1ZUNS1rZElCaVFMLWo3TlhpajNldWtyaEE5TnNmc1AyMW5JRzJrQzBuWXM4?oc=5,"Sat, 23 May 2026 18:21:43 GMT",
2026-05-24T06:02:58,Google News Reuters,"US lawmakers propose making daylight saving time permanent, again - Reuters",https://news.google.com/rss/articles/CBMiuAFBVV95cUxQUmtfOFg1TGtiaEh5UmFrLVlQeWhrZTc5X1lCMmRvYmktcTRGWWZEWDBvaV90QVpzWTh4Smphd2djOFV4NmVCQ1Y4SURJRFktc2hiR0tzSmpBZFRWRWxRdFg0aFZzMjliSW42TWcyTXd6Q3J0alcyTmROMmp6Q3dCTnpINXNwa3dPdDlxTHFzMnpUT2hFTG5KTEJFZGRuampoM0x1QUtIUFNhdmkwbnJ4NzNPbWFSUDI4?oc=5,"Fri, 22 May 2026 00:49:00 GMT",
2026-05-24T06:02:58,Google News Reuters,Explosion at MOL's Tiszaujvaros petrochemical plant in Hungary kills one - Reuters,https://news.google.com/rss/articles/CBMitgFBVV95cUxNVEdVUktMeVF0VzNvVU9vT2NsR1hFeEduTjVIQXliWFpwMUJmTWd0bl81dmQtdHBEQ0lDODE0eHNkd0todS0wbmFjLW5sUGJqaV8zeTJiS2dvbVN4Q0toT3NCNkdCTTZqSDZ0alBvbzRyNElyTnZ2MEI4TGhsX0Q4eUQ2SzNUaG9aYlRhQUxzd3B0YUhreUtEaXQ4OE1XbWZaWk1HMFFNQWVxVDBZbE5fa1VXVXg1Zw?oc=5,"Fri, 22 May 2026 12:28:27 GMT",
2026-05-24T06:02:58,Google News WSJ,"News Quiz for May 23, 2026 - WSJ",https://news.google.com/rss/articles/CBMieEFVX3lxTE5Ubl9adnpEYkRINHJianlyWHcxck4xdWw3SlRYSWF1NVdEYjJBTUp5RGNZandyb09TeDZsNER1V185OFdRUXFBR3lieGJTWlpIdDN5MTlDRFQwdGtla0lzN2MzMHNPa0JiVFpjbXA4dkZXczFZUkowZQ?oc=5,"Sat, 23 May 2026 10:00:00 GMT",
2026-05-24T06:02:58,Google News WSJ,‘Ironwood’ by Michael Connelly | Book Review - WSJ,https://news.google.com/rss/articles/CBMijwFBVV95cUxPX3Nfb0tJODlLSEt4cEdTLUtVZjdERXFCclhSalhMb09EaDZZdmNnUTlHTl9DcktBYlZjNzNHUUN3VXFnNGtHTl9pdEh6czFBd0p0NHcta3FKekQwTzFuajhSZTkxdDdRZnF0am9Fa0J4UUR5c0NHb1FHMkNjWHY5N1RoT1lTalNBNS1TbHdoTQ?oc=5,"Fri, 22 May 2026 14:33:00 GMT",
2026-05-24T06:02:58,Google News WSJ,More Dads Are Scaling Back at the Office for Kids and Housework - WSJ,https://news.google.com/rss/articles/CBMirwFBVV95cUxOVjVqczJTb1VhZFZVT0JFWkctWUs5Uzk1WjhjSHlSRUNJeEZvbjdldW9MN3hUSlZ1Skd3c2VWbWtrUGZwRTFLS1I0T1MwTm93UzNNaEdreHIxaURBRFY5eEhqWm03cjJ2UmV5M1c4eU1pRUdYYmdoZ2F0dkdCUWJKc2hhOGFwM290WEtnNG5fU0NRREpSRWU1UnY1a3cxYkhrVTh3TWNLMTE2XzhtcXk4?oc=5,"Sat, 23 May 2026 09:30:00 GMT",
2026-05-24T06:02:58,Google News WSJ,Opinion | Germany’s Slow Industrial Suicide - WSJ,https://news.google.com/rss/articles/CBMihAFBVV95cUxQOUJpOFJ2RG14djVPdGFuTzJjd1JrYm5WcnU5dVRyMnFNYVp5ZGRMbUZyYW5oNWxUbEpSYnJCUm1tbWktSjZMbzVfZXB6YW1kOGxUbjdNLV9kYlJsd3N0c0RHbDNvcDVaUUZCcVpQVmM0UHlzUkRINGl4WHhBZjYzVG1ta2M?oc=5,"Wed, 20 May 2026 21:32:00 GMT",
2026-05-24T06:02:58,Google News WSJ,‘Hans Hofmann’ Review: Yale University Art Gallery’s Lessons in Abstraction - WSJ,https://news.google.com/rss/articles/CBMivwFBVV95cUxPZXpMMGxrLTNMTTF4OU9oMGttcEtfa2VtQjBISTlSUDZwMnROU0ZCT2VzcEFwMkNCTVVNWE8zYXZ2a0NSNzhhcFhLYUlwd1hma1lMSGZHeHFMUWw4V3JfSTZFVlVydVkycFkyMXlwRm1neFlhQjdrcWIyTHVoRndyc3o1YXozeW5aWk1FSm9CdGx1ZWYwYnhxcUNnOFYySFBvUVh1Wk1QUHJ0X29IWDgwNVM5Z1Q5Uk1sUnNVT3dXWQ?oc=5,"Sat, 23 May 2026 11:00:00 GMT",
2026-05-24T06:02:58,Google News WSJ,New York City Unions Keep Winning Six-Figure Salaries - WSJ,https://news.google.com/rss/articles/CBMimwFBVV95cUxObHY1SWJTQWZnWm1mVHZJSENNQXcwTzk3S3h6WXR3VmpHYkpwd3gxRVp3d3JMWHR1V3J6bl9zQkNPaEJjZnZ6dzQtbFVoUUZxbGZUMTBqWVRrMFlfVGt0TDZHamxpS3NuNlE3UFNRSi1iMjVLbTctd3M4YkktbnJuenNxVm9CbU5kd0Vua0lDb0w1eDVWMzk2N0g0MA?oc=5,"Wed, 20 May 2026 01:22:00 GMT",
2026-05-24T06:02:58,Google News WSJ,Opinion | Kevin Warsh Can Tame Inflation Without Higher Rates - WSJ,https://news.google.com/rss/articles/CBMikgFBVV95cUxPMlpGM1VsanBmdXBDTldjYWtYVzJUQ2ozVElQd3psZ3FEOEhBcGlqdXVnWWhqWWl5Rlp5ZmxvZ2RXc0VpMzNPNUxtQXJQakZTbXRsbnpSRkpPTFJPVXlXOFZDNnB0R2NXVFdhYmk5VFhCOGxGdjVvdDJvTmhVeXZHY3ZVRXNCanhZNlRqOHZaSl9vdw?oc=5,"Fri, 22 May 2026 20:58:00 GMT",
2026-05-24T06:02:59,Google News FT,EU rejects UK push to create a single market for goods - Financial Times,https://news.google.com/rss/articles/CBMihAFBVV95cUxQbjI4RWVob1FvQ2ZGaUQyQ1pfWExLT01IT3E5Y3l3cXBNS3Y2U0RyVmxOblhyclBJUWNVcHd4LUVaR1dianQ1RU9Qcm90Z211akpmRWJ4SmsxQ3dSbjlvLWhfam56RnZlRjN5TGR5d0pzX1ZlOFZMRWltcVE1cWlfRkZobEM?oc=5,"Fri, 22 May 2026 20:22:44 GMT",
2026-05-24T06:02:59,Google News FT,Donald Trump says deal with Iran to reopen Strait of Hormuz ‘largely negotiated’ - Financial Times,https://news.google.com/rss/articles/CBMihAFBVV95cUxNUTNJS0VZay1PaUxOTkZuNlFvRGw2dXo2SkpFQTFyTnhRVE1mbkV2ZGt2dnhMNkxhWTZaSm9NTnp2VVZIZXp3T1pmalNmZ2lRRGV0akNtLTlVZmx5OGlvTlNScG9ZYmp2RGh0UFZGUFNkZ1JycXI2dWY1b3gzM1Q5cDk0MkY?oc=5,"Sat, 23 May 2026 21:01:27 GMT",
2026-05-24T06:02:59,Google News FT,Inside Donald Trump’s AI ‘slopaganda’ machine - Financial Times,https://news.google.com/rss/articles/CBMihAFBVV95cUxPMVRDdzhWYlVxLXQyOFB4LWxtYXhmYUwzU1REY25zY3JDVkRKZlRaTTZXNUN3UXhoWE9FQ3dWSjIzOGpZdVhZWThfVE9uVFFEeTVfaDRQY2dBXzB2WkVLUVJMVERtNUljOEF2bFNBYmRTQlBzeHU0eWlQQlN1QmxKVnBxMi0?oc=5,"Wed, 20 May 2026 05:03:07 GMT",
2026-05-24T06:02:59,Google News FT,The blissful Italian lake hidden in Como’s shadow - Financial Times,https://news.google.com/rss/articles/CBMicEFVX3lxTE1UMzVxYVF3a01TWUt0YVA5WUd3ZGluOHlBSXNYRi1rdFBiNjkzWndQM0s2X09uQjNXakZaT1J3YVlMZEtYRm51OEVzSjlfeWhEVkpkUE5Ua01Hb0Z4XzZiTjNDR0VGN1NCS0wzWVBYdjk?oc=5,"Sat, 23 May 2026 04:04:59 GMT",
2026-05-24T09:06:51,Investing.com All News,"Bitcoin rises above $76,500 as Iran deal hopes support risk sentiment",https://uk.investing.com/news/cryptocurrency-news/bitcoin-rises-above-76500-as-iran-deal-hopes-support-risk-sentiment-4696681,2026-05-24 08:52:07,
2026-05-24T09:06:51,Investing.com All News,Fifth Third Bancorp’s SWOT analysis: stock navigates acquisition integration,https://uk.investing.com/news/swot-analysis/fifth-third-bancorps-swot-analysis-stock-navigates-acquisition-integration-93CH-4696680,2026-05-24 08:36:07,
2026-05-24T09:06:51,Investing.com All News,Morgan Stanley’s SWOT analysis: stock navigates trading strength amid fee pressures,https://uk.investing.com/news/swot-analysis/morgan-stanleys-swot-analysis-stock-navigates-trading-strength-amid-fee-pressures-93CH-4696679,2026-05-24 08:18:08,
2026-05-24T09:06:51,Investing.com All News,How META went from an AI winner to a controversial stock,https://uk.investing.com/news/company-news/how-meta-went-from-an-ai-winner-to-a-controversial-stock-4696678,2026-05-24 08:10:09,
2026-05-24T09:06:51,Investing.com All News,Alexandria Real Estate stock faces biotech headwinds amid restructuring,https://uk.investing.com/news/swot-analysis/alexandria-real-estate-stock-faces-biotech-headwinds-amid-restructuring-93CH-4696676,2026-05-24 07:56:08,
2026-05-24T09:06:51,Investing.com All News,Palo Alto Networks’ SWOT analysis: stock navigates growth amid platform expansion,https://uk.investing.com/news/swot-analysis/palo-alto-networks-swot-analysis-stock-navigates-growth-amid-platform-expansion-93CH-4696675,2026-05-24 07:36:07,
2026-05-24T09:06:51,Investing.com All News,Nissan unit cancels UK EV powertrain production plan - Nikkei,https://uk.investing.com/news/economy-news/nissan-unit-cancels-uk-ev-powertrain-production-plan--nikkei-4696674,2026-05-24 07:32:08,
2026-05-24T09:06:51,Investing.com All News,PNC’s SWOT analysis: bank stock eyes growth through FirstBank deal,https://uk.investing.com/news/swot-analysis/pncs-swot-analysis-bank-stock-eyes-growth-through-firstbank-deal-93CH-4696673,2026-05-24 07:16:07,
2026-05-24T09:06:51,Investing.com All News,Goldman Sachs’ SWOT analysis: stock navigates strong backlog amid expense pressures,https://uk.investing.com/news/swot-analysis/goldman-sachs-swot-analysis-stock-navigates-strong-backlog-amid-expense-pressures-93CH-4696672,2026-05-24 06:56:08,
2026-05-24T09:06:51,Google News Reuters,"Taiwan, China coast guards in standoff at top of South China Sea - Reuters",https://news.google.com/rss/articles/CBMipAFBVV95cUxQUDhuTThCNWVtYUVDSmZub3hwUHY5ZHlIcktESk9Fbk9LY2RtZDZuVlFFalRmM054T3NNNFZnWUhueE5HRGtUdlUzVmJGUVdydHRES3dHNjVpMzBuTk5tbTR4ZFliMzhRenNDSFJDNGU1bXI0ZGgzcllUbndQQ3FGSXlaSkREb25fWVE3TGpkeWFlLXFpLXZQZ0ZENkl0T1AtODN5NA?oc=5,"Sun, 24 May 2026 07:45:51 GMT",
2026-05-24T09:06:51,Google News Reuters,"Powerful bomb explosion in Pakistan's Quetta kills 24, reports say - Reuters",https://news.google.com/rss/articles/CBMixAFBVV95cUxPa2p2dFBGZGJLX3hVNUxOQUxCS0Y5MjdhTG1TMGRaakFXSHNJUXVWLVRTSmUwRWZ2SmlNNmNoVkVaNWUwaDd1b0s5S3V5MjJFTlk3d2pXamlfcC1nYUpYVHp6NGFnLUgwdTl4SEdjWkp1MjZ6QXh3YmJvd3VtbVJpOG56RXo4MUpGQ0RUMjI0Q2hoOEo5ZTF3dGhKOHN2d1RBSmlYSVZpV2pRbDZzMDZtU0xIaUVBQV9iZV9HenY5UXNBUV9M?oc=5,"Sun, 24 May 2026 06:59:00 GMT",
2026-05-24T09:06:51,Google News Reuters,"Iran executes person for sending information to US, Israel during war, judiciary says - Reuters",https://news.google.com/rss/articles/CBMiygFBVV95cUxPWEhRY25USjF5eDJsUHVRSGprTHFpbE84WlRfWjV0SVA3bmtzUmZkNVA3SWhfVVFtVHJja01Fek1ocDRiNlB4cDM5Z0o0Y3h2TUJGQ05EWEZhSWJyTGFHdzVxSmN0Sk9UTGs3Ti1RNG1yRF94TGRacEVvMkptZ1VCRnVJMnBYNEZRdlhOX2JpRW9COEg0Mm1pdk5VNWpWOHVxMlNOTTVBNHk5VGV4N0otQmNnYmdUa2dQT2hsYzlCSGlLU3A0alVYbjN3?oc=5,"Sun, 24 May 2026 04:28:00 GMT",
2026-05-24T09:06:51,Google News Reuters,"Iran has not agreed to hand over highly enriched uranium stockpile, senior Iranian source tells Reuters - Reuters",https://news.google.com/rss/articles/CBMiygFBVV95cUxPLTVwdlNITDVXTG5kaEY3VVFfRk9PLXlETVUwRnA5aGl3TFRZS19pR1l1MDdRc3lNMHdWV2M5S1JVdWZzTDJxOGM1aUNmTGVlMVBaTms2WWxtOVRpMDM0UGN6SFhtWTJLd1dEZWFFSEhEMUd4bURCTDJ6M0xDZEdVR1Y5cWRFdkMzX1JVUWx5NE5TVTFCNmF4NWhMZS14djRIUEFJRmtwcC1wUFctRDJSWk1GaG1nQ0kzQWRDMXp5OVhGQTJsM2J2WEpR?oc=5,"Sun, 24 May 2026 07:51:03 GMT",
2026-05-24T09:06:51,Google News Reuters,Axios says proposed US-Iran deal involves opening strait during 60-day ceasefire extension - Reuters,https://news.google.com/rss/articles/CBMi0AFBVV95cUxOdUZnNV9XT05PSmhGU190REg2enN4ZG5IMVN4ODhCZDRweHFjejJGYlVfNDJzeW1NbHlJREJsZDJLX1lnMW5xSWcwTUE4WklGVjNYV0ZxVmZYNnN2dmEtaW9hRGdWckJUY3paX3dQRVM1R3dIcVFOXzRja0N5d1hoTGNGYjF4VHNCRVp1Qk9mYjY1WHFOaUtmNHVURG10ZnBMenZQdWNxbE1fVUlUQmppUDFQc0RoOUZpeE43VTRBUjBPbzk0VUZlelN1N2k4eTJ0?oc=5,"Sun, 24 May 2026 03:57:00 GMT",
2026-05-24T09:06:51,Google News Reuters,"Nissan unit scraps plan to make EV powertrains in UK, Nikkei says - Reuters",https://news.google.com/rss/articles/CBMiwgFBVV95cUxQVTlqNW8wUHBtTjhfcUFrckRGQk54VzFlRFA4cFg1d1hXX3FqX3NOM25idWZPUEhVNU50alA0dHBpbnBoWmhVZUFDUUlCMGFaRDlnLUdPb0xNaUZ0ZzNPZ3lCOHBuS3dZcmxhZnhRVVFPeXk4VU5QdWVkNl9PUFBtaTgyMUFPbDBZVWNTTU1jcUFQa28tdGxaZkZVc2dYeGZPVzRZUFhQa1ZrWW9qVVk4bEdLNFFDNk1GeE9BSlgyWTYwUQ?oc=5,"Sun, 24 May 2026 05:53:00 GMT",
2026-05-24T09:06:51,Google News Reuters,"At Cannes, long ovations grab attention - but do they mean anything? - Reuters",https://news.google.com/rss/articles/CBMipgFBVV95cUxPWDlKYm9CMENnV1ZORjBDWTg4YjRtbE5MdFM4SWtPLVZqSlh0WHVkWks1WEFPWDFXN2Q2dUhHU2VxVGZTQlNhOW5jVGVFWjJYOHpJQXN6UnlOeUlsaHhRQk42R3l4dVd4N2lJOHhma2d0NU9JNFloTHNhbmxJaXk0NEVFZW5DSGFIeGRjdHpJS1Z3RWRlVHNkbE9hbXlDdUR6SENTS2h3?oc=5,"Fri, 22 May 2026 19:35:43 GMT",
2026-05-24T09:06:51,Google News Reuters,"Death toll in Honduras ranch shooting rises to at least 20, authorities say - Reuters",https://news.google.com/rss/articles/CBMiogFBVV95cUxNWm1SMnpNbzN4Rno0V0xrMzRaeGJ6YzZKMDVwaVpTdVJac3JFWU9QOEZRVms3aHlodWNTcnk2aUwySEMzaWROa1N1X09qb0dtSFFUdjFoYXR4SUZhQ2V2cFN4UU4xbXRLMXlqLXBqcVNwejV4LVpUdk1CYTdmNjYzY0lKazJzcVA1YWhwelEyOWtpRHVxZXd4UFFBRU11VFJ4cnc?oc=5,"Fri, 22 May 2026 16:08:30 GMT",
2026-05-24T09:06:52,Google News WSJ,"Iran Mediators Race for Deal to Head Off Looming U.S., Israeli Strikes - WSJ",https://news.google.com/rss/articles/CBMitgFBVV95cUxOMFZodWN2TGZheWlPMUlRRjVkcTlBd3h4VTlaNll1YVJNQXM3OHBydDVNLWZHSjN2SEN2b2FicHN4c0taNXIwdHBLcW5QdjZCcGdJeG43RmJ3WGxIRnlDbXV2NFFjYUsyRmhNTEJWMGJpNVZMeXd0RDBjS2FwNTBsdUx4Z19MX0MyNUlUYXo2ZjhhcWRiLUFuZFBheHJvTjl3T3E0U3VLcDBrLWdxT2kzZmV2dExnUQ?oc=5,"Fri, 22 May 2026 23:04:00 GMT",
2026-05-24T09:06:52,Google News WSJ,"Gavin Baker, the Star Stock Picker Who Bet Big on SpaceX Before It Even Landed a Rocket - WSJ",https://news.google.com/rss/articles/CBMivgFBVV95cUxQVGlqQWdxVDNNbGVQNnhud2lIbUpIMXJMVUdFalU4cHNHQW1DSGlxSzJCWG1tYTlORnRmbFdkM3pDVC1kZWxDLTlZV0NNYjJZVkdJSFVSd1AtcEFkWElJeW5xcHozNHhWeFlmNEFWeEZaTjBoaDR6Rk5HbjRJYnFobEZOUHBmQzBqRlN4bXA2SzhPZnJUNmFzX1VXMzItWEJGTXV0YmliN1M5YWNCNlNFUDVHU1hQN2Ruam1QTGFR?oc=5,"Fri, 22 May 2026 16:00:00 GMT",
2026-05-24T09:06:52,Google News FT,Iran’s Guards used UAE company to buy military satellite equipment - Financial Times,https://news.google.com/rss/articles/CBMihAFBVV95cUxQUlNmX0VZbXRkcXJManRDVU1JMDY3cktSYjNzUmtMSW55T1h5ZG11OVRFVGdPYXBmWnFSdGI4ay1lUG90YVhiQm51VFBob0RaZk1WS2U3d2VJMlNjbHRQcU5QdGFpUWNJckljZ2RtN0U3ZDBieUNCZTZmSzNmNjNUZnF0cTU?oc=5,"Sun, 24 May 2026 04:01:37 GMT",
2026-05-24T09:06:52,Google News FT,How AI is forcing McKinsey and its peers to rethink pricing - Financial Times,https://news.google.com/rss/articles/CBMihAFBVV95cUxOMjJrd0NaVFNoMzFrM01vT25NWGEtMWVXUkkydUFCT0pBWkVMMlFDTHBXOW9Ea2JGeVl3WnlrUkFjZjhJWmlKZkl1RTdTbjZ2TUR1Y0szUnhQV2RiNTRZVGhsZkwwcm9sOUp3bG1kMjg0NFA4X05YeDl4bUZJbnBtYkhpVkw?oc=5,"Sun, 24 May 2026 04:00:16 GMT",
2026-05-24T09:06:52,Google News FT,Please stop talking about Gen Z in the office - Financial Times,https://news.google.com/rss/articles/CBMihAFBVV95cUxNMF9fZzE5OG1EUzJ2ODRJVXphQ0hWSXZBbXJ5bzRwcjQ3VkdvajN5dEUxelM3cWRKNHJ4Qm9QRm5PaXlacVJIdFN0dURzQWlibDdSZGZSVFoxdHA3YjZ5Wk9veFo0ZDdiYzJBNnFqMXhQNG5BZHRpamRuU3d0VFFqYU5wbUM?oc=5,"Sun, 24 May 2026 03:00:48 GMT",
2026-05-24T09:06:53,Google News FT,China banned Nvidia’s gaming chip during Jensen Huang’s visit - Financial Times,https://news.google.com/rss/articles/CBMihAFBVV95cUxPSUlSWms3SWdwUnZ2MmlpY3R4Ny0xX0ZRS2hIalJPV0pWa3BGeFZSbHZwY00ySEV4cHJFSUVlN2tud0hwWFJFck5MbF9JcF8ySnlxNjcyY2ZUWW9US2pSNW51Y0tzWGszWGtWZmJFWGhVUmNKVkMtTUx0NnJCemhUYWwtVXA?oc=5,"Wed, 20 May 2026 08:08:34 GMT",
2026-05-24T09:06:53,Google News FT,Elon Musk loses OpenAI case after 2 hours of jury deliberations - Financial Times,https://news.google.com/rss/articles/CBMihAFBVV95cUxQcnZOUmtRVWdCSkM4LUY3cXFlWXROTkMwb0p5U2RxVFpBdGp5VDJwUDJ2d21Ob2F4cmVtREFYWC1yZXVSbnItOHJadmhzdkxCMkNxbTBLbXpoWnNaVmxMZjUxcnNBdl83aW9Ya3lpZllhOHFwQS0xVi1xcnhmS1JpUFBwR1g?oc=5,"Mon, 18 May 2026 17:37:00 GMT",
2026-05-24T09:06:53,Google News FT,New Zealand makes its case for Pinot Noir - Financial Times,https://news.google.com/rss/articles/CBMicEFVX3lxTE44R180TVlrVk83WmNWSjVvQk0wbzhEZElUMlROOTl2X3FJOWFFSmNVWGJRS1hRRFdmanBLSGRFaFpFVkp4dTZKaXlNZnZpLXFaYUVjVDB4UEVsVlBDaDYxLS1hU3JGZlZ2eWpDNFVxX3A?oc=5,"Sat, 23 May 2026 04:01:53 GMT",
2026-05-24T10:56:14,MarketWatch Top,‘My husband is leery of my plan’: We are both 60 and have $5 million. Is now a good time to dip into our savings?,https://www.marketwatch.com/story/my-husband-is-leery-of-my-plan-we-are-both-60-and-have-5-million-is-now-a-good-time-to-dip-into-our-savings-4c609266?mod=mw_rss_topstories,"Sun, 24 May 2026 10:16:00 GMT",
2026-05-24T10:56:15,CNBC Top News,The Middle East war is testing the Gulf's ambitions to become an AI hub,https://www.cnbc.com/2026/05/24/middle-east-war-testing-gulfs-ambitions-to-become-ai-hub.html,"Sun, 24 May 2026 09:19:17 GMT",
2026-05-24T10:56:15,Investing.com All News,BioCryst Pharmaceuticals’ SWOT analysis: stock eyes growth from pediatric expansion,https://uk.investing.com/news/swot-analysis/biocryst-pharmaceuticals-swot-analysis-stock-eyes-growth-from-pediatric-expansion-93CH-4696688,2026-05-24 10:24:08,
2026-05-24T10:56:15,Investing.com All News,Rewe weighs sale of Italy’s Penny chain amid retail market challenges - Bloomberg,https://uk.investing.com/news/economy-news/rewe-weighs-sale-of-italys-penny-chain-amid-retail-market-challenges--bloomberg-4696687,2026-05-24 10:00:11,
2026-05-24T10:56:15,Investing.com All News,Alphabet’s SWOT analysis: stock gains momentum on AI infrastructure expansion,https://uk.investing.com/news/swot-analysis/alphabets-swot-analysis-stock-gains-momentum-on-ai-infrastructure-expansion-93CH-4696686,2026-05-24 10:00:08,
2026-05-24T10:56:15,Investing.com All News,Flutter Entertainment’s SWOT analysis: stock faces near-term headwinds,https://uk.investing.com/news/swot-analysis/flutter-entertainments-swot-analysis-stock-faces-nearterm-headwinds-93CH-4696685,2026-05-24 09:36:08,
2026-05-24T10:56:15,Investing.com All News,Constellation Brands’ SWOT analysis: beer margins shine as stock faces tepid outlook,https://uk.investing.com/news/swot-analysis/constellation-brands-swot-analysis-beer-margins-shine-as-stock-faces-tepid-outlook-93CH-4696684,2026-05-24 09:18:11,
2026-05-24T10:56:15,Investing.com All News,ECB rate hike odds rise as Iran conflict fuels inflation - Bloomberg,https://uk.investing.com/news/economy-news/ecb-rate-hike-odds-rise-as-iran-conflict-fuels-inflation--bloomberg-4696683,2026-05-24 09:18:10,
2026-05-24T10:56:15,Investing.com All News,"5 big analyst AI moves: ASML, Dell and Nokia flagged as top picks",https://uk.investing.com/news/stock-market-news/5-big-analyst-ai-moves-asml-dell-and-nokia-flagged-as-top-picks-4696605,2026-05-24 09:00:04,
2026-05-24T10:56:15,Investing.com All News,Kenvue’s SWOT analysis: consumer health stock faces headwinds,https://uk.investing.com/news/swot-analysis/kenvues-swot-analysis-consumer-health-stock-faces-headwinds-93CH-4696682,2026-05-24 08:58:07,
2026-05-24T10:56:16,Google News Reuters,Turkey orders police to evict ousted opposition leadership from headquarters - Reuters,https://news.google.com/rss/articles/CBMivwFBVV95cUxNMnMwZ0FRRTdCSVoxX0t2aXBkaWZneGZLVlJFM2lYb2dJZkV4S3pHLTJUbE1lVWY0UU8waVRVNjA2enN0azhZdGtfRERVUFFXWURjUEpZVFdvRWZseWh2UnRqMmJpQmR3VmNRbXkybG1XQ0hpZ2YxNjktaGN5eGxoNmFfWnFlQ2R6dWotMzI5SGtnQU5ZLWd5MGtyVklLek80ZVhHZmd0QU1XWjVjOUVBeWswZ3VxRG1OOHVCQUJIbw?oc=5,"Sun, 24 May 2026 09:19:43 GMT",
2026-05-24T10:56:16,Google News Reuters,"Russia says it hit Ukraine with hypersonic and ballistic missiles, state news agencies report - Reuters",https://news.google.com/rss/articles/CBMi0AFBVV95cUxPRVItRkM4MTdzR3hxWk1SUUI1Um5Xa3BrejhJNnlTdC1UUnZNQ3ZjU00yMVpvUzFvQlI0T2M2Ums0MEk3cWlFRDRfSjZpN0thQkoza1NSRk1zTlkzUDRNRjZZZnRUQnYwei1NanU3clUtamJuRDRfa2I0bDVMcWVPZEN0LUpKV2VxOHJFdHRJY3ZwZkc3Z3dUWVlTa2tuNzJMZkpSS2JyTWozMEVEYk1McGlzYUNJWkdxZGJZMVVWbzRpdjc0aFktMWhqNGtpN21U?oc=5,"Sun, 24 May 2026 08:59:15 GMT",
2026-05-24T10:56:16,Google News Reuters,Three dead and 17 missing after flooding in China's Chongqing - Reuters,https://news.google.com/rss/articles/CBMiowFBVV95cUxPTzlRdXliN2h5b0d1N1o2cGNVX1pLM09PM2ZzREZuWW0zMEpQSGFuX2NvY0J5aU1URVdfWHQ5azRmRlBsYnNNRG9hbVo4cWt3YTV3dE1pQmdrT2VVeWQ1aC1rTXB6ZG92VHRnaXF5T2FLUGp0bjFOcTg2MjF2NGxWX2x4UVBFWnJTbFNEN19NS0tZOS1FQVRPWjZMZFE5SHFXdGxZ?oc=5,"Sun, 24 May 2026 08:18:17 GMT",
2026-05-24T10:56:16,Google News Reuters,"Family: Kyle Busch died from severe pneumonia, sepsis - Reuters",https://news.google.com/rss/articles/CBMimgFBVV95cUxPX3BVaklYaksyZXpyLURsRjF3LVNZdWE4cEpFNW1rX0xUUG9RV1NlbEQ1Z0ZfWlZZQ1FIODQtMFV3ZU1sazN1aG9vZ2pWX2lvT0dlTVVySFB6YXR6akdsaFQyTFNuSE9iTnh4QXZRaUtuc0hkMllkYW9BQ0VfemxVeWk4ZjhJTVcwaVlsaDVvanF4bFIxd2w1RW53?oc=5,"Sat, 23 May 2026 16:25:43 GMT",
2026-05-24T10:56:16,Google News Reuters,Guardiola says Man City successor cannot be 'copy and paste' - Reuters,https://news.google.com/rss/articles/CBMipwFBVV95cUxPbU1fQjFJWGszODNTN081NVN2cUJGUUtEb20zaFVieTJKWjJIX2dKZGhIVUlteHF3dnF4WVhSNDdFQXBiMUp3MzlHZmwtTDN5VFl2ckZJdTQ3TTlOOWlGWVB3TVFRTmNUVVkxbldwYWpLQm9veXlUX1FjeWpCM0Z6QXF1NkRrVUFtNkVmcEJUZHBQZ3BNRF9abjRxZHJna1hCa2l5dkRKSQ?oc=5,"Sun, 24 May 2026 06:12:00 GMT",
2026-05-24T10:56:16,Google News Reuters,Man dies after shark attack on Australia's Great Barrier Reef - Reuters,https://news.google.com/rss/articles/CBMitAFBVV95cUxOb25LeU52SEhwdWtUY3kxTVNiejR6emZYRHFYU2ZVNXdXQlZ3eWZlQ3R6UWg2UDhITGFmeUFrNEE0Znd2NHVOaUhOWWQ2VmJvNGpKUzNRTFFyT2hHUFh2ZTRtTUg3WjZBcjg4c2lEZVhod2xTM3A4azZqdml3ZkRtYUhLYkx2aTI0SnVHNTJ4dWw4T0JjMjJ3R0otQkpMTGxRd3NRWFZValcxdE5WOUdfZVp1a1E?oc=5,"Sun, 24 May 2026 06:53:00 GMT",
2026-05-24T10:56:16,Google News Reuters,Space ETFs booming in anticipation of SpaceX IPO - Reuters,https://news.google.com/rss/articles/CBMinwFBVV95cUxQZU1kcndyaDVyNl84WlVUOExENklZdGYwcTUtNnh6ZnljVG1QUFREZE9LV3dNZThWZFZsVmZrYXhkdEwwMGswaS15a1ZQYWtoWkJ3RHNaVzJmUDNVbzdxY3k3TE43SEFORzZwWk1MNGhXU3dpQ2xtQlhjZEdHNHhIOXFxMXZfWkNld3J6aXZXTlFWZ29FZk5VUTZqeFdmV0U?oc=5,"Fri, 22 May 2026 17:03:58 GMT",
2026-05-24T10:56:16,Google News Reuters,Turkey revokes licence for university seized by state in criminal probe - Reuters,https://news.google.com/rss/articles/CBMiugFBVV95cUxOc1lxeEwxZE5QZXhNcTBTMFBlUkVaWWdDOUlucGtaMlg3VksxcDljdzk0TmU5ODVsYVJ5U3lINTc1bHFUemd0X2padnBtcTFjQVM3VE10cmNQcEtXcXZPWnBYZ1ZKYlg4NVF5UFk5TGtUdENOUjhDTGhkQ01NenBxbzZKLUpMbHVpcHpFTE5mWkxPcGdNMU1pZDVhODlsZDBRQ0phcTBxZVYzc0IxN013bS14cEhvXzdJM1E?oc=5,"Fri, 22 May 2026 05:19:00 GMT",
2026-05-24T10:56:16,Google News WSJ,The Pee-Wee Hockey Coach Who Could End Canada’s Stanley Cup Drought - WSJ,https://news.google.com/rss/articles/CBMifEFVX3lxTFBjSVlKTXRVYTUyUGVWaUsyamVPSm5renA3RTNwaV9YVzlWMG9pYjlfWW9KWWx1UFBUbEZZejNQVnM4c0VJd3Bnd1MxODhXX1VPYlJ5V0h1NXVrU1dQajhEY1dKaHZqTWxuVEl3UHZWdkJnRmxYQmZObUJRX2k?oc=5,"Fri, 22 May 2026 15:45:00 GMT",
2026-05-24T10:56:16,Google News WSJ,SpaceX’s IPO Is a Bet Gravity Doesn’t Apply to Elon Musk - WSJ,https://news.google.com/rss/articles/CBMikgFBVV95cUxNSllzQ05NOTd0VVF3dE5HZDU2RDN3bkt6emwwN0RxdVpOYU1jZ2VvNEktRjNXaVpsTzhrcDVZWm5WX3k1cURpYm1FcUlkMHM4cUdEWjBNYnl1NVNTR2E3SGlvMDJMVkdxQ0tDQ0dMUk1UTkFQeWhqSFdLLXJMbURmWU5uQUFPMDZ5ZlRNSjhOTVlCUQ?oc=5,"Sun, 24 May 2026 09:30:00 GMT",
2026-05-24T10:56:16,Google News WSJ,Trump’s Deal With His Administration Also Ends His Tax Audits - WSJ,https://news.google.com/rss/articles/CBMingFBVV95cUxOdnhhLVRCd1dFYURNU25zWmlMdmpNaGhwa0VheVN6QVAxcVhMUC11SlFqckNfNU5RalNHT19hcDNJV0lqNE9pcThZSEE1dHZfelN5Mlp2Rnkwd0FDbTYtaFozcUpqVGtMUFJWMklYQ1l0Q3lGeUlGUFloZXE2bVVvNFN5bDM5WGhURVAxeUh1NndteGg1NEd1V2F6cks0Zw?oc=5,"Tue, 19 May 2026 21:35:00 GMT",
2026-05-24T10:56:16,Google News WSJ,Art Dealer’s Estranged Husband Convicted in Murder-For-Hire Scheme - WSJ,https://news.google.com/rss/articles/CBMipAFBVV95cUxQQ3ZMRTZyelhySEc0UGlJVFBvX0RienBtT3hNTnVfTExTMU5DeE9kb0YwOUN0SkZMeUhMX2RxYjJQVVZjQnp6cTczTm8teV9TcEF4MjFkWnJ4MkwwU0lRa29wTjdjbzd4OWdEU2t3MDFRVXVRYWxETktaZzd0MzdnUHlKY0tuamNSeGxqWXR0RVBXa3BHblJUcE9fQmVEeDZQNjQ1cw?oc=5,"Fri, 22 May 2026 18:42:00 GMT",
2026-05-24T10:56:17,Google News FT,Egypt deploys jets to UAE as Iran war strains Arab alliances - Financial Times,https://news.google.com/rss/articles/CBMihAFBVV95cUxOLXRydTd4LUhabGZyaG5KNHpHZDB2VDR5cDVVU1BsOV9TSWY3bVdpU1p1RkR4SXczUk1rNlhTVlA3REkxYmxXdGRnZTFINW1SLVhGa3F0UUpiWkhEUGdwbTA5WHVEV1RYdmI5bG9tM2RfTllxbE04RldlYldldzBUNFdqc0E?oc=5,"Sun, 24 May 2026 04:01:37 GMT",
2026-05-24T10:56:17,Google News FT,Donald Trump Jr’s VC firm touts ‘patriotic capitalism’ in investment push - Financial Times,https://news.google.com/rss/articles/CBMihAFBVV95cUxObHZQZ1ZjV2VlSV9jc3VpRGdPNC0wZ1F5X1lXREh1M3B2YU0xZkRqTWExTjZBOW82SDZSd0VsVWZXNTlGWkl1VERzOHE0MjAxUGNjVU9WM2ZyTGo5RzhwcHc2aFVVNmtpaVVyZktzZlBfUzNxMURNU3VsdjFvWGxOY25EeEw?oc=5,"Sun, 17 May 2026 11:00:05 GMT",
2026-05-24T12:01:59,MarketWatch Top,"I’m 67. Our family trust earns $300,000 annually for my kids. How do I ensure they won’t get killed on taxes?",https://www.marketwatch.com/story/im-67-our-family-trust-earns-300-000-annually-for-my-kids-how-do-i-ensure-they-wont-get-killed-on-taxes-ee0c35d6?mod=mw_rss_topstories,"Sun, 24 May 2026 11:16:00 GMT",
2026-05-24T12:01:59,CNBC Top News,"Move over, seltzer. Non-carbonated drinks are taking the spotlight",https://www.cnbc.com/2026/05/24/move-over-seltzer-non-carbonated-drinks-are-taking-the-spotlight.html,"Sun, 24 May 2026 12:00:01 GMT",
2026-05-24T12:01:59,Investing.com All News,First Hawaiian’s SWOT analysis: stock rating upgraded amid growth prospects,https://uk.investing.com/news/swot-analysis/first-hawaiians-swot-analysis-stock-rating-upgraded-amid-growth-prospects-93CH-4696699,2026-05-24 11:40:08,
2026-05-24T12:01:59,Investing.com All News,Bank of Hawaii’s SWOT analysis: stock gains analyst confidence,https://uk.investing.com/news/swot-analysis/bank-of-hawaiis-swot-analysis-stock-gains-analyst-confidence-93CH-4696698,2026-05-24 11:20:08,
2026-05-24T12:01:59,Investing.com All News,Skyworks Solutions delivers 68% return after Fair Value signal,https://uk.investing.com/news/stock-market-news/skyworks-solutions-delivers-68-return-after-fair-value-signal-93CH-4696697,2026-05-24 11:14:07,
2026-05-24T12:01:59,Investing.com All News,Opendoor drops 51% after InvestingPro flagged overvaluation signal,https://uk.investing.com/news/stock-market-news/opendoor-drops-51-after-investingpro-flagged-overvaluation-signal-93CH-4696691,2026-05-24 11:04:07,
2026-05-24T12:01:59,Investing.com All News,Verizon’s SWOT analysis: telecom stock faces competitive pressures,https://uk.investing.com/news/swot-analysis/verizons-swot-analysis-telecom-stock-faces-competitive-pressures-93CH-4696690,2026-05-24 11:02:07,
2026-05-24T12:01:59,Investing.com All News,Qorvo’s SWOT analysis: stock faces transition as Skyworks merger nears,https://uk.investing.com/news/swot-analysis/qorvos-swot-analysis-stock-faces-transition-as-skyworks-merger-nears-93CH-4696689,2026-05-24 10:44:08,
2026-05-24T12:02:00,Google News Reuters,Trump talks up his ballroom plan dozens of times but plays down Americans' economic pain - Reuters,https://news.google.com/rss/articles/CBMiwwFBVV95cUxPeU5xencxaVE0eTZ5VTNmLWhzOG50YU5DdVdVemUxUTNVdkRwVW4xZF9PU2NXR1pwa3JCdUlSdjFleC1XQkJ4ZE1tV21mSHc1SUVXYlJfS0hCV0JkbXBxcnZ1Q3ZKRjhnTFdQSzhvelY2YlRxMnV4MzNhYmRMUU53SGRQQTBCZGJOU1BUQWJaWUpobUt1SFpCeXZVelZvbHpwYzdpR2NzMlVJYU5uSG45SEdZSmdwXzR4X2dKUmtkT0hoUGc?oc=5,"Sun, 24 May 2026 10:38:34 GMT",
2026-05-24T12:02:00,Google News WSJ,Israel Is Exerting Control Over a Bigger Slice of Gaza - WSJ,https://news.google.com/rss/articles/CBMiowFBVV95cUxQYUt0RUxrVnc0aWg4bko0bTdsUjY0bVRZUGI2U0hZeXpTQXhuWU5ON0xFM2ZzclUxaWdySVNZbnJkclZXSndKT1plZkxodkVXRlBicFBPVmlCbHI2dDV6eXVCV0lVTU9KT3RtNHpwRHUycGppMVh1NWlHekhrUV80b3lGZEtVNW1NbVg0TG5oVUgxNW9zbEc0ZmR3VEZTLXVFTWY0?oc=5,"Sun, 24 May 2026 09:30:00 GMT",
2026-05-24T12:02:00,Google News WSJ,"Even at $5 Trillion, Nvidia Is Underappreciated - WSJ",https://news.google.com/rss/articles/CBMikwFBVV95cUxQY2lqUXdyRi1vODkxVVotcGlzaV9MQ0V0UExCTWxndk1uYTFudUptWkV0TGd0WG0yMVBtcDJqWkFvVVAwcUxPeEVtNDF6M2hOeEg5QUZaN0tHZDIzMlZxU2xvS3RoMmVyalpDZkFFOTRpRjlMRnBqcXhDUGZmNDE2cDZ4cm1BM3d4TlgwYnYyQUszY2c?oc=5,"Thu, 21 May 2026 15:24:00 GMT",
2026-05-24T12:02:01,Google News FT,Russia pounds Ukraine with hypersonic ‘Oreshnik’ missile - Financial Times,https://news.google.com/rss/articles/CBMihAFBVV95cUxNazlhU1E0cFZQcGJodlpTQ3I5a2dEaHk4d0s0Vl9JREIzTDBvbXZ1ZzN6QkJuakJZa25hbEo2RGR5Zi1tY2VvZFAtNDhhdUQtVnJrSkcxYmFXZGpfcWU2ekV2aG1YbXdHbVFIWUJBTmhUUm1hV1B5YWFDOG5PRmkwLXlQUFM?oc=5,"Sat, 23 May 2026 23:25:31 GMT",
2026-05-24T12:02:01,Google News FT,‘Kidults’ fuel Japan’s ‘gacha gacha’ capsule toy mania - Financial Times,https://news.google.com/rss/articles/CBMihAFBVV95cUxNZGdodDNpQWdsNFhlY3VwTUlyNUdTYkR1Vk9FT2ZzTWlVVUNCVFFZVVR2M1JOU1M2NG9tcTNoaU5KQWxEWEZhcDhKTGh1eks5dHFwbVNuSkVlS3NZQ1lJOW9nQTBkUUJjckJNS3hkUkJjLVJ5Q3lKeG5tZmFzR3RKY2t6dHo?oc=5,"Sun, 24 May 2026 04:01:37 GMT",
2026-05-24T12:02:01,Google News FT,SpaceX scrubs high-stakes test launch of latest Starship spacecraft - Financial Times,https://news.google.com/rss/articles/CBMihAFBVV95cUxPZ0h4Q3Y2WVkxMl9ic1VFWHBtVDVWbUFKb2VLWGZoQi1CZ1UwM0V2clZyMExvcHhHUm1iSUFQY3BXZTlJMllTUjhUTjZrUTJFcE5lRl9SWmp4Q0s5NG9FMldsVVRMLUp3NUJRMTNXd0l6Uk03NUNWUURzSGNkV0ZOdzFZb1g?oc=5,"Thu, 21 May 2026 21:27:50 GMT",
2026-05-24T13:55:44,MarketWatch Top,Stocks are riding an earnings hot streak — but investors are facing a summer that’s rife with risks,https://www.marketwatch.com/story/stocks-are-riding-an-earnings-hot-streak-but-investors-are-facing-a-summer-thats-rife-with-risks-67a700e4?mod=mw_rss_topstories,"Sun, 24 May 2026 13:00:00 GMT",
2026-05-24T13:55:44,MarketWatch Top,‘We have longevity in the family’: My sister is turning 67. Should she wait until 70 to claim Social Security?,https://www.marketwatch.com/story/we-have-longevity-in-the-family-my-sister-is-turning-67-should-she-wait-until-70-to-claim-social-security-812087a4?mod=mw_rss_topstories,"Sun, 24 May 2026 12:16:00 GMT",
2026-05-24T13:55:44,CNBC Top News,Top Wall Street analysts like these dividend stocks for steady income,https://www.cnbc.com/2026/05/24/top-wall-street-analysts-like-these-dividend-stocks-for-steady-income.html,"Sun, 24 May 2026 12:52:28 GMT",
2026-05-24T13:55:44,CNBC Top News,Boosting retirement savings has a less-appreciated benefit,https://www.cnbc.com/2026/05/24/retirement-savings-contributions.html,"Sun, 24 May 2026 13:30:01 GMT",
2026-05-24T13:55:45,Investing.com All News,Alkami Technology’s SWOT analysis: stock faces growth headwinds amid buyout talk,https://uk.investing.com/news/swot-analysis/alkami-technologys-swot-analysis-stock-faces-growth-headwinds-amid-buyout-talk-93CH-4696719,2026-05-24 13:50:08,
2026-05-24T13:55:45,Investing.com All News,Chart Industries earnings up next as estimates slide,https://uk.investing.com/news/earnings/chart-industries-earnings-up-next-as-estimates-slide-93CH-4696718,2026-05-24 13:38:08,
2026-05-24T13:55:45,Investing.com All News,Masimo earnings in focus as Danaher deal nears close,https://uk.investing.com/news/earnings/masimo-earnings-in-focus-as-danaher-deal-nears-close-93CH-4696717,2026-05-24 13:38:07,
2026-05-24T13:55:45,Investing.com All News,ICON earnings ahead: First results since accounting probe ends,https://uk.investing.com/news/earnings/icon-earnings-ahead-first-results-since-accounting-probe-ends-93CH-4696716,2026-05-24 13:36:08,
2026-05-24T13:55:45,Investing.com All News,Veris Residential investors brace for last earnings before sale,https://uk.investing.com/news/earnings/veris-residential-investors-brace-for-last-earnings-before-sale-93CH-4696715,2026-05-24 13:36:07,
2026-05-24T13:55:45,Investing.com All News,Norfolk Southern’s SWOT analysis: railroad stock faces merger uncertainty,https://uk.investing.com/news/swot-analysis/norfolk-southerns-swot-analysis-railroad-stock-faces-merger-uncertainty-93CH-4696714,2026-05-24 13:32:07,
2026-05-24T13:55:45,Investing.com All News,Rogers Corp.’s SWOT analysis: stock gains amid data center push,https://uk.investing.com/news/swot-analysis/rogers-corps-swot-analysis-stock-gains-amid-data-center-push-93CH-4696713,2026-05-24 13:12:08,
2026-05-24T13:55:45,Investing.com All News,Japanese bond sell-off nears ’crucial point’ - Capital Economics,https://uk.investing.com/news/economy-news/japanese-bond-selloff-nears-crucial-point--capital-economics-4696712,2026-05-24 13:06:08,
2026-05-24T13:55:45,Investing.com All News,BofA initiates Pershing Square stock with neutral rating on fee model,https://uk.investing.com/news/stock-market-news/bofa-initiates-pershing-square-stock-with-neutral-rating-on-fee-model-93CH-4696711,2026-05-24 12:58:07,
2026-05-24T13:55:45,Investing.com All News,"UBS upgrades Vipshop stock rating on earnings quality, shareholder returns",https://uk.investing.com/news/stock-market-news/ubs-upgrades-vipshop-stock-rating-on-earnings-quality-shareholder-returns-93CH-4696710,2026-05-24 12:50:09,
2026-05-24T13:55:45,Google News Reuters,Turkish riot police enter opposition headquarters to evict ousted leaders - Reuters,https://news.google.com/rss/articles/CBMiwgFBVV95cUxPZkFROUtlb3FQWWh6czFCQWZJejlwajlCdHhyZlp6Nll1UjQ5azhST2xXWGRQYndNNFhBZnBmOVNBeHFTbTE0dWw5WWVQVkdLdFRsOWZjWVNNSGRVOFRSd3ZVcFZTeEpJdGcwNk5qb2Eyb0FvcjYtOXplMHNHRV9RWUFGR3VvdjdrdWxpYnhqZHItM1BxOXlEblY3dTBuaWdHVHgycmx2aXJBdk8zbmIwcWgySWUxRkNKdHNmQVVOS09fQQ?oc=5,"Sun, 24 May 2026 11:41:37 GMT",
2026-05-24T13:55:45,Google News Reuters,Bahrain court jails nine for life for collaborating with Iran's Revolutionary Guards - Reuters,https://news.google.com/rss/articles/CBMiuAFBVV95cUxNUEVjRE93LUZZc0g1dEtaUGVHOGZWUDJ5eFBxSkswdGNMcmRZYXI4S1lnNXBaekpZbTVkZXQ5elcwcVhmUTVhQ1N0TmM3VWUwcWhWNlMyN3BKNFlCTTJCcGxncXYzQ21iQ2JMbEl6RUZabTZHNnFIaklVWVp4S1gwV3QtRXBCV0lXckI0eUcwLWUtRkJORDJqZHFteDIwdFdyTVFtZDc4d1VCRmd6Z1pMS3lJWmQwN1E1?oc=5,"Sun, 24 May 2026 11:35:29 GMT",
2026-05-24T13:55:45,Google News Reuters,"India, US discuss Middle East, trade as Rubio cites progress on Iran conflict - Reuters",https://news.google.com/rss/articles/CBMitAFBVV95cUxOVFp2U3d4U192dzF5a1Q0VVRfbUczbjhDc0VPTFhUUWJvaHktM1R3UGt0SVRXZ1RuRkxoai1XNnBHUVJ0bVlmcjB1TDRuTHlWUlVxRmlHcVZwMEE0Z2VPZXBXS09BM1VYMnRuSU5lMmxCY0VaelNIUlphSXJzcUtyRWt1NVFDU0N4RGhTVmFMNTFoNl9rSlhob25MaUtXMktRNUszNk45ZDJybWRRVXFoekE5aF8?oc=5,"Sun, 24 May 2026 09:37:26 GMT",
2026-05-24T13:55:45,Google News Reuters,Cyprus votes for new parliament with corruption and living costs in focus - Reuters,https://news.google.com/rss/articles/CBMipwFBVV95cUxOaDA5dWg3eGFZTzZSUUZ0WFBwLU00T0d2YnFSQy0wVTltMVREUjNyN1NjNTNDclQ1aDJKSkx2WjRERE56U0dRZThSUlg0SjZ3ZmxzcnpfZWw3aDA1ZHBnQmdlNXdlWmgwSXRXeVJEMmp5dE9KeDBucmFHQzZBOHBES1VuS3FXQVphUVNGZGRIcGk4SUpubzNNdFN6VWZ1TzcxejRTTjBzWQ?oc=5,"Sun, 24 May 2026 08:31:43 GMT",
2026-05-24T13:55:45,Google News Reuters,EU regulators to decide on Baker Hughes' $13.6 billion Chart deal by June 26 - Reuters,https://news.google.com/rss/articles/CBMivAFBVV95cUxOdDJmQkNZSlg0T2ZyYXV3Ql9aS3gxTk93b3NQRkF2MHM4aXdkX2ZEbE1wV0VmU0w0VlhIN2YwNUdHbktLcUlwa1oxampOaVBKVjVCdjB5N2NTMjRFalBzSndWUjBxa2oyTUtiOS1EYVFobmVzU3J4NnlXVW5zMTRIdldfamFVNUpyeWl5aWE4WmlvVEVOOWw3eXRwQUdFMGcxZDlKQWpsSHdoLThnS243UXpoUHZrNTJmSngtMg?oc=5,"Fri, 22 May 2026 16:13:00 GMT",
2026-05-24T13:55:45,Google News Reuters,India battles power cuts as heatwave boosts electricity demand to record - Reuters,https://news.google.com/rss/articles/CBMiugFBVV95cUxPWE1NWEJQUFlBc2JNUWJ4MDJ3QjJnYmVnTHhtUjBYWWh5SUNodm9LNW1tNk04SWs0Qjg0cGk2Ulh0Nzh4YXJ3YXk2MUJhYmlfOFJHUlFYcng3eFhCZTlqNFBZQWdhUmxJNlk4ZTJla1J3N0JkMFJ0QXJDckV4LWFOM2ZQVklkb0FQalVsQmdhSlJhWVB5WGtJemEwMnhJZFlYRjZOSGNnb3ZhWU8xWFNNeUpxdFpDUUJwYWc?oc=5,"Fri, 22 May 2026 11:08:34 GMT",
2026-05-24T13:55:45,Google News WSJ,Kyiv Suffers One of Ukraine War’s Heaviest Russian Barrages - WSJ,https://news.google.com/rss/articles/CBMimAFBVV95cUxNLWRvZTlhdkxxQlptLUJJTVZLanRuZzVXWDdDQ3JpSjliQ3lBRmJGYkR0U2pCTWc3dC04ZGh1WS1qeTZ3RVVOYjFsSk9Kbk43WVhneDFaYkMtWGVkeDN3OVc2SG9ieGVoRk1zUnF5VDlvS2FzNm9FOFhEdXEwSVJjS3IxUW80eUlFUW5JMkkwMjJIMWdZRENRZA?oc=5,"Sun, 24 May 2026 11:12:00 GMT",
2026-05-24T13:55:45,Google News FT,"French nicotine pouch ban is ‘attack on Swedish way of life’, minister says - Financial Times",https://news.google.com/rss/articles/CBMihAFBVV95cUxPeGVaTHdMUXlQOVpzQTdibmxmazNlc1VrbmxyUTZHY2l3TFdVOTFQajFzT1JZNTVPOF9yMkotc21BV2k4b2FWUDNNSjJLZFNhUFhQNklEVHlEdDRNVnBWbk84TUowXzJyRDhBN3M0NlZDeTRjQlNCZTZVTC16RUFKZkZrZDM?oc=5,"Sun, 24 May 2026 04:01:37 GMT",
2026-05-24T13:55:45,Google News FT,"Team USA prepares for Trump’s big, beautiful World Cup - Financial Times",https://news.google.com/rss/articles/CBMihAFBVV95cUxPZVVYdU9zTnFuWGp0ZmF5UW5fR2xzVkVSSVR5S3pYeUZUc3A1NnNmcW9GV2k5b3l6NlRPc3hXcnlnS29Rck1CWUZNRW1BblhBcmNBay1oT2toS2dlbGdNWjQ5VkNhRFFRanFEci1QTldYYjRhVHNiM1RqMkEyOExfY0ZOd2k?oc=5,"Sat, 23 May 2026 04:01:03 GMT",
2026-05-24T15:05:05,CNBC Top News,Trump says Iran negotiations proceeding in 'orderly and constructive manner;' warns against rushing,https://www.cnbc.com/2026/05/24/trump-iran-war-talks.html,"Sun, 24 May 2026 14:49:17 GMT",
2026-05-24T15:05:05,CNBC Top News,"I’ve worked with over 1,000 kids—the ones with the best people skills use these 6 phrases",https://www.cnbc.com/2026/05/24/kids-with-the-best-people-skills-use-these-6-phrases-therapist.html,"Sun, 24 May 2026 13:34:01 GMT",
2026-05-24T15:05:05,CNBC Top News,Barriers grow for international students seeking U.S. jobs: The 'American dream ... is collapsing',https://www.cnbc.com/2026/05/24/for-international-students-seeking-us-jobs-the-american-dream-is-collapsing.html,"Sun, 24 May 2026 14:15:01 GMT",
2026-05-24T15:05:05,Investing.com All News,Lumentum Holdings’s SWOT analysis: optical stock rides AI wave,https://uk.investing.com/news/swot-analysis/lumentum-holdingss-swot-analysis-optical-stock-rides-ai-wave-93CH-4696724,2026-05-24 14:56:07,
2026-05-24T15:05:05,Investing.com All News,Klaviyo’s SWOT analysis: marketing automation stock faces growth transition,https://uk.investing.com/news/swot-analysis/klaviyos-swot-analysis-marketing-automation-stock-faces-growth-transition-93CH-4696723,2026-05-24 14:34:07,
2026-05-24T15:05:05,Investing.com All News,Zebra Technologies’ SWOT analysis: stock faces memory inflation headwinds,https://uk.investing.com/news/swot-analysis/zebra-technologies-swot-analysis-stock-faces-memory-inflation-headwinds-93CH-4696722,2026-05-24 14:12:07,
2026-05-24T15:05:05,Investing.com All News,India’s central bank can let rupee slide further as macro fallout will be limited,https://uk.investing.com/news/forex-news/indias-central-bank-can-let-rupee-slide-further-as-macro-fallout-will-be-limited-4696720,2026-05-24 13:56:08,
2026-05-24T15:05:06,Google News Reuters,"Netanyahu told Trump Israel will remain free to act against threats, Israeli source says - Reuters",https://news.google.com/rss/articles/CBMizgFBVV95cUxPWVhDbVFXYWRENzhZZ1piQTBOSnJpSzFENzJuT2Y3R0ROb3IxOVZqN0tHcTRCaVNDcXZVak10YUJGYWpfOFdoQ3E2UGlNZTVlWEV2dTRNT29iNF84RTFsaVlQQVRZLTlXSXhLYzg1WUF6Z0pFUHNLRWhPWHpzYVI3NE1LV19Kd0lmT2gyalBfZDVSN2xyNUU3MzU0YnhTRmJIVFQ5eTAyY0hiSWFxNURLVEFuTHVnYmpzXzNaTm40YkpaRVlhR0Nxb2RBWjBUdw?oc=5,"Sun, 24 May 2026 13:23:44 GMT",
2026-05-24T15:05:06,Google News Reuters,US Treasury rout tests Washington's tolerance for higher borrowing costs - Reuters,https://news.google.com/rss/articles/CBMivAFBVV95cUxPbUlHRkl5U0tyN1c0dTU3Rmw5NlRIWTFDcWtSaXRCVkpSLWVsWjlRNmVyYl9OOG9jVFRQUU45UVpVNVU1VVdsVGV4SnozTlVDdjlVcktDRnFaakNrQ1d0REc2TkQzYXRxU0dIbWI5Nm1PcVhid1hxbjdodWhFa0dSQW9ZS2JJRTVYUF95RlA2QTZfeGxJSXYyY0E5Mk1rdTRtUE92WDR2SHNSeWVRUlV3RkdSOUZGZ0QyZm5pWQ?oc=5,"Sun, 24 May 2026 13:18:09 GMT",
2026-05-24T15:05:06,Google News Reuters,Week Ahead: Inflation's summer test - Reuters,https://news.google.com/rss/articles/CBMinwFBVV95cUxOblNHWWhzS0dpQ0kxUEZHWTI1UVNSaXI5dGJtUHctWVl0RUhGdXNLdGRkVE1ya2JVQ1hyUjNwd3VJZ3FUNEJUbW1nOFZSZDVaY0huLXlkVEFHQXV1eTNWY3pMR2ZieTRNRG45ZHJpNWtFSUdtbFVtRENkNWtxMzhEODl1c3RYMzFXVmdCdkt1dlFrcmwwZzhkel8teEtFUXM?oc=5,"Sun, 24 May 2026 10:53:55 GMT",
2026-05-24T15:05:06,Google News WSJ,It’s China’s Answer to a Rolls-Royce—and It’s Stuffed With Gadgets - WSJ,https://news.google.com/rss/articles/CBMiqgFBVV95cUxQRVY2REt0bVhjWTdsaV90R3B0R0FPd2tQaTAyUERQN0xfNmJQSzNyLURfR25VWTNSWDdyekNSNXlRSm9pV0dEWUpwN3E0LUZRUXBaRER3Tjdqc09ZRFF6WXZJRnpPNmFiLUc3Q3YwTHhNN09mRm52VTVOa0VtQnBwUEdLX0VHa2dydmNFMGlyWjh6YUR1NXVvUmhqS2dRV2NZSmUtZThUdl9KZw?oc=5,"Sun, 24 May 2026 13:00:00 GMT",
2026-05-24T15:05:06,Google News WSJ,Execs Are Deploying Digital Twins to Do Their Work - WSJ,https://news.google.com/rss/articles/CBMikAFBVV95cUxPcHZ1ZGVwLS1pUjBsdUFKalpwYlo2YnBSV2RlZlp4OTJZTnBvdHQxZHpvNEdYZDB4RFFVMHJ6UW1PNG9rajNJTklSbUdwRWZYWHZWMGx1b3FoNHZjbXQ3ZnVNeXVBWHFGdkhJVmR6VjhseThldFp4T25VbFNSNjRZc29nODFVdFFXTktHRUhCZEc?oc=5,"Fri, 22 May 2026 15:55:00 GMT",
2026-05-24T15:05:07,Google News FT,How the Premier League became a UK economic asset - Financial Times,https://news.google.com/rss/articles/CBMihAFBVV95cUxPTnVVNjItU0NNRVVBUHhkWTlncFlnV2Y4cmFsRDdSdENxZnhDYVZ6aTNiM3dudlQ5SDU4VmdleXpPcURoM0xHeTNacXRDdHpGMWZuSTNDQ3ZfakxvUV8tUXVSNGotZ3hJSElvcm0wVnNOWXNOS2c1WEIwUmZDemM5VUU4TEQ?oc=5,"Sun, 24 May 2026 10:00:06 GMT",
2026-05-24T15:05:07,Google News FT,Why IPO mania could signal top of the market - Financial Times,https://news.google.com/rss/articles/CBMihAFBVV95cUxPd2ZqbzFZSnhEMGFBelZQNk9hU1A3UGdIWVRLMWx4c2VmSDI0bW53R0FZdG1Kb2NNTjlmS1BrZnJTY2M4TExURndXTTFlRDlmQ2dlbkRSc2RjZ19yaEttczh5aDVEYWRnLUpqSnF4dG91RW8wYUdVUWVLWjJXZGxHamZpLVY?oc=5,"Sun, 24 May 2026 11:00:07 GMT",
2026-05-24T15:05:07,Google News FT,The rare midnight photos that might reveal the ‘real’ Marilyn Monroe - Financial Times,https://news.google.com/rss/articles/CBMicEFVX3lxTE1lZ1dVbVBXU3JLZ04ySmNUMldZQ2dGU1dlYk9CUGtsNzFkUlQyU1dhQmhHWnlQWktKaTZPOWRaX2xhTm9LMGdDQWlNdWpkNTc5SjVTQmhCdUZ3bGp6LVVrRXYtSVhJX1lRM1JlTmtYblA?oc=5,"Sat, 23 May 2026 04:06:37 GMT",
2026-05-24T15:05:07,Google News FT,Turkish Airlines targets top spot after winning traffic from Gulf rivals - Financial Times,https://news.google.com/rss/articles/CBMihAFBVV95cUxOLVhNTmJsU1NtcGdxRHgtMm14UXN2RGFEczRlSlViWk9hcWdUNTlZR1pSRnJLVC1sOWpyb0M1QzZzSHpfejhjR0JVY05JeXVuSklYZW1BUFdhVjlGV0FIanNieTE5a3dlLTZjaWhmOExmcDg2RE50b0dNb2g2Nnk0M1JFcDI?oc=5,"Sun, 24 May 2026 04:01:37 GMT",
2026-05-24T16:34:20,CNBC Top News,'The Mandalorian and Grogu' is Disney's lowest-ever Star Wars film opening,https://www.cnbc.com/2026/05/24/the-mandalorian-and-grogu-is-disneys-lowest-star-wars-film-opening.html,"Sun, 24 May 2026 16:04:57 GMT",
2026-05-24T16:34:20,Investing.com All News,KLA Corporation’s SWOT analysis: stock faces growth prospects amid conservative outlook,https://uk.investing.com/news/swot-analysis/kla-corporations-swot-analysis-stock-faces-growth-prospects-amid-conservative-outlook-93CH-4696729,2026-05-24 16:12:07,
2026-05-24T16:34:20,Investing.com All News,Republic Services’ SWOT analysis: stock navigates margin strength amid revenue concerns,https://uk.investing.com/news/swot-analysis/republic-services-swot-analysis-stock-navigates-margin-strength-amid-revenue-concerns-93CH-4696728,2026-05-24 15:54:08,
2026-05-24T16:34:20,Investing.com All News,Qorvo’s SWOT analysis: semiconductor stock navigates merger path,https://uk.investing.com/news/swot-analysis/qorvos-swot-analysis-semiconductor-stock-navigates-merger-path-93CH-4696727,2026-05-24 15:36:08,
2026-05-24T16:34:20,Investing.com All News,Kura Oncology’s SWOT analysis: biotech stock faces launch test,https://uk.investing.com/news/swot-analysis/kura-oncologys-swot-analysis-biotech-stock-faces-launch-test-93CH-4696726,2026-05-24 15:16:07,
2026-05-24T16:34:20,Investing.com All News,Goldman Sachs notes shift in fund positioning towards semis and away from software,https://uk.investing.com/news/stock-market-news/goldman-sachs-notes-shift-in-fund-positioning-towards-semis-and-away-from-software-4696725,2026-05-24 15:00:08,
2026-05-24T16:34:21,Google News Reuters,"Benin's Wadagni takes office, vows better living standards, security - Reuters",https://news.google.com/rss/articles/CBMitAFBVV95cUxQbnZWRXg4YU1sb2NNZV9HRGtvNUh6TkctQmVnMmFnbVpGSzVmeGtiT0I2aTVaUU5VdG9iSlk1MlRtQTM5TU5kc0s0LXhleTZrcjRWamRUQnNYdjJUNks0ek1mdi1LU0EwTGFHRkZxaW5BTDhqa0tWYXp2TmEySUhZcWQxSFQzMkRHbmdyWlF5TFZudTJsQThZRjA4akRGSXhtSlF5ZUZhcHBlNkRwTjQ1QjFzbVg?oc=5,"Sun, 24 May 2026 12:23:43 GMT",
2026-05-24T16:34:21,Google News Reuters,"Israeli fire kills parents and their infant in Gaza, medics say - Reuters",https://news.google.com/rss/articles/CBMirgFBVV95cUxPR0dHRVFwMVk2NGw3Z3A1MVVUaFlaYnhxUFlIdnZrLS14ZHJZNW9BU3J5Tmk3cWJPMUZlYS05dk5yVkdJNEFTdVUzdFdvVzV0QTFSTEx0ZHhhVVBUS1dHb0pMYjFzZ2lGaHZOZjJpdW5nWFFMMExOZl9IbUJyNF9LUlE2bzROekZaMGJrMWsxUWxHalFNdGltNndFMFJhYkpZRzhaSU9QOUpwdVZ0N0E?oc=5,"Sun, 24 May 2026 12:38:11 GMT",
2026-05-24T16:34:21,Google News Reuters,UK sets out when transgender people can be excluded from single-sex spaces after court ruling - Reuters,https://news.google.com/rss/articles/CBMiuwFBVV95cUxOcmZSS05rZm15MVJQdU1NSWc2cThPMHFwd05mQ1BBSWhwZm1ESWdTTkZUdERaR0d0TlhWdHVEU09wUUNKWTVRTW1PbkdVV2wtQzAzRnloOXZXcTVwNS1zcnFjUGFMQjFoMTdRZVNnbVhPYktHUmVrQWxBNXdtcTRnc2Flai1JVWxOMThLSGk3enFZaDBhc09rSWx3UkZJVjFiSzVWWG81VnJXQlJaM1lGczd5ekxfbU5KU3VB?oc=5,"Thu, 21 May 2026 17:22:09 GMT",
2026-05-24T16:34:21,Google News WSJ,The Former Air Force Pilot Who Was Allegedly Recruited to Train China’s Military - WSJ,https://news.google.com/rss/articles/CBMitAFBVV95cUxQTnNDWmhUWkpaSXpKZmhpNUk4T0QwZUp4bnBOOWl3R2VEa0FXNGRiMS0ycUFvakY5OW5zWTl6OUI5ck1BMVlZTE50bHM1UW1CUnl4N2J0TVZ6bzdNNzNZVHpEMFFkRWp3MWxlOEZaMnU5a194VUpfNzBTVlRSNDNrUHdlanF2Z0JsZEItNGFmZ1JQYmMyNERmM1lkcVZGeThodzI2UDRrV3pDRExwXzdyVWY5WVc?oc=5,"Sun, 24 May 2026 03:00:00 GMT",
2026-05-24T16:34:21,Google News WSJ,Elon Musk’s Dreams of Interplanetary Profit | Technology for May 24 - WSJ,https://news.google.com/rss/articles/CBMifkFVX3lxTFBaQ29NdjNoZVNvWjEzZEFWY0MwMkpHd3RrWld0b2ZabGdNT3hmUXRVVkM5Z1htZDhybWtIVEJ1MUI4YzFabHMyVVBBUmxqTGpLSFByZXFnTVpmb2JxbEYyMGRxWGE0V2Rub2M5S2x6WHh1dVg0ckplbVdhOFFxZw?oc=5,"Sun, 24 May 2026 13:46:00 GMT",
2026-05-24T16:34:21,Google News WSJ,Ships Get in Position for Oil to Start Flowing From the Gulf - WSJ,https://news.google.com/rss/articles/CBMihwFBVV95cUxNUmhHeFRacXpacmU2MmF0aXFaSHlzZ3UyVW1fMUlqY1A0REctbGI5WTRsc1JkN0x6NFV1QXY1UXRYcGhOXzVMbHVNQmc1cVdVQU9SV0xwUE5VT1JjdnYzR0lzdmx5QnBUaHZNd1pXOVpmSlN5X1B2ZWhmOTE2dzBOWlg0ZzdGRFk?oc=5,"Sun, 24 May 2026 15:14:00 GMT",
2026-05-24T16:34:22,Google News FT,Britain’s EV boom hits second-hand bump in the road - Financial Times,https://news.google.com/rss/articles/CBMihAFBVV95cUxNWUotRGtCdGZaQ1YxWmRLaDhjVzNrdzBoMjJLcEVoTTBsTlpCeFg2MGZLV0hJZGdrZlFUdXBHUnRTSExja3hhOW0wWmZwTjdiV01CUjNaMG9KSUIxcnJldW43ZTY0NXNybnJWT1BwcHQ3QXQza3VrT2ZDb1V5RFl0RWsxWUU?oc=5,"Sat, 23 May 2026 04:06:45 GMT",
2026-05-24T16:34:22,Google News FT,No one wins a trade war. Or do they? - Financial Times,https://news.google.com/rss/articles/CBMihAFBVV95cUxPOEJDN1pqUW5Rb3RQb1VycUN1YXJlWEFqVFpPN2JDajVDSFBTdWphVkhQOUxOdm9wZGVxbTZKRjVYVGdUbUtQSU1QbFNsbTBicldpb2hpcmpzb1UwRFRCNTNIOWQ2d1BtWmV4TGtDNTNOS1FXcUZpMDdoU0lTMUE1aDVDNXk?oc=5,"Sat, 23 May 2026 04:01:03 GMT",
2026-05-24T16:34:22,Google News FT,Iran war could add billions of dollars in interest payments to US debt - Financial Times,https://news.google.com/rss/articles/CBMihAFBVV95cUxQTkt6dFF5QlhNWFBORHVrUFh3SWtQZ0VPMl9jZjN3Q05HdmhEQ0xOMk1DUnVKY2FxTDFSN0pnMlVPR3ZtSElLLXN3ZmJJQ21iMkM5Q2xvVjhJbzduWFk3X1NqQi0yc0l5cXVBLXFEd1ZQUnM3Nm9ocVJQYVE1SUVWQmhDdG4?oc=5,"Sun, 24 May 2026 11:00:07 GMT",
2026-05-24T17:59:25,MarketWatch Top,Is the stock market closed on Memorial Day? Does the post office deliver mail?,https://www.marketwatch.com/story/is-the-stock-market-closed-on-memorial-day-does-the-post-office-deliver-mail-bba7ef11?mod=mw_rss_topstories,"Sun, 24 May 2026 17:24:00 GMT",
2026-05-24T17:59:25,MarketWatch Top,"Trump says there’s no rush as deal to end Iran war, reopen Strait of Hormuz appears close",https://www.marketwatch.com/story/trump-says-theres-no-rush-as-deal-to-end-iran-war-reopen-strait-of-hormuz-appears-close-c60056c0?mod=mw_rss_topstories,"Sun, 24 May 2026 16:55:00 GMT",
2026-05-24T17:59:25,CNBC Top News,'I never heard of the Strait of Hormuz before this': How one medical supply CEO is navigating the oil price shock,https://www.cnbc.com/2026/05/24/gentell-ceo-iran-war-oil-prices.html,"Sun, 24 May 2026 17:26:32 GMT",
2026-05-24T17:59:25,CNBC Top News,Americans are 'entrenched' in financial stress amid debt and price pressures,https://www.cnbc.com/2026/05/24/americans-struggling-with-debt-inflation.html,"Sun, 24 May 2026 15:00:01 GMT",
2026-05-24T17:59:25,Investing.com All News,Lincoln Electric’s SWOT analysis: stock navigates industrial recovery,https://uk.investing.com/news/swot-analysis/lincoln-electrics-swot-analysis-stock-navigates-industrial-recovery-93CH-4696734,2026-05-24 17:38:08,
2026-05-24T17:59:25,Investing.com All News,Impinj’s SWOT analysis: stock navigates inventory headwinds,https://uk.investing.com/news/swot-analysis/impinjs-swot-analysis-stock-navigates-inventory-headwinds-93CH-4696733,2026-05-24 17:14:08,
2026-05-24T17:59:25,Investing.com All News,Citi says AI-linked boost to inflation presents Fed a ’dovish opening’,https://uk.investing.com/news/economy-news/citi-says-ailinked-boost-to-inflation-presents-fed-a-dovish-opening-4696732,2026-05-24 17:08:09,
2026-05-24T17:59:25,Investing.com All News,Old Dominion Freight Line’s SWOT analysis: stock navigates freight downturn,https://uk.investing.com/news/swot-analysis/old-dominion-freight-lines-swot-analysis-stock-navigates-freight-downturn-93CH-4696731,2026-05-24 16:54:08,
2026-05-24T17:59:25,Investing.com All News,First Interstate BancSystem’s SWOT analysis: stock faces balance sheet pressure,https://uk.investing.com/news/swot-analysis/first-interstate-bancsystems-swot-analysis-stock-faces-balance-sheet-pressure-93CH-4696730,2026-05-24 16:32:08,
2026-05-24T17:59:26,Google News Reuters,Protesters in Spain condemn police handling of Gaza flotilla activists - Reuters,https://news.google.com/rss/articles/CBMiugFBVV95cUxNdkdGYTVwaHdKSms2ZEttaHhDUkFhRFBRUzN0ME04SzV5OTd1LVZhQS14UmFPV09aVlVtVTR6MzVhNUJudUdPb0RaOThqSFVPRXhoREY5dkR0OWpacHFMeVZFbWpESzRfVUxUaFBnTC1Ud19FVUd6c3hSLVY5TW42VUt6bGszZy00RTc4TWpvZ3RSLUZpV0VGaC1Bd0tjWGFGT2N5dXYyU3hHTXNoeHV5cEo3cVNJd25NR3c?oc=5,"Sun, 24 May 2026 15:28:30 GMT",
2026-05-24T17:59:26,Google News Reuters,Most Gulf markets surge on US-Iran peace deal expectations - Reuters,https://news.google.com/rss/articles/CBMirgFBVV95cUxQNFcxbVVJUzd4cnlvMmZTZnBTa1dVS3E5VTJROFdYYzNmOWFtZEVldUZJem40dWdpOGRoRWNHdEZVSHZqWHQzV2QteG9Rc1o0dTEzSlkxSElseFYwTWVkWmR6MU1jc0QyTkNNOHFsVGdGaFZENlc1SENNNWw2WHE0WjIxeW15UUM4bWFaRmVPX2RyMmQwU2U3UGppOUlscUhNUTcxdW9kc1VCQ1NtZFE?oc=5,"Sun, 24 May 2026 13:18:09 GMT",
2026-05-24T17:59:26,Google News Reuters,"Iran negotiations, Oreshnik missile strike and Enhanced Games - Reuters",https://news.google.com/rss/articles/CBMiowFBVV95cUxQRlh4bEpZZ01aemtMbkpOWE9fRnI4QjBKaWMwUEF4REFLSVBwZ1oxYURFYUduSVFsRnVjUTQtTHRYMFJtMElCZ2lpOVdBcmxXai1UQVVHSEw1YjBOUlNGdGtTOHp5a1JhM09DSmtfTDIwZmtKREVDSmlRQ19aQnBkcUJKcTV2bm9welJRVWliM3l1Z2lwYWtJcFFDV2pKQzBQSGZv?oc=5,"Sun, 24 May 2026 14:49:37 GMT",
2026-05-24T17:59:26,Google News Reuters,Bangladesh offers sweetened terms in offshore tender to tackle energy crunch - Reuters,https://news.google.com/rss/articles/CBMivwFBVV95cUxOQ1h1elFJSFJOR2lYV010d3NoYVJLaDVhWE9VUTlpOXFBbVctZkpRcXl5dnZCTzJ5Y0ZLampCOVVUYlY1Tk5BR0J1S216aC1xMVEwaVdxNGE5NjBNQXkweFBYMnJuaHVYVmFNZHpDSE1lNU5Ua1VNU2FUMUtxSXUzMm9KWjhWZ3ExRG51U3VURnBFNThfSXV0eVRiVmNNU05YUWNpVS1uNjgxS0hOQTNfWXdsX3dBVURkd3pzdWlxWQ?oc=5,"Sun, 24 May 2026 12:16:18 GMT",
2026-05-24T17:59:27,Google News WSJ,This Summer’s Teen Job Market Is the Toughest in Decades - WSJ,https://news.google.com/rss/articles/CBMiY0FVX3lxTE82YXJwNUMwVHlZRkQ0ckxtWTlPWi1TSnNmT21GQUZPcVRPdFNWSWplTTI5dkVPX0VKRUxuN0FERl9wZWRLcW1nemlEYjdhekRwYUltUnRrcFJpZHZuZ0N2VXQwSQ?oc=5,"Sun, 24 May 2026 16:00:00 GMT",
2026-05-24T17:59:27,Google News WSJ,‘The Mandalorian and Grogu’ Returns Star Wars to Theaters With $102 Million - WSJ,https://news.google.com/rss/articles/CBMitwFBVV95cUxQcXpXS0FxR0NaYjl2Q3dMTEY3LVZYcDR3Z0RXdl8xZDZfR0xCR0FwYWlaRmhpSmRzcDloRXNFZ1Z5eHZjNm96Z1FUdkNOLWJGMFJfUGZRVU05dHBQZC1zTmFCSWMzUU1Eb2xlZWlGUmRVNXhnajd3U1gtVkJxdnM1VHlkUHdnTmhwR3lCdC10aFdjaUFiMDhCREdwUmZoeU5sYWh3OC1sNE4xU2RqbV9TdzhlanNKNDA?oc=5,"Sun, 24 May 2026 16:57:00 GMT",
2026-05-24T17:59:27,Google News FT,For sale: the private world of Martin Margiela - Financial Times,https://news.google.com/rss/articles/CBMicEFVX3lxTFA5Nlo2c1dWNXo0bkhJOWJWeFpiU19yZDBhMnZhUkhOdUVxdS1xbXhseTAtY1EzUkk2ZXgzVU4xeXdkMDZlRFJ3VGg4aDBlTnduUkZFQmJNelBkclNoT3poQkNvSWZESFZBZlZrUklFUDc?oc=5,"Sat, 23 May 2026 04:01:53 GMT",
2026-05-24T17:59:27,Google News FT,Who to call to buy in the Cotswolds - Financial Times,https://news.google.com/rss/articles/CBMicEFVX3lxTE5WN0hfSXpscVhYWkhFOGpNcVhMQ2JIU0NnVm1kaW9VbFV5cFgtZ3l0SXNPRHdmemMtTldxUzBHZXZlSDd6c3Q4UF9JOHhlSVFuTFpEcEJrQmFzdlU1Q1RTQnczamJaYm0zdmxSVGtudkU?oc=5,"Fri, 22 May 2026 11:00:04 GMT",
2026-05-24T19:25:16,MarketWatch Top,‘He didn’t really pay attention’: I told my friend he left millions on the table in retirement. Did I do the right thing?,https://www.marketwatch.com/story/he-didnt-really-pay-attention-i-told-my-friend-he-left-millions-of-dollars-on-the-table-in-retirement-was-i-right-099bf5bb?mod=mw_rss_topstories,"Sun, 24 May 2026 19:17:00 GMT",
2026-05-24T19:25:16,Investing.com All News,Compass Inc.’s SWOT analysis: stock eyes growth after acquisition,https://uk.investing.com/news/swot-analysis/compass-incs-swot-analysis-stock-eyes-growth-after-acquisition-93CH-4696738,2026-05-24 19:00:08,
2026-05-24T19:25:16,Investing.com All News,Prosperity Bancshares’ SWOT analysis: stock faces growth headwinds,https://uk.investing.com/news/swot-analysis/prosperity-bancshares-swot-analysis-stock-faces-growth-headwinds-93CH-4696737,2026-05-24 18:40:08,
2026-05-24T19:25:16,Investing.com All News,Kura Sushi USA’s SWOT analysis: stock faces comp headwinds,https://uk.investing.com/news/swot-analysis/kura-sushi-usas-swot-analysis-stock-faces-comp-headwinds-93CH-4696736,2026-05-24 18:20:07,
2026-05-24T19:25:16,Investing.com All News,First Watch Restaurant Group’s SWOT analysis: stock navigates breakfast segment challenges,https://uk.investing.com/news/swot-analysis/first-watch-restaurant-groups-swot-analysis-stock-navigates-breakfast-segment-challenges-93CH-4696735,2026-05-24 17:56:07,
2026-05-24T19:25:16,Google News Reuters,"Pakistani, Chinese companies sign $1.22 billion deals at conference - Reuters",https://news.google.com/rss/articles/CBMitwFBVV95cUxNSEFkUlp0VTNxckxITFlRdm1xTWl2c3hmeWQ0TmtLZWV5a2o0Wm0yQl9LeF9KQlNOMzZwc1hCWGRxM3Zlal8zUWRsdEpld1Raeng0Mlg3TVN6Nks1bW9VVjRYRzJiejRaZ1BUNHozQUdqRE50amQwbFlrM2JGamhOTFYzcTF6aklpX3JjQ1pzZW9lTE9aaE1HY3RDVDRrcUFlb2ZHcWViV1ppU2ZUU2tvN0U5WjY1Znc?oc=5,"Sun, 24 May 2026 16:50:11 GMT",
2026-05-24T19:25:16,Google News Reuters,Possible deal on Iran divides US lawmakers largely along party lines - Reuters,https://news.google.com/rss/articles/CBMirwFBVV95cUxNNU1ZY1RXSE9MNXdKM1NJQ0xLRlM1V3QycnFMRjVxWGZrd2ktVUNYTERGc3M0N2ZqcVhQUVNLMVFZY29GZUl6MVFrWXAwQ0dWa3FRS3FQQzNvTElvLVMwTnZpZmJiU0lwbVhvM203N0FIUS1FeXVwcFRYVXhCaXVQQlF5OWY3dGRJTEE1M21tOE5SSXRFOVBDcEZpVWFhLWVVRS1SaHNZSEFMWUtaVFNZ?oc=5,"Sun, 24 May 2026 17:36:17 GMT",
2026-05-24T19:25:16,Google News WSJ,Trump Hails Progress With Iran - WSJ,https://news.google.com/rss/articles/CBMid0FVX3lxTFBWc0Y3aWctLXNxTkdwZFRfcGhmOUdQTTcxOHVqSmVZcXBweGw1cEFMNC1BX1F2ZWNUTnhiUk9OUHg1elNiSS05dXdtNkMtSHVnOUU4NmV2SWhXMlJrbVU4WmoxN2dQYXBqWkpjbmdlN1lOakljT0d3?oc=5,"Sun, 24 May 2026 16:07:00 GMT",
2026-05-24T19:25:16,Google News WSJ,The American Rebellion Against AI Is Gaining Steam - WSJ,https://news.google.com/rss/articles/CBMikAFBVV95cUxPNjd2dDRESVNaTGw1WTYtSGx5TjZreXZhSkV1dnZaRldURVNseXRwNlZ0OW5YVTIxaTBZdzJKX1hJaDgwLVJ2TEQ5MUdSU1J2LUJYRVZoM2ZQWnktbnFGVjlNTk9zUkk1a2hNaXdJM2tkRWtwQ1J3MnNoOERSbkgxNnFnN0c3WHNFd3N6TC1lVXM?oc=5,"Tue, 19 May 2026 21:35:00 GMT",
2026-05-24T20:32:39,CNBC Top News,"Space rockets, satellites, data centers and Grok: What's the right S&P sector index for SpaceX?",https://www.cnbc.com/2026/05/24/spacex-sp-sector-index.html,"Sun, 24 May 2026 20:19:04 GMT",
2026-05-24T20:32:39,Investing.com All News,LATAM Airlines’ SWOT analysis: stock eyes premium growth path,https://uk.investing.com/news/swot-analysis/latam-airlines-swot-analysis-stock-eyes-premium-growth-path-93CH-4696744,2026-05-24 20:26:08,
2026-05-24T20:32:39,Investing.com All News,Trane Technologies’ SWOT analysis: stock navigates commercial strength amid residential headwinds,https://uk.investing.com/news/swot-analysis/trane-technologies-swot-analysis-stock-navigates-commercial-strength-amid-residential-headwinds-93CH-4696743,2026-05-24 20:06:08,
2026-05-24T20:32:39,Investing.com All News,Most Middle East markets gain on expectations for U.S.-Iran peace deal,https://uk.investing.com/news/stock-market-news/most-middle-east-markets-gain-on-expectations-for-usiran-peace-deal-4696742,2026-05-24 20:04:09,
2026-05-24T20:32:39,Investing.com All News,Cullen/Frost Bankers’ SWOT analysis: stock navigates Texas growth,https://uk.investing.com/news/swot-analysis/cullenfrost-bankers-swot-analysis-stock-navigates-texas-growth-93CH-4696741,2026-05-24 19:48:08,
2026-05-24T20:32:39,Investing.com All News,HCA Healthcare’s SWOT analysis: stock gains momentum on guidance,https://uk.investing.com/news/swot-analysis/hca-healthcares-swot-analysis-stock-gains-momentum-on-guidance-93CH-4696740,2026-05-24 19:28:08,
2026-05-24T20:32:40,Google News Reuters,Baby Yoda re-sets 'Star Wars' films with $165 million global opening - Reuters,https://news.google.com/rss/articles/CBMirAFBVV95cUxQM0JEVVBBRzJYWkZoSzZvdWtWZ2MtTTRvbXFNWjRLSWJSd2FpTFFuOEdicDA2eXNMTXJ0dUFsaGRwZ1hCbDJTZFB6WnlUWjZzZDlJdHdNeF9KZzcxRHp3Z0hBNEk2MnMzWVNmNUFpVGF1ZU43M2U3VnRhZ1BRaElqdmlvZ0s0c1gxMy02YUZWMnlQcTk5X1dyWlZpS3Jkc1NWMzhQbUlUZDZYTE1m?oc=5,"Sun, 24 May 2026 17:28:05 GMT",
2026-05-24T20:32:40,Google News WSJ,"As the French Riviera Heats Up, Buyers Flock to the Quieter Side of Cannes - WSJ",https://news.google.com/rss/articles/CBMihgFBVV95cUxQV2tNVWpfc3FIVUo0UWs2LWdpbGZBX253b2NnWEYtZGVuNE1wSllyRi0tSXhWZEY4d18wRDJTaDRXRmtjMEJ0dDlXeHBiOUVZWVpmTmNXc3hZR0JEdVFmd2Z2aElBNDhBcVctcWNlOWR5MEtsbUVYUUd3Y2taYU9uc2VTUUJMUQ?oc=5,"Fri, 22 May 2026 00:00:00 GMT",
2026-05-24T20:32:41,Google News FT,Xi Jinping railed against Japan’s ‘remilitarisation’ at Donald Trump summit - Financial Times,https://news.google.com/rss/articles/CBMihAFBVV95cUxPTlAxUGNSYlEwbjNma3lOU0t6NG9oSHhpaW1KLUx3eTQ2c2dqRm9lYW5ycnU5Xy0zRDAxLUoyUEgyZWNSV29ULUExWmtvY2RoajQzWFVIUHRGWExTTS1hTDJrczZFZjNNeHdmS01Hd2UwT0hOajJ5aXUwenpwNlJ3OEVQVUY?oc=5,"Sun, 24 May 2026 15:06:45 GMT",
2026-05-24T20:32:41,Google News FT,Executive Education Open 2026 - Financial Times,https://news.google.com/rss/articles/CBMidkFVX3lxTE1qandpUk96YTNSOGRkLVllbTV3N0VxNkN3RWh4bFk3MkJESkROeHZWdGxqdHF6QWE1cmVjaElKNE9UVjJQR1NyWGtfSUNfcmJqSjNXRkcxd18yQ2VHNGRuem5saHVnTjdSUUY2ZGxFVnB4WmhkdHc?oc=5,"Mon, 18 May 2026 07:06:18 GMT",
2026-05-24T20:32:41,Google News FT,The power struggle in the world’s narrow seas - Financial Times,https://news.google.com/rss/articles/CBMiT0FVX3lxTFB5VGtlem1sV0phcGdiUFVyeU1hczJfenN5Mm9JMXQ2RFRMYnlnZ3MxSlN3dmc5SUlvWHlJX1FWYWhxUUlORTVpeWl6TlR4RE0?oc=5,"Sun, 24 May 2026 04:05:52 GMT",
2026-05-24T21:57:32,Investing.com All News,Edgewell Personal Care’s SWOT analysis: stock navigates transition amid divestiture challenges,https://uk.investing.com/news/swot-analysis/edgewell-personal-cares-swot-analysis-stock-navigates-transition-amid-divestiture-challenges-93CH-4696749,2026-05-24 21:28:08,
2026-05-24T21:57:32,Investing.com All News,Russia shares lower at close of trade; MOEX Russia Index unchanged,https://uk.investing.com/news/stock-market-news/russia-shares-lower-at-close-of-trade-moex-russia-index-unchanged-4696748,2026-05-24 21:20:29,
2026-05-24T21:57:32,Investing.com All News,AGCO’s SWOT analysis: stock faces regional challenges amid production shift,https://uk.investing.com/news/swot-analysis/agcos-swot-analysis-stock-faces-regional-challenges-amid-production-shift-93CH-4696747,2026-05-24 21:06:07,
2026-05-24T21:57:32,Investing.com All News,Underlying relationship between equities and rates shaping market - Goldman Sachs,https://uk.investing.com/news/stock-market-news/underlying-relationship-between-equities-and-rates-shaping-market--goldman-sachs-4696746,2026-05-24 21:00:10,
2026-05-24T21:57:32,Investing.com All News,Linde’s SWOT analysis: industrial gas giant stock eyes growth acceleration,https://uk.investing.com/news/swot-analysis/lindes-swot-analysis-industrial-gas-giant-stock-eyes-growth-acceleration-93CH-4696745,2026-05-24 20:46:08,
2026-05-24T21:57:33,Google News Reuters,Forensic experts sift through ruined dormitory in Russian-held Luhansk region - Reuters,https://news.google.com/rss/articles/CBMitwFBVV95cUxQaTlvOVpSZW5sM0JqOWMybXc0S1lGQXBrenJDcno2V3dwU1VlVHQtYW5OOG05LXBsTFVvNHJVeGhWTWtWcVRWWkV1NTZwR1ZHZlpseXVIaVE0Yi1GZnBhN0gzRTNvTUREemIwTzJFMzc3azEyRlN4Y0ozejVSVTY4UFl3RHZsSlhvWjQ0dklycXVta1QxbHFVeUZVOE9IYTdJZ2MzOFJFelo3Z1h6V2hkLU8tS0l3V1E?oc=5,"Sun, 24 May 2026 20:28:12 GMT",
2026-05-24T21:57:33,Google News Reuters,Nigeria's Tinubu to run for second term after party primary win - Reuters,https://news.google.com/rss/articles/CBMipwFBVV95cUxPc3drbEpzejFWOWlhWml6bkZIWktXOFE5a1ZNSVZnWmoyZ2ZBQ1hIOEJ0M2tjeGVLNEpqT3VfbC1oOWYxZHJKeHpCXzlKanh4TmZ5MnN1WnBqcEdHYnVNbXhlVVdIVFNSNkt6ZGRvT2U2NGFkUUFaT3Vua2VSVVZQT29HT0Z5dGZwX0FBV2N0UlA3YjhSRUFoeGRDemlSa1R3S1h0TktEdw?oc=5,"Sun, 24 May 2026 17:53:44 GMT",
2026-05-24T21:57:33,Google News FT,ECB summons banks to urge them to fix flaws exposed by latest AI models - Financial Times,https://news.google.com/rss/articles/CBMihAFBVV95cUxQLWNLajE2d3pUaWRJbFg4QkRVNjUxbWxEVVNrTFVHTGdQclZ4TFM5YmlXeHZRX21XcDl0aXU1N21iOE9LY0VTdTdEM0NFUUItMVZIb0czMnRfa2lXWWRSSGVnSlp6NGJ0SUZXS2pjejB5aWFlSzdhb3pva2hXdVc3MmY4SVc?oc=5,"Sun, 24 May 2026 17:00:09 GMT",
2026-05-24T22:59:31,CNBC Top News,Oil prices fall more than 4% after Trump says Iran talks proceeding in a 'constructive manner',https://www.cnbc.com/2026/05/24/oil-price-iran-war-strait-hormuz-trump-peace-talks.html,"Sun, 24 May 2026 22:47:34 GMT",
2026-05-24T22:59:31,Investing.com All News,XPO’s SWOT analysis: stock gains momentum in LTL market,https://uk.investing.com/news/swot-analysis/xpos-swot-analysis-stock-gains-momentum-in-ltl-market-93CH-4696753,2026-05-24 22:42:08,
2026-05-24T22:59:31,Investing.com All News,Tradeweb Markets’ SWOT analysis: stock faces market share challenges,https://uk.investing.com/news/swot-analysis/tradeweb-markets-swot-analysis-stock-faces-market-share-challenges-93CH-4696752,2026-05-24 22:22:07,
2026-05-24T22:59:31,Investing.com All News,Mohawk Industries’ SWOT analysis: flooring stock faces headwinds,https://uk.investing.com/news/swot-analysis/mohawk-industries-swot-analysis-flooring-stock-faces-headwinds-93CH-4696751,2026-05-24 22:04:08,
2026-05-24T22:59:31,Investing.com All News,Camtek’s SWOT analysis: stock faces valuation debate amid AI growth,https://uk.investing.com/news/swot-analysis/camteks-swot-analysis-stock-faces-valuation-debate-amid-ai-growth-93CH-4696750,2026-05-24 21:52:07,
2026-05-24T22:59:32,Google News Reuters,"'Potential crack' in California chemical tank may prevent explosion, fire official says - Reuters",https://news.google.com/rss/articles/CBMiugFBVV95cUxNLUdmV21pRU5tbkZNMDU5R2NKZEpNcE1TZUdKNWFKRktoZHlNbzRGYy1id3V2RVlSeEZibG1yaU9EZGk1TnVwVGxPdFFBZ3J4bTV5blRaa0RKcnhvcHhpRHFvOFMxZjJLWVdCQ205NjIwLVFDc1pwazk4OS0wZjViVS11T0dYRHUxRHB3QTJnQzdzQTR6QnROOXZxS1JUZXJYR3ZpWUs4UWZtVWhMTnFPRXdBUjBLbnVGaWc?oc=5,"Sun, 24 May 2026 21:30:24 GMT",
2026-05-24T22:59:33,Google News WSJ,NYC’s Wealthiest Congressional District Has a ‘Once-in-a-Lifetime’ Open Seat - WSJ,https://news.google.com/rss/articles/CBMivgFBVV95cUxOOEtmMWxRSWFQYjlLRndjdFRua1VKMThxRmlkRE16bnpBTFU4OGNydm1vMDMxREpaeERuM2R1MUF1NU9wS1lmSHZjX0FENGxMZ01VcENCdmgwQlFUcV9RZnh4SzZBbUttWFQ1U3AtS2VYa1VrUnp3aFBrT215ZTd6SjJyNVYtR2FXQjV1NnBzbG5Zb1JyU0xjWnhUWURhYzdQcGtNWGIzWmlYcklxX05zSjJKYXFHcHprMk1zZzJB?oc=5,"Sun, 24 May 2026 18:00:00 GMT",
2026-05-24T22:59:33,Google News WSJ,Why the Dream of the Feel-Good Millennial Brand Didn’t Last - WSJ,https://news.google.com/rss/articles/CBMihwFBVV95cUxOdEZWSVdUUDZZMjYzekN6MTk0ejFIQjcxTFlueU9iY1k3Yi1GS2ZLNUpwLWZSdWlncmlqbWhJcDk1ZnRJMC1QNktmMGFjeXYyeFhWRXd3SEhRUjZCNkhOcDNGWloxQU85SmZRNGk0ZUxvbUtQTzhaTmtNOUdHcG1EaGxWeXFIMDg?oc=5,"Sat, 23 May 2026 16:00:00 GMT",
2026-05-24T22:59:33,Google News FT,West Ham exit Premier League on final day of football season - Financial Times,https://news.google.com/rss/articles/CBMihAFBVV95cUxQTHBhVDdGWTVHMVBTWUhHcGY4SzhWVzZ1eUNKSlYtVXhpamJGdHpGRTZybUk3TmxULTR6QlRmd1NoMlJNT090LVB5UnJEYlNDNzRsdWR5am1lZWk4ckR2UTI0d2RRN2FwMEdUNFU0Rk84VkJQdUd4Q25sUDhXVjVxNDRLOUE?oc=5,"Sun, 24 May 2026 17:15:43 GMT",
2026-05-24T22:59:33,Google News FT,Just stop moaning and pay your taxes - Financial Times,https://news.google.com/rss/articles/CBMihAFBVV95cUxONjJHZl96UWF4MzlpUGVpcVdrU2U1VU0zT25EaUlTLTgwZ09fM25KRjc3MWlIaHdoZ2lBZEFQTXNSXzhJXzVFcXBoaGU1eWE4N1k5Y2xBZ3hsWnlTRU0wLVhNd0tTVGpzdzlLTVNTb3VtQWtyU2NtbkdxRWpjbFBVQ0ZZWG8?oc=5,"Sun, 24 May 2026 17:00:09 GMT",
2026-05-24T22:59:33,Google News FT,EU countries press for trade crackdown on China - Financial Times,https://news.google.com/rss/articles/CBMihAFBVV95cUxNY0duOV9hNlptTzk1bldNMVl5NWtabHJCTmpHSFJtZV8xeXIxbkE0eV9JalFmVnV1WGw4bWtWYmlLbHZkNl9mN2RZaFdKMmhjS1FadkVsc3plN19leGxuSVg4NXF1ckRzYWZXd1QzaW5JeU5DWjF3VzliQjlleWxWXzN3TVM?oc=5,"Sun, 24 May 2026 12:50:53 GMT",
2026-05-24T22:59:33,Google News FT,Bombing near railway track in Pakistan kills at least 16 - Financial Times,https://news.google.com/rss/articles/CBMihAFBVV95cUxQVFQwbnlFQmpvbFZreVVDZmY5dmFsUk5CWFNhZDhLYkhtTmRlbi1vRUpuQnh3LS1Bejl6MTd4Z0ptdFFkVUpBWXJSNTByemVOZDVsM09ab1U3QU81QUtyOGt2dE0zY1otWEN2U3RKcnc4Y3l0eElaVkE1ZnRGZFFqMTZCSk8?oc=5,"Sun, 24 May 2026 11:26:55 GMT",
2026-05-24T22:59:33,Google News FT,Robotaxis need to be tested in real traffic - Financial Times,https://news.google.com/rss/articles/CBMicEFVX3lxTE1ZRWdfaHFJbVdwUW81bXFKSXJRVmlYMmdzR1hFQkRpUlZOdmRsRG9LS3pFSmpTNkVrMFcxMmt6V0dnTFF1blVNWGRZdUJSR0kxRExVU1F1MVFIdDdCVnB4bnlCaGljdGZ5b3JWTHAtWjA?oc=5,"Sun, 24 May 2026 17:00:09 GMT",
2026-05-24T22:59:33,Google News FT,Donald Trump’s endorsement in Texas Senate race could help Democrats - Financial Times,https://news.google.com/rss/articles/CBMihAFBVV95cUxQaWVjS05IdUxxSFFKMUY4VjFLdmxQTkRfMXE1d1hUNjdxRjRwMTF4NXhHYnBjNnh3VFJpRllOckhuRXpjeGZLclFZRzBwLXJFU1pjc00tUnRhMWFNOXdYYnd1NUFxOUhURmdwME9hOExiY0dmemFBaG9uQWV0alF3V2Y5TUc?oc=5,"Sun, 24 May 2026 10:00:06 GMT",
2026-05-24T22:59:33,Google News FT,Centerbridge in talks to buy stake in $3bn real estate firm - Financial Times,https://news.google.com/rss/articles/CBMihAFBVV95cUxQaTdnd09qWEtXT1hLWWd6N0RlM21rbDRxRWhuUkJOZVViSi13Z2xZNlRablpWYm4xd3VhRGpmVEoxTi1VVUxrakVIVXZmMXBrekV6dnN3V0ktOVg5T0NpckZyMndQM19kcUhERFZDRG41OEJneFRnbjZqSGdwcVZhUjVsNUE?oc=5,"Sun, 24 May 2026 12:00:07 GMT",
2026-05-24T22:59:33,Google News FT,"If you’re in a spiral, you’re doing it right - Financial Times",https://news.google.com/rss/articles/CBMihAFBVV95cUxPTFhFSUQtdmtqMkRwdFVKMHl0ME9VcXU5VHVfZzd0dnlRQkhzS1d3VXVVcVJUc01hXzJZOW5VYjJSdmNWc1M4Z1RabEs5MEEtVEk0QUQwcDJ2VzdROEtoYmdrNEktQVZBWDJNRGE0RzhhLUhVUG1HTnZUMURGUmRQWkJrelc?oc=5,"Sun, 24 May 2026 04:01:37 GMT",
2026-05-24T22:59:33,Google News FT,Financial reforms set to give £1.6bn boost to City of London - Financial Times,https://news.google.com/rss/articles/CBMihAFBVV95cUxPbWhRY2NZUThhRFNkeExfOTQ2emFrNjhaN0ZXa3ROMlJCejFCT1ZiTl9SelAyRmxILXlkT2l4akgtdFJsck1RNUxVbTFtRnR5UmtydGIwZTNBQUJEVlJ4NE5ocE81V3BsQ09POVdJbW5nbEZ3T2IyTFBfeTAtMUh4b0lGZEE?oc=5,"Sun, 24 May 2026 17:00:09 GMT",
2026-05-24T22:59:33,Google News FT,Short sellers reap more than $2.3bn profit betting against gambling companies - Financial Times,https://news.google.com/rss/articles/CBMihAFBVV95cUxPU1Z2ZGRGaGZWSWthb3JkNEZZZWFfRGF6Yk5rdHpiblQ2YnJBT2F5ZWhIVHkzRGl1dWpVUVRwaWc0VlpDOEFFRFhUQ3owNnJ2M1J5QVVGRzI0NjRORVo5eVpaeGZmOF9DbUYtOXZaSVBfYWpCSGE5NlB4QUlYOVk1SDBCWUE?oc=5,"Sun, 24 May 2026 17:00:09 GMT",
2026-05-24T22:59:33,Google News FT,The al-Qaeda offshoot looking to Syria as a blueprint - Financial Times,https://news.google.com/rss/articles/CBMihAFBVV95cUxQbXl3QnRJRXFTT1RzWi1Rc0NfZjVZZk1QX2M0eThJSk9Ob0hRc0VXcmFxOGFmWVFCNHdKVVV3OWZPNlhxaGh5ODJFNDhENUx2RUZQa2pKbVNIdHpqRGIyejFMM2RrRDVkR2tmTVBxZVZyOGtnckJSU3ZlMWlSWXRUTTZ5OEg?oc=5,"Sun, 24 May 2026 04:01:37 GMT",
2026-05-24T22:59:33,Google News FT,Commerzbank rallies shareholders in fight for independence from UniCredit - Financial Times,https://news.google.com/rss/articles/CBMihAFBVV95cUxNOGZnQ0JIcUhWVHZxUlU1MUw0MHVGM3h4VTB5V0I3VldvZXVHNVBzaV9wOXBWZnJNd1VnTmxzRVVUWHpoTVB3Z2ctMncwVWtIMW1xbDFLUlQ1dnB6Skl1WnVLbmFoYnJOUWdneFUwdTlrS2ptWWNmRHRTOVlnSldCS2JaWDU?oc=5,"Sun, 24 May 2026 04:01:37 GMT",
