timestamp,source,title,link,published,content
2026-01-29T02:01:03,MarketWatch Top,ServiceNow says AI is ‘really kicking in’ — but it’s not enough to help the stock,https://www.marketwatch.com/story/servicenow-says-ai-is-really-kicking-in-but-its-not-enough-to-help-the-stock-662839dd?mod=mw_rss_topstories,"Thu, 29 Jan 2026 01:52:00 GMT",
2026-01-29T02:01:03,MarketWatch Top,"Investors cheer the end of Southwest’s open-seating era, as airline forecasts a big 2026 profit",https://www.marketwatch.com/story/southwest-says-assigned-seats-will-make-it-more-profitable-this-year-as-stock-rallies-1e10db1d?mod=mw_rss_topstories,"Thu, 29 Jan 2026 01:50:00 GMT",
2026-01-29T02:01:03,MarketWatch Top,York Space tests the market’s hunger for satellite stocks as it upsizes its IPO,https://www.marketwatch.com/story/york-space-tests-the-markets-hunger-for-satellite-stocks-as-it-upsizes-its-ipo-ad7e6a89?mod=mw_rss_topstories,"Thu, 29 Jan 2026 01:49:00 GMT",
2026-01-29T02:01:03,MarketWatch Top,Why Microsoft’s stock is getting punished after earnings,https://www.marketwatch.com/story/why-microsofts-stock-is-getting-punished-after-earnings-a0a9ef0f?mod=mw_rss_topstories,"Thu, 29 Jan 2026 01:16:00 GMT",
2026-01-29T02:01:03,MarketWatch Top,AT&T’s earnings impress as subscriber growth booms and the stock jumps,https://www.marketwatch.com/story/at-ts-earnings-impress-as-subscriber-growth-booms-and-the-stock-soars-39285b27?mod=mw_rss_topstories,"Wed, 28 Jan 2026 23:50:00 GMT",
2026-01-29T02:01:03,MarketWatch Top,Starbucks rewards investors who have been betting the turnaround is taking hold,https://www.marketwatch.com/story/starbucks-rewards-investors-with-another-quarter-of-growth-in-a-key-sales-metric-07ac6e69?mod=mw_rss_topstories,"Wed, 28 Jan 2026 23:46:00 GMT",
2026-01-29T02:01:03,MarketWatch Top,Micron and other chip stocks are seeing a big boost after these comments,https://www.marketwatch.com/story/micron-and-other-chip-stocks-are-seeing-a-big-boost-after-these-comments-a3570761?mod=mw_rss_topstories,"Wed, 28 Jan 2026 23:38:00 GMT",
2026-01-29T02:01:03,MarketWatch Top,"S&P 500 touches 7,000 for the first time, led by a surprising group of stocks",https://www.marketwatch.com/story/s-p-500-hits-7-000-for-the-first-time-led-by-a-surprising-group-of-stocks-183fe7c4?mod=mw_rss_topstories,"Wed, 28 Jan 2026 22:56:00 GMT",
2026-01-29T02:01:03,MarketWatch Top,‘I feel like this does us a disservice’: My brother wants his $1 million inheritance in advance. Should he pay interest?,https://www.marketwatch.com/story/i-feel-like-this-does-us-a-disservice-my-brother-wants-his-1-million-inheritance-in-advance-should-he-pay-interest-023155f6?mod=mw_rss_topstories,"Wed, 28 Jan 2026 22:47:00 GMT",
2026-01-29T02:01:03,MarketWatch Top,‘I don’t own a house’: I’m 50 with $2 million and I’m scared about losing my job. Can I retire early?,https://www.marketwatch.com/story/i-dont-own-a-house-im-50-with-2-million-and-im-scared-about-losing-my-job-can-i-retire-early-bff8a8c3?mod=mw_rss_topstories,"Wed, 28 Jan 2026 22:46:00 GMT",
2026-01-29T02:01:03,CNBC Top News,"Tesla tops estimates for quarter, but wraps up first annual revenue drop on record",https://www.cnbc.com/2026/01/28/tesla-tsla-2025-q4-earnings.html,"Wed, 28 Jan 2026 23:32:20 GMT",
2026-01-29T02:01:03,CNBC Top News,Meta’s Reality Labs posts $6.02 billion loss in fourth quarter,https://www.cnbc.com/2026/01/28/metas-reality-labs-posts-6point02-billion-loss-in-fourth-quarter.html,"Thu, 29 Jan 2026 01:12:05 GMT",
2026-01-29T02:01:03,CNBC Top News,"Microsoft stock drops 7% on slowing cloud growth, light margin guidance",https://www.cnbc.com/2026/01/28/microsoft-msft-q2-earnings-report-2026.html,"Wed, 28 Jan 2026 23:58:16 GMT",
2026-01-29T02:01:03,CNBC Top News,Meta's Mark Zuckerberg gets green light from Wall Street to keep pouring money into AI,https://www.cnbc.com/2026/01/28/metas-zuckerberg-gets-green-light-from-wall-street-to-invest-in-ai.html,"Thu, 29 Jan 2026 00:43:11 GMT",
2026-01-29T02:01:03,CNBC Top News,"Samsung’s profit triples, beating estimates as AI chip demand fuels memory shortage",https://www.cnbc.com/2026/01/29/samsung-record-q4-2025-profit-ai-hbm-ai-memory-chip-shortage.html,"Thu, 29 Jan 2026 00:37:52 GMT",
2026-01-29T02:01:03,CNBC Top News,"'ICE is not a law unto itself,' Minnesota judge says after immigrant released following contempt threat",https://www.cnbc.com/2026/01/28/ice-immigrant-minnesota-contempt-released.html,"Wed, 28 Jan 2026 23:25:58 GMT",
2026-01-29T02:01:03,CNBC Top News,Meta shares jump 10% on stronger-than-expected revenue forecast,https://www.cnbc.com/2026/01/28/meta-q4-earnings-report-2025.html,"Thu, 29 Jan 2026 01:47:28 GMT",
2026-01-29T02:01:03,CNBC Top News,Gold jumps over 3% to fresh highs as Asia stock markets trade mixed after U.S. Fed holds rates,https://www.cnbc.com/2026/01/29/asia-pacific-markets-us-fed-rates-gold-nikkei-225-hsi.html,"Thu, 29 Jan 2026 01:45:39 GMT",
2026-01-29T02:01:03,CNBC Top News,"Trump lowered 'temperature' on Minnesota, wants to avoid shutdown: Bessent",https://www.cnbc.com/2026/01/28/trump-ice-minnesota-government-shutdown-bessent.html,"Wed, 28 Jan 2026 17:22:51 GMT",
2026-01-29T02:01:03,CNBC Top News,Here are the five key takeaways from Wednesday's Fed rate decision,https://www.cnbc.com/2026/01/28/here-are-the-five-key-takeaways-from-wednesdays-fed-rate-decision.html,"Wed, 28 Jan 2026 21:59:49 GMT",
2026-01-29T02:01:03,CNBC Top News,Microsoft's quarter shows once again that it must get its growth to spending ratio right,https://www.cnbc.com/2026/01/28/microsofts-quarter-shows-once-again-that-it-must-get-its-growth-to-spending-ratio-right.html,"Thu, 29 Jan 2026 01:28:58 GMT",
2026-01-29T02:01:03,CNBC Top News,Advantest shares jump as much as 14% as AI chip boom drives record sales and higher profit outlook,https://www.cnbc.com/2026/01/29/advantest-shares-jump-record-quarterly-sales-ai-tester-demand-q3-2025-forecast-q4-chip-testing.html,"Thu, 29 Jan 2026 01:57:23 GMT",
2026-01-29T02:01:03,CNBC Top News,Fed holds key interest rate steady as economic view improves,https://www.cnbc.com/2026/01/28/fed-rate-decision-january-2026.html,"Wed, 28 Jan 2026 23:54:25 GMT",
2026-01-29T02:01:03,CNBC Top News,Government shutdown: Republicans consider escape hatch as Congress careens toward deadline,https://www.cnbc.com/2026/01/28/government-shutdown-republicans-mull-escape-hatch-.html,"Thu, 29 Jan 2026 01:32:03 GMT",
2026-01-29T02:01:03,CNBC Top News,Southwest ends open seating after 54 years. Here's what the last flight was like,https://www.cnbc.com/2026/01/28/southwest-airlines-ends-open-seating.html,"Wed, 28 Jan 2026 16:09:26 GMT",
2026-01-29T02:01:03,CNBC Top News,DoubleLine’s Jeffrey Gundlach sees no more Fed rate cuts under Jerome Powell,https://www.cnbc.com/2026/01/28/doublelines-jeffrey-gundlach-sees-no-more-fed-rate-cuts-under-jerome-powell.html,"Wed, 28 Jan 2026 21:31:24 GMT",
2026-01-29T02:01:03,CNBC Top News,Get caught up on portfolio earnings already out before 2 megacaps after the bell,https://www.cnbc.com/2026/01/28/get-caught-up-on-portfolio-earnings-already-out-before-2-megacaps-after-the-bell.html,"Wed, 28 Jan 2026 20:19:39 GMT",
2026-01-29T02:01:03,CNBC Top News,"Home Depot lays off 800 workers, says corporate employees will return to office 5 days a week",https://www.cnbc.com/2026/01/28/home-depot-layoffs-return-to-office.html,"Wed, 28 Jan 2026 23:39:57 GMT",
2026-01-29T02:01:03,CNBC Top News,Can Venezuela get back to producing 3 million barrels of crude oil a day?,https://www.cnbc.com/2026/01/28/venezuela-crude-oil-production-investment.html,"Wed, 28 Jan 2026 20:13:03 GMT",
2026-01-29T02:01:03,CNBC Top News,"As major CEOs respond to ICE Minneapolis crackdown, CNBC survey finds many leaders saying it’s 'not relevant to their business'",https://www.cnbc.com/2026/01/28/ice-minneapolis-response-ceos-business.html,"Wed, 28 Jan 2026 22:19:42 GMT",
2026-01-29T02:01:03,CNBC Top News,Powell says Cook Supreme Court case is the most important in the Fed's 113-year history,https://www.cnbc.com/2026/01/28/powell-cook-fed-court-case.html,"Wed, 28 Jan 2026 22:05:59 GMT",
2026-01-29T02:01:03,CNBC Top News,"Southwest Airlines forecasts surge in 2026 profits after new seat, bag fees take hold",https://www.cnbc.com/2026/01/28/southwest-airlines-luv-4q-2025-earnings.html,"Wed, 28 Jan 2026 22:47:32 GMT",
2026-01-29T02:01:03,CNBC Top News,ServiceNow posts better-than-expected fourth-quarter results,https://www.cnbc.com/2026/01/28/servicenow-now-q4-2025-earnings-report.html,"Wed, 28 Jan 2026 22:32:11 GMT",
2026-01-29T02:01:03,CNBC Top News,Carvana shares fall 14% following short-seller accusations,https://www.cnbc.com/2026/01/28/carvana-shares-fall-14percent-following-short-seller-accusations.html,"Wed, 28 Jan 2026 22:01:42 GMT",
2026-01-29T02:01:03,CNBC Top News,"JPMorgan Chase and Bank of America to match $1,000 U.S. contributions to employee 'Trump accounts'",https://www.cnbc.com/2026/01/28/jpmorgan-chase-trump-accounts.html,"Thu, 29 Jan 2026 00:21:45 GMT",
2026-01-29T02:01:03,CNBC Top News,"Fed holds interest rates steady: What that means for mortgages, credit cards and loans",https://www.cnbc.com/2026/01/28/fed-decision-mortgage-rates-credit-cards-loans.html,"Wed, 28 Jan 2026 19:03:37 GMT",
2026-01-29T02:01:03,CNBC Top News,IBM jumps 8% on earnings beat,https://www.cnbc.com/2026/01/28/ibm-earnings-q4-2025.html,"Wed, 28 Jan 2026 22:40:49 GMT",
2026-01-29T02:01:03,CNBC Top News,Crypto PAC Fairshake touts $193 million war chest as regulatory bill faces first vote,https://www.cnbc.com/2026/01/28/crypto-pac-fairshake-bill-vote.html,"Wed, 28 Jan 2026 19:41:21 GMT",
2026-01-29T02:01:03,CNBC Top News,"Amazon laying off about 16,000 corporate workers in latest anti-bureaucracy push",https://www.cnbc.com/2026/01/28/amazon-layoffs-anti-bureaucracy-ai.html,"Wed, 28 Jan 2026 15:02:43 GMT",
2026-01-29T02:01:03,CNBC Top News,Fed has not yet complied with subpoenas as Powell probe continues: Source,https://www.cnbc.com/2026/01/28/fed-powell-criminal-subpoenas-pirro.html,"Wed, 28 Jan 2026 19:44:05 GMT",
2026-01-29T02:01:04,Investing.com All News,Almeida of Amerant Bancorp buys $101k in shares,https://uk.investing.com/news/insider-trading-news/almeida-of-amerant-bancorp-buys-101k-in-shares-93CH-4475933,2026-01-29 00:08:10,
2026-01-29T02:01:04,Investing.com All News,C.H. Robinson Q4 2025 slides: margin expansion offsets revenue decline,https://uk.investing.com/news/company-news/ch-robinson-q4-2025-slides-margin-expansion-offsets-revenue-decline-93CH-4475931,2026-01-29 00:08:10,
2026-01-29T02:01:04,Investing.com All News,"Tesla Q4 2025 slides: Margin gains offset delivery decline, AI focus intensifies",https://uk.investing.com/news/company-news/tesla-q4-2025-slides-margin-gains-offset-delivery-decline-ai-focus-intensifies-93CH-4475932,2026-01-29 00:08:09,
2026-01-29T02:01:04,Investing.com All News,Microsoft Q2 2026 slides: Cloud revenue tops $50B amid heavy AI spending,https://uk.investing.com/news/company-news/microsoft-q2-2026-slides-cloud-revenue-tops-50b-amid-heavy-ai-spending-93CH-4475930,2026-01-29 00:06:10,
2026-01-29T02:01:04,Investing.com All News,Meta platforms COO Olivan sells $343k in shares,https://uk.investing.com/news/insider-trading-news/meta-platforms-coo-olivan-sells-343k-in-shares-93CH-4475928,2026-01-28 23:56:07,
2026-01-29T02:01:04,Investing.com All News,ServiceNow Q4 2025 slides: AI-driven growth fuels 21% revenue increase,https://uk.investing.com/news/company-news/servicenow-q4-2025-slides-aidriven-growth-fuels-21-revenue-increase-93CH-4475927,2026-01-28 23:54:08,
2026-01-29T02:01:04,Investing.com All News,Atkore declares quarterly dividend of $0.33 per share,https://uk.investing.com/news/company-news/atkore-declares-quarterly-dividend-of-033-per-share-93CH-4475924,2026-01-28 23:50:09,
2026-01-29T02:01:04,Investing.com All News,Form 144 MIRUM PHARMACEUTICALS For: 28 January,https://uk.investing.com/news/filings/form-144-mirum-pharmaceuticals-for-28-january-93CH-4475925,2026-01-28 23:50:08,
2026-01-29T02:01:04,Investing.com All News,Earnings call transcript: C.H. Robinson Q4 2025 beats EPS forecasts despite revenue miss,https://uk.investing.com/news/transcripts/earnings-call-transcript-ch-robinson-q4-2025-beats-eps-forecasts-despite-revenue-miss-93CH-4475922,2026-01-28 23:48:10,
2026-01-29T02:01:04,Investing.com All News,"Earnings call transcript: Tesla Q4 2025 beats forecasts, stock edges up",https://uk.investing.com/news/transcripts/earnings-call-transcript-tesla-q4-2025-beats-forecasts-stock-edges-up-93CH-4475923,2026-01-28 23:48:09,
2026-01-29T02:01:04,Investing.com Bond News,Rates Outlook: A Fed Chair Walked Into a Bar,https://uk.investing.com/analysis/rates-outlook-a-fed-chair-walked-into-a-bar-200621857,"Jan 28, 2026 06:17 GMT",
2026-01-29T02:01:04,Investing.com Bond News,"Rates Outlook: Volatility Has Calmed, but There’s Lots Going On",https://uk.investing.com/analysis/rates-outlook-volatility-has-calmed-but-theres-lots-going-on-200621825,"Jan 27, 2026 09:39 GMT",
2026-01-29T02:01:04,Investing.com Bond News,A Break From Geopolitics as Risk Sentiment Recovers,https://uk.investing.com/analysis/a-break-from-geopolitics-as-risk-sentiment-recovers-200621758,"Jan 23, 2026 08:43 GMT",
2026-01-29T02:01:04,Investing.com Bond News,Rates Outlook: Steeper Curves Still Path of Least Resistance,https://uk.investing.com/analysis/rates-outlook-steeper-curves-still-path-of-least-resistance-200621733,"Jan 22, 2026 09:12 GMT",
2026-01-29T02:01:04,Investing.com Bond News,UK Borrowing Relief Meets Global Yield Reality,https://uk.investing.com/analysis/uk-borrowing-relief-meets-global-yield-reality-200621730,"Jan 22, 2026 08:34 GMT",
2026-01-29T02:01:04,Investing.com Bond News,"Yields Have Spiked, but Levels Are Far From Overly Elevated",https://uk.investing.com/analysis/yields-have-spiked-but-levels-are-far-from-overly-elevated-200621673,"Jan 21, 2026 07:05 GMT",
2026-01-29T02:01:04,Investing.com Bond News,Rates Outlook: Fiscal Trumps Geopolitics,https://uk.investing.com/analysis/rates-outlook-fiscal-trumps-geopolitics-200621652,"Jan 20, 2026 08:58 GMT",
2026-01-29T02:01:04,Investing.com Bond News,"Japan’s Bond Market Is Whispering, Gold Is Listening",https://uk.investing.com/analysis/japans-bond-market-is-whispering-gold-is-listening-200621644,"Jan 20, 2026 07:05 GMT",
2026-01-29T02:01:04,Investing.com Bond News,Rates Outlook: Sterling Rates and US TIC Data,https://uk.investing.com/analysis/rates-outlook-sterling-rates-and-us-tic-data-200621584,"Jan 16, 2026 07:04 GMT",
2026-01-29T02:01:04,Investing.com Bond News,Municipal Bonds Set Up for a Steadier 2026 After a Turbulent Year,https://uk.investing.com/analysis/municipal-bonds-set-up-for-a-steadier-2026-after-a-turbulent-year-200621576,"Jan 15, 2026 20:48 GMT",
2026-01-29T02:01:04,Google News Reuters,"Exclusive: US moves away from critical mineral price floors, sources say - Reuters",https://news.google.com/rss/articles/CBMirwFBVV95cUxOdkF4ZFNmaThmSUFHUEU4dFZYMl9RSFdMbVRKNW1KcU1ITG1CenRBeFhDM0c5TXZ5d0pjeXdfenFKMVBUeGtuS0w0SDExV1dVLUloNE9QeTRBdEljbHpOS2ZkUXBJRlZldUZYWjFsZjZKUlJvYnBaWkVQZXVKQUVDZEo3d0JUalY5d0s1aUpkZlVzdUJnRUFNLVNFamVqdkY3OFJWSkJaTjg0Q21CNmtv?oc=5,"Wed, 28 Jan 2026 23:44:48 GMT",
2026-01-29T02:01:04,Google News Reuters,"Sustained gunfire, loud blasts heard in Niger's capital - Reuters",https://news.google.com/rss/articles/CBMioAFBVV95cUxNT0IzMHp5eDlReElUOXp6VDBMUThRUmtNanBvckc4ZjRDUzZiam1YNHd4UkxtWVNablpmdHUyczRKQ3dlWjdYVFJza0loa3QwWE1fUDR2Ykd5cV8wVmNBSm5kNC1BQllkZkp3a0REQkhMTGpSN0FTLTNOSXo5aHBxb2Fuc0g2aFB0UHJ1bWJxd3dYSWlnREEyWW5WRk9YOC1f?oc=5,"Thu, 29 Jan 2026 00:34:00 GMT",
2026-01-29T02:01:04,Google News Reuters,"Gold nears $5,600/oz as investors seek safety, silver eyes $120 - Reuters",https://news.google.com/rss/articles/CBMikwFBVV95cUxPSXhqYWttUmVVWWd5Smc3OXJ6MmlEcTN6eDZndm5KM25SaWkwTHFOZ1dIUVh1Wnl2UXg0c1dDbjRKZWV3dlB6OE1oSndHa3JjaVpZV2tzQndfMVRjWHlKSHpMTlRuYmFaWmtrTUIxR2RwY1A0eFZES01vTWs5WWpYLXZ4LWRmQXpmZnJKN1ZZdGljSzA?oc=5,"Thu, 29 Jan 2026 01:05:00 GMT",
2026-01-29T02:01:04,Google News Reuters,"Exclusive: US handing over seized tanker to Venezuela, officials say - Reuters",https://news.google.com/rss/articles/CBMipwFBVV95cUxPWHZsdWFvc25WNUU3R0JDU3JBMUpSNUlPelcwSnpDel9Ka1BaMC1XVnltRkpfc1RCdVh0a2ktMjRweV9peXozUWNqZVBndjJtbXhaZkhad0JydlZSeW9YUFdQNklIdWdFRzFZNml5UE9nZ1RsQnVDRDluSjA0NXJmaFlsXzB6NlRHYTA4V3k0d2NUeDRkeUtCVFFoMzFHTlJjZFc4UEE2bw?oc=5,"Thu, 29 Jan 2026 01:30:00 GMT",
2026-01-29T02:01:04,Google News Reuters,"Exclusive: Nvidia helped DeepSeek hone AI models later used by China's military, lawmaker says - Reuters",https://news.google.com/rss/articles/CBMiwgFBVV95cUxNWmVIZzdnZ3VWTjNnRGRDZUNuTENJOWVkNzNjSlZRcHJJbENRVGpuMGhTcU5UV25jZ0RMclRJOTdrZnBUa0x1TXR1NGwwNnZYaTFEWmxLM0VRdmdXcWJTVUNFQ3QtbjlHYzEyUHljcm9ISWVPa3NfVDQ5bmUxZFZuYXJZanBMUVo4a0lSVXRUaTNLLU1GTDc0MVdkbzNHMVZEdjZERlJTbVBWNUFZWFVNbDZwaFlzd29aOVhjemI3VHNpZw?oc=5,"Thu, 29 Jan 2026 00:16:00 GMT",
2026-01-29T02:01:04,Google News Reuters,"Microsoft capital spending jumps, cloud revenue fails to impress, shares drop after hours - Reuters",https://news.google.com/rss/articles/CBMiqwFBVV95cUxOUXdhWDhtLV9TUmRDMWxxTXpVVFFsZkFjWnFha0V6cjJwOWk5c1J6Z2RNQmJEenNkVnBzdHZJMURobTdFeVhNRmpkNVRDLXU3NXoxdEpSeDQxakZmMEwweFFNbW9wU0FiWklDYkFnTldvejdpZk83M0tSQXpFUllaMFo1ZUw0U0FTcE1NNW1UTkt4TXh1NWZXMWFjRktMdXNqV016RDg1NkVJak0?oc=5,"Thu, 29 Jan 2026 01:28:00 GMT",
2026-01-29T02:01:04,Google News Reuters,"Meta boosts annual capex sharply on superintelligence push, shares surge - Reuters",https://news.google.com/rss/articles/CBMiswFBVV95cUxQejJlUUhHUzdMNVdYaVp1VUZnOEV4NnByWHdkeFpzUVYzYjN0RWlzTHQxMDV5RTNZN1RQSUREY2ZYUWVMMDNNcHVONktzVDNsSGl1bmFzTXQwQm5kanRxYnVLRVZmZUxkQmY5YXplOWtHN0doSVdUVERBWlNIamRXMlU1c2RCQWZfM0NBMUpiekNad2xSUWowbmpHdG5HLWJULTlqYjI3c2o0cS1Bd041YkFMVQ?oc=5,"Thu, 29 Jan 2026 01:29:00 GMT",
2026-01-29T02:01:04,Google News Reuters,TRADING DAY Fed almost incidental to market swirl - Reuters,https://news.google.com/rss/articles/CBMimwFBVV95cUxPYkVhTG9aQUZRZjY3WldjMm5wT084WnlnVGdHMG13aWY1M252UnZ3QzBzTmRObVZxQ0NwWHd1aXlqZmtsbHBzZENYTVc0aUhHZzhYcTRLQXE1QmRkQjFlQlRFT25ZSm1OSzgzTk5HRkl0M3RqYktzVHZhTG8xLS1jdTNDYmk4bmVRcVNRSTh6SUdSbi0zT1F1NGhvQQ?oc=5,"Wed, 28 Jan 2026 22:11:14 GMT",
2026-01-29T02:01:04,Google News Reuters,Tesla invests $2 billion in Musk's xAI and reiterates Cybercab production starts this year - Reuters,https://news.google.com/rss/articles/CBMiyAFBVV95cUxOY1ZmcFlZM0UxNnE2bmRqVjk1QWh3RzZ4bTdlclpBeXRTdW1MN1JPTWZtdnZGcGZWdDc3LXFrVFhKZk94UWh4bjJJSTg2SDJkazR3eTc4enlBXzVKREd5UTN4QmwtY21RVU5LSmdtWFJYUTdXQ0ZlbEE1Qmk2TlRqNTFOeU1TVFZYR2E3WFdqTjUtYTE0R1Y1YnZtcG9YOFAwNEtWMVFpQ1lCNGJZUXB4cFlTbkFDVFlsUWJrd2tZUjliWEhjN2JCSg?oc=5,"Thu, 29 Jan 2026 01:12:09 GMT",
2026-01-29T02:01:04,Google News Reuters,Samsung sees strong AI demand after profit triples to record high - Reuters,https://news.google.com/rss/articles/CBMiwAFBVV95cUxOT1VULVhtalVUUzJfbTlIX1pDVUxtYlZPSldxWUx6bVNyT0J4WlFaa2lGTjhaVXByQ19EZnpTM3BkY0ExdTBUWFliWlhxREZnR0EtQkZPZ0NDb0toWDhpb253ZDRNOXN0MGxZbzRqZjFMUjN2RTBVYUZnQ0xnMVp5ZWZ2NG1TWHJoSlRQVzB2UDJJNmJONWNsRTRqczBuTUtrMTZLNXZxQ1RyRmNDQWUtMlM5ZnFpZ0JrUXFBRGJ0eGk?oc=5,"Thu, 29 Jan 2026 00:51:00 GMT",
2026-01-29T02:01:04,Google News Reuters,"Plane crash in Colombia kills 15, including politician - Reuters",https://news.google.com/rss/articles/CBMisgFBVV95cUxNbEFqQVBkNl9LZEtKenh0aTdvUUJMTTkxY2tidDJkUWZwMkg4LVZGeW85c2ZOQWRoSkVxdC1uTmNqX2xUVi1lMWxGaFpnck5lNktPVGhtUmNwVVgtS05BN1Vad2Q3ZFYwVkIxN09wU0ZhZHo3bHk5ZzVScUNPZFM3WVpNTGFaLURlRGxLV0tsYnUtMzVIbVlOWWdBOEx2U0NCUTRzSVY0b0VfUFUxSUdmamVR?oc=5,"Wed, 28 Jan 2026 22:27:41 GMT",
2026-01-29T02:01:04,Google News Reuters,"Exclusive: Citgo buys first Venezuelan oil since 2019 from Trafigura, sources say - Reuters",https://news.google.com/rss/articles/CBMiygFBVV95cUxOenp1NWtMUDB2dW5WNnRJRjQ5STdLbG41a2JvYkhxOVBFTV9Dc3NqazZ4NkdyQ0p3M093b2cxTVgtUTFuQ2JablJ6Z01BNTQyWTlGd3lFRUIxV2RhanZtWVZNTWk5TEcwT2l2dU9hbU9RbklMMVNGcUQ2OXZiRHlvZFZ5UGZ1RWoyOUFVZWozQlNIcFk3RDl1MkVJZmp0WTJPTmduY1JxZG95VXRNRGtpZEtUZjgySDBBUWtEUUNiV0kxUFRabGJmSlRR?oc=5,"Wed, 28 Jan 2026 23:18:17 GMT",
2026-01-29T02:01:04,Google News Reuters,"Exclusive: White House set to meet with banks, crypto companies to broker legislation compromise - Reuters",https://news.google.com/rss/articles/CBMi2gFBVV95cUxNZTdyeXJlNk1XYXJEXzVIM0trWW1XXzhwLTJMbXM4NmJUX2s0UWZMRnppblVVVmZCUHN1Q1NMUmpjTE1odV9sbjE5R0JlU2k3S0Joclc1UG5pVWNpTXFSYWJ4V1VGX0ljcWlPenA0R0Y5U2gyMGNYZHpBYlJPWTFhc0hVdGdfU3lwalBBNjFlM2ZNR3huN01TaWxlOHF4bWVrMjR5MFM2b1VHMTh4TDg0V1pZekE4WWNQVVEwTGhaVDhKcnBsREtrcUtpOVB5OFpKQkVBd05QcUFudw?oc=5,"Wed, 28 Jan 2026 21:07:46 GMT",
2026-01-29T02:01:04,Google News Reuters,IBM beats fourth-quarter revenue estimates as AI clamor boosts software demand - Reuters,https://news.google.com/rss/articles/CBMiswFBVV95cUxNSFkzTE5nUzVUcW15TzVwLU1yNzlZWGNNcVBYWWJ2Qkhtc3VVTkh0OE1iMDg1WVRnQUZZOUhNXzdvMUd1QUpjdjNJcjkyTzQzUlhqcUpmNVBSRERLSHVXbVJSZTdhTWlLV2xhRlFqSjdrWHpXaUJJRWNIUE9NcFpBX3F1cVV2MHN1MVVGLXpNMEN3aVl5aFMyM2k1QWQ4YmU5dHVQSFU1R2YzMWpuWlpJVVZXOA?oc=5,"Wed, 28 Jan 2026 23:20:57 GMT",
2026-01-29T02:01:04,Google News Reuters,"US, Greenland and Denmark start diplomatic talks to ease Trump tensions - Reuters",https://news.google.com/rss/articles/CBMisgFBVV95cUxNT0x4LXBNTEFBQmotdm9ra1R2dzh0b2JMV1dyaXY5NHo0Q2cyNF9ZWUhhN3VHcWpVdXN5N2RmWnNNY0MxVFlseUVsczhPQm9uUmxza1RURmMzcnJ1dHhVT2U4ZnpoSFlPMGxpZDMyR1MtYVNTRVlLbmc2T0ljd2VzQVFtV1lzMXJ0WnVaQWV5SzlDRHVPUy1zUnAwWXVpblRPeVVsV0RDMEkwRXVCajVxUGN3?oc=5,"Wed, 28 Jan 2026 21:07:27 GMT",
2026-01-29T02:01:04,Google News Reuters,Home Depot to cut 800 corporate jobs at its Atlanta store support center - Reuters,https://news.google.com/rss/articles/CBMiwwFBVV95cUxNX0EwdHRoVS1kUkZ1NlZrOHdQMjdlNml3cFBHQ2RhcnJmdy1MOE1MZ0xoTnRnOU13SVRQTWJUdkZKOEltUXVETVlBeTFNOTZ6TFk2SjFnU3QxLWRyUUptb201NG9jMVJkaUVtYUtGQ2JiaFEyRVdhUkhZaXlQcHFuMUxSQ2QwUkg3UHhyUjViTnJ5NzY4MC1FVnQyY25UZUdBLXRnOXppVTJkZTJ2UXJnbnBOQkdEMl8tS1Z4YWd1aGtFalU?oc=5,"Wed, 28 Jan 2026 21:46:35 GMT",
2026-01-29T02:01:04,Google News Reuters,"Dollar holds gains against euro, yen after Fed stands pat on rates - Reuters",https://news.google.com/rss/articles/CBMiqwFBVV95cUxNcmxxU1lqZFR0QkkxdHdkVmpaUUpsWGVKcmVTSUw5UC1GeS1CV3JXSmpkNUFlNWtSZkZNTGFwb1pHbjhfZ3g2dDFYVnVseHRTaW9LSk9wMmI1YVphT3hhUGNxZlZndkZzVGpISEVySV80bFc1dXhWLXFLRHc0MTRsWWV6blctblBsSlpoQVRGdXB1dnZWeTEzNUd3c0kyQjd6REwxNTFQVDd5R2M?oc=5,"Wed, 28 Jan 2026 19:15:37 GMT",
2026-01-29T02:01:04,Google News Reuters,FedEx plans MD-11 cargo plane return by May 31 following UPS accident - Reuters,https://news.google.com/rss/articles/CBMi0AFBVV95cUxQQmJ2MjZob3d1WHh4aGViR0ZselUyeEVRbEpWeEZSUldvRnRldTgwUGRXd1VFcTZHRXhwaDM0dmRYNmFUeXltSVBMU1M2Q0hGMFRvRUZ0clJsWUdFakRBWVRhbFBtcUgzc3ZBZVZpcmNoUzVfcjhTYVBaeS1saWJOYUJfZUlTMG5DU245NWZWa0ZxZURqSGVObTY2bGpXZDRJUEIwTXJ0NGxiNUxnVUZmSTRiLVhwRTBkbFZxcE1nS1pTaEtvdE1fczlrZlJnMElR?oc=5,"Wed, 28 Jan 2026 18:33:04 GMT",
2026-01-29T02:01:04,Google News Reuters,"FBI searches Atlanta election office, chasing Trump 2020 vote fraud claims - Reuters",https://news.google.com/rss/articles/CBMiwgFBVV95cUxNdXprRGxYZ05sanhiS2lDdC1tVDcxeXQ1bnlKRHAtTXdWc3NOazZpbC13QXZaLW1xT192NXFjSEY4cmVHUGVPN0VxZWhJdE50VzQtS1plRWxXeHhEVjhuOER4RHBBZ3Q2RGNPbW9FeExPdVdyQ1lCakhTNGFhZUpjZTJDZFgyNTU1M09mQmpWeTU2aEhoTWFPOHFBTV9SaVBZTzJPWlVndUoweWNFMDZPSWtHOVJiNC1tdS1iZkFudHU5QQ?oc=5,"Thu, 29 Jan 2026 00:57:00 GMT",
2026-01-29T02:01:04,Google News Reuters,"US agents involved in latest Minneapolis shooting put on leave, media reports say - Reuters",https://news.google.com/rss/articles/CBMitwFBVV95cUxNc1E4dlBHbGhIclhfc1lDalhCSGI1U090bjJOcVMzeGRlbTRZLW9CbU41VVlxLTVCemlVc2Q3ZUZDVXhvejRpdnlwTVlvUGNKdGZVb1dDQzJOSUV4cV83SGdyeG5Jc1pNNUJUUl8xTDZMZjhEYW5TM25XcXBkaE5ZN0d6VFhUa0xpMmdoX1BRSUlkOEpXaUtBVDFhQWwyX0NOOGJXS1VKMWpMb3htVjVHZTJHeHI3WGs?oc=5,"Wed, 28 Jan 2026 18:02:11 GMT",
2026-01-29T02:01:04,Google News Reuters,Rubio says work under way to resolve 'very difficult' Donetsk issue in Ukraine peace talks - Reuters,https://news.google.com/rss/articles/CBMixwFBVV95cUxObjhhaGtvSzZfcWZPdDJOMmR5azloazBoZ2gwTElZaUpYWlJhWU5TbVhlUkl5dnFITFZXZV9tVGVEb0xNRVpFbTQwQ3BrejgzcUtRNVcwc093Mm85RFpkbVR5ZXFvRXR3ZjNRc1o2TzlYRDF4Q3F2UERPZ3hueVRBbGRHRmQ1Tzc4MjlsTW9FLTJKbzlrZjROdkZzdGEtVTN0NmdoakgtWnBMWHp1MktlU0xHM3ctdFJHQTVRVGN6cXRiaTF5ampn?oc=5,"Wed, 28 Jan 2026 18:54:49 GMT",
2026-01-29T02:01:04,Google News Reuters,US lawmaker scrutinizes Ford battery partnership with Chinese company CATL - Reuters,https://news.google.com/rss/articles/CBMi1AFBVV95cUxQRVdfYjlMZG94Sk8zamszQ0Z3M0huUVFpVDhTZEtxZkk4OFQyT3M3b1BaUkdOeGRKTm5pUThrZENxakNnZWZ0MTJvUjc4UFdSSldSZl9HNEdNenhaNXZDZjgzMWdNWDk3MWFYQW1LaUN1RzB2REtQUEFTTVVsQ1QtODdlXzNBNGtFRzUzMjJjZXN0YzBaNGdzUE1nbGkwdFFaV2RFLUh1TzU4TGRuQlFkNE03cjF2MV9YNUJZa1psTXZXTm1vallBckVBd282c0gtZWE5ag?oc=5,"Wed, 28 Jan 2026 19:29:00 GMT",
2026-01-29T02:01:04,Google News Reuters,"Fed leaves rates unchanged, Powell urges successor to 'stay out of elected politics' - as it happened - Reuters",https://news.google.com/rss/articles/CBMitAFBVV95cUxOTWVmTUVyX0txN2tKRjJKU09BSndYSjdXaVRoOXpCZ3o1MVBFWXEyRkFwTXZvVDNDWjlJYkxKdEVUWHNxaERUZ1ZSX1U5d2h2b1JubkpNUjByS0JRYU5UWHFON2tfMnBJVEFjbHd4TmxRTUltWHJLVjE3WTZ2cGZ4cF9oZk5Vcjk0NGdXLU8tS3g5bWkyLWlGLXRfRXpWTWY2SUdEenFfdVpLVERQalhqT0xZU3o?oc=5,"Wed, 28 Jan 2026 22:19:18 GMT",
2026-01-29T02:01:04,Google News Reuters,Minneapolis tensions deepen again as Trump accuses mayor of 'playing with fire' - Reuters,https://news.google.com/rss/articles/CBMivAFBVV95cUxOTXpjSThneG5tZ1hVSU51MEREMTZzY2pET25VSTNUb2U4SlRvR3JfTGYyR2hiMkROM3dKSUh1RUdpejhuTUJuX3hFa1ZSLXgtWkZtODBLU0J3T1ZqdDN3YWx5TVJ6U2VldmZOZTRod0hHX3FCVTg5UGRlNGdwSUZRckZSeDNrQk5WakVfTHNROGI2R0xfYUxGV1ozbFRuSVp0M3Zjc2tzZ0d1U181eXhacEdhMUZaTVZRQi01Ng?oc=5,"Thu, 29 Jan 2026 01:07:42 GMT",
2026-01-29T02:01:04,Google News Reuters,Fall of top Chinese general stirs US uncertainty about China's military - Reuters,https://news.google.com/rss/articles/CBMitgFBVV95cUxPZUxFTTVoZHRHVFlPT1VyVHczbmVMQmJpNENXSzhFZU1nODFJenJ2cHlMNkJtalRpMUdNbUxZUmZ2T3Y0enJKRWtfVkJuUXBNdmRSVV92cEFxNUowakRGbWh5Rk54N1RJdjVlM09vTHlGeTU3cTJFV2FiN0c5Z2t6TGhjVHRmcW9NZWR4YzhEX21kMDZ3VnR4UVFjendUZGVSMHNERVJSalhJSkV2bl9nUWdqU3VwUQ?oc=5,"Wed, 28 Jan 2026 18:40:02 GMT",
2026-01-29T02:01:04,Google News Reuters,EU set to add Iran's Guards to terror list after France U-turn - Reuters,https://news.google.com/rss/articles/CBMiswFBVV95cUxPZTc2RGRWQjl0bS0xTXdNdUx5dXY4NXlCQXhmV3V6SHZ3V0R4T05Nb0hkV3A2dzBDOWZGUExHYjlJd1FXZ0Fkc2d5SGNya1l0S2FjQXJpZ3UwR2JHQkpRZUhyM094Zlo5SXhHbjZzVmNmYW9vZmJCakZwY3NYQmdnNnkxeUpybkRMUGpHU1ptMFBkTUtkTXpzZDVXcDh3OHlWS3NUVUVoa0pHNnFvU2pzMUhvRQ?oc=5,"Wed, 28 Jan 2026 19:47:17 GMT",
2026-01-29T02:01:04,Google News Reuters,US review of Alex Pretti killing does not mention him brandishing firearm - Reuters,https://news.google.com/rss/articles/CBMiwAFBVV95cUxOaFJXbWYwNXR2SnFlR1lLRkwxQVBLUENvdDBZb2xfSEFaclNEWmxaME5jdFl6ZUp0SEVtT3lqWV9aV2MtMHpzVW16MFlrcnFPNUF0cHdkLTNlTHBuUFROMkdZcXJQOF9PZm5NeVB6MFNWZVh3bERrOW4zaU15bUxzbmVPeXcxaEVVMUJHaE9kTHcwWXhVLTBpOW8yREp6dnB5Uy0tQVd4QmhhbVJNeGlnMjFGOGlDeGZRcTVGN2gyQnI?oc=5,"Wed, 28 Jan 2026 23:47:34 GMT",
2026-01-29T02:01:04,Google News Reuters,"Chevron to boost exports of Venezuelan oil to US in March, sources say - Reuters",https://news.google.com/rss/articles/CBMivAFBVV95cUxPVkxST25Fc2F5UWdBNUY1OXFLQUpfT2hHRXBzYlFvWXZhTi1BQ2VHeFlnZU1Dbi13WkwxVWVVcGIxUWFJSFo5Q29QSGxndGRkXzBRcUoydUc1Qi1fZ3dDT0R2SElIV09oS1h4cGxIb1c0ZEJYZmJWeEVIbmw5Z2pVYUNtQlU0M0F0dmluSnk3TkZZU0NqYjVDS0ZlWjczRlYzZXF3T19sMzNIZWw3RWxjY2diSFdsaTJSMXhHWg?oc=5,"Wed, 28 Jan 2026 16:11:09 GMT",
2026-01-29T02:01:04,Google News Reuters,Kuwait readies $7 billion pipeline deal as Gulf turns to foreign capital - Reuters,https://news.google.com/rss/articles/CBMiuAFBVV95cUxNV3JRcVVsX3NuZDdnb3R3QXVYaGtzdVU1OXZ6RGlZNzBRMm15V2pfNmRuQ2RYMEtTZDZEQ3AwWXBTRHc0OUdQNFAzQmE2YjVscE5zY3NfYm5mT2R1RVNlcXVSZ3JCWm9iLWVhR3VzdEN5YmdFNnZBSmdNbEZrbVc2UEtWVWx2Q1N3aldWa3VRWTJENFppNk1YcFU0bkFtN0dycVBWQ0N2U3VvYVgzMnNLU0xkQk1GTi1G?oc=5,"Wed, 28 Jan 2026 15:42:52 GMT",
2026-01-29T02:01:04,Google News Reuters,Trump touts 'Trump accounts' for babies as part of affordability pitch - Reuters,https://news.google.com/rss/articles/CBMi0wFBVV95cUxQT0tnX1I3U25VM2N6b2pVS2phZ2xUSFdnNTZjTkczRk1fdWtZVmRXQzg4UG50ZHgzT0lkQkpIajRCajZxSGI4MnljYjEwNi1pSFppV1pEQUxfNXdKdS1xNGQ3LU5DdUdQYUxfZDlubjFlV0RtMnF0UWY4LTFyZi02eVJ3TnhuTnJDVDhtUHFwUFVUalE2Q3NGN3QyaW9VNGRqSjJqVmlWVGtUVmdCZWN0V2ozWXFzV01NSzhfZTF1YS1VYzRLNndzN29tdnFWbVlrSjd3?oc=5,"Wed, 28 Jan 2026 21:01:16 GMT",
2026-01-29T02:01:04,Google News Reuters,"S&P 500 breaches 7,000 points for the first time, lifted by AI optimism - Reuters",https://news.google.com/rss/articles/CBMisgFBVV95cUxQX2prSzBUMUJzS2gxZzByMHU4UDFIVVdvRl9BYzQxMk54MkEtSW5mRG9NYkQ3SDI5SjhZUlVaaU5vN2hMV1k0ZDNReENINzIyNDFzYWsxNXhXVldFS3ZKWWxQcF9iazI1a1Q5dFRjelVaMWRYdHo4b1cwa2hQUTB2REEzLWlSbnBsbGFCWjhMblhIazhBd1NZMm5CU3RoSWNGX2hHYnJyUV92dFJnQkdWRDZR?oc=5,"Wed, 28 Jan 2026 16:35:06 GMT",
2026-01-29T02:01:04,Google News Reuters,Trump warns Iran to make nuclear deal or next attack will be 'far worse' - Reuters,https://news.google.com/rss/articles/CBMivgFBVV95cUxOY0RUa19maUR6Y3BnbmZJSUpBSnZGTzJHMzBldDE1X0ZuM0lkRHRNZFNWU2w3YmNFME9nQy0yVl9DTWk1RHFpVGpEcndYNEJoX1dhbFhjOURPUFVhWThKbkl1cVJUcDV1V0ZncFZENjJ5UVA0ZEVVd2FydEo3VjBIRGpuZUdMbzlDNW5ZYmxrNHhKVWFBd2NaM0FnZjVTMVh5d2N1WWxSQzctcHJaVVpZS0h2SEtPam8wYjgtZldn?oc=5,"Wed, 28 Jan 2026 21:51:20 GMT",
2026-01-29T02:01:04,Google News Reuters,"POLL World order has shifted, but growth outlook same as year ago, economists say - Reuters",https://news.google.com/rss/articles/CBMitgFBVV95cUxNLWFuTm1JVE02d3cwSnBYbjBhR3lBekRoLVFMMDl6cEJLeUMzNmlELW9XS0ZYX1E2MXJDUUlLcnJYZnNSUGxmWmpUNkJId3FmLWhxenVIZ0pJODAyMjNPYUp0ZDZHVU5xMGktdHlyV0Q2THNkQWtUTFdwQUlZT2JRdTg4N2g3MER4dFZOUDBmRjFkdEs2cTRHeVJsamdTTWJ0X0Ixdll0VXpud3IxYlNMRktmM3U3dw?oc=5,"Thu, 29 Jan 2026 01:43:00 GMT",
2026-01-29T02:01:04,Google News Reuters,Six European economies vow to drive progress on stalled projects - Reuters,https://news.google.com/rss/articles/CBMiqAFBVV95cUxPQl93S2xVeXdUNklTWEk5cW11eUZhaHNXdEo1SS0zV2RmalR4TEtFcmNVUVB0WmN6ZmcxMGtJaDZiMURDY2loaVF2MGlJcFEwOEkwY25CSE1jUGdTTlp4aGRlbjBGdXdVQ0cwa3ZROTdfVVlQeG5FUEU4OXc2dE0xb1JHQkljODROakEzakZja1dFZk5jWWNNcXpvdl9RN0FiVTdzRWNXZ1k?oc=5,"Wed, 28 Jan 2026 18:00:16 GMT",
2026-01-29T02:01:04,Google News Reuters,Israel steps up evictions of Palestinians from East Jerusalem - Reuters,https://news.google.com/rss/articles/CBMiqwFBVV95cUxQanhpSlphMkc0QmFXdXJmLWVEUlFaU09IcVdtSFdSNXp3MmhvNHBNOXF5b3hZU3VSbDIwM01ETjlrc3hRVHRxMHFLWWNoT0ZWVXFxRGYxQUEybEx3N2FlVXhpaVBZQXA1ekpseTluQk5QM0ZVZHp5X0tCSzlmejk2RF9CWk0yNlR0X0lOdVFQVTJibmx2XzBwMTJCZG5JYWJSSi1YOG5pVF94QnM?oc=5,"Wed, 28 Jan 2026 12:51:50 GMT",
2026-01-29T02:01:04,Google News Reuters,Google to pay $135 million to settle Android data transfer lawsuit - Reuters,https://news.google.com/rss/articles/CBMi0AFBVV95cUxNV2pheTdaNXVXaHNHRGRaSWg3cHRhdndXLVZCaTRGY0k0c0Y0TGxBYzlqaHl3Slg4bi16MGFURkxFRFNHdms4dDFjRHBwb21tU0VIS0pYUjFxSWVtTTJmbENtQ2tpN3hiNWpTLVdGdGtXUzdXLVlJSl8ydGlVN20yU3FjVklFSzJ5VkJEV1FRdm5LdVZJSnFzNmFRTXFjTUk4a1VvdFhaYWRsWl9IQ0JIck92YmR4ZDlucU9sWlEyblNNN25xT0lCbUN5bmRVUVRS?oc=5,"Wed, 28 Jan 2026 15:08:33 GMT",
2026-01-29T02:01:04,Google News Reuters,Starbucks signals US sales revival under Niccol as margins cast a shadow - Reuters,https://news.google.com/rss/articles/CBMirwFBVV95cUxQYnhWNWo0czlfbDIzVk1BSk1KaW9VM0Q5NkllTW9OMmUzTW1TM2VaeDVqSV9oMWUzYlJjVzRVa3dYVV9EX3FfeXA3eDNOTGVlclUxaEY2bWVrMGFnRE9jcHJpWDZpbmNNVXE0WEVnS2hQVU5zWXNrTHB4aHhTSkxXcjJjR2FzRWVVT0x4RjM1N29vZms2aGtSUU1lSnhBUEwyVGNLRkh2WGpDT2dUdDhz?oc=5,"Wed, 28 Jan 2026 18:05:48 GMT",
2026-01-29T02:01:04,Google News Reuters,German police search Deutsche Bank offices in money laundering probe - Reuters,https://news.google.com/rss/articles/CBMiwwFBVV95cUxNeDVPdXk4RlJIY20zclY0NVZPZzREc3llRFhwN2RjbnF0anRuelpYbExrUHdUSEJERlFJTTMwMEdYVDZZRnVESnFIZXFoRVFsV0NnQldNUzlYdlQtTmNIcFMtZ29iSEhDVS1YX0RxakdzRW41RXhOd3djU2RIZjNsdWUzd2lEUkN4OENaU29aaG9uY2prbHNtbHJMdUdEVTNpdFRTZFlfM19XMWxVTWNMTG9jS05BNWo4V3UtWGtaM3hOTTQ?oc=5,"Wed, 28 Jan 2026 15:44:47 GMT",
2026-01-29T02:01:04,Google News Reuters,Eli Lilly signs up to $1.12 billion deal with private gene-editing firm Seamless - Reuters,https://news.google.com/rss/articles/CBMi4AFBVV95cUxOVEdxa0tiTkJjSFJnU0dEdzJ3WlJkUEU0QnhTZk1aY3FjTnB3ay1MbkhYaV91bFlhQktHeUFWN01TMU5CTkxYUkhfdXdRTkdUT2VzOWplaTRvRVFJeUFqNDlEMS1HbjZZVU04ODUxX2JXLUJLbHd5WjlSNHZlcDdQTnRzMVREQjBxU0xtTFg5ZU43XzBfanhIZHFrNzJfbnZlbFFUMTYtOEpQMDBhOFNzRWhiV2RxeEptTFFQUFNSOXJZdVhGOU5sWXdCYUVfZnRHSXdYcjNqMk5XQVpxVUVvYw?oc=5,"Wed, 28 Jan 2026 15:23:28 GMT",
2026-01-29T02:01:04,Google News Reuters,US says Brooklyn man sentenced to 15 years in Iran-backed plot to kill dissident - Reuters,https://news.google.com/rss/articles/CBMiygFBVV95cUxNcnJLblRBRWxCeElmYy1tRmtBd3BOQlRpRFdpeThGWEhrX2ZOcEZzVkZUNDlGZ2kwcXdLZWNhZlZFZlZJUXBnWF90U01tcVlzaHhmaXJ2aEs3SnlSN1lWZ2VmdUZlMjQ5VUMxS3FWT0ZnOUxDX0Q0YjF1R1Z5dlNRdXFNUll5TFlqY09SNVIxd0RRaXVvaGd2SHZGcDJUWmUzcDhRMmN4c2lRaFp6LU1UbUZCdFBnZzducmRDMGFDeW96bmJJQWZaYjNn?oc=5,"Wed, 28 Jan 2026 23:19:07 GMT",
2026-01-29T02:01:04,Google News Reuters,"Storm Kristin kills at least three in Portugal, barrels into Spain - Reuters",https://news.google.com/rss/articles/CBMiywFBVV95cUxNQ09LMnBTS1J6SEp6ZU9NMzhVUzF2ekxzVEVfUklwZWNPOHNuSExaZ3p3UjlWcDZ4LUpEcUNXS0c0TXFHYndCSmc5S2FmQ0VEMjV3Um54MW5RcFZSS2xyUHVnc29RWDdPQjMza3MtanlJQ09xYnBIUmdnaS0yWWlaekYyTmV2M28xYUVrOW81NlI3VlFUZUlJU1NMeEpmZ2cxb2lUcGU1akFaaEhDZUNIbFhQZFcxRWc4NWVaQ1ZlaWg0MEZxdjJ4dUtqTQ?oc=5,"Wed, 28 Jan 2026 14:33:49 GMT",
2026-01-29T02:01:04,Google News Reuters,Nipah virus: What to know after cases emerge in India - Reuters,https://news.google.com/rss/articles/CBMiwgFBVV95cUxPOU05TnFSQS1DaDMyR09yOXVCVFEwczFxTEdaNlZGZDY1TjlYcmd5MTdoRUhTS19wSU1UY1FDejNLRm5TQWs5LVNxS1AxRk5BSkRqNTlKTVRiVmxXaXlFN3VEcEltQ2NuU0hiMEtfWkh6NS11ZU5RdkJ2cG16Z0x2M09LTUtCekVVTG03QlJ6MWRabEE3MHR0MEEzVEtPY3B5XzNzS2hPODRQVzJua3NPem1pN2dlZ2pzRllwTW9mY3g4UQ?oc=5,"Wed, 28 Jan 2026 12:17:32 GMT",
2026-01-29T02:01:04,Google News Reuters,"Nasdaq ends slightly up, S&P 500 flat as Fed brings little surprise - Reuters",https://news.google.com/rss/articles/CBMirgFBVV95cUxQQ3hEc0NJdW1iTkctS2FITkpqWTZOSXpYaEd0WkNjMkE2endwMkJfTlU0cWU1Mm5nQlZaRzVrRW5CZnBBUDBzVU81OElTS3djQWQ5WVVQXy1mUEZxZG40cXJMZXhiaThKNmtUbGRTaG51dGUzRjJ6VFJMaExPZlBaRlhlTTROak82dE9aZ3dCMm1aam1MSFFoZGVJVVY3YlQ4LS1XaXpoOW5vVVVKaVE?oc=5,"Thu, 29 Jan 2026 00:37:00 GMT",
2026-01-29T02:01:04,Google News Reuters,"Fed leaves rates unchanged, sees 'somewhat elevated' inflation and stabilizing job market - Reuters",https://news.google.com/rss/articles/CBMingFBVV95cUxPdk0tMlN5ZjhMTmVvbTg1RUcxMk9rY2trbWFCc3JWSFlVU1R4QXVrLWlDQTJmV1hONWliVXY2R3ZhWWljc3JjTWswMEE3ZFI0UW02OFdaYmdlbm5TSmNwLUljVHVHMXhwQVF6STRZVlhmUjZWNm9TdkZxc1JUOU5HTTdxdmdLYlhuMU1RVm4xWUtROGZIdTFtLTZ4M2o2UQ?oc=5,"Wed, 28 Jan 2026 22:30:41 GMT",
2026-01-29T02:01:04,Google News Reuters,"Exclusive: Novo's Wegovy and Ozempic US advertising spend doubles rival Eli Lilly, data shows - Reuters",https://news.google.com/rss/articles/CBMi0AFBVV95cUxPMG5ycEpWNTR1YWpOUEZJRHQ3SXBkY3J2bHE3eXRPaFg0dFVUY1dkSW14OTR0V1dUOFFiRVBQdl9SNzdmLXBXUWhBTWJXb2ZBejMzWXh1OUNMVFRrSHl2VmNGSU9TTGI3MFBIb2YwVDNZYy15b3E5R2xWSkJjUy0yeDc4TWgtbXFNeUsteVFURmd0cVE1cUd3MWViNm5kWkxRRHQyd0hYRDlpaFZ4eW10SU51emNkbkV3aWlHYmg5SGs2dW1FeHlTLWZVdElEUmQy?oc=5,"Wed, 28 Jan 2026 15:19:45 GMT",
2026-01-29T02:01:04,Google News Reuters,"Amazon axes 16,000 jobs as it pushes AI and efficiency - Reuters",https://news.google.com/rss/articles/CBMiqgFBVV95cUxQYzNEb1ZIQjc2dUkxU1VwZFlLNG5TVEROWmxORFU5M0Q0RTNieUc0aU9JZUhsUEtnTXdnTW1mZWlhUjlVaXJPdEVPcEE5X3FaeTJNVzYwakx4N1hlZ2hXN0Zwc1NDaE9sV01HbDZGNXBVYXBxQnh6RGRTUkY5N3pyaFV1YllsanllY3ktRU05YW9vUG9ad05teTROYUFmR3JjRFNWVEh2RUtlUQ?oc=5,"Wed, 28 Jan 2026 18:17:10 GMT",
2026-01-29T02:01:04,Google News Reuters,US state lawmakers push to allow lawsuits against ICE agents - Reuters,https://news.google.com/rss/articles/CBMirwFBVV95cUxPeDI3alAtS3BTM2YzazRlWkRPbU5TOGVKWFdOTlo4d3RqOHFBMmNzTFFuSmx5alVGRURpa3ZzMVRoRXJ6a1hKanVFNkx5S3haN2ZuOUswVl9kRE9xdVFub3ZLdUNwTlBTMVJwYW90SktjYUo2UkhyZDJVR0RqNENkTVN3b01sMFU2d2pUTGhCRFpCUzh4aHJGdUlscW5qTWVzMFdPWV9jY1Q2ZzRVc0VV?oc=5,"Wed, 28 Jan 2026 11:29:37 GMT",
2026-01-29T02:01:04,Google News Reuters,"Russian-Uzbek billionaire Usmanov wins lawsuit against German newspaper, documents show - Reuters",https://news.google.com/rss/articles/CBMiwgFBVV95cUxQSjRyS1FaZ3V5VW5WQTJVZ3BKN0gwTnhKTk9idm5YT3JyOXQySWJoUnhBQ3JwN1dLaDdxaWtlbTFfVUZCNHJEbVhOWkxJSmRJY0RjSloySjBOX21sc2lCeWN0c19sV2hzbW9xd2hjNkkzV3p3MUx2Z0pJQ3c4WS1MMDFkTnViTnp2bzVXZEs0Q09ydkRidElocEswMVN6dE1wMG9seUNOaHFVWTlkOTJIb1MxekRRLTJyRlpPeFZyOF9kUQ?oc=5,"Wed, 28 Jan 2026 13:37:12 GMT",
2026-01-29T02:01:04,Google News Reuters,"Rubio cites Venezuela progress, says US not planning more use of force - Reuters",https://news.google.com/rss/articles/CBMiogFBVV95cUxPTkpqUjdUWkpOMkstTGo0TW0wbWFQUm1mdXVNYXljVTlqZ0xnMWtkYThKUnRxN1plMTM5cWJuTkxlMW1OSXJOaTMzN2pNWExqUWUwWGJGb0xDVTdDVWpGd25SV2xXZmR0Sk5JQlg5dmJXU0JiaUQxa2U3WXNmME9OQk45Mk1GSjUyREVnc0hrMHBid3YzTXVsUmFsNTZxQW5lNnc?oc=5,"Wed, 28 Jan 2026 21:59:26 GMT",
2026-01-29T02:01:04,Google News Reuters,Ukrainians face tough weeks as Russia targets power sector during freeze - Reuters,https://news.google.com/rss/articles/CBMiugFBVV95cUxQaU5GVVNPWkMyNGswRlNCRWNaSnhzdktwS0FBZXRtZHRVVWViU2NXdFdNMTZSZ2VCUHNubkpTSFdHYzlWQnY4aEhxTzdqbkRPQmlsOVZYX1hURTZYR3JncGwyb3ZsaG9sajVKOFVxMVlwTHEwZF9kVFNYWFFrbmFKcjl6ckRTWTlhZjBjbVphNzR5S3B5MlM3WkFUdHZLMm5pRGViZTBENE5ZVmpXbnlaR21JZlN5dzhtanc?oc=5,"Wed, 28 Jan 2026 22:36:30 GMT",
2026-01-29T02:01:04,Google News Reuters,India bonds flash red ahead of 30 trillion rupee debt wave - Reuters,https://news.google.com/rss/articles/CBMipgFBVV95cUxPbWhLWEZNQVlDNDV1UVVSVXlyU2tlNHJxRkhmYXVzOWxSN195OTZEOUZzZmJEcWNTbmlDOXNjZ3FVN21NazFDU2VMZXM4VGd0bVVPSWljQnVwSXZoX1hiVUs2dmVZRzRHdXd0ODBfUEVEOWZYR0pSSDJHcmdDbTMtOW5nbjExeWxCdFExanZGZVZBaldLSndrZzdSQktITTktb1h1cEVR?oc=5,"Wed, 28 Jan 2026 11:01:14 GMT",
2026-01-29T02:01:04,Google News Reuters,Bessent says disappointed by EU-India deal; South Korea must ratify trade deal - Reuters,https://news.google.com/rss/articles/CBMivwFBVV95cUxPZ1JMejdicWhodlpqeWJzWndUNVN6bThmWmRXTlZOQklaZHVnVWhlSW5oamlCMVBvWjczSS1LeXRJTWZ5c1JpTHJJQTQzN1ZRMWdBUUx3dU1rbFZ2emhiMERzcmFReFNzSDZaLTh3OENNWjZTeTV3MlJObFNUbDU3TGFjeFE5emVUb1BPYVBWZ0JtcWkySkFLdE90QmFmNVNkUDZWYzFDODlmeEZ5LTNmY2hkMUpHWG1vbmtTalB4dw?oc=5,"Wed, 28 Jan 2026 16:42:24 GMT",
2026-01-29T02:01:04,Google News Reuters,"BofA, JPMorgan to match US government contribution to Trump Accounts - Reuters",https://news.google.com/rss/articles/CBMivwFBVV95cUxNSmQyNFVNbUYtUUpmTlBTMjc0YnlXTGtmRXdLejFfSHNNUWJ5SHZTNl9wWEwzdWRVSk9Gbmc1RjYzQThBUnlsMC1rTUFkSzdCQkwxVTdBSUVPT1duWFBYOFRLMThiLUdNOHI2eTBsSjg5SGtSUU5NNUhBX1ZKTGx2QUp4UGdwcndUcGdFX29RbG9McDVtOUJWSEtzY2N2QWxEWGI3QzFlcVRlYklkSjQ2NzlRM0VzdE81WV9oQjdRWQ?oc=5,"Wed, 28 Jan 2026 21:03:45 GMT",
2026-01-29T02:01:04,Google News Reuters,"Morning Bid: Making a weak dollar ""great"" again - Reuters",https://news.google.com/rss/articles/CBMiggFBVV95cUxQakdNQWlJZHA3VlJ2ZTFOcDlUa002TXNmekt2T3E0WnVBMy1pV042SkVpZ21MSWRWM1BZTG1Fa3gzM3REZC10NER4dThwNm9IWk80LUFwUU1xaHFuNFJKclRtSWRXTTY4N2dQX0czU2llQ2FjbUlQcWdXdjFoREhpNzN3?oc=5,"Wed, 28 Jan 2026 11:51:05 GMT",
2026-01-29T02:01:04,Google News Reuters,Greenland says more surveillance and security needed in region - Reuters,https://news.google.com/rss/articles/CBMingFBVV95cUxONnBnUUVEdDRBYndSWmZienhGckZsV3liWEdXVWV4VmtxWHFDZndQOVJzTkZNU251QTVuUjk1RDZkQ0hWVjFWa0xXWmNac2hRTl9ncFBtTWNJR3pQclJEVExjWE9Qb01iTXhZb19YZjJwUTF1S2poZFJoa3ZnSkZaQXVYR1ZVeGFJS2szdjZjVnYzY3FubHM3eUd4bm9yQQ?oc=5,"Wed, 28 Jan 2026 13:17:42 GMT",
2026-01-29T02:01:04,Google News Reuters,Iran says it did not request negotiations with US - Reuters,https://news.google.com/rss/articles/CBMiwAFBVV95cUxNek5KWkV6Tm5UblVudjJYRVFONmJPRFQ3amw0WUtqXzJYa2J3Q21VVUFxWUJxYTQxUEtodTJMMk40bF9TMHhidFYzeWZGdmlBOXkyX2xjRlZIaE9xS2NWSEd3bWhIdDREX1Z1a0tPcVJlMGMzYmJ1cTRMWWRlQk9CWXNIdzNYejhHM0x3REVnZjNUSDV6bXZlb09BS282dmROSGRUeTlKU2FRMzdIRU9SM3E2VkJHVWQ2ejJFUVpTeFQ?oc=5,"Wed, 28 Jan 2026 09:01:07 GMT",
2026-01-29T02:01:04,Google News Reuters,Explainer: Why India may increase duties on gold and silver imports - Reuters,https://news.google.com/rss/articles/CBMingFBVV95cUxQSEs2NzgyQ0JxV2NDSE13WW5EdmIwa1JJNk9wNkExY3lMekE0UzVHYUwyZmtUSXBRcWVrQnR6YXZIQTZWUEpBdWRBUW5uMlhOVHZmSDBSODU0S0pKOWdJWlQ4LUlITVpiSWFiRi1MaUxDSVdHdThjdnU1RjlIOGZld1MxaHVrUHE2R3N4bXlFRXhCRVhpdVVuaHVDSHhEUQ?oc=5,"Wed, 28 Jan 2026 08:37:43 GMT",
2026-01-29T02:01:04,Google News Reuters,"Turkey urges US to resolve Iran disputes one by one, says Iran ready for nuclear talks - Reuters",https://news.google.com/rss/articles/CBMizAFBVV95cUxPZGk0NlhSSHJsYVlSV3FTQkloMW01QWxTSDRrSWpSaV9hSzJLbnlaa0RaM1lqUkdGek5ENmoybjAtaE1GU2lQV1pvS21iQ0NhRHBESmNUX3NMUFh1MnlZNElBUlVERWJVYThJVDB2QlJmYWcxbzRhNTBiTWQ1X0h4b182TTZWZkhQRFhwazNZNERDb2MxVkpveTJtSDlNR1dXWVVsbmxCaDd2OWdkdUFPWFBmMlBtUS1ORlRVM3c3MjZRTTRjWF95cjA2QTM?oc=5,"Wed, 28 Jan 2026 08:55:28 GMT",
2026-01-29T02:01:04,Google News Reuters,"Europe no longer Washington's centre of gravity, shift is structural, EU’s Kallas says - Reuters",https://news.google.com/rss/articles/CBMivgFBVV95cUxOVmNCVXdsbnVkM1BfTi1CVXhKRXk1TVpNVTdhOWJZVHB6elpyNVVmdUc1M3lTMk52ckNVUW1XSW5IWWxUbzJEM3JpWkNfN1dQTDZWVVVOUExjZkNCNVV4c1lfMUMzbVBXaU9meENldHhWdHBjcWp1YXNDZDBEdlBpRTgyMlBLWnoxMEhaUzUtOGRCWG1EdUlTWnA0WUtnOG95WElpMkhHN2RUWEVNeEd6NnJLUzlXeXZZRURwRjlR?oc=5,"Wed, 28 Jan 2026 08:29:09 GMT",
2026-01-29T02:01:04,Google News Reuters,"Bank of Canada holds rates, says threat to Fed independence adds to uncertainty - Reuters",https://news.google.com/rss/articles/CBMiqAFBVV95cUxPd1ZubV85ckdtc2xrZnBlSEwtOTRtaGJKaXhOZUkzRDFiMS1yZ0FYdWF1UzFXdXZacGdoVDNLa0R4Uzg2U2lUUlFHenBkT2NLVVFWZ3pBX2QzclJxYnFkSi1PdWNLaUZEZF9ad1MtUzFyVm5KaVB4N25QalhBY3ZoX3hpVlFVZkRDSXZENFA4Q1lFaFRPbjhUaXlubW5zN0I2ZS12ZC1DQzU?oc=5,"Thu, 29 Jan 2026 01:09:03 GMT",
2026-01-29T02:01:04,Google News Reuters,Nipah virus fears trigger airport checks across Asia after India confirms two cases - Reuters,https://news.google.com/rss/articles/CBMi3AFBVV95cUxPdU9HaXpoTG9ITVNxUFg2OTlOZXdNTE9RTVVxaml0R0lobTFqVGZlbXJES0UyRy1ZNlVkTV9JSkVUMkJDOVd6OThVcnZzUVFTZVFZT1dnUlFHNjM1TlFVamZKckpTMTZKQ0xRSXJLOWNSVnUtZ1NCYXBCY1lubkZHYVphLW9kQkRnalRZcVQyMVV6NGhaTEtvbEdqVmVnS0lxYVIyZ3FQUmdncEhyc3lRSmZtNE9NWm81MGdYclc0V3F4dHlGVV9FVGdDRFU4clViTUE2Q0ZaZElQV09J?oc=5,"Wed, 28 Jan 2026 20:17:20 GMT",
2026-01-29T02:01:04,Google News Reuters,Why the euro's rise to $1.20 is a big deal - Reuters,https://news.google.com/rss/articles/CBMigAFBVV95cUxQcFViS1dQaGZ2QWp3elNMZ1FjNzdYSms4QVhQNkU5MmpGZThJT0pwb3hmWlY4SW5RQ1ZNWEdXU1d4STF0bmlIWTF1ektpNER4R2J4N1otNElxQXd1dnUyaHlpRTVFcUtvUl9tZEFHTThjY0p5R1l4cGhnbVNoWUMtUA?oc=5,"Wed, 28 Jan 2026 10:26:56 GMT",
2026-01-29T02:01:04,Google News Reuters,"UK's Starmer arrives in China, encourages firms to seize opportunities - Reuters",https://news.google.com/rss/articles/CBMipgFBVV95cUxQOHE2cTBVaWNPVFlxVHYxU2RVVmFWVW1RWjVVcGFJRjdzbmJLcUNtOFJxVVIyeUNMUkFRUm9udkh2U1p3NkFQczBheHZWUHZpM1dhTGJVTjJZNXdlT1hGWnFZNXZnSWNkd0ZBMlhGbE1LeHF6REhlOEF4dnhhVEh3UlpmbVRDVW5zOHVqNkdEd1VadEVJMWdRcUdhdjQ2dWViX2JBRHJn?oc=5,"Wed, 28 Jan 2026 15:45:54 GMT",
2026-01-29T02:01:04,Google News Reuters,Be careful what you wish for on a weaker dollar - Reuters,https://news.google.com/rss/articles/CBMiigFBVV95cUxPVTJ0Z1d3ajVnTDFOVmFlTzA5S05yTVM4YUd0WW5HZ2VkeUZSd21JbzBBVlNmd3JNQ1Awel9ld3ZUM0dVZng3Z1M5eEdlOHBMMnpFTzZZckR1N1BQLW9WMk9lVDdFb3pWTUVEeGozYTctSDRRUWhvYXM0T3JVMTV2RmIzT0ZRZzBSWGc?oc=5,"Wed, 28 Jan 2026 11:00:00 GMT",
2026-01-29T02:01:04,Google News Reuters,"US, Mexico agree to begin talks on USMCA reforms, timing unclear - Reuters",https://news.google.com/rss/articles/CBMiwwFBVV95cUxNN21FdW9Jc2pKYTNqb2V4RzQ0S0xNRWtSV09KSDBUaXVXWEU2aG5OeU83eTlHOEdBSWNWZmVXS0VwamxmdzhlU0F2M29aX0lBMTBYQ2xqNDFERFRxUG9IOWg1S3ZKMUFrTWpndzlZWk1kZ1VrbnNlMXJDcVdXemtKUk5fcEJPSG95a1BBM3owbHJHUzhmSjZXOWp2ZC1pUWdJZmxleWNrN3M5SU9CdE9tbGZPNl81RVdsQWpaRHkwb2p0SEk?oc=5,"Thu, 29 Jan 2026 00:42:00 GMT",
2026-01-29T02:01:04,Google News Reuters,Iraq's Maliki in Trump's crosshairs after nomination for new term - Reuters,https://news.google.com/rss/articles/CBMinwFBVV95cUxNeVAweHBLb2ppSEtKN3dZWXIwVUVMdmthc0JmejdXNEVyRlZvYV9zcUVvb2xIZm4yQTFlaUxoOFRrSmdaeUVjazF0eVF1VjBJa0M5eHhqeWtmNm9kYVd2SzFJSkV6VDNXVmMxQ2V3SGpycHNLdS1PYXpiQ29GUEVpXzRwWGdKMEt2UG8wcFRwSDA4WmN2dzJ3YVhYWXBZXzg?oc=5,"Wed, 28 Jan 2026 18:53:59 GMT",
2026-01-29T02:01:04,Google News Reuters,"PREVIEW Strong iPhone sales to power Apple's holiday quarter, Google AI deal in focus - Reuters",https://news.google.com/rss/articles/CBMivAFBVV95cUxNLXdIb3p5bUZoNDRCSHR5TlhtR19OZEpmV0dEeUYzUGV6YmtRSEtiYlpOTzRNVTdrbERnY01GMXdxU0R5RHZ6NXZ4elVZM0gtSFFULVdHSWo2YTZkWHdvNndfdFFlbjN3MDBFM21jSG9SVzJZUUVDbjFyZUJlRms2OHVzMjQ5ZzAtMW12QWVQQ3FJbHc5ak85VTNJb3VsczlDTUNhbHJUNjRrUlpuc0ZGR0xicnB4X1hPRFBsZQ?oc=5,"Wed, 28 Jan 2026 15:42:50 GMT",
2026-01-29T02:01:04,Google News Reuters,ASML lifts outlook on record AI chip orders but analysts query capacity - Reuters,https://news.google.com/rss/articles/CBMiuwFBVV95cUxQZ084R1lncXlwcGRjMFVFSmxLZzVIZzNkemNWOW5zMEdfQ3JwS2loTzNTRXNaS1hHMnFmcm5DbXhMbWRySi1PS19BR1hTci12NURYVFhrX2k2VE9VMElORmNsVTc2aTVDZlcxYlNiTk9mWVVWdTJaVHc1WE5pcnVOZlVNUHl2bXNxT1JWMTZxdHYyYXljcXBCNlhRN1o1R1IycHE4LTBra24tTXhZMlBQNFVGanBmOXFTbVlB?oc=5,"Wed, 28 Jan 2026 17:26:02 GMT",
2026-01-29T02:01:04,Google News Reuters,Russian strike kills couple near Kyiv as attacks hit cities across Ukraine - Reuters,https://news.google.com/rss/articles/CBMiwwFBVV95cUxOM2pVajZvWlZIZERZTWprWVZKNWtuNF9nWHdLSngwNEF3VzZJc19UanBLdGltTUdfWkJDRFoxcUxXRzZOV05GeFRKWnZudTRyRkVWR05SZEhqYUYxeUtnZEpuWVZ0VWp1WExoSU9zeUlENnhJM0lGZTBmZWwycHJxcU1ER282ZTlsSmhUUF9nSlQ5MnliOFRrNEJyRFFCX0owUjN1cUdVRE5NSnVjN01FMVpFWlY0TnJkWlJhaGEyemtvUnc?oc=5,"Wed, 28 Jan 2026 14:19:17 GMT",
2026-01-29T02:01:04,Google News Reuters,"SpaceX weighs June 2026 IPO at $1.5 trillion valuation, FT says - Reuters",https://news.google.com/rss/articles/CBMipwFBVV95cUxPcXVkR0dGTXpYUExubjZ3bzQ1OWFfUFpTaTZaUzUzR3lxY0FzSHFFZTIzUUoyTDM1V1JsMlF1ODNBMUZmdk9jVnlKYzNPZ1Mwdk9pdFRidmtubmprN0FfSGtGX21nZWtrd2pVZ0ZLLUJISkRnbFgwbEFsd0pIQnI1N0tZbS1tbnp5bVlVYTZYWFpsT3RRV2w0UTJtWENCb2l0cjMwRGlzNA?oc=5,"Wed, 28 Jan 2026 16:41:55 GMT",
2026-01-29T02:01:04,Google News Reuters,US Senate Democrats demand immigration reforms to avert shutdown - Reuters,https://news.google.com/rss/articles/CBMirgFBVV95cUxOX1lFZ3NsaUUzOTlyalZDNU1kOEFxRHhxNEU5NS04YTJQaEYyZXlSTXNBWEhXZnM4ZWkzbXM0azZ6bHdUTk5pbnEyenNMQW0weW9ydVFURVp5X0w1Y0l4dGdTZ0poWGlOOVBBWDFidThQMGhTenNJaWl5MFNYY1JBOEVXeGJueUJEMklXZmg2bDl2Sjh1d0RyX21iUm9Ec0tIbjZwOWR6ZVlTZU5uSVE?oc=5,"Wed, 28 Jan 2026 23:31:35 GMT",
2026-01-29T02:01:04,Google News Reuters,'Pivot to China' gathers pace as Starmer lands in Beijing - Reuters,https://news.google.com/rss/articles/CBMiuAFBVV95cUxOVmY1Q2c0MzRpMDdscUJSeU1oeXhHRktCYTd4WHBXMUNOTTFMenNNd2xKNEd6MWtuTHRGeXp2aUlqemRyTEpMWldPbVlUdkFPaEFFNHRVdFFxeGwyajlYLVFmUW15VUI3V2g1Z0tqMlpYaFVta19nSlFxTlRieE1feUgzZkJRZXVHY0RVV2xFcVNuR3hDTGYwRHFYUXhJVVdDLVc3Wjg0YXZxVzRTRDlXb1ZBQVFiZ01f?oc=5,"Wed, 28 Jan 2026 10:19:51 GMT",
2026-01-29T02:01:04,Google News Reuters,Snap doubles down on smart glasses with new independent unit - Reuters,https://news.google.com/rss/articles/CBMiowFBVV95cUxQdWlXMHluSDJOQmNRSmxKdVhxMFI0SWlpVFpFb2U0bzM4Y2hhWEVyM2dOU1lWRGVnQlA2dXhhNHEtcUJaNVFPXzdxZ1JueG5CdzdWRWphWjVTNmVEQXh3anRheWlTNVBHbndCTFVoMjhoeUxobTBRbXhYQ1hQZ2phNm5INFRtNUo1M09WVW84WXpkSUU4Y3NhZVZ4S0pHUk9LLXhB?oc=5,"Wed, 28 Jan 2026 17:24:08 GMT",
2026-01-29T02:01:04,Google News Reuters,Explainer: The $250 million ASML 'printer' behind Nvidia's chips - Reuters,https://news.google.com/rss/articles/CBMiogFBVV95cUxQaDBoWTUtUk5DeVpJRTQzczRVYXBaWVNPOWpFa0ZMaXVmczlJYWZLVkR1Q0FGM2dSVmF4SWdRRlRFWFJzWUhpME9mckNXRGxQQm5abFZOTVR4aWlOZHBfeWN1bnJ5a2VpeFNpcmJMUEpJcEtJTVhaMDU4M1lta2o5bVljTS1PYUMwbU80WEIyUFlYck90SzA0U1k0VXBVUng0NkE?oc=5,"Wed, 28 Jan 2026 11:24:49 GMT",
2026-01-29T02:01:04,Google News Reuters,Morning Bid: Trump's talk downs the dollar - Reuters,https://news.google.com/rss/articles/CBMif0FVX3lxTFB6d2g2UFpJaW9NODZsNFFHa3dmbF94dFVTRlZ2X3NTakJiUUljWTdEdnl6eGM2QUd2bFFWRjRNN05jTmFGcWpfTjJOMTJTMmtvLVExa3IzcWJ1QkxLWkZ2cVd5TmJuazRaWXB5MEd0SXJtcjZBSVF5bnVLc3hGME0?oc=5,"Wed, 28 Jan 2026 05:32:00 GMT",
2026-01-29T02:01:04,Google News Reuters,Deputy chief minister of India's Maharashtra state among five dead in air charter crash - Reuters,https://news.google.com/rss/articles/CBMivgFBVV95cUxOcHRkU2lLdWlQMmZuak5neUxVQU9SOGh3N3RRREtjZ0hWRG04WUE3V1VPVDY0MVJrVldTTjU3ZGpxMm85UU1zcHRQdHdHbmRERzhERnVEOEZsblM1UTA2emNhb0tWZEFCUk5RNUg3eFpWUE50UnJLZjBYeU8yZmRCMi1iOGo4dmRpaWo0aWJBb1lOaVR4MHdKcHh4dTZKcnYyZ1RHVGpodVdQLUUxdXVKMU1vWDdseUVxckdLa0RR?oc=5,"Wed, 28 Jan 2026 09:05:12 GMT",
2026-01-29T02:01:04,Google News Reuters,Iran executes man accused of spying for Israel - Reuters,https://news.google.com/rss/articles/CBMimAFBVV95cUxOdG5SY1dNT211TGVsZXRuN2o4X0M2dEsyVDdRSVUxZ2Jxd2txZ1hQY2V2b2NPSlFEMFIzQWU0ZExlMF9kZXB1VG1XT3lsSmJyWl9ydUNNSU5hQVVucms1T21qa2o2TlNhNU0wWlBSR1E4anhjakMwdm5oekI3UjdSR0R3TTY3LVVWM3hKSTZwQ04tZ0JUTUFjbg?oc=5,"Wed, 28 Jan 2026 07:14:00 GMT",
2026-01-29T02:01:04,Google News Reuters,German financial regulator warns of risk of markets questioning dollar's role - Reuters,https://news.google.com/rss/articles/CBMi2wFBVV95cUxNT1VLNkZIMGU5VkRkMnpHZGY5cEdWeTBjTEVnQUJwSEZXb3JSdDI4ZGdaaVZZRjV6N2t0UFhxVUEwUkZwT3M3bjllSlFxQVlqcjNfak1FdDFMb1VKUW1jSUc2eFc5SWQ0UHdMdU5Va3U1SEs1UmVwZUs2S1VfTHBZWDZPLUNBS2M2dS13WnNSRHh5c2Z5ZmlrMkQ2U3NTZFlub1VPSkV2OGJqV0ZyRWZaazg0c3h6bHkwdS1pSDNzR1JNQ3QzZ0FkV2NsaGh6SnRXZnEwbG1FSzFYT0E?oc=5,"Wed, 28 Jan 2026 10:28:52 GMT",
2026-01-29T02:01:04,Google News Reuters,"Exclusive: China gives nod to ByteDance, Alibaba and Tencent to buy Nvidia's H200 chips - sources - Reuters",https://news.google.com/rss/articles/CBMixgFBVV95cUxQeGZWV3pRRDlNMGl5UGI2bFNDSGFjYzJ5TlVteGJWSzJpTHdlaE4yWDFTQVBKc1dDMHA4WFNPUzVwSHJQb1E4OGI3ZnZrc2ZMbzEzcG1rdlItcFZjWGMwVVZQWmJ2ZjhTQmdQczlBY2xWeFU5RVFENHpOUzFFX2RKV3VqZGNxTDhqVWhjT2kxVUF0WHZ5NmJRUHlkVElDR1BrTnN1aXY0WDItUWxxLUZZbk4xN1ByaEtwY2dVbHRrRmlUUmd3WlE?oc=5,"Wed, 28 Jan 2026 08:46:26 GMT",
2026-01-29T02:01:04,Google News Reuters,Puma's long slide: the rise and fall of a German sports icon - Reuters,https://news.google.com/rss/articles/CBMimAFBVV95cUxOM3VweTY1bVZFdmptLW91dlQ2WE0tbXpVRjVXYzFmRGxxdDJnVWFoZmQwS0twLTZ2aWw4QzBPcmNtTW1XOEpJM1pXNnpLeFFJb2hVdlN1M0RBTncxYml6QU5NQkRxVlh3bE5Fcm9BY19aUjZCbjFXZTFsZGF6Y2phQ0ZzWDh6bnpvaWVrckFjWGpZaHE0UGJMZA?oc=5,"Wed, 28 Jan 2026 08:00:26 GMT",
2026-01-29T02:01:04,Google News Reuters,"Fire hits luxury hotel in French Alps, no injuries but scores evacuated - Reuters",https://news.google.com/rss/articles/CBMimAFBVV95cUxONl9ZcGQyWHFIbnJvMFlLM2tHNnVTZlk1cGZjczRWbWJYaVlCV3VmODZJcS1JRFIwVW82UVBQVXYwNWh5V0FSQjk5S09PQlFyQncwcWYxbTRGOWdORlliaVhXYVk3elJyTTB6VVVoUldqbUNMMEN3Mk01N1JVbmFYcExuUmcwUlMyLWhEZzEydGl6aFAtSVdQdQ?oc=5,"Wed, 28 Jan 2026 18:19:04 GMT",
2026-01-29T02:01:04,Google News Reuters,"India considers tighter mining auction rules to deter laggards, sources say - Reuters",https://news.google.com/rss/articles/CBMiuwFBVV95cUxQLWZ2SU9oazBiUTh2cWs0SzVVUy15aGoyNjlkZ2dPeDc3cVItT1hYQWxXRHlyeU9WbkFHbFdpbk1lWlk0RHdyZm05aUdHUVVIUV9TTV9NSUROOWtGa0F1MXIzZGZ1S1ltcldLNU5kNkJyVHJ1M0xvZjl4OGZXUV9SSjFjYTJndzgxT2R4Tzl3ZS1yUkZSVmJkVGJGRDdzYTU3ZVpGck1iMzdwUTZCNVY4MHZUQVYxM21BU2xF?oc=5,"Wed, 28 Jan 2026 06:45:55 GMT",
2026-01-29T02:01:04,Google News Reuters,Ecuador says ICE agent tried to enter consulate in Minneapolis - Reuters,https://news.google.com/rss/articles/CBMiqwFBVV95cUxOY2Q3QkFLeGNjdVJHWXpTV21SamUtMTZrOW1QdS1hRmY3ZEpKaUtfUVc2ai1KRnl0MTJsWTR6WG1PNWNUV09MVUpQdGFLS2FYNDQ3MkdPd3lfUy1OSjlBdWQ4bUliR1ZHVTFWVHptM25BNXA0Z2JCdnlQTi13eG1hQzBRdVpSbTRUYjI4V0VrM2JNdkt5S0xGdVREUkFQZEp0TjY2bmhFQmpWTDA?oc=5,"Wed, 28 Jan 2026 20:15:11 GMT",
2026-01-29T02:01:04,Google News Reuters,South Korea court jails former first lady for bribery - Reuters,https://news.google.com/rss/articles/CBMiswFBVV95cUxNMm9GLWUtNXVZUm5VSFZwMnRON0xzaUMyWFkxODlnaW05QnlZakRXanRMeF9xWHk3dTZfVjg1Y0tJRjkya09GMGxqa2NLZ010RU9FMVVzM2JuckMweHFiemV4cnVVaFVLWlFtRERDV3ZfMVBlbTZjNmdrdVB5N2pHaDU4X1UyeVNIYzF6LVV3aHZlQTZnbE5aSXc5cnhpdlRjTzJ6ZEt3VlhrZVdGTElBZTl5MA?oc=5,"Wed, 28 Jan 2026 11:18:17 GMT",
2026-01-29T02:01:04,Google News Reuters,"Gold nears $5,400/oz, rally gains momentum as uncertainties mount - Reuters",https://news.google.com/rss/articles/CBMiwAFBVV95cUxNbk1WRzhYU0QtQnBKNkdHZ0hzYWt5VENBaDNtR2NzLUZkTlQzb2tnMHIzSDEtbGZpOE9DT095T25HRVlwZDJwMTlyMjJpWThCUEhfeDA1M24xYmtsaXk5NkVGdjAwSi1Ock5pWU4yOXc1MHN1Z1Q1Z0JERkRhQkYwZVVXLTdIX2l6VWEtVElQeWxIU183c3VhTWF5aWFTY0pJYmxzYW9jcGxaVzV2NzlIczdHQjJiZDBJUE10VGpCWXE?oc=5,"Wed, 28 Jan 2026 21:41:57 GMT",
2026-01-29T02:01:04,Google News Reuters,"C3.AI in talks to merge with software company Automation Anywhere, The Information reports - Reuters",https://news.google.com/rss/articles/CBMitAFBVV95cUxPOUlydFFnLVlCeE5TYWQwZUl1SGpFckx6QWlKeTNrZVpreDhNZVpPY0M4U0xDYjlCay1ibFRRb3ZHOHdMX3NMOWE3RFNIcHR2a0FqNkhLNVlXQUprUG5yNldBTVk4eTE5UDd0ZXUxWkt5RkFYWFdWaExtQ1U2VDBmZXA3VHhYVm04TmVudElBeTRpX3QyemxZdjd5dHdUc0ZDVXhZWnRpczY0cl9HaHdoX3BHM28?oc=5,"Wed, 28 Jan 2026 06:04:00 GMT",
2026-01-29T02:01:04,Google News Reuters,Dollar rebounds as Fed holds rates steady - Reuters,https://news.google.com/rss/articles/CBMipwFBVV95cUxQTDNLM0VRX002dDIybURyQllSVXh3OTQyVk1BeUZDaVNNa3htaDlkeGI3czYyTGE4UUg0eTJpQTFfN1MtRnY0eUxxbl9WNl9POXdUS19wZjlJcENhMnZNcThKbDRVcE5UZ0xuNHE2eTlNVFJMVGliWGdqVDlBbGtfTXpoWjNWU0dTWjFKSkhRbHljbmJvSzI0YUx6QmZYeWlfS3l5Nks0Zw?oc=5,"Wed, 28 Jan 2026 19:55:28 GMT",
2026-01-29T02:01:04,Google News Reuters,"Man sprays US lawmaker Ilhan Omar with liquid, disrupting Minnesota event - Reuters",https://news.google.com/rss/articles/CBMiqwFBVV95cUxPQVdHa0ExSUtvVkd0eks5S2xpOUxmMXJoQ09Kd1Y3bUtlOUJLbGhia2lqZUUtV0VhUkFhNmtUaEdXdGkyRWlsVWlKdENrRk9NcEg5QXpTTExuMFFiVUd0cGdXUURCcGJoYm5HODU1LU5IOG1uMThKY1g3cnIzVUF0UklCSkpfalFXRGZBeG5zRGVWdTc3QXBPVjNmV3hsejJBUk95cTg3ZzdNV2c?oc=5,"Wed, 28 Jan 2026 16:45:14 GMT",
2026-01-29T02:01:04,Google News Reuters,"OpenAI's Altman, Apple's Cook become latest CEOs to criticize ICE after Minneapolis killing - Reuters",https://news.google.com/rss/articles/CBMiugFBVV95cUxPVExqMGxrR3lTN0ZDS0pramp0VlB4N0xIUE5Rd0JOS0dMRkwyVjNycjhmWnhiTGNYX1FlaFNsRHQxMWI4NUhjLUZTWFNWNW9JQUY0RXJFeGZJMzVudTMtSldsZUZnb01JbmJOVWo4NzVkM1k5MjF6RGpzRmFhZG9BVnpoY0tabjIwQ1JqRXR6VVB3MFdLcFd1Ql8xQU9PRWpCVlIydzVhX2UxQzNHMlNpUlU4UmcxQ3NuQ1E?oc=5,"Wed, 28 Jan 2026 03:42:00 GMT",
2026-01-29T02:01:04,Google News Reuters,Amazon bungles Wednesday layoff plan with misfired internal email - Reuters,https://news.google.com/rss/articles/CBMiwgFBVV95cUxOZzhYdW1DbGwwV3oyZ0kxalFmRXZnbmlaMGZuanFGQXowaVNPUXlCdEhpdUprUlpIcjQ3ZExGRXpLWXhqRUlTVGo5aGkyUHp5c2djb0hCZU1vT3hqRHZZR1ptX3owMy1rYzJaUlF1MUM2WDdBU0tyRjh2SWliTE82dkF1bjhoQWNZdmI2UVNMaWllYV9PQjVheVRUck15WUQyYUxMREd0LXFteGVMQW5XZmxncnZmSHlYb0U3bUFBWnZPQQ?oc=5,"Wed, 28 Jan 2026 10:57:16 GMT",
2026-01-29T02:01:04,Google News Reuters,"Indian shares rise on EU deal; defence, infrastructure stocks gain ahead of budget - Reuters",https://news.google.com/rss/articles/CBMiwAFBVV95cUxQRVlEai1FbHNEUnYtSHRuWDRiamxTM095SDB2OXhQYWVVWnc5cE1Ud0h3Si1WZ3lqdzZTUXB6SmszNkxTQW9XaThwTzZOQzBYTnA3bnJoZkd4SW1pWm40ZXBhWExpVmpBbUFncjd4aGRGOEtnWlM3bUE5S3NPQlNQOTVKS2J5cFNXeFJxbVV2c1JjdUNZQzFBdjB0NWlUclNValhBTkQ3alFOWUthMmttZE5CSWpxbWRsSU8xdnN4Qy0?oc=5,"Wed, 28 Jan 2026 10:18:58 GMT",
2026-01-29T02:01:04,Google News Reuters,"Oil prices hover around four-month high, buoyed by Iran concerns, weak dollar - Reuters",https://news.google.com/rss/articles/CBMisgFBVV95cUxPQkJQM0FPMnBXT0ZPMHNvV0lqcWFveGw3UHFNc2JfSzFpZEc4TzVtUnpkZnl1RHg4LThLRnJrb01HSEh3WnBMSGtYQ25YcTlXMFR6eExVelp1Vi0wNmgwYUJ1T08zUjlDenZPQkdHaWtnXzJBWGR2MVpnSjBVbkY3bk5fX3lPcm90RzlrQlBtY1VKaVRkMmYzMEVxU0NVOXpZNzBXQmtvbmtGdWtiZUZjTWx3?oc=5,"Wed, 28 Jan 2026 20:07:19 GMT",
2026-01-29T02:01:04,Google News Reuters,"Gold vaults past $5,200 to record high - Reuters",https://news.google.com/rss/articles/CBMihAFBVV95cUxNR0RxYms2WV9jODE2cWtBcXZwUU1GZ3huUlF4Y3dQWVlLbDZOUE52cmFtNXRkUmk1c0luNk80ZXJqSVNES1JKb3RybjFtd3FqNVVQOGxBdEI5V0IzNDViSnRQa1BQZXRxLWhkYjFaM2lMSDFyNnZmUzBjVjdoV1J4aUNyRk4?oc=5,"Wed, 28 Jan 2026 01:40:35 GMT",
2026-01-29T02:01:04,Google News Reuters,"Exclusive: EU, Vietnam to agree to boost work on minerals, chips, ""trusted"" 5G, draft document says - Reuters",https://news.google.com/rss/articles/CBMixwFBVV95cUxPLURkOVdBSHZVUXBRRUpsdEhJajdrSXNtbmNwb0NQaU53UmIwMG51bWhhTDFHdGpqQ3I1MFdZWGpFLTJLdm9oMXY3bU9YTXBtVFVzSlBjOUF2VDhBX2g4OGNKekMtdVJ2ZlZjMEZHQ2RMUWg3eG5JbnpBaFBfYjZGNXBGSUVkREVRa05JVnlGS2FIS29LQ1RJRHdHaHFtNS0tdGx3NEJMR1l4SGtPTHN1OFRkUTRkU1RWYjhDT0M0bjFVTlpkbjJz?oc=5,"Wed, 28 Jan 2026 07:16:00 GMT",
2026-01-29T02:01:04,Google News Reuters,Putin hosts Syria's Sharaa with Russia's military presence high on the agenda - Reuters,https://news.google.com/rss/articles/CBMiywFBVV95cUxNQnphY1NVLXhyZzdoVUhlM0F1aUs3RWc3OFhHUC1tS1lKanFWNDMxeDVvVlYtbzN2d2YzSGxwNXpQYkl2bDhZSkZDMXduUVJsT1BQcGZPSml3ZmZnek9TMVZUa1Q0X0pzZ29oVjNRUTlhNnRYVnJDZ2s4a3ZUY09aOUpZRzhBcktBZTAtbnotbVM3SkgyT1lDSWduWWhSdVlGemNra3FaUXFFNmpsQjR0OFpkenBVdkNwU0huMGtOYVlyLUJtc01iY19Mcw?oc=5,"Wed, 28 Jan 2026 14:52:36 GMT",
2026-01-29T02:01:04,Google News Reuters,Trump says 'we'll work something out with South Korea' after tariff threat - Reuters,https://news.google.com/rss/articles/CBMixAFBVV95cUxPeC10cGZUNGFNSGhlLWFfd1NHQl9SeTVxZ3hDZ2JLSmNfcUtuZHlaUVd3cjJzTzYzUUFvazFuVWRrNHlSV2tNdVZ4UDdkeFU5eWlqWHYtUmVfV2thVDZLaFMtbUJZQm1NUUJNQlJKWDM5eW9ST2EtR3B1czY3aHNtbzVLXzBYZWdqQnpnUzBaVEFna3JSa1dtaDZ2cFU0OWRkdW51N2U0OVliSHZxZ2FONUdUMXQwc1pIbVpBeTRraVItSHZO?oc=5,"Wed, 28 Jan 2026 10:09:07 GMT",
2026-01-29T02:01:04,Google News Reuters,"Stocks edge higher, dollar pares some gains after Fed keeps rates steady - Reuters",https://news.google.com/rss/articles/CBMie0FVX3lxTE5iaW1zVmRFeDBJQmpYNWJtaEx3ZHNoYS1vdUszeVBKUWNCYmFTaGlUcjF4dXhtS2h5aUdHZTZtR3FVa1N0OEpLSE5DbHRsc0E0R2xnMVRwVjNYeGV3Q2ZIdzVVOUxSRm1rOHZiOUJMdmJPYWpFaXJTRzVBUQ?oc=5,"Wed, 28 Jan 2026 21:36:15 GMT",
2026-01-29T02:01:04,Google News Reuters,"SoftBank in talks to invest up to $30 billion more in OpenAI, source says - Reuters",https://news.google.com/rss/articles/CBMiugFBVV95cUxQc01UNENNWlRnaERWclVQQWFQSExVVVppdG9YQUpPR2pBaFhWalpLb3pFY0czMkFSNDgxbDBwcHFQRkNXZ1A4WWhBQVFiZWVEa1NicmxQMzZZZlhzRnNPcHNVMlZkck90SnhYVWNFSXhvcUQtOVBLZUFmMDljTWhWTFUxZmN6WktyOEpoUXI0NF9qSFFseURoQ2tJdTQxM2tyQkpVSlpLelYzQVVqWkdTN0NVSjgxT0RnV2c?oc=5,"Wed, 28 Jan 2026 07:22:00 GMT",
2026-01-29T02:01:04,Google News Reuters,Exclusive: US intelligence raises doubts about Venezuela leader's cooperation - Reuters,https://news.google.com/rss/articles/CBMiswFBVV95cUxNVTJUY2VHM3ZYYkh2akd5OUtfLWhsb3FwWmdrN3Z2ekhFWUdZdmV4dHowS25UUzJramxHQThHX3FGcVBNUzRUMTlTUFpNRDZMMmM3eW02R2NxRjllQ2NPdnVtRUhHWWJneUpWRFNSR2xUNXlFeFBxMlZTdzZySTNnNnhRdU8zcDlsNG1nZkZNOURNRVY3VlYyMHVsMjdOXzNaWGh3WW5nR1lydmFHWWFQNW42UQ?oc=5,"Wed, 28 Jan 2026 22:06:06 GMT",
2026-01-29T02:01:04,Google News Reuters,"After toppling Hasina, young Bangladeshis turn back to old guard - Reuters",https://news.google.com/rss/articles/CBMitgFBVV95cUxOeFk5Zjg4S1FqRENqN2FhbjRTMWxQY2FpRHZ4czBEOU5oYXl6STdiU2FmbEh3NXI1OU9KVDFhWVNmLUdkYS1tWmFFczVLQm10eXh6YWNkTnVpS0s0WndTNGtXUXFOZ3hfYVZNOGZVZndZemJQd2F4VHNDRngyUVBJRGYtWXR2R3JzSjRUaVQ0bmt2U1pQeXBUT0xCVUhXMFRESUtXR3pBM0JNWkg1SjlsNkwxSWN5dw?oc=5,"Wed, 28 Jan 2026 01:05:00 GMT",
2026-01-29T02:01:05,Google News WSJ,Microsoft’s Earnings Surge Is Overshadowed by Data-Center Spending - The Wall Street Journal,https://news.google.com/rss/articles/CBMimANBVV95cUxPUWZTNXZRM0JlTGpwWnZMb2hCWEhxRk5BNkJDRWFLbWN6RzBHZ2hsOXU0RUhJdkRuUDYtVk80clJIaExfMW11VXEwYkY4NVV2aHJTSWNhd241d1lrRVVQcUkzWXhPdkFWQ0premJOVmdHeExoMzZXWTNpUjVNOVN5N2Z5Y3BMMnlsQ0E0cXBzN3F2SDFPWUxQTURkanZfQTFpYVZyWTlZTzAzb2llY0prV0hva0FWMHpXbzFObmg4YlZ1VkdMWXVDbU1FcmhtNzhKOEdsWnVaUWRNWGJqQnQ5TU9WT1h2Y0xfRGdrYWkzOGpIOFp4V2l4a1JpcnBhSVpURHJ0cUROTlpBZ0l1ODJpbmMwZFZ1YUV4VXItMVZ1b1praFl1UExhYl9peWp0cFd6RXEzcW1CTjlsSnBFZU5aY0cwYkRoMUlVSFBzajhyc0p5WGo5eUs5T2h4QzVURlA2ajZFRVA2V25MWURJeVRsSU9UaDlQUlU4UjlCMlZMeXdQX0xZdEdkMmhTNnZzZ3ZVZ09udDhvZ2Y?oc=5,"Thu, 29 Jan 2026 00:28:00 GMT",
2026-01-29T02:01:05,Google News WSJ,Firms Strike Deal for $10 Billion Shipping-Ports Venture - The Wall Street Journal,https://news.google.com/rss/articles/CBMiqwNBVV95cUxOWTFqdXZjalA2ZXJhSjJhYjNOaS1oQXo5MzgyclpSLWV0U19SRmxILU1DYU1lWUh4eGhNUmZaUjg0azM3emxVeHRZSnhsWi0weklERHpOeGVBSmh5cy1MY2VVaUk4ajBwQ3MyM0NfZ3VsMHV1SDNHdFpkS2cxWFJKRXF5Sy1lLV9RN3JoRHBEWGhMb2czOU9sQ293NHNkeEhEVmM0SW53cVB1TkdmRWRjTEl0TWM0bDgwZXpuTFo2R3UyTXNCbzM2c1N5YURGRThJS0JxOWllbXFIVDhRb3JjQldpWmJnemdQVEEyZkczQTJjbkhnMmVRYzZ0RU9QUnN3anFOamR6V29rV05ySWY3UTAwRDVTZm04dWprZ2loQTBUQjNpSG5zZG5UMXhyT2pkTnlxNjJ3SzNDak5nR1NaZzVhNG4xU3JNQUhpUUdQYktVVlR1MWtPYy0yTl9PalpweFRCWGJfMEtSVUZyMFV4bXRuU21ZTFdCZzJTbEZOWDlTT2hxUF9NWl95dmRaU3FlbzR5Z1A2WW1JLXI3YTlYVUJnemVqbEprRFRJ?oc=5,"Wed, 28 Jan 2026 18:50:00 GMT",
2026-01-29T02:01:05,Google News WSJ,Xi Jinping Is Stripping Down His Military Command and Starting Over - The Wall Street Journal,https://news.google.com/rss/articles/CBMisgNBVV95cUxONF8ta0phUUpDV0VnRHNfbER4YTBQVzl6bWJwV1JmMjY3bGpDcWFIYkRrVHl1b0NfWktRSTJEX0VURGVOQlpjY0UyTEhrVGR5bHVNZkdZS1dxck1mRXFSRHpCM1F1V095SFJDVkhyVWdFRzBjTUNCTk11VWRCbnR5Q3JDb1dyZ3dabFJmbjV2bTlQdU1zLWU3WEtkb0xjZk9OQjZIRHFONWxTV0VaNFNTbmJadlBMd2ZtT3ctc19tSTVaUFZFeUhkSy13VEV4cWVFaU55TTlFNEJBbFJCM3F0VXVtUFhRSWpSeUQzc3Bqc1dNQ3pZV1RoMVQtbFo3QnZCejJMaXNxVjZQN0dWdmtRcS1VOV9qaFJOUFhvNG43LVU2SnZIV3lWTDE4MVZDMG1YYnNfS3ZrSU5QTkgtQzNXcThCRVh2WThtSTkyOFAxMTJJckswazZNQVpjTl93cmJJckJ3SEs0dzZrdlR6ZDczc1FRSEI4TTZfcmlpSGxGbGpkcUd2RTZsOWFORElHeG9LUnlJeVpaNW9iUGtWQnZsMnlBVmtETXdqZ1NxRndQTGQ4QQ?oc=5,"Wed, 28 Jan 2026 16:34:00 GMT",
2026-01-29T02:01:05,Google News WSJ,"Amazon to Lay Off Around 16,000 Corporate Employees - The Wall Street Journal",https://news.google.com/rss/articles/CBMikwNBVV95cUxON3ZyWEdLUnd0T2VfWlRDNndWVkRYWWlLN19yZDZ6cm1wQnZ4R1RESzBLc0c4UWRxQWN4RGZzc3lUeURvSU56NlVsM1hrYUZ0ckZHUi1zVEtsYzNDNWhseEM3S1otU3dIa2EwVUlERVdNQjZKU2pyb25qMDFBV192UXo3a0xQeXBNNmZERGVsMzlSTDVhNWltaGREc0tWaTcwWFVTZmFLWU1oMzQ0bWwtMUhVVUM5WUZZQkd6RTdET2RjQ3lLVzRmelBKMTVJekpIS2lCOTl5R0RLWGg3ZUVXUWRLVE9XdW9MQkhIV3MzYVJiRjdEQnhlakNib1Y0STJ2UmVvc1JwV3pWN1p3NWJfdlRVa2NHZjhOQW1PNml0Z1B3ZGlVN2gxb1FvUzBEblN0YkxQNjJNYWdOSnFBSVJNUlhrR0ctMDB3NExycTNPRzZ0VVlmcV84ZmQydDF3NnBHMExoNnRCc2RuQTlYcW5BYWFxZms5MzNzbFpCNmZkakV1WnZxZU9udkN6ZjVYYVowMmY4?oc=5,"Wed, 28 Jan 2026 11:25:00 GMT",
2026-01-29T02:01:05,Google News WSJ,"Tesla to Invest $2 Billion in Elon Musk’s xAI, Cancel Two EV Models - The Wall Street Journal",https://news.google.com/rss/articles/CBMiigNBVV95cUxNTGpIcWN6cEN5UFJVSENhV2ZpZTNQb1BCS3AyX3dna0hHbGZEajN1c3l2UmxvUVZHVWE5TUx0WW9tRGFENlRQSkJ5cTg5ZmJ4eldYZmgzUlhGcEhCel9ST1BhYm9VRU0xYmxET2RucWpHc0xNQUtUVUpzX2U3SVVmNWpKWnNuZm1PRFZ1S3ZjMTlFLXVpZ0Q5ZVc5Q2FMdEFBeUF6UElrQ0lUcFhOcjdIODhidHJDUFkyMGNncFRZeTVHOGwzQU0ydUM2cGhkcWRMQXBoVTQ4VDFoZERURmZrZnNQeWZmekxnOXdncEpodFNMdjZ4eE00WU4wdlNWd2VJcEg1YVZ3RFIwZDFlUVJMbVNtOXdRT2FhUzFfdFEzMUtocHZRUGVDMy1LcHFPY1RZbWZXWGQyMC1JUFlGdW9aLXZNZjc4elYxLWhJazFjUmx1cURicUxsbDJmV3NiS2tlYVZWZTBMM1plLUZGRVhyc0daaHdKVjFqelRqTlQwZnUyb3dvN1pJZHN3?oc=5,"Wed, 28 Jan 2026 23:18:00 GMT",
2026-01-29T02:01:05,Google News WSJ,"China Approves Purchases of Nvidia’s H200 Chip, Easing Tension With U.S. - WSJ - The Wall Street Journal",https://news.google.com/rss/articles/CBMirwNBVV95cUxNYnBHWGNvTDl4aEZUcURyMUZnMWJQZVJ2andRT3BuZGptMWZTdjJyUWM2bDRpLXdFWFY2YVFpaUFyY09OU1FaelNhUDFqcjg1c3c3VmZyMmFHWWV2Q2VOUjhhd05JNy1JOC1wWXdPOU96ZFVaOVUyQUozUXRSbV9JQndUSWhkMUF3aHdSUXR5TjRyc2gyQkVxSFZtb3lUb1kxY3gweFlrQnR3azlCVDlvTDkzdTEwNkJtdFZ1RVgyOGFIaGlrZVFYV25mZ1hfVUN5UkJVblNhSndaTE1NN0xrZm9LcGNzTUo2blgwQVJQS1JfbEtCVTZOcUl6V2JmTVNSd2VXbzF3dk1KNVZ2aEhHY3hSaVM0OWdzSm13V1NOR0FmdjZrSDNCQy11Z19qUGx3SXNJdGN4cXVfekxXYmJxeXUtWEo1cTUzRWcwMG1yZmxOOFE5aEdhdU51STZLNjJMZ05URHFqM05LZmduNUtyVC00ZkV5VGdQNV9vU2JwS0k2U3RTLUs3MXVLeHJ4aW1xNXJuQ3F4VjY3eWVycm5fMnJGd3Y3VkV2bWUySmM2cw?oc=5,"Wed, 28 Jan 2026 07:59:00 GMT",
2026-01-29T02:01:05,Google News WSJ,The Two Big Decisions Facing Democrats Ahead of a Shutdown | WSJ Politics Newsletter for Jan. 28 - WSJ - The Wall Street Journal,https://news.google.com/rss/articles/CBMiqwNBVV95cUxQLW5CZXlyaEdxOG94VHk5RnpackdwZUdJWVFWMEV0UEJCVlZIdXVHSV9GODIyeUdlTDRWSE5raVFYSnRKQmpGdGY1aDNIay1wZk1tYzluVE9TdjRBbHFXempFRkkyUUN3aE5jVlh4aDMyY09lVmk5T1VYako1UWtsTGVXaEZZVllJMTZWcTNnTXUzdE80Qk9MWDVpZEdPM083V2Y4LVVwU0Itcm9iY1l3WHRKMXppSFh5VDdmNDdlaFRiNWNWc0tpUUdRUFZHdlczTjNIVzIwMmVacUJmUy1saXktWEYzeE1yaDdlQnYzU3FMSU94SW9XNVVNSTJXdS1kZzBQRV9ycWFBYzNUS19hQUVXMmNDb18tV3VBbmxwNzFsRjY4Q1ZZZF9SN1paa1c3Y1ExRTQ5TFBuRmg3REZ5SC05Vlk1eEdGMXNGdXM3RDZvX0NieFVVTUJOLTJGRVNtNlYydkJxSU5OaFp3bzN0ampFQ1loSFFBejhBYVVXU0NfX0hsRVEzaURZS2xtYmlkcUJPVGM2TF9hX1c5Ni1YVG55THVoVkZ6bjQw?oc=5,"Wed, 28 Jan 2026 12:01:00 GMT",
2026-01-29T02:01:05,Google News WSJ,Southwest Forecasts Profit Surge as Assigned-Seating Flights Take Off - The Wall Street Journal,https://news.google.com/rss/articles/CBMivANBVV95cUxNVzdYcTdxUVFxZkVZMlRGOVYtZC1NT0JZeG53RUNrNFFsRS0zSmVLWVR4REc0a0IzM0tVZ3lkTDRYQ0ZrdlluakFqUHlwWXhRSHkxVGNFM2pvYXlVcTZEd21EZjVXb0diR1ZOSEpmMVFyWXJoVWVMbjMzY1RMRHJjMGw4Qm1sWXNoZU12VDVWdGlhenZINFlNWndPbl9jdHloNzlwU2NtMl9fYWd3RkU2WWpNMS00cE92dW5oLU5GUkU0dTVNbWZtcVpLUThEYlQzS3kzV3BrS3FWYlRFZS1ncWstSkIyZ2d3Y0p6T2djRXNEUDVEdy1faXZyOUc1MzN5Z1E0YzlWYnpBNVFhME5oeWRiTzFkeFo2TW4tOG4xdE1kb3dJRGF3N1d1LV9OYmRWOUhSY2I3a0NyRVBRZ3g3dHR2UUx6U09XNERJdGhXektybFZEV0UxRDUwQ1VZejJfWE1xdncxdFFzSUFYV1JidUFYaE5ZRFpuLWN2a1dIR3p1cFlVdnAtVEQtblUwX2ZsOXJ0QVhoU2hvOWNnR1FDd3JFTFdVdEZ6d3JIR2hiX21TUVpYUF9xb0l4T1Y?oc=5,"Wed, 28 Jan 2026 21:45:00 GMT",
2026-01-29T02:01:05,Google News WSJ,Chip-Machine Giant ASML Logs Record Orders as AI Spending Booms - The Wall Street Journal,https://news.google.com/rss/articles/CBMitgNBVV95cUxPYWJKTkFNQkI4ZjY4Z1AzaHBIY0x0ODU1TVNiUDEwbEp2X3ZaVERlN1JTSnhlUmZZNWRnSnBNWGMzeHJFQWNwNE5jV0lyWlk5OFZwN1I2N01zcU41S3RsZTFNNDJ1QldodktfSm56ck9CR0RsQWV3QUlYdmF1NHFjaUw3aGwzMWhqM2xVaTFWMUxOOVRlVDlJMEJTMGN4b2VTOU9XMGRuUGd2OEIzOUhOQ1FXU3Vocmd1dTNnWnZkdUNHZGxiVmhMVS15WFJhVnIzZ2FXd3hkWEdhSmNlcVFsaVhhWk54T050UHFyV1FOeFloY0JyWDRPWjlRODhETjk5RV8tNDJNaW1JaUNaT1hRb0ZCbTgwWGpfeXFYajNrZTdreUFwN3FCWVhhWFlQZVIxcmlUWWVUblhBc19VSHB5YWJQMkJYekhhUzhqQmZSOUpwQmxORkVBUW5UU3FZbUJ5ZU9iS3lGbkdLY1dYaFdFYTFYNWxXSFoyWUxzNHRlNGkyQVR6YlVOR3VkZzRtdVhFako4c0h4cUpsdlpnM0Q3ckpiMDN4TkhSQTVvY2ZaZFc4eG5GU1E?oc=5,"Wed, 28 Jan 2026 16:20:00 GMT",
2026-01-29T02:01:05,Google News WSJ,"AT&T Sales Rise on Higher Wireless, Consumer Revenue - The Wall Street Journal",https://news.google.com/rss/articles/CBMipANBVV95cUxPSjFlMkZ4Y3RNSDNRNXBiYVdMUUtuQ20yWDUweGVMNDEzazFHNEttXzQ4SWxCU21fRmZDcXIzckJhc0F2OHVhckdDUnZNQXNfdkNKay1OUGw0ZkxiQTI5QXJqbW5JZFJma0l5TmxPSEhTcmk4bTNPemI1ZnRmbFBjSG00ZTQxeWxSNGlmNlpFdjEyaEdXQWNvelA5dDRVakV0ZC1kNnYyYUlPdGJJTDJ1SVlMazVGejIycXFuZGpUWmpaYXlycmhhZTRQNlhPa3lfc09YLXFYR280aVA3LTlFM3AxNDVZVjBWNFZDdkRUZm00YU9SRjRSTU5JdGE0RFZUTHVGYUZzd1dLcm5lVnFsdjdiWWZRUVR5YWdQS1pmWmsxT25mOUhNV0E3NTV1cGhmZkVURWV3elBYQ3FiNXQ5S1RmVGRoRHRYdzUtNXNJWnVPQ2hmd2VrODl0UzJNU29RUEJ3Y3RFaVJiZUw4MzZ2YlpRaXN0WlJfcHh5bzNuMjVpTENVYjR2aGlaZGlOclNyMnM5aVV4MDRRcXd4VlkzSDF4NEo?oc=5,"Wed, 28 Jan 2026 13:24:00 GMT",
2026-01-29T02:01:05,Google News WSJ,VF Revenue Rises as North Face Offsets Vans Weakness - The Wall Street Journal,https://news.google.com/rss/articles/CBMiogNBVV95cUxNMWoxYU81aVUzYnRPU1k4NDQ5T3dWQUxsVFF0Q0Q5VU1uMHJZdzNhNTRkcVlBVlJzS0xFOVJIYWJhdUkxbFFfa05SczU0dDVwT0w1YlBYUUhRUFU3bHNScmdKd0xVRGwwRl85U1BUNE9Xa3NRckNtc2ItbXB5aXh2eVl0eDdWNEhFOFlCWmdjRWZGckM0dWtOLVZ2VDdNTWFIY28wV3FmX0hkM0U3YzZHQXdueHdHUFY3R1J5cXlYVGJxN0tMZ1hXWFZsNDVWcktodHh0eHFnb0NCWDdjQmI1Z25YYU5MOGMyZFl4SWxzQnE4aGlSM01aUDlUZEZqckNGWnZYenc3UkkyS0hGbU0ybTN3Y0twc2g4b2JSTURSSDQ0YmRtd0x2RFhQUUV4bmQ1NS1pdnFpMkh5cHpXdkkwTEJPUHIyR3NTZXdZWGdDU0RoZWZOWUxnWUtPbXpBTGF0LUZQSU5NdXZab3U4cFVMejZ4SXQ0and0UGFQaWdZNUc0dzhpVXNLUEpkcWJjQXVaREtXcWZZQ3lZa1dhZ1poYjNR?oc=5,"Wed, 28 Jan 2026 15:32:00 GMT",
2026-01-29T02:01:05,Google News WSJ,Print Edition | Wall Street Journal - The Wall Street Journal,https://news.google.com/rss/articles/CBMi5wJBVV95cUxNWXQ3MGl4X3otSGVMWkJYZ0lzTWNWcjA1RTZvQ0JBVjlIM01yT3VudkpsOGhaVjdaRmRCbEhUcXNPOW5TQ2EzSnFaRnZBelFneko3RW1QQWVpeE5DMC1FZXp4TmJJTFotNTFrOTk3S2MxTVkwMzdpbVZ0ZTRmTXpUUUZMMUNiWWkyXzQtS054ckNtTGxpdU1VbnY5ZzZ2SUwtMGxkMk8yTHFfRmNGaUx4MmVUU191UjY1dDNiZkpET1JIYklXVjMyN2FpZ1pHY3JrenF0MXlQaFRpamRmcndQNXlhdGJGSG1vaExKdDJZd0R1RENOaHQ5NTlkQ001dGFIa1F0M05sZUNWaExoYVZJdG41SkZsWnQ4ZkhJcHA1RDNLb1RxdEdUWEdqamY4cGxqSTNydDFwNmtTYWhvbUNhbjhNSWptQVBXZEtPaGg4WDFtY2J5MVlReGdBaS1Eb1BXdTVfdFdFRQ?oc=5,"Wed, 28 Jan 2026 12:50:26 GMT",
2026-01-29T02:01:05,Google News WSJ,Opinion | Midterms Are Dems’ to Lose—and They May - The Wall Street Journal,https://news.google.com/rss/articles/CBMihANBVV95cUxPOF9XUWVpNlJCSHd6cndQNVZqZW9DVzM1dmd6Y3Bob2ZtY05ZZUZvN2ViTElRZGhNcmhfSUo2SmpUMUpxemx1UjJQS0piOVgyTjZ2aGpKSkFadzhtUFh0ak9yTHJiSkV4Y0Ywd192WDlGaUY4eU52dlZiMEFZMFBIc1J2Ty1tWmhKOW9TZGgwS1pqME1YZHlJZzBvUlBaMTJKSDl5U3JDWE9XMkcyMEFOWjNHS3VIYU5BWDNDajdxb1I1bHdhTy15Y0pvTWk2eXRVZjA1N2liRHBQdFUwem1OTmJ2YUppOVd4bnpnNUE3VXhQTXFjQnNWV090cUZpVjJpMXVUVWNtNHBGZ0FhQW1teWZvQlhNUDFITi1NX2RXWTlFUG14dEZJWkU5ZTAxOWVsZ3NUZThxQktKejRhM1owVzE4M0N6c2M1WUpCN2pVRW1xVWh5dFFSNTZnM3pkbDQ4RE8tREQyVm5pZUE3LW5KZHZZTlZCZ0RHbU5TY0NCUjV2Smxf?oc=5,"Wed, 28 Jan 2026 22:08:00 GMT",
2026-01-29T02:01:05,Google News WSJ,"Spain Moves to Legalize Migrants, Defying Europe’s Anti-Immigration Trend - The Wall Street Journal",https://news.google.com/rss/articles/CBMiuANBVV95cUxNVzlzVG1WNzdoQjQwb1NUQWFXVEdtU1lnbElMaS1aWXVkc0pMNDRTNmdkSTM2RHgwTHh0TzRyX2QybV9vaC1QSW5saS1rSFFDZGwtdnZnbTEwVVU0UUVWYWF4aHBVdlN5ODZzZW5oVU5tM1hOb2VESnZVdzNBUEVLMHNlWnNsd1U3U0VRdVl2ZFhtSVV0WFM5M3FneEVjbENNdDFBdGpkc3FwM0czTWlkTFRCVG1YRkh4eXJTUWVMSEw1QWFkYkFOMng1UlBSYjFZOGpRUTc5U3otVXhtU3hUbllYbEZUVFF0SWZ0ZVZ6UTJnOVBvX0NnYmJHTEZGZE5OdXAxZnJKWXQ0VW1GVElPSktaUGVVbXRuaHVjTkZHRENNSUNDUnBBXzhzdEg2NUFPU1ZEZU5oTm1OVzBSdzA2OE81cE0tZlNocElaVGpaZ3FUOTl1eEQ5cDJab3ZSYWt5elp4QVZERUdYSHcwZnhoa00wUVhyREQ1cEtYOWFpSTI5M3FYNFhNaEhWX1U3X2JrcXZfLW1FUTF1bkxHNlNRSHI0blVhaEo2VlQ3aUZXaXJscUlTVEM4ZQ?oc=5,"Wed, 28 Jan 2026 16:54:00 GMT",
2026-01-29T02:01:05,Google News WSJ,Here’s What Happens When You Stop Taking Ozempic and Wegovy - WSJ - The Wall Street Journal,https://news.google.com/rss/articles/CBMilANBVV95cUxNU25EYmdMV3B6LUh5NVhZXzlVVkt4a1dWbTJVYXJ4cFpETXEwQmJiS0VWRXRRUXFsZjRVUnVKNVlYeDdrQXRSLUw5ZGk3bkZheHVPQnJXTjI4LTJES25xZ3U3RTZ1QkxmekJ1a0U1cXVIbm5yb1lzVTRSbTVCMkpvSzk5czdwaFVMRGxRUHZDNC1IVTBabUNsM2ZJY2lUbG9PY3RzZXQweGRUck5xOGNHTUNCb0NPUzAtSE9CNWpFcW56RDhGVVgyNVIycmxybURabXFHNkJHcjNlTXlfWUNmRE54YmRhR3NQSzBJMTZPRm1SaXNybXctbFFkdmZBalpIRWF4NHJzOGdTc09pb0k4Z080MklZZmdOZmhTZmpTblo0SWU2TWlfRWxLMllMc1c2Q0JESldsLTNVUVl1RzBYeURxMDlRQms3Si02N3hiQ3NZc0ZZNU1YT0FzQm5GbzVlQ2kxd2FLLVhwY1lJUHp4ZGlRNXkzdDVsQ0FkMDVSRXFralFzaWt0UE4telQ1YkRQWE9OcA?oc=5,"Wed, 28 Jan 2026 02:00:00 GMT",
2026-01-29T02:01:05,Google News WSJ,Exclusive | SoftBank in Talks to Invest Up to $30 Billion More in OpenAI - WSJ - The Wall Street Journal,https://news.google.com/rss/articles/CBMiogNBVV95cUxOZTh1b2pZaF90RnZIZzQyb0ZiYkpPRmhFNW5EdEJfc0dlbks0WVFpOGRuZ0E0Q3pxMmFYX1BXLVUyQXplXzhrYTBoOGY2UGdaXzhPb1hCUm5fUzMzdDcySy15eWI5dFhqVHd1UVMxVGVvUUxGVUpMSC1IRGxLaGM1bkUwSVg1Y3dhMkFkQk1WV0NXOWh5TWdEOElqRTNMMnpRXzJNR2hENVlpTGhmQTAtcjl5cWE2QW8wZnY4WUNlWEgyZnZ3VTYzbERrS1hCZGlpb0RTNzhzcTk0WTlFVzdEc09YMUZ0SDN4eXVsTFRwWXJNVTFOSDdoWVNSbThQcHFBRDdlM0dfMXRkT1E5SFRERmRaRUNCWHlUajB3aVpZVFdaaGRNSkFWR0xjWFp4bHk0dGc0YkhTeUhwaFBJUEVMOGp1MzJaT2pHeWEydDJBNzJBV29ZZXZtcWJhUlNXQmc0RHpVcHBpZDhzbFpjSWtmTU54MXZUQ2VUOXN3VEctM0VNdEFVLUdBS295Q19FOVVJSUIxWk5JTi1YbWF1QktNOHJB?oc=5,"Wed, 28 Jan 2026 11:15:00 GMT",
2026-01-29T02:01:05,Google News WSJ,"Key Gulf Allies Say They Won’t Aid U.S. in an Iran Strike, Limiting Trump’s Options - WSJ - The Wall Street Journal",https://news.google.com/rss/articles/CBMiygNBVV95cUxQUVlYZmkxMWtTM3RSN2p3RVJtaHRtV3hQM2pxUHhJbDFQMlE1NE1uRWtPUnVLR0hQeWtlRGNZSzZGbTRDb0ZrcW9KMmdMeFJ6Tk9zWEdDaUZ0SHpQSGlOaUgyS1NNSHVQUm9lS2xjQnY0a2VNVXNWY0QyZzlHdlYxRVBPejUyZ2VoX2lKTlM1N3dMdF9CUTAtTXplR25PMEFRMDRGR1BlTmg2a01Yak1XWEZzOEJXbEhaMFNkeFo5NlRSdGEwZGNHQllrRkdCQlU4aF9YcHBqUHk1eWxMOWpkYmJTb1VLNzdKUXZoQTZBQ0NqdExsSFFSdF9VT3V6VDBpbVJQMkpiSjl0dHJ6NjlzRzR6OEU1dWhPVDF0d2hidmRua18wc2ttR0tlSm1pUTVTMDctVXJkSGlFUTBPLUFaemwyNkFqcFlKMTBrRGJmS3VrTWpVS3VfQVI5X1hfWXFVVHZzY3JBVm9hY05PV245d3FraXJ1OW5zSVFWRkw1bG1pZ2F2LWxMeWdmWGYxUjN5OWFfV1hHRDVQSXlCbFhRd1NKT3lWTG5XLTF2cmJuZ2pfeUNYZ3Fhemw1Ump2RWNHbF9TU1hyQ2s5Zw?oc=5,"Wed, 28 Jan 2026 13:14:00 GMT",
2026-01-29T02:01:05,Google News WSJ,Stock Market Today: Federal Reserve Holds Rates Steady; Nasdaq Edges Higher - The Wall Street Journal,https://news.google.com/rss/articles/CBMi_wJBVV95cUxNRG5rNGh1U3hoV05TUlhiN3B5UHFjUHRmWWZ6YWZQQm1CSl8tQnU0aFJSTkJYZjNNZF9UNFpyOTlYaWEyb1BockF1QnUxVENnb3pvVXN1cmdWWlY5bU53V0lEWmhPOFNsWWx5cHl6UTJvclhYbTdiZWFwRk1mLUdWVDZwOEhFeXI0bHdqZ25uRHYwRHVOMTlwWjVjUWprZmhab3VqLWlPeTNFTUEydGJ1SXFZd3Z0TUJmSnJXTDdydWV1QXkyVUUybFpCYkxZSGo2ZXpBaF9QeUlFcnhxSzZxaW5lX05TZXJIRXZKaEo5TW5UVmFlTE1mUmpMMTU5czNwYnNKRGZwbWhXcWUyeHFlVVNvM29LOTRsVFBiQnVVU1ZmVWtpWmhxVGlaTVdsaXNEcTdILWJzbkxMN010czIyRlo0dTFhQS04ZWprUlBhY0YyN2FrVW1lX1IwZ01kRUdhVFRid25USGxXZUVpYjBPR2l6Sm05Sjdqbk9CWUp1QQ?oc=5,"Wed, 28 Jan 2026 23:57:00 GMT",
2026-01-29T02:01:05,Google News WSJ,"Opinion | The EU-India Trade Deal Is Boring, and That’s a Good Thing - The Wall Street Journal",https://news.google.com/rss/articles/CBMingNBVV95cUxOWFpxR2w2b0Y3TU5mVGlwMlBjTnpsbnhhcFhjaUxlOGVqWExhcjZVdHEzTTNsVVN1VGhXMm9MRUR0blQ3NUJUOEEzZEFDal9IRXNtUWlXN0M1Q1BaTGdiNzdmME9kV0NwVEVUT2E2clBqckVkeEFQMFoxbDdtOVZUajhQaURfdlhFejJ3OGlBUV8zT1gxNWlhTTVlOFpMbUhNdFZXQ2xnU0UxOTZadXh4bUVPeUNnQ3dIeDBLUWVsclBOWXpfRDBWMEIxdTNFT2d4UjZLMEFzWUlJelFqdFlSMmdWUC1TWXZWVDhReWZMYzNlTnRNRzdjd0hoVEo2SVpzc3JJN1dWZl9fYVg3TXB1QTc4Q0JxTjd6NU1NeElBVEl4dm5yUnAxb0cySk5DM0lyVzdhZU1rTEh0bXBUYkhEVHNWYS1YNUdFSXBSWVpFanBsaEVwUXM0elZIa2k5QnRZZ1ozbDJ1ZmhFeVNna3BJRW9MU0wzM0JGN1JhTXdhdjdtelliZGphUWxBMWtpQWlYYUx1a295akhlbUxkcFE?oc=5,"Wed, 28 Jan 2026 19:28:00 GMT",
2026-01-29T02:01:05,Google News WSJ,MAGA Women Defy the Birth Dearth - The Wall Street Journal,https://news.google.com/rss/articles/CBMikwNBVV95cUxPaDlhMTltSGk5d1Jwcm44YWFBeHlxRkpVTl93SXhRdGVsYmtQRmNoTXpZWW1UWHdOR0JtYm1uMFBDS25PaVBlQzhtVGlrQkFNSWl6dWRwbExDaHRmQU5tWm15X1AteE9pb3k0M0Nwd0JFSlNMYmpnNFNOTHlvTGFTd2VoY3NQQ1diem5tQzB3U28tV3RTckRQaGtNOHdkR21mMGEyUWhJSktRcmUzTzl6ZEVaajh0SjZlTFpwOXNoUUMzTXcwVjNIVmJZYlM5UjhRbFJGQ2YwZE9GRWlPMWJEekRONXpFSmNJYVktOXBRUk5LMjBlMGJaZGN5SjdaVWpIQXdsaEdWczZnYVkzeUJKU3Z5VTlIMjBFX3RjMm1hM3NnLXdWelBoX09MQVlPR29OVHVhcS1XLURiblFNbVRrd2haQlZVX0QxUDk3cEZmYWtsdzBxMjVZOFBLalhCanlnX25HNkd3dDlUaS1NTlZneTZIU182cDEzTVFLYXE4aHhlRHFxOFNUMTZDT085M3NzT3d3?oc=5,"Wed, 28 Jan 2026 11:47:00 GMT",
2026-01-29T02:01:05,Google News WSJ,Deere to Open Two New U.S. Facilities - The Wall Street Journal,https://news.google.com/rss/articles/CBMihANBVV95cUxQUUE2Y2ZYTVAxSV9SNndLREQtUDhkVDNRWGV2dzFCcnR5aHRqOVN2VTNTMndZSFhFb0RJOFI1RHEwQ3R5bFJ3cFZfTDlJdDEwZVUybnBuNTdsbUo5QnVzR2FvRk5LR0hwTTZtVV92VEhCOF9EeFVoMklVS1dCaTcwMVRHejhSNUJncUpRTDZiTUhaQ0RTSW4wRkk2bUJmMDhBOTJCNnlnU3hJV0lMbkJQNERxUWx2d0NnUDlFb1B0TkJJTzlyWjlQWVd6V2lmODVRSmlsQ2JZSExMN3RsWVJBSGZud1VBdVl5cmxFZXFuUTBxUDlaMnExU0ZvVDBfaFVYcHJQM09ZaU1wQTNXVzVid2pPZ1hpdXA2TXVKWlpZM0pyWGZtTDVfaTdNZ3lreTNNcnlFTmV1dzBCVFlMQ1MzTEItTFg0d3hQX1ZqbV9Qb1BFMWhWaUpkWF9uNENlX3RjcVJyQkx2Z19JQVBZLXJ2RE9RUmVyUlNLcWJReUFva3ItY25q?oc=5,"Tue, 27 Jan 2026 23:35:00 GMT",
2026-01-29T02:01:05,Google News WSJ,Gold Has Biggest One Day Dollar Gain on Record - WSJ - The Wall Street Journal,https://news.google.com/rss/articles/CBMiwwNBVV95cUxPdWQ2RU85ZFd1ajV4eVFfakhkcGFoVFZlR2FFNUFhc3Mtc3RRVzY1ZUhvLV9ITVlvdm9NeDdORmhGUTgydnFGUU1CRkFvdi0ydFFBRXdXYnZWZUI3NnhMTlBjX3RycU1GLTRCeTg2RjlNRXhxRmtxUmE5TmVDc1FRdklzY2t3aHZPX2o3SnRGT2w5LUE5QVVyYlVGSUZLLTFFTVBMUExNamN3Y25IY1RidDZTQ1NKTlJ0WnpHZkJXRzl1R1JXMEJQdjhlbGxNX254czlaLUFPUzhPMVF3N2ZWa2t1QkZGS0RLa0tfNHJNc0kzaW0ydmJZX1pjQW1Wd2dHU1p1Y0RZUTg3ZXROOGh0OUdtNjR6bURremFsMGRFYWVaWEtSTks0ejdyUkp4YnUzM3NUMERTTXRxQm52bURoNUpiWVh1bm50NGtsU21BVDZuLWo0OEFleUh2WV82MUEwVEFfeUR6VU9KT2d4akNlVjN1NFY3QVEwckhKVVNQdGJZeFN3dUJBYkhSaHhhT3JhMTZHUHVTX2NQYXo5aDN5VXJ2NFZYY0k2T3NuZ1hXNk4tWHZ1NlIxTkNOLWY1VlUyeWdJ?oc=5,"Wed, 28 Jan 2026 19:00:00 GMT",
2026-01-29T02:01:05,Google News WSJ,Venezuelans Suddenly Have Hope for the Economy. Less So for Democracy. - The Wall Street Journal,https://news.google.com/rss/articles/CBMitwNBVV95cUxQRldYUU5XU19SaUJ3dFhZT2xNbkY3SzhlR2dOUXNaeGJRWUVxd2VQWUhrS1BHd1VwTmVPQjB6WjQwSGdJWnR3TzA1QVUzWWJTV0hYSUo3THZrcUdrU1p3RVplQ0tjSlRad1FvQjBIcVlMZkUxaHE4YWozQ3J4XzR6MWRNV01EWm1wc0lNdW5kNzV0b2JydVo0MnVSVWhvX1gxVDBtS0czQUxHQmlQZEVnU205c0tvWV9scEM4YUFxUWk5MllNV3ljX3BiYnh1bGE1X1dicUEwNzFQX1BNZkdrYTlUa01yVUdQVnNpeTEtQmhMNUg3UGgxNGluMmRpdzJBUFNrRmNXeUU5RnU5RlUyekszNThHRTNYLUJWSTU3NWNscHFoRjVQcm5aRHZaTHFYZGNjQktRdGR1QVRLN3lrMVNzR3VrRWdVWGxXeDNwSUxzVnBkM2dtWTc2cEFuOEdoVkpqRG9OQUE5SVFBR1BzRUVQUVlFY3cxSDRBN0ptbjk2SXRNNW5IUGpQcmk5OXA5WGhhazE3WUczWE9GdUlpc2lwMzBxaHJBN0RjaFVfdm9CZWNTVkdB?oc=5,"Wed, 28 Jan 2026 03:00:00 GMT",
2026-01-29T02:01:05,Google News WSJ,Senators Seek Last-Minute Deal on Immigration Enforcement - The Wall Street Journal,https://news.google.com/rss/articles/CBMiqgNBVV95cUxOSHJkakNtaEZIODF1aGd5cVZmNGYwVzNxZ3RGVks2Wkl4azFDSEJXeXZMMEdnRnNBanBScVZydE9vc0N6aVQ2Y0NfcmNJUHpKQ18wTHJUOTRMR1hQbVJueGpqLWZjWXZSbzdRam0zcEZ3VGFCOTNTcDhLakxDMU5hNTNpd0ozb2tQYjNvSHByN3ZoX3dscVpxd2syZldKb0h0Rkc1ekNVTTdWMGJ0YzU1cTJ3WUluOWx5UnZGS1c5Ym5YSFpDVHFVelU0OURDRDVuOXIwNHdEOW52eG9WaE50UlhTMzZpMmk2OXN4MnlBOXFHYVpiVHo0aUdrdW9Jb0JYX0VZTUx4U09BNmFjcjM1N0Uybk8xMm9mbVp1MHNwd2ltUDUwUm4zMzJSX3o5elpxQjVHSVg5TV9BdFBuVmRxWVpPTjhLMEhzN3FtTFpEX3JtcVZaTDFCY2Q5YWZSS3h5ZnRQdmVPbkdtTDZnZW9sNjg0QXVGdWV0SHFuV1lKRjNmVFZRY1N1QXRCb3pMalAxRzZFdnU0Vk5OQjdyaEl1TkRHQ0VHcTBLdGc?oc=5,"Wed, 28 Jan 2026 00:11:00 GMT",
2026-01-29T02:01:05,Google News WSJ,Exclusive | U.S. Warns Korea Against Targeting American Tech Firms Amid Trade Escalation - WSJ - The Wall Street Journal,https://news.google.com/rss/articles/CBMiuwNBVV95cUxOVWNGUHpRNlUwWmgyRi1zS25hUEJfSUQ3a1F6T3MyWmhVcmNEdEY2WmtUREZPUktxXzMwci1waWZkV3FjWk1COG9UaFpxbGNuaFVhekd4dFlJY0FQR3Y1b3I5QklJTFlyVkZBbERDOXNiWU9MZW5xeXN3V3p1bmQ2b0R5MWtXOXk0bkR3V2FnM0oyVjU0eTlDVkM1Tk5RQVlDcUdnRXgydzlhSHZ2cC1BRFZOanJLM1lCSTZzRUFiaGY4M0t3X25TR3JUUTJUU0NyUVpVZ2s4aldpVG8zWnNENzZfWVJVZmVfdi1KNlJ2LWVHekNEazhBU19tSzJQbTFFTk15XzUxSFFWbmJ3Z2EzdmpfaEp5N0xrTEZTUG1haUhNZWxlN21MTWItdDZoNi0xNkhOaEdtbG9nUGszRnROTlJSY24xUHIza3FfYnZnVFRqeXlKclhGUzl1ME9oaFloVG5OaUt4dmdYb0dTUlBOOXRIRFI5RG1fZkM3TW1tYlNUNHJTSnlmM3M2bWI0X0JCUWVISVVXbkNpbDZhWFh1WTdQalBRMHRjblBaSjktZ3lxMkpyUkpfaVNsMA?oc=5,"Tue, 27 Jan 2026 23:53:00 GMT",
2026-01-29T02:01:05,Google News WSJ,The Race Against the Clock to Fix a Power Grid Meltdown - WSJ - The Wall Street Journal,https://news.google.com/rss/articles/CBMitwNBVV95cUxPMThQWWFaTEtra0tzVm5CdnM2T3FFazRjbEhVRVVfSThveWw1R1NLNV9KdmpzNW9iVi05bmx1ZWNQNjVJOWJkZFJKZXd4dG1iQ01SR0tWYXFTZ1g4OXdpSExULUNEZWtyS1hXUEJVU3d0QW5iQWF4eWhSTDJSTEUybTFfUk1DWEpQU1FVbmU5Z2F1NVlRZTg2YmpWNGRBelk5YlJFVmoyTmZWZzFyQjdFdTRJcTQxU001bUFITkdPVTlKUnM2b011c01iQ2xFWFpTWXZReDhLVnIwWERiUnk2N3NtTWd2UnlpTzFUV2RaaF9YVUlTMG5IcjJlSWpQNHJ3TTUyb1BxWXRlaWFjalFHTGoyTm1GUWVsRU51U2xtamdyQnZ0dEhOMUpXQ1lpcUJSY2FWTFQxZjB6NUhxSmtIbGxpbGx1R0ZtRjI2aXN0VXk1empnMmd1RGFFQUl2dzRDbDJ5QkNFZk1UNm9MYzNadXREV0xSRnNEOFE1QmVfSFdONERzc2gxaW44QllvRzQyeS1mdjY5T0hpS3ZjRlU0OGw4eVJDa2pBSm1NaVVIUXc1Y3dlSnV3?oc=5,"Wed, 28 Jan 2026 06:45:49 GMT",
2026-01-29T02:01:05,Google News WSJ,Health Insurers in Shock After Medicare Holds Line on 2027 Payments - The Wall Street Journal,https://news.google.com/rss/articles/CBMizANBVV95cUxPYnRPNDl3dWZZb2g1M1c0dlAzb3lFblJsZ2EyMnR0S21wejk3SWZIckdJaUFSTHNPSTU5aGZhbmlLMG9tcDh6MmdYTU5aNnNFdzY4NlU3a2lSZDVjN21fcDQ5RTc1OWl1aTNHd0xFWkJnbGprSXFPQ25JUm1PWi1fR2V6Rm5SblVJSHd6TFRvMWZBOTZiWkJ6bUhna0hrTEtBWFREVDUtM3hFaHNzN3lPYm9zUWVEdHJzbVVoWFduSkdxLXN5aDFEM1BNNEtEYmlZX0g5THNWbnY5UkdYa0NYb09NRHVoWk1jNl9jRUxDVlF4S29tX3ZRbV9RMkkzT3RnNkxUNXZ6NDdyNjEwREtVTk5iMDBrb2pidkNKSWQ0OEhjRmdhd1dkVHoyTVpTOXE5Sm01UGV6WTBZVDZydnMtbEJhVEgyLU5ubnN2aVBWYmM4Sk9sT1d2ak52eDRtOXA3ZUJfaHk0YzUxM3JaQngyaUhnZUJNQUVnYlN3bFMxd1RzZkxMZ3Q4TWFEdUtrdHI2QnhHcGEyNVJ3SlJEank0cjE5dVozZlJ1NUVGd182MVJpMmJQUnZfcVgyRnVwY1R0cExqRFNkTm8wQXdK?oc=5,"Tue, 27 Jan 2026 22:33:00 GMT",
2026-01-29T02:01:05,Google News WSJ,Canada’s Carney Tells Trump ‘I Meant What I Said’ in Davos - WSJ - The Wall Street Journal,https://news.google.com/rss/articles/CBMiqANBVV95cUxNZ3NqQk5NSWt6djhSeFd2WUZLR2FqQVVjRWlFdmlRY09qZDViT3dtN2g0bTNBRDZkZFM5M3kyZWVPS0NBQ09RWmp6clluVk9kdV92QXRDaFhKemxEekxaUW1fbUl4dHhjZzVZeXdST0FKSG1WZG5pQm5nS3otY1oyUEFlVjFWZXdHV1B4S2FXeEpRVUZkczhvc2dXd0N6dXlzcVZoUWxraEh4YXQyZHpidV9JRjlLdXU4T1RfUEd0LW5MdGkyZ1BmaVdJLXJPenFJSmNaSmd2NDU2dW8zTlhmQzFwRFZrZmp4WTZoTkxMajMyTkNzY2o0U1dVaU1lV25hekl0WmdEUzRFeTRWRTdJT2xRN0UxdzlOazhYZ1Vta3Z0ajdBakNFVl96RDVnVFl1N2hVb3hFNTcwdGpYbFJycXNMNUlRX2NsdnNJVmtxMTZPbjBEUXQ4Q3MwSEZiRmc5WGJTbWsyX09CeEM1SE9obl9qSW03dEo5eVExcmxkUVRKYWxUemE5dkwyUHFaVTZQdjcyWWNRV0wxbU1YTGR3SWxJMEpleVJJ?oc=5,"Tue, 27 Jan 2026 20:22:00 GMT",
2026-01-29T02:01:05,Google News WSJ,Opinion | DHS’s Is Wrong on ‘Administrative Warrants’ - The Wall Street Journal,https://news.google.com/rss/articles/CBMiiANBVV95cUxNdlhfNFZvTzBsdHI4UFNNNS02Wm8yVWFCa1JScHA1ZVRkZ3RLbWVfTnBpZ1VVRjhEV1VobTBFWGJ1NzdBZDg0VXFpTTN5WVk1SExpY3RKN0F5emRzWHk4dURZVGU5dE11WEl1X2gzNy10OV9ZR3ZKSHJxZm1jck1FZngtaVlIanVEWHJzdXFqaEtMUVNSVmtvSkNnNWY4SWVFTE1LQkEyRlgxS19NSzdYR1F0U0F6aXZRekpPa05HZEo3cWpPSm9vSTBFV25YWWx5Uld3UFUwb1JuRUtkQzNsVTM0T2thMG9QY1VScDFwdE0zbXJXTUxPQTVmUVFfaFZrYWtaOUpUeHpHWjExbC0xdW90VzhKWi1Ka1hwOUVUYkZnRzNuOGxSX3ZocEhyWjZhaUtReFczSVNOSG0wcm1ZY2hvQ19JZUdJTlpGSEk1TXEzWHJ3bnVzWTR2UXpOaFJ6Y0ptY1VUVFN2eWR6Nk5zbVhmci03ZHBmVzIyaVUtZ2k0bDZmWmhEbQ?oc=5,"Tue, 27 Jan 2026 19:57:00 GMT",
2026-01-29T02:01:05,Google News WSJ,Opinion | The Answer to Trump’s Good Question About Interest Rates - The Wall Street Journal,https://news.google.com/rss/articles/CBMinANBVV95cUxNNUswRHo5dmtvSDRSeVpXakFqSkJ2MDhweFNJMk5mcnNlR0JrVGwxbEtoZjB0YUlZX1BhckxxWURJd0hNWllZc2phQXhzVWFNZEtlQmlDdDVKQVdDWVFXR0Q4ZGVHZU9yUTdDZFBfZXdnOFBfdFlYNUNvb2J3LTJsMDZxMDR4X2Vfc1BoUEdYZzlmNEhYY1F5c2lidzBFM2haVUlSOW00Unhqb3NrTmt1V05CVFI1WnJHZVVyTWNfZllGdER2VklOTUQ5MjlhNkxyR3pNWmVJYXJMTGdfVDN4X21kZDJNSW5YWVlzTVViZDJpNUFBdDNwWTFJMFRvRm95LW9GUUFNSU5YRjdwa25jOWJKMFpHdmpOa1RQazFHaXJ6WjlMOVNzZmk4NW5BVnVEbTA1SnhvVHFkOWVuam9pZW9TUkJzSXY4clRLb1RCX2VoTmVZZE91MnF0amxwWmhQVWZMNlh6WmpQb21HVVF6RHFwWUVBYTNkOFJjSVo5VlhVbFZGRnMyUTFxS0J1ZmJENXQySHdLTmVER0hu?oc=5,"Wed, 28 Jan 2026 23:48:07 GMT",
2026-01-29T02:01:05,Google News WSJ,"Exclusive | Canada’s Move to Import Cheap Chinese EVs Is ‘Slippery Slope,’ GM CEO Says - The Wall Street Journal",https://news.google.com/rss/articles/CBMiugNBVV95cUxNOHQxZDNRX0J0b3hpd0xYYURrbkhURW1yanFLZE9SUEhYVkxpRHZHcERTalRuaWJlMzdCSl9LOXhlUmQtZExNNUxUbTBKaFlJbGd6dTdHeGc5X2VQZTE0S0NLYkw4dVdhSjdBWTlyTkFWOUI3UlFTSVBES1ZUZWEyekNyRTlZbUtnR3JuSUtibzM0YlJYZlVFa09MTmc4U2xvQmNKR0dNckZocXFHcWIwSW1hR3M2bEpYNGtoSHRQWkExLVNFZ2VEcUw1ZXpiMW9YTzVMVXJWWVJIS0ZhNWVjUVpYLVY2eHFwSS1XNDZBeUxUZ0x1RjN6eThfUlI0R3J5VVJtNHVnYlJnMnY0RVJNYVRMTmJ3b2ptWXFMdk5OSHUydXhWMFRFTllWcXFseXdJTFMzbU9WOXdaSk45OXpITHRneHo1aU9RX21kQkpXTVpiYkRENVN3N1NEelQzZzVON01weTNDYWRaQmhNV2FrNTlYd2FrM3Rxd2ZQTGhGa2c0dU1kOE9Sblp5VkUzNm03cTE1ekpxX2Fud1lhRFBmY2JPZTR4SkVjV3FmUHE2bEdRTVB1Rk0wZEhR?oc=5,"Tue, 27 Jan 2026 22:02:00 GMT",
2026-01-29T02:01:05,Google News WSJ,Amazon to Shut Down All Amazon Go and Amazon Fresh Stores - The Wall Street Journal,https://news.google.com/rss/articles/CBMiqgNBVV95cUxQaDQ1Y3ZQT1lUN0NwWGdlTW41V1FaSnYxdGJseDg2N0NvVElLZHJSZjVsY2JhTXBVZE5XZ2Y3WXV5anNTaURnU2FiMGduS3pSMDNobWUzcUdMR3JVOEM0dU1VamRILTlINWhvTVVtZFpjVDczU1FMYkhYeGZYMWJJX1hLdGFfVDBGMFoxdUs0RG1laGI5ajRHR0Robkk0Tm1EQ2VoVXl4d2pNbFViZGUwNXlNR3hCVVFRYXd0NjBmd1p5SFNVYUtxT2NnNFZhS2Jfelpxd1BXdWUzUmVHUXRJM1BsS0R5V29oOUdVcWNxRWdZdUN5a19VbGZRNE84RWpOYzVaYXFVZXR1WTVhM2N3N2NLOHNBM3RYRDZBbmNSaWhmMmZfNDQ5MzRUcnBpYnBrdUJiQXhuV0c0R2FHTXFOaXI2UVJ2Q1RBc2E0c2p3c2F6dXJBTWExeE5TcDFJanU5elV1N1U2N0hPQkpMU1oyVzlRNHpWRUFjVVQ1MlV4alNHeVFxOW5KNng0aWhSc09rRUFVU1dGTW5MYjU0bmJzZVZOREZ6TXJBS1E?oc=5,"Tue, 27 Jan 2026 18:23:00 GMT",
2026-01-29T02:01:05,Google News WSJ,Work to Stop on $16 Billion Tunnel Project Unless Trump Restores Funding - The Wall Street Journal,https://news.google.com/rss/articles/CBMi-wJBVV95cUxNTWEwSm9fancwbzhjSE5nOEpYaFYxOXFveHNUUlZPTkVadGlGeVg1ZWNsOU54MEpJSUxhQ1lJS3ltZmdPSm0tbUhBM2hKWndnNzZ0YlcyQklyLXZKVjdzOC1zUWRRdVI3S043MUdHVm1IRS1vM0xHZ2VGdGpKczZNWFU5WmRtejk3RDlCNFYzcEpyOHBNakMzUUVSOWdxREtXR2NlTUVnNldwVWo5WkNCampqcUxvdTlrblZwcjgxUnVNTFAxUWxvcS1ZVEpXOUlZRV9nd0xLWjJBTmJ5T01XaXl0SkVEc09EeklPWUNua1Z1WXZySEtMd0RCeXRnei1FOU14SFBab2dIaG9fX0ZwTWpkQ3l1QkdCbDJldi1Ob2xEOVRvZERVTFVVdTJ6aU5TRGxIRmI1b1NEcWVfdVpuRXhSakNXV0F4Z1ZPNzJESU9rbnozUE9ySFV1TXdZV2tDNXR0VktDRjh1eS1OWmZKZENydDdOcUZ2U0VJ?oc=5,"Tue, 27 Jan 2026 21:28:00 GMT",
2026-01-29T02:01:05,Google News WSJ,Construction Companies See Promise in AI Agents - The Wall Street Journal,https://news.google.com/rss/articles/CBMikwNBVV95cUxQaHhuMHdPZGoybWN0VXI5UjZBQk12eXBoWjFkbDItRnJyMl8xalRXbVhCaTJ2MkhFbVd6bXRXRVBfSVA0cFk3WlQ4R0c1WjdJM2FIcV83VEsyWWVEdzlXSTBxeldyVWt0YjdGTm5mMHR1VjZzN0hyd0hGLVp6eG5zU2I4d3RrUG9aVWV2RDF2b0lHM0R3U182T0Qzci00VEVlZzlzWENxN2NKdkl0QVJzLW9hbmI4MHJHZHFEbTRIT3JUQmd4UFFleGlvVHZmME5rRDM0SkR1RGVVQWdCWmRsMlRGazVnRDYxbDFFVU9kY1loNldfOFlQMEs5eUJGYVRCMDA2V3loR2tIS3lsemRvaDNWc1N0REtiQ0NOcU83cEJVdW9nM1hNLUx2aXdkNGFjVUFINVJJTE1wNzZOYk5NRXhYRjBWMXd5djBaV2lHelFfUi1ncmYxS1JNZnRDV0xoV2lTY1BBejNjcDAtdWEtQU9jLXVNVzlSc2UwUDRFNDZZX0Z6TVpKS0o3RDdhc0lFR2l3?oc=5,"Tue, 27 Jan 2026 22:34:00 GMT",
2026-01-29T02:01:05,Google News WSJ,Trump Defends Noem as She Faces Bipartisan Calls to Step Down - The Wall Street Journal,https://news.google.com/rss/articles/CBMiiANBVV95cUxOQnlyQm1lM0FBb3ozRDdxdzZnb3NaT25LS3Zna1Vvd1E2SDRMTmQ3TDRhY1VaOHg3bnB2RXU1bldJcVNxMUVVTjY2NTFBX19nM3FPR0VMM1RjeVp1OE55MGw0RmRGejJ0UnY4UkxjSk9CWDlveG5FUTdHV0Nsa3lwSjZDOHhOTW1ySlNJV2JPdEhLTndtWC0xVXpULWxJZ2tkQWlnUFFkbmVSQlJXV2RCXzJOMjljLXRKZUU5QXpPclBjZUtGWjhkYUE3eWJ5TTBtd3V1UnVyMzlocFJjaXpfUDFCd1M3RGd0Qm5CbU1sZEJYZ1dhWkZUb0x5aV9JRzZqTmJyYzBUZG9mc1dpYV9ULVc4SkpadVZvRWQtZi1Zenh5WXVoSzZHVi1HbWpkb0JBZjNrc2U0WG11TGdOeU9WNHQ3b0VNLV8weU12elFINE5QbFN1bjBuT0J5TU9Damt0NFBtaS13MzA3YTJENFd4ZGV3M21VUmFEeTJHa3NicFJLNkN6aTZVMg?oc=5,"Wed, 28 Jan 2026 04:36:00 GMT",
2026-01-29T02:01:05,Google News WSJ,"The U.S. Government Doesn’t Fund Olympic Athletes. So One Man Is Paying Them $200,000 Each. - The Wall Street Journal",https://news.google.com/rss/articles/CBMi-wJBVV95cUxNNHpRYmtXeUVQekdNVWEwTm0xcTNyaURGR2RlZFBGZkxQVHhuTE9BSWQ0TjVObW1nS3N6VTVFZ0VWQTBaRkJWd0hINXpObER4MktRZU9JU3FXaURodzI5SzBvUFlldDBHT1MySXZDLUtBUEVzX1VrYUtMbzh2Q2J6eXVfYkNzYVdxcFh4eFVuWTVycXJHNk5uOGl0NHVObjBsUEQ2Y3g3dmp2dVNZQXJTRk9VN2NJX1lhSHJUREMyVkpQQzYxUF80Y09xbUE2UU5ZNW5qX2JLN3ltc0lQWGJEWmJmd1UtZkM3bVhHdk5iZWVfTF9oLWp2Z0VwV09ZR3dJT0IycE1iTUhzcUYwRk43Z2ZoOXNEZFQ0b05vN3pJR2hveUlKWVY4UHpEUWE5bnYyWTVfQU5LT2JEei1XUGZBXzJFYUJWS2VuSEw4Z0xrUndIZGNQM1RPOHhiUXl3ZUFTaHhXdThNck1zVGtxU2hoVFB6ZHRaT3FSMXhV?oc=5,"Tue, 27 Jan 2026 14:00:00 GMT",
2026-01-29T02:01:05,Google News WSJ,"Exclusive | Yale Will Go Tuition-Free for Families Making Up to $200,000 - WSJ - The Wall Street Journal",https://news.google.com/rss/articles/CBMiigNBVV95cUxPSlJKY0dJeXZmRHlYQmhZSkdFaU1HcFhSaGtNdlpOOWgyVVdKYWhxTko4SnJBcmdGUmllUktsSVRGcXEtZ3ZsSk81TXJNTjBiMDFEcmZ4S1pNREt1V0tlMkpHcXRrOXdETUh4dnY1aDdOWXNZQVFwT0lrZjNHTFpwdkZacG9OenF5cS1nb285ZTRDQ01fU1FMa0dqQy1PR1VaOHM5RGR2OVJCdjZHVjl5NF9lY09HSl9KTjJwMi1qZlNTcXNRTWV2M0dGVnRXa3MxQ1FFVXlnMTQ5UlpVLTVGRzYtX1lDbmJIRHg1eXpkc2lTQTdGZkQ5Y2U4MDhTLUxqcGJZdXAxMlpRT2JjRVU0MzVKc0ZSU0ZnUmJMN3JFZHpIMTdTcFFQX0ZCUWxXT0NYbmV0aXZGNThtWDRPanFsWV9xN0VDazZYQWlaak5EV0xTQndkOUFraVlQdE14SWt4NXFaY21LT0x5VUVjbGZlbE03bFNUaUM4ZmtKSzVpSVoxS096RGEycWV3?oc=5,"Tue, 27 Jan 2026 13:52:00 GMT",
2026-01-29T02:01:05,Google News WSJ,"U.S. Economy May Be Experiencing Step Up in Potential Growth, World Bank Says - WSJ - The Wall Street Journal",https://news.google.com/rss/articles/CBMitwNBVV95cUxOMF9hZWlYTWt4ZElXTEI2WkQ3M0dZb1V3SFkzLWZUU01VVWIzSUlTWGYtN001S3dqV2J3WUNpNnNCcm12OXhtZTR1Q096NG1WVzFTN0ZpcGZHWkVLR3JkVFNzQWQxX3BrWEJWdUk4VDdOcXY5NWF1MFVNWFEyV1JUUHhnbXNZdGtoUkdsaU5Hb2l3cl9EOWYySXhXZWFJVXJqZ2lkTTY5Y2N4ZWtUNFRMQmxnVXI2QnhaRWdhTF9XMzdXcWFMb2VDb0RydGVpUy1pZ1F5OEIyRHNjZ2xmNDEzNmFoN2p3OTd5M2pYdUR4aHNkbG5QeEw5bjRDaUVDNkc1aWlkSHdYSVRDWDR5bGtSTWptTVNFX3FmRGwwdHdhUGZyTVZIY1d2VWs4TmFaSGVyNXNONGdtVlBxRy1BSFFwUVJCUnowN1g5YWp1Wl9ES3B3NC1fU3pYTTJ1MVhqTXJEVFBMVWZrbWZ2MGhjSWM5c05uajNPUG9ocVJaam5qeVhwbGJyejBkZXl3RThUeV9pVHdJaUJHZ0xJS0loV01CUG51YXJDOExreTVoZmJkaHg4MG5vU25v?oc=5,"Tue, 27 Jan 2026 13:19:00 GMT",
2026-01-29T02:01:05,Google News WSJ,"These Billion-Dollar AI Startups Have No Products, No Revenue and Eager Investors - WSJ - The Wall Street Journal",https://news.google.com/rss/articles/CBMivgNBVV95cUxQOVVaZmItZDBaTVR3dGhKcWlPdWgzX0RYZklCRkp3TG9WWWlWXzlXcldWbG44RWtQa1dhYTF0RVpwOEFyblBSSUd6emFQT1JPc0dnbzh0b24zbV9LelF6aGl6bFk4WlFzMkFMZ205X1lNZ2pzaWxSQUl6N3M5S20yWDM3bnV1WldNTmRRNjUtRDRDUGlKaWlhbVRNM0Z1c2pkMWFiRVFZZzA0VHk2YzV0dlNnM21HVlljTU05U0gyQkZEXy1CVjhBMndoSENtRU1fcnJaZi1EOHl0Tmo1cE5XZzJBZnRxVmx5SlRncTFYUHhGd09WY0VBdWNsWWstdURGZTVNLUc1YTlGdDBpazZyUjVzV0JvQVBRZE83ZEZEVjBqLVdiM0hpVjlZN0FrdE9obndpRncwZ1AxR3Q5dF9DWW1VbEMyaFpVZE9zQ3B2ZzRuby05UGQ2bElldkNCZDNvMExKbnd2TnFLMFdfU2dVMDBqZTdWbkRmcWF6LUtpY1NqcE5uOExhZzAzQjFrRGp5bzRlQmNVMTFEdmlhbjA3cXpnNHZWTWd4UFc0amZ1MXpHNFFMQkpwbmxvT0ZTUQ?oc=5,"Wed, 28 Jan 2026 02:00:00 GMT",
2026-01-29T02:01:05,Google News WSJ,"UPS to Cut 30,000 Jobs This Year - The Wall Street Journal",https://news.google.com/rss/articles/CBMinANBVV95cUxOV2wzV202SEpXOXpucEdZa1phZXlsZDhpWVpQQl9GRHBudVpZNGlDa1lZNk1uYVhRTS12TENwOVF6TVJLQkZlVFpmWU9VSW1LNEdudkViQlI2TTN5TFUzN29vME9aQ1JBNmN5aXBaSzlRSHRkRDJ4V3ZZaVExRFozNHliSGwwUTRUTXJGY0Y5Rk9UMDhHNzBoVGZBLUpZLVIzM0lPV1RYelZJMkpmV1dOMWpEckFLcndkNmFpOHlhcFhocXYwZVV2aWF0aVlyeE85MEVhS1k2RTZOWFhVUFN3ZTF1aGd2d1FzN1ZPcElqVlFKcUxBeXIzSGMxODlMMlpWTFZ4ZU9xcjFYMkhURlFtb2NSOC1TMGY1N3JkdHU1cGZGMi1XWGctLW0tdXcwcTdKOTRraXdZMElzR0hmOW9xaHZjYzRHaU51MGRodXRTRkRBOVlYbEtDQTAtWTMyNzRiOHE2eXNXRW1vVDVBVXJPOHFkNXN5SVBUbll0eG5FOHB1clpCT1FnUmFNOTFlN1dFSTdteTVDV0ppMkFE?oc=5,"Tue, 27 Jan 2026 15:27:00 GMT",
2026-01-29T02:01:05,Google News WSJ,Fallout From Minnesota: Citizen-Watchdog Claims of ICE Retaliation - The Wall Street Journal,https://news.google.com/rss/articles/CBMiqgNBVV95cUxPRXFIUDhEdHg1dkl6SGY0RkRsRnhVLU0zR3MtOHQyWHp3eDBNaDNVSG9PUlQ3ME5XRDlJVmFwbDNURlFqcnNEUnljVzdTcmx4RUhlTHlBc3FzTUJCRjhpNFczR3ZZLVlNY0VKUmU3VU54RmV2eUt1SVpmRFA5VDhTd0p6WUVtV0ZranRXd1RpaUcyNWVlVGtTb1lYbWRZcmhZbXNycEV0NVZSdjFNVHpoNi04WkJlSkFWZ1EtZjlsa1JNdEx6SlZXQzgyRFVLV3BwVGJ2SWxpT1dDNEg0MllESEI0WmpNbFRFTV92WTZQdWdSNGRzZGZ1VXJkTS1NQkdfWTNJa2hTTEVwR0tYWkp6d0ExOEZBSGlpUWlBUmNnNnNlczhCY0VVNEFvU0swS2tXZlpLakZkelhGLTEyT3lBeExhRmV0MEVYV1NYRTJQNzhITzBvdXhrOF9zV2hwRHR0cXhxQWIzX0hpejhQOGdsbVlnM201UnhKWTZFNnk1bElLdFVEQ1VtTjBkY2NzWEVmWEhfN1B4QWo3X2pxbXdwVWtKb25UVkZtWHc?oc=5,"Tue, 27 Jan 2026 12:00:00 GMT",
2026-01-29T02:01:05,Google News WSJ,Kimberly-Clark Posts Higher Profit Ahead of Kenvue Vote - The Wall Street Journal,https://news.google.com/rss/articles/CBMiqgNBVV95cUxOYnlPbGxDaFJfYXFqQ1lwUmpMV3ZYb3paRHZLdFRmeUZBVEFGTVN3V2k1ZUhlMW1aeVQzSUluR3ZkMnMzd21fMXlfb09rcVpCVWNSd0RvRWZyZXlyLTl4cy1ma254UkJ3RXdValo0MWRMalp6VHRMRmpOUWZhSGJjc1NVVmNmTVNncHVjVDFvUG9wT1VRZ3dKMEJpYTQ1SUdCZTJPVUR5cjVQUTIwUC1NVVlXOUZpNmFBbDZYUklmNktGbVJHdF8tNjVPdnZ1TEViMTZiSU13OXZkZlI0SS1RMWItczAxOVVqbmVaV0pVeE5Uc3p3MUxLbGxWNkdWQ0NNYWpISjZqdzlHRkkxSEQ2UWVrSW00NWNaNnF0ZnpUSHF2M3ZMZHJ4dDJhVnVMM3dwbHp0OU9Hc1A3R05qX25PaWV0QlpZdWNnaU1zQkF6OU12UXJSNmpGa1JjczhsYlFOT3JPVzJzcEFsM2ZXUFBYTnJCZklkZURxbEZhZEpZU3h1NHVuVkQ2Z2huY205Wmg0ZkxGZmNyeWlLc3FFNlE4a0xHUjZlV1VYQXc?oc=5,"Tue, 27 Jan 2026 18:51:00 GMT",
2026-01-29T02:01:05,Google News WSJ,"Fed Set to Pause Rate Cuts, With No Clear Path to Resuming - The Wall Street Journal",https://news.google.com/rss/articles/CBMitANBVV95cUxQWnRmTDBGb0pXTFhYRFhXdThQcE8yaHJWZFBiQm1Xb2xlUE10UzhGX250U3RJcXVtNExaSldXZXAxZmg3eEVET19ObWx1NHp1MWJYMlVHcWhTRzhfUmt3ZkFSYWsxOVZGT1NrZm0tVDJzOFltdHlyMkktMWh2UkZSazBaVDN6YWVINHdMZGRFN3VNaWtHek1nNUoyaXpRcVJnSVJwcWQwdUdFaV81SEZCRlpubFZxNjRrVDlxUU1qTzlZNDdnOHpvdGFnRENPTmJqODZ4TUxBc2VBTnpVcGpldll2emxFdHNreFVPTFJWdFY1WGFNdUpsZXNnOUE2N25WMkNSR0hxbGN1eGVfdU92b0NCM3pQbXBqWnp5dmZrNTR1aVJvTlpqSEh2bXdMOFljZTFleW5pZ0tVaTdsOWpYWEpUaVA3QTBTc25ub3NLbFJfWGJVYVlGRGxZZE9iSDVXelZCbVZ3RXM5cWprajdRS2Y1Z29UT3hFel9TV3J4R2pQS09mUW1tNEF2S2xNbDhubGYtRGM5amVpbUZRbWd1aldEdEoxdk9Nd0R0VkxrT2t4UmUw?oc=5,"Tue, 27 Jan 2026 10:30:00 GMT",
2026-01-29T02:01:05,Google News WSJ,Get Married Grandma’s Way - The Wall Street Journal,https://news.google.com/rss/articles/CBMiiANBVV95cUxNZnpRM2pCcjFHdHpIUUxjYnl5OGh4ZEY4QzIwd3pVR20waHVpZDU4b0stTkN3NnZrSml6a2Ftemh5QmpuS01RNExPMWtmWnRGU1l1NnpDNWdWcXZjNmV1TEU4VUVRdlRENDc3azFrbDNmSF80ZDF0NUx0U25aWXhTSERDbzh0OGlPbkdvak9adTNIY3lZT0lkcDU0Tk9fdVdmSmZaT09oc3pXa2VFZS1yaUd2eEhZRnFqQVV2c2ctYU94RDJ0SDgxZUhaa2l6UldqOEcwMHl4a0FyRXlvNTNtMVJZc1VFQml4Q3FGTWJZWXpVb1JPUzlkUkRfTUJPUjVzVV8yYXIzQ2xwM2kzUUp2THdKVW1uMzRVRHQteGFiQm1TZFpWOEMwZEVxcmdCc3cwd19OM19CeEJzQU45aTJwSmgtLVBkb0VuUlg2VHN6bnNzR3pVN3F3Zkw0d3pUSk1ZdnRwc1E2XzBCQVdYcXdWbkZUT3NGVmNILXhUMjctdnpwUG9hcmczZg?oc=5,"Tue, 27 Jan 2026 11:45:00 GMT",
2026-01-29T02:01:05,Google News WSJ,"UnitedHealth Books Hefty Charges, Issues Soft Full-Year Revenue Outlook - The Wall Street Journal",https://news.google.com/rss/articles/CBMivgNBVV95cUxNV200ZVFfN0hCOXhNSFBaN1dONENxTXNCamJ4R1ZFU1ZLVGprMU9lcXBOdzI3bXFlSHdhSWYwYmp6b3BPUnpzRXZPYmpheGJUOHZMWGhtV0lyTDgtSTdiTE1tMXlNMVFRQ2FWR3pENUotdVptdzlTWTRlbFdGckw0LS1qV2IwV0tDVDhIdFhBN24wRDQwbTdrY2RpSy1PczVUY0VzaHdpYXhvbmtjTURWQ0lxYnpzXy1MWVZoQUF4MEFJM2NEVU1nelliSHI5bFlIR29DT1NGbG1CQjJJNE9KeGRHSDRGUzZkczk0ZGs0a1Qzek9wcWZTMzhaWU5TMUxYYkt2MVlmWk9rZk1Za0p1dFBIWDVxYTZMVXRFSmZ3U0JGVGhNOTNJV29JMVFmb2pXUllGeFhoREpHXzZqcHRSTHJGU0MzSmFnNUFKYVA5SmYySFd1Ny1iYWpjYXk2NWkxYXIxcXgxY21PYUduZVctazJoMU9wbzllRDBib194ems5bmlocVp0ZExGLUM5Qk45Tk5Da1Y1S2JfNFpXTEJpVmIwYTBWYmVFY09sTTdaVThtbWwtN2hIejk4dWkwQQ?oc=5,"Tue, 27 Jan 2026 11:22:00 GMT",
2026-01-29T02:01:05,Google News WSJ,"Consumer Confidence Dropped to 12-Year Low in January, per Conference Board - The Wall Street Journal",https://news.google.com/rss/articles/CBMiwwNBVV95cUxPaEhlWWRMRjlPOVppbHQwbU5STEVub3k3SmdEclpDUjNWVlQtT2wwX21pbW5nNklMZWYyNk1naFVPT2JKY2QyWkN6c3ZOWlZGc1Q4aUx2RmVzaTZkbm9oQ2lpSnZIZkVueTl0SlFQenREUUUtYXFwZXF6TXo0VWJTTFM1WldBMjF3LWlJQVlSMzlOWV9YOHNENzQyeUJhOGpwUzdhM1hlcE0zRFpwY1RSQVhEMjFCVnNhOUVSMllkSGlxVy1hcW9jZ2huZGhSaHlvTkR6UmNjeTBsN1REeXdHSFI4ZGZNVzY0VUlNR1FWOGE2b0U3cms3MnR5Z214YnZaTC0xb1dzSk9rMjZyWEZ1R1VLTUFyT2Rta01qZW5KNzVBc3A4dkZCRmhiN3ZMTllUbFVZNXVyQUZ2THJjaV9zYTVRX3Eza0ZWVGRpVG9JZGc5TW1GcmNwM1VJNnZPRlJXRExyN1pDamdIRGhLa3Z1Z2ExOU9EazlTMHZGTXJ5OVpoVWlsVjhYYmZYVlRhMDUwNnY5VGpFejl1cFlrVzJ0TVNQZjFWdE4xdDBBZlZwcy0ycHVrSXRXdHpYLTBibEhtRDRJ?oc=5,"Tue, 27 Jan 2026 15:31:00 GMT",
2026-01-29T02:01:05,Google News WSJ,A Parent’s Only Wish: ‘I Just Want to Sit in My Car and Scroll’ - WSJ - The Wall Street Journal,https://news.google.com/rss/articles/CBMirwNBVV95cUxQWWx5N1VRNm1PbnZCdVdaeG5MQVBGWkU3OVdCc19Qd0VRVFJTVjNaVjZsQ0d6Z3RYd0Nac1d5WlJ5N3FCUFBhcU92RW4zR1VpT2hFOGl2T2JpUU1GeFM0N2xiNVlPRUs0SmxyenduM1ZtVkdGd19hYnFsMnVwMHB0amFtMl9fcmdHZ2QzdllUckZJV0E5MDJLbng4UXA5eDh0cGdFM09lMWZvd215TjBZcU16VU1VVWtDMmhBbHBEX09YWklpdVBLTmdFOWdDeDNxVEc1Yjl0Y0FMS3QtWUsyRlNfaW1PZTdkU2otS3p2cG1Talp2dV9wOFdtb2RSbDAyVERLWUhnMDBBUTlOWnh4VDh5RndVSTRWSVdBMTlNamo0RU9iM3ZCSTd3S1BkelQ5LUlmZ3BaNUw0VjZjalJLT0tidG1mXy1DcFVzOTIzWXBTT0NIWHNSQXhGS0V6MHJCdFpudHVnMHBCR0QzRDRFcDZqYzVNaW5Sd1FXVUpoR1p1dzNrYVY2ckR1bEpXVzNuSFdGeHJCdm9OOHNwbnNqSW5oMHBPS0ktMmxJODVKVQ?oc=5,"Tue, 27 Jan 2026 10:30:00 GMT",
2026-01-29T02:01:05,Google News WSJ,"Stock Market News for Jan. 27, 2026: UnitedHealth Weighs on Dow as Health-Insurance Stocks Slide - The Wall Street Journal",https://news.google.com/rss/articles/CBMijANBVV95cUxQU01ONDdQVTB5Zk12bEJXSE5XMTV4Y2gxQ2NLQnpsRV9sNmxHYUxLQ1dtYmxvdGY1WnM4bXBLampiR0d3VDB5dWx3M3ZYZjZJNV9zUUpKS1J5TnhrTXJLS1hwRGU0Z0ZqSjdPNXJ1bmtyN2JTRkhxclllQ0dRNEVYSGV4dDFjNFR1NlhCZmE5ZnJlOXdPYkgzVktfZ1FfS1BCcTQ4OUVrMnJwU0VkNmhGV0pCaVJvc2FkeHlNejVxanZhYjlJSHNhRWxqSHlPZlFUVjFCVjRXdlA2SGR4aWtFT2NNMGJEVy1vS01xWGdtMzI5OWNWS2l5NnMwamVOLWxWTEVtTk5QVHM1YXBPYmRiNnNyN01wS21GUG84MXBfMnBZdFpXemZjd2Izd25TWXdoaS0xMDlIT2JoVWdQWmlsaXB3VnExQU5nSDNYcU92ZW15eXJUOXdjd0JmRG1mLUpqS1NJYlhJQWJkUVNPUXVSVF9OYUsxa3Q3ZkkycVc1WjlKOTJIM2lGMzViWDA?oc=5,"Wed, 28 Jan 2026 04:08:00 GMT",
2026-01-29T02:01:05,Google News WSJ,Rapid Buildup of Chinese Military Fuels Corruption Scandals - The Wall Street Journal,https://news.google.com/rss/articles/CBMipwNBVV95cUxPMmdIdTJQNk5sVWdZMnZ0bGhOaHJtRV9kZmdtb1cybzNTMU5MZXBfRllfdFBtYmlDVURqLThqZ3gtbjJRT0VWWnRQZEdaTV9ZcGU5VGFhT0ZGbEhtR0Y5cDBBRy1LeVdjMlhLWUJMcEctcFdfeHNBd0d1NDB6a29IV0FtS2g2bl9NakE1OERsY3NVUFNSN0tzWkZvXy1DSWN4NENLaHZSSEExTW1tOWRqUmI5bE5PZ0NDUlluaFlMTU8wcUljYTNKc2VGOFhKX3VveWEzZ084TEhvdkFHUF9xbXZjcHBwWVhYY3l2c2ZJT0lPRGpfdWpOS1FzM0xMazhTbXlmbFZCMHE1SGV3a1NCbXl3LU1jVzdGb0dENEFNcGNfT2pKMWZsXzJfd05mVEJvUjJ3V2lUak1sclU2ZDd2LXBPNGMtU2tPenV0TGxZX2JsQmYybFFQU2dUdDRlNmNNZllnM2dQU2xyQUFpUWlBODI0bHpZYjR5bW9VMXBTVnVrUFVWVG53TWxyZ1Uzek4wMEJVY0lYXzhFcnJQMUhDeVhVeUkyQkE?oc=5,"Tue, 27 Jan 2026 10:06:00 GMT",
2026-01-29T02:01:05,Google News WSJ,The Possible Faces of a Rio Tinto-Glencore Deal - The Wall Street Journal,https://news.google.com/rss/articles/CBMikwNBVV95cUxPTUt2LUw2NU5heUk1UUNnVThjWGc3ZFdWTFhEdC1KRVlxcnBSYU1YN1psdHVxRUFmMm5PcHRta0t2Q0dkdTVYRlhzQ21JVUpua050dnVVS1pCLXAtQW9CUEhlY0IteE5VQ2NIS1pwWm85ODlyRnExWl9yajdldVdLcmloenphQjFyLXJsbEJNZEZiUlRWc191WHVtWklFVEFjeS1qUHBBUzVhR3E0SGYtTFM4aWgwWUEzNHUtaTlucDdZRkFJS2VybXBvWWM3VnpoVVNZOE5WbjJVVEhZb1g0VE5OSXctYmNqMGNMVW4tYUpRZk1DbWZrSkpyWHh4VFo1TElCUG1Kb09IZkVLRXBCUVN1Y2lNVjBuSjhLZlVrbGp0ektwLUtCMk9uMW9zR0lpeHRqaFlGOElxcGNvRHpPV3NlR0VycXl0ZGpmbUtINzAyejhCMGFWOUFiWGdEUllDTDl2c2s5Ml9jNGE3dnFxNFg4X2JzNk41U2pVNFpGcVNGZHhVbm5ZNnA5azVsbnNLZnBr?oc=5,"Tue, 27 Jan 2026 08:31:00 GMT",
2026-01-29T02:01:05,Google News WSJ,Kanye West Says He’s Sorry - The Wall Street Journal,https://news.google.com/rss/articles/CBMiigNBVV95cUxOYTdFSVhvS2RCdlJ0RHVORElaLXhwejFndnkxcWkxaURvbW1tRHd6ZUh5aGlFSTJBbzh6S2Z1d0RmZnVaOVFqaEI5T09WbFk2MjhvS3NZb01ZbEtpMkhMWFc3b09FTDN0S2hDSmQzekhwSTVBSEdILVhqM2FOY2VVMjhKSXgwRnJFeDdpazQ3VGlTRUgza3BLOWQ2UGRnSHMtV0diUzg2dEw0VjlUQWRVb2JHNV9YOFBDRnRXZ2w5SHhUbURHbFQ0ekNndlVINXFNME5wSU1ETXFjYm5OakZSUmRXNlkybTJ2b3c2Q1JuU1l0TVR2Rk9HaTBoM0ZqT0ZBSGRBa195QTZ5c1NDcVR5TFViYkhJVnJGcWpBNTJlaFowZ3lDZkNHanJHbGNEa2FyRmtCWVpnVlQ1UHg3S2k5VkpkajlwUFhVeTlNUGhvRWltbWMwaXgteUVncTFXRXZlSHA3N2ZCaWp0N0dkTkRHMHRTa3prbThidkJKMi1qd25hM1RLVU1WdzdB?oc=5,"Tue, 27 Jan 2026 11:45:00 GMT",
2026-01-29T02:01:05,Google News WSJ,"Stung by Trump, America’s Top Trading Partners Shift Gaze to China - WSJ - The Wall Street Journal",https://news.google.com/rss/articles/CBMi7wJBVV95cUxNeEdFYWdaZUFCVTlqWExHUW5ZRG5FazF6SW9GSFdzQzZwTmpsRmVyRlFxQTRBaVdyQXhKSkkweGtnTTJKdmpzU291WUozNm90b2pzbUwtWGhZNld1Z3l5eDZGaVo4aEVqRzNncHByVTk3NG9nNlRZVDJXT0l1M2ZKUHRiQ3FrRkVpQzJPaE1kclFUZG8xNUw3dVhSV29SN0NZV3JzUTc4eFhMbEhKMlczeUZMQnZ4RVRheGdJeFZaSTRGU25sOGZfUWlfMlM0Z3FRRWxoSzJhdXNfTjlEeGlCckRRNS0za0ZnQlZzTnVPRGIzN2thLWljWXVzNTlGZE84MVR5RnAxZjlrLUhGbVJyRXhxX2EwWXlHaTc1aXpFSFVKeUV2WU02V04xLU5jNVBoc3d0a2V5VFk4MV82SDVSNk56VVB1am5KUzZGLUVMbUJRMkxjVThZcEdITlo0MGNMZ2dIaU43VnRYdkVIY2hF?oc=5,"Tue, 27 Jan 2026 04:00:00 GMT",
2026-01-29T02:01:05,Google News WSJ,Birkenstock Eyes Double-Digit Revenue Growth in Push to Open Stores - The Wall Street Journal,https://news.google.com/rss/articles/CBMitwNBVV95cUxObTl1NVhnUGZOM0Z2THZrUVdEbkUtTGhYQXRYbW1hNXJWOHd2Nl9ZSnduT29sa0QxM09EdDVXNVdtYjlkV1BhdVh5QkZYS3A5SU01WGt1d2MzNWVBYW9lM1p6RXJsY2gtSXNqMWZVV2tHSnYyWTZEaDNoNHJtdGQ1Mlp0R2l6NWZ3QVRxcjVPRkpWYWYwY0hmWldQTzA1VjF1cExQZmM4MEN1NW40VmJ0UFJoR3dScnVnel9zZlM3X2NTYzkzd1YtRFpLUDVocjZhQzd4VVh4XzFUMThCc2hGdmgwTjlaaFpyT1Q1WHVfWHBCM0lrTWFib2FVXy1OalRnS2dlQkp6X0hRaU5obDJUY0hlb1Z0S3UxaXBadl9DekFweG15STUzcWFjTUN6MFltUl8wZ2hFOWUyVU12eGlfeEIyMFI0cUgzNHRtOHRoQThRZFZKRTk0YjVaamJFS2NpYWVibzRuNHNLMGZFMVJWelZFLXFNUXkwc3gxWHhaendydmRfWjQtV0s5MURSNlhNcTBlRzhfTVZsUEFya1JmMWhzRnJRa0YtWTQ0aVQwNEg4VEYxSTR3?oc=5,"Wed, 28 Jan 2026 16:07:00 GMT",
2026-01-29T02:01:05,Google News WSJ,The 48 Hours That Convinced Trump to Change Course in Minnesota - WSJ - The Wall Street Journal,https://news.google.com/rss/articles/CBMisgNBVV95cUxNOEc5b29Ca1lCQkplOGwxY1ZSVGRMNE4talZUOER2ZnlfNjNpdXgxZjdKWjJLbGJqWTBfcEN6d2c3U0M3WjhFOVB6eUZRR2g5ZVNUSUU3Z3dMaTNJeTE1OHVFM0FIUXI0bUp2b2w3azBkbmxBZTF2N2k1OExBN2ZFR3pVc2JDZTlXM01FWHFkdmJZM1NBODFENzVTZ0RFSkJ3bXZHWnVSaFFhVE9YR1IyVmNPUEpHN2l4Rk1OVjYtYUxiWmRkckhBOXBMazE1Ti0wWmdxeExPeDhmUlJ1bXJOVlIwU1VRNXpDRU9xaFU5M1FfYU5MRlh1ZUlKN09id2F6bDVsMEtmTy1QTlhqenlsdXQtNy1XWmprS3NTNHZGYWNyRmZUdWtZZlRaWXhJTUxlRGJOaTN6M3BsN2p1c0EtTG9sRk9fQ0NVMzBpem01R0hhX0x4OThGS2c3TzlTN0tpSFJsYVBXb1JrdDByZHNJbHhBNkplbFdyd25MaFNMSUZwclNXUDdhWWdJQjdMSTctSHk3QU9oaHB0dFV3VXktWkpVUE1qQTd2MV9Ra2RkOWoyQQ?oc=5,"Tue, 27 Jan 2026 14:15:00 GMT",
2026-01-29T02:01:05,Google News WSJ,These Are the 12 Fed Officials Who Will Vote on Interest Rates This Year - The Wall Street Journal,https://news.google.com/rss/articles/CBMinwNBVV95cUxOempVdTh2NnNFaWhLR21KcFYxQkZKOVBDVTVMc1p1aTRVMWVLWm5kVWhpS0J5RjVYOUg3U1Myb1hrQnVXSXNtY2ZEVGlIQWtnVlpYQzhjYlh0dWZVSlAxdm96WlRtQkdfQng2SHpaUm5BM1VBeGxuWXFWcTRsMHQ0azlUeUd2R2RmYkNyTnR6RFFDSEktemMtUjhSUVdBQzFJUXRwcm8xYnNSTzJOSTk1c0RHak1sdEpoUW9ieWJIMlQ1bjJKQ2RQUmlfYnF5UmhMbm9ENF9Wc1M0ZzNGeVA0dEFZRzlPZmg0VUZyZXFTUU13NElKNzl4WGxoUy1UN0otOXZ5bGNQclNaLWlTcDBjWWlBTm1USnBLYzU4Z3E4VTBpQmVGY2JHdDRQNks0WC14a1JRalFtNWUtVllDRDBmTlM1b2dRYzVKM3dENkR2bG9tRnlRMkItLVpXUXJPUllQVzJObXdPTTlCQVE3TUZvcjNGZVNGd2RqbkNicDNPRmoxTXBvRVhwc0pHMFlfYzl4NmlIQmhCLTZfZGNmQUZr?oc=5,"Wed, 28 Jan 2026 13:00:00 GMT",
2026-01-29T02:01:05,Google News WSJ,Trump’s Feud With Ilhan Omar Is Getting More Intense - WSJ - The Wall Street Journal,https://news.google.com/rss/articles/CBMihANBVV95cUxQU0dUMlI5NG81WWxtTlFHM01WTEx2LW1IbXRsNkRwUXVab1dQUUVVdl81aUd0ZmtLUDNOS0ZjckQ1TG04dG5MaHk0VWNINXZieXNlUUxUZjVUTVdXbzlQckJtWHB5WnBjRFI4UzRRVndycndTNUFlekZaaUxwZy1aT01kWE9OTzZKc0pCbjJsNHM4aUlKSWtteTdEWnhPRWlmSXg5TEhQN0hjc2ppNm40cHhQTC16ZUtDQ2wtWnZNTVlyMEhXcnRLdTA3MW50NUU1Ul90UUc5TUhMcjVKSmRlQ0p5aC1NOUVyV0VZQkx3MFk0bXdQSlJRaF9NdmxtNy1jR2Vka29RX3psRmJIcmlpcXlTc0J2dGFCNzRaY0MyWW5XdDJPZ09jYS1ELXgwNU9kRHZOX29mWHhHZFFCc2Y2ME9TVXpMcGxNZ3c3Ny15UXQ0aXkwRGRKQy1RQjhPRC1VUGwwbnl0SVJ4dGtrbWFPaHo2N1hwNUdWanFmeTlicmxCcWc1?oc=5,"Tue, 27 Jan 2026 03:01:00 GMT",
2026-01-29T02:01:05,Google News WSJ,The Gold Boom Has Miners Scrambling to Find the Next Mother Lode - WSJ - The Wall Street Journal,https://news.google.com/rss/articles/CBMilwNBVV95cUxQWWszSm1Yc1BPWDMzb29QeUgzcUdCb0QzTjhGM0hjMUxkQ2Fld3N1WXVpMW1BMWpuLUo1T1dsS3RyUXRIRDZ2WTg1WE9pUUhDRzBEeXZJTU5uOE44V04zc2g2cE5ocFJOZHVsbFRBQktRQmtwbEgxMUlLX19SWV8wVV9nT0FFamJaQ3ZJX0JFLXpyS1BrWHhBLVJzYXJsMzhreUFiMTBFT05UcXdLSTJiakdLR0FlMHJJNGpyWTBMVHBrOEZkMVFSRHcyVXNIMVF6ZmV5cnpQcEo4dEotN3RiekI5ZElWNWd4UkVGUlJxd21STXc3UW5BSUZXNkxGYURZM2YxbXdpME5UdEY1ZGR3Z0pQcVA1VERnM3EtZWgyYmNIZWhyYVVHM0l0WWp4VEEwaUQ4dUxWZU9jaVRac3NUWXBEYVBVaTZzQ3RQekZVcFM4ZVZObk1lVjlBMTJfVDhVMEdrTWxwVUxOWHlmY05QeHJEdkJMZTZFV3J3OWY5NWdPTHBvZDFGYkh6bmJJSzBodkd4MkxnSQ?oc=5,"Tue, 27 Jan 2026 01:00:00 GMT",
2026-01-29T02:01:05,Google News WSJ,Army Awards Salesforce $5.6 Billion Software Deal - The Wall Street Journal,https://news.google.com/rss/articles/CBMirANBVV95cUxPdmdEWW5zZUJWbXJPVXBValB5dFRvTjgxd3U4QWp5cTF0bTF0ZWRFWFpSSF94QzRNclBvVUxxX0ZFRFdkM0RwdDlYRXN0ekdCeElIVVpuNHBlNUxsa2tjSks4MldHUWVNYUNMcThtUmd1amhRUEYwR3pGYjNLeU5mWW45RGhmYjBsc2h3TGJZVmV6c1VSSVRaR1dwT0c5R3BObDg2VHhxQlJYZVJlOXMtM21VdUxMUU5pNzlYaXBFUTdrMG9oTS10LXdyNHdaS3dyS3NDSGlNZUpkNk14bmNQM2JaMU1YS2lBRzVPa3RkOTI2MkRmMUk2XzRMdjJwdEY3NHUxUmpUcWxaSjRwNnNma01tU25XNDdGZW5iLTF0a1pWLWtBMnRFdXEtVUNmWDF5QUU0VmNkWVpjOWp5Q1VrS1pxS1NQUnpDelRfR2VtRmxVRWFGdFVtUlVaZW1uOVJxbTdaX2xtTzRCa1BsVG5wRENtRXNod3hKbWgwLVg0VkR6Z2djcGw5dXo3QlJqS1lBYlIxVHJ5R2FMOFpjTzlHX3I5QW40NWo4clZOUw?oc=5,"Tue, 27 Jan 2026 00:42:00 GMT",
2026-01-29T02:01:05,Google News WSJ,Puma Brings in Chinese Sportswear Maker as Top Shareholder - The Wall Street Journal,https://news.google.com/rss/articles/CBMiswNBVV95cUxPZlpRRzU5enFNRXFqc3NqbDV5Wm00NGxKOTVBNDFQbWJNX0U0a0VxVzI4SnNHTGtKMWRHekZqVnA4WjUwVkFUVXU2ZHh4ck1XekhiQ241T2txenFfb0RpLWN5WHV2SExtbk02d3ZwejlmYXlRYzN0UmJsRndzQkpmMHd0Q3ZEQmZoVTBKaDlTazN6QnRDQVJmalFLV3l3RUg2encyM2VwTFQ2NXZ2QzRIWXllelJucW8tU2cwU1FTbFVUSXB5MV9GQ1pVcDU4ZnhJZ0V0ZDlOSHVXUTBxcTJKd3d1bVlkV09yZXduQUhfaGFiNTNPcW5wRThWRS1QcTBfTDlFeHd3OHlDaW4zbF9lWEFzdUVMck5mSlREOUdFcER0d185ZGY1OExleFlWNmNrelRVQVQ5a0NrMDFEYmVhTlEzWXZXZFRFSkZ2OURFUVU0S1psMFhyWDQ3M1Vmekw5NC1vS243S2taZUo2UWIyY2VCZ3Riby1uZzdWWnBzMFEzOXFLZEVBUWlUblc0b0pYODBiSG5DdTZ2N0I1azc4TldQZGEzeDBJOEg2MTQtR1BfY1E?oc=5,"Tue, 27 Jan 2026 12:21:00 GMT",
2026-01-29T02:01:05,Google News WSJ,SK Hynix Caps Off Bumper Year With Record Quarter - The Wall Street Journal,https://news.google.com/rss/articles/CBMiogNBVV95cUxQYVdyWVlTQjhCX0dScWc2ZFVZa0ZpVWtqS2lCNHhiQ3JQMFNTUG12UzgzVzc4Rm5xb0owMURZTWU0QWZKdUlETmFXaEVGQ0hyanZuUF9aVURWZS03NzdQQXFKQ1hJRmREZXVNQ01QVzBSQzhoeU5MLUlnUTYwRnlSWlAxbmlHNnNHU1NJY0dMMGJSbmhrS20zZ2JpRVdWVElqbXF3RVh6RzJ5QkZ3UVZTMlZGbFNEV1FyUVFjeDVhVS1rZEs5dWtIeVd3OVotSTkxZzhCVVI4ZTJsbF9rRXhlRzY3Ym9fNDhUMUFxbVRualk2RDUwX3pXeGdDaUVKS3NyVkEyNWlVTEpueUFDSi1PNVlRbUxRN01iQ3dLUk1KRWVTOGZNWDVFYU5WYV9CdFozTVFxbDVCRDZsYWpUNVFBS0E3VHFxeDhqcFc5UWdpNlBvVDF2eEV5YUtJd2R2ZXQyZFpNbTNONUROTm5xWjE1bXQtYy1DYXNFU003NmgzSjBYa2cxc2IxbEdRX1lBRlY0Q0VEZFRzazBBMW8wR1kxSndR?oc=5,"Wed, 28 Jan 2026 10:36:00 GMT",
2026-01-29T02:01:05,Google News WSJ,Roche Obesity Shot Helps Patients Lose Weight in Midstage Trial - WSJ - The Wall Street Journal,https://news.google.com/rss/articles/CBMiugNBVV95cUxPYXdkUllIREFsd2RsTEoyTlRPTFlyWGZxTVR0Rm1HbW1XYlR5dWZwS1g0X2pnZFJzZTMzYTU1bXdXY1JyS2RFOEVUUkpieW02QkpSOUt5QzJxT1ZkTF85UE9zQTZobFJManpQYUtuZDR0cjB3NWdFUzRaWUNxZjBkazJJcW1XR0JDLVFLSFVBQmZydlRBbWFQcjdiX0pMa0pRQVp5aWxoNEhlRG9veDc4UVNSdnE0Z1ZhcW5OMDl6ZUZDWG1XVjZOTXljVjgyQUZ3OEpQQXdpX1BjT2tvMUJtSW1qdUtvb0tYbDFGaDIyWXR4VThDc3RlRlBxb09JUTZFWUNjOG5uU0d1TUk0czFnc25VanBlTE5VbktGSDV2VnN1UTlLVS1BOUFIS3J4LWhLa0wwUkJ0cUVaeURmSV9iWlV5NXpMbDMyZzg3bzhpYTd2M2ZqZ3Y2N1NNVnBjZURZN2luSlZ1OHBZbjMwdzdDWkFoU2lJOHBSVy1UZldqUTRvelk2TlBpc2xSU3R4bDljMzRxLWZoXzBxblhsWmxLSFRaMm5CTWV4c25vMVJhNV8wV1lhUGdCWlp3?oc=5,"Tue, 27 Jan 2026 09:10:00 GMT",
2026-01-29T02:01:05,Google News WSJ,Opinion | China’s Decadence and the Military Purge - The Wall Street Journal,https://news.google.com/rss/articles/CBMihwNBVV95cUxQWkxfU0xSeHRhTjhIY3VUeHRGQl8xdWU2aGpLN2JDRnBENFphX0VWS20tUjl5QkdjNjYtQXpJT1dDZmR3NU9vZmgwZkZYNlRocEY3ckVuYmRTc1lRa3FIYTlab2s2WXh3NGdJQ1Nud01obTJKNXN4Y1FHQnBLUXVXclUwdXRxc0RhODFZNkUyRXVWekp6a3lJdnpNQk1qT2h3ZHFZY3JULXpZbkpXYV9zb0YxSFNBUE1VOGNFNW1xR2Zld2ZvNy13V0RxUFN1VV9BSkloMDRDdVFHem0waGRkbWNGT3RqdUNCZ1hneDRncjZmcDZWbFhzVnB2dTdwS1J4MG9fSWF5WE1OQndmb1I4VWt3X2k3c0NMSnZoSTBOUm9nbHJ2SklrUjZWQk5nOG9SWWp3Y1VhaXV2SllWM2VhOWE4LXEwVTBVLURMSEowTkZHY3VNSzFEMkZRRVBWYWExUE04cXY4a01iRVB3YmROWURHTUt3QXBzUTAya2xqak9sbnVPVm04?oc=5,"Mon, 26 Jan 2026 22:24:00 GMT",
2026-01-29T02:01:05,Google News WSJ,Opinion | DEI Turns Fair-Lending Laws on Their Head - The Wall Street Journal,https://news.google.com/rss/articles/CBMiigNBVV95cUxNbFpNQ2hGTm5XY2ZINm5QM3hYdGZmTlJWM25vNFhydXpEdHk4N2pGWXlnNmJWVFJxS093LUEtVEVFNnBWUlA0Qmh6dGxLdUFNd1lEVmNsWW1jQ0hyN2NpREl4amNxR01VelJzVDhDRlhwb09OWURmZTVkME9Wa19QWDh5NkJMQzBNb3lucWJVb19zN0RHc2NUeUpKZGlFdk00YldTTGhYSmoxVmhEVVQ2bFkwVkY5Yjl2RnU1Wm5tTUFZdjdzSG0tZkNnc0g0YTRoWWw5VndNVC1SSjlhODM1aV9RVzVOcnJiM1k5UkpWTWt5eGN3VGJ0QXVZRG5WMkV3bGh6ME5SYVEzNHNFRG5kelU5R2NYSmZjYnBJdkN5OEpFRkpBWXRzTGZRdUdlMlBUOHdMUkNHeERRSTRmNS1JbHpoMHk3VVBySlp2SWlIdXV0bmJUYTdNeHB3dVZ0UlpPT2Yxa2NicU1aSk9ubWhQSF83NXVwRlA1OWxuaUp0TzliUlJlQ0l4bVFR?oc=5,"Mon, 26 Jan 2026 22:21:00 GMT",
2026-01-29T02:01:05,Google News WSJ,Trump Administration Proposes Keeping Steady the Rates Medicare Pays Insurers - WSJ - The Wall Street Journal,https://news.google.com/rss/articles/CBMixwNBVV95cUxPQTR4OGRQUWVURllXa2RKRVdXUm8zdGR6YlhTWnBYVlBfWVo2ZlhpOFhIb0l0RmpCUkZHb3RIcnp1V0Q3MTFuejdna0t1MjRPWUVmTFZNcTk0TkNpRk5YSzBjakw1Q285bkxxQ2k4U0k4U2ZSMVZmcTdrM0d5MnVsZzZ3Wlo0aHc5RGZPdnZjcXdjaS15NkhVYU5QeHpkeGQ4ZzVSOHM4Rkh4eTlMRVoyVkJJeUtqSFlvN0hvaUMzUkV6NHBhZzlLQ1lNSkhBa25HbnFIaXRHM0RFLXk0aDRMNzk4VzFqQVdhaTB0LU5PRDlETk80LVY5VU1VenZFUjk2dER0RzJBNTNWdTdfRVhnTXprMXR1Y1N6N2F5RE4yX1R6WnVuWnVrRzgxNzJjZWl4Mk8xSVRkeUN6QmxKLU5wSkk0WUYzM19mMlViaVg0T25mQ2gyVFNSVkxTX3Z3QlNYUU5MbmRraElmZ3BqM0xDdmw3eV9HMVZkaFZpOG5ya05SS3lyMUcwOEVoR1F5NlZRem1PVTI4LWlOb21hRHZjYmUtZlBBNjNCblFMVEVRcmRsbjJjVzN4bWJfQkprNy1uRi1hbDB1MA?oc=5,"Mon, 26 Jan 2026 23:56:00 GMT",
2026-01-29T02:01:05,Google News WSJ,Senate Antitrust Panel Chair Raises Concerns Over Netflix-Warner Deal - The Wall Street Journal,https://news.google.com/rss/articles/CBMiuANBVV95cUxOandxNUVmeVg1elZuNDJGdS1pWEtCM1lsR3ByblNIRDhvLXFfUGRuSW5pVnhCTm5QX1MxVEhVZEtjaHlhRHNGbHllcXVrUUk1aTBEQlNXdzB3eHlzMzI1Z3N1RzByelpUSkhQVUdtRUJGaTFfOXFhUWFvRXIzdXRVZ1QzTHFOUWs5VmdoWHk3cFE3LW1CbHhla2VxVWo2ZkNxRTRlNUM1ak5DLVhiQXdfNHpaN0RZRm9OemExVWplSUpISE9NVnVYMjFaZU43WWtaM0Jwak5sWEltUzhjYzdHM3VsaFl0N3RqeEJGN0d1MkY1Zkd0MjcwWUtxVnlfbGxiSmp5LV8xQ0ozWGVBbnhWMjNmZ19sYlJwdUctOEJTZWdMVUxsS05SSG1vajhweGFsdGRwbDduNnVsM2l1Y0U4MHRQUG1rRkZsVkhiZzJrcmFZWm4wUFl3djRXeEdsNzNBeFZ3U3VMWVpvS2hRamozQWVJQmtpdDJSYUtVQzI1eTFOb2pOSGgzU2FnY0pWenMtN3R0dm9ZdEI1OFdsRVJrSXFlT3ZNVERNV3hRVjVHcE5iREI3Xy1WZA?oc=5,"Mon, 26 Jan 2026 22:02:00 GMT",
2026-01-29T02:01:05,Google News WSJ,Opinion | Mass Deportation by the Numbers - The Wall Street Journal,https://news.google.com/rss/articles/CBMiwANBVV95cUxQdndJXzJiVmxSeHJPMWVPNUNQNTRJUHBEWGpDQ0xvTHMxVk9sanE5ZWdFc2pWNk5WVjVUSG9aQVVhOU5jc2RTS3NwMUpwcU1jZDk0M1dRbmc2ZWYyZmNQX3BUempMT1dEYWptd1VVZGRXUlNndTNDenJlM085ak12UzhoWmFlZlY3QkZMRU4xaUxHVlI2NXFvcDkzdzZLN1dGQzRrSmUwajhGcGZmdGR6eUs3bUVLWGtGeDYzanZRbVhGZmNtQjdCRGdFQUpWQmw5ZEVURXFVZjJwWTBsUHU1ZGN0bEJrem5sME9qMTdNYVl3bE5UVXpyZ04zRVhWMWRDZW41bDJQVVFZTTF2T3d5VmlZRXRuSTNHOFdDUF85ZVVSSTUzMXRNRWs5WEZBRGJsVGZQRTJUT2tiaGtYZWUtS0JFUFE0ZlFOZ0hJNTZoTGVYTVg1YkRqeUZ3TEtLNkd2R2pPbHcwbWE3VXBLd05idzBfRFZlU3luczItZFcxSjNKbERnQ3VZZnVFejV1aC1uejVBTGZDU1JZS2RnQnpBVzJKWmlxbG5JLUR4cUlYaEd4cGRkR0o4RnRIalpCODlE?oc=5,"Mon, 26 Jan 2026 22:41:00 GMT",
2026-01-29T02:01:05,Google News WSJ,Opinion | Holocaust Education Obscures Antisemitism - The Wall Street Journal,https://news.google.com/rss/articles/CBMiigNBVV95cUxQci0yUTA4Mno5TExNV1V5X3cySGNIX0NIRl9JbXYtbHJjRWswcExlc2tyTUlDRWtqVGF4MnlfaFJXYUpPVU9HVndBYlZRT2ZfWmRTUDYwVFExTkpOM1ZRTFFiXzF0R0huTTFvb2d4Y2tVeFFxUGtjaHdtV0l0NlVySmxSS1BMT1I5TjJ0a1l0dFRHWWZrTGZ2OWhxX3hGN1hrckJROFV2b2cxMUloSUQ1dEdGVHFuM0ZJc1BVTUtMeTE5TFhRZTFHSlhVN21SX0hPWnpCdVdLdEJGNzFaVjNGMWR6c1A4QzVROEVzVm5HaVY5MFNCZGIycXJmWFU5UVNVUnpfQ1VnRVNQenZNWldFemhVTHp4Qm1GOU5MVkFGc2V0cVdTWWJsMzhLRXpBMk9aNUp6akxMODh0QzZfeUtwODVXUHhIRmQyNGV0dXp3S19SbGo0Zk8wZXZaUkg4TFRiZ0diLWJvMUhEdWlKdEhzMldWUVg0WFdpTzFfWU5rLXpqbGdIQm5TQ2dB?oc=5,"Mon, 26 Jan 2026 22:27:00 GMT",
2026-01-29T02:01:05,Google News WSJ,Opinion | Trump’s Greenland Gambit Was a Once-in-70-Years Moment - The Wall Street Journal,https://news.google.com/rss/articles/CBMimgNBVV95cUxNbFlwcV9IR2Iwalppd3EycG5QREt5SDJldjNCN0hBMGV5ZjRvR3hPdlRuM0g2TkZzMThudjRaMm5DcHMyWW9FLUxaRXV6WGJLZmNKVzZVNnVNTVp2ZjNRczUyR25WRWo2OTh6U0FMVkxjR0Z0ZWdzdWFuRUhxQ2sxTUZmZkxsVURqX2FKcnpLZG5mamZlN0dnUVM2Z1g4X25sbjc0R1VHTjhNdmpnMGhxSjdPY0JmMzZBVlNiM2YxT3VLYzY3NnFOeUNhWE1OMENaTVItbHlKVF95b21ja2kxekw3ajJwZDcyUEhSaTNWUGEtUEFCemZWR3FzeFFSWWpVVlN1bjRnS004bGdSR3YzWE5KaGlCOHVnQmJ5Z0JiN2E5MWw2WUUyd2g0ZExfbXNKT0Y4bG1HWF9IWGxnWWg2czFTY0RnelcyUnMxY19YMDVSR2VITURUY2tUcDhsZXVVclM4UFlnZHlwVkV3MEhRLVNGVW1uM1gyekQ4M1I5RnF2V0pYdWtOSkRrMUhYVkEyeDkyd0VPNUlRUQ?oc=5,"Wed, 28 Jan 2026 14:16:00 GMT",
2026-01-29T02:01:05,Google News WSJ,Opinion | Tim Walz: The Un-American Assault on Minnesota - The Wall Street Journal,https://news.google.com/rss/articles/CBMijwNBVV95cUxQOTFnQk95cVJSa2l5a21reEZaQTdUb2tHaEZvT0VvVXFoUE8tMTYtV3ZJYWx0aTdna1VhczQxZVEwMlFkSG5NQWV4eDI0QlFyNTZCYmZJZzh0OE9tQl9rYzNEU2JtU1lFSTRzd2NnQ08wQzUtenQ2UzVzMkdtcjF6SnNwMUNlcXZCOEotcHJjRklXeTlnTkFZSFFCWkFMdF9NSG95MTZfVW9WdTF5QWk2S2xyNGFlR3doYzc0SXUxZ2dLTlI4dF9RLXBseXROQlB1X2hRcE91em5DQVZqb1hKVk5lMUN5Qy1SWE82RXl1NWtMbmRHV1cxQUYwTWhiVDdHNXF5R0luMWNoTkdUWHM5RVBOcUNrcU5Pc2h1LU1hdnk1VlRqVlZ1OXM2Z25xT0doUEc2NjQ3TU9FMHFOekgza2o0cEJ2TTlyTGp3NWQ2amRmU3g0TEU1ZlBveDlQYXFScmdqdk5TR2xjbUNBM2NGUEFnM1Zjbm9laml0ME16bjZqWERzVDBLaTAxNE5TWW8?oc=5,"Mon, 26 Jan 2026 17:53:00 GMT",
2026-01-29T02:01:05,Google News WSJ,Opinion | Generation Z’s Battle of the Sexes - The Wall Street Journal,https://news.google.com/rss/articles/CBMi_wJBVV95cUxQV18wVnNEVW54em9pT05POWk2dmRjM2daY1VrR0EtaWhmTFRIdHVacnhfRl9fQy1fUWJqMlE0b1IxRlVoNWhGV19QRkFLOUJQNUtkeEthSHktSnB1ZnFRdVVKMVJNY3NQdjJDMjRkNTVzbkJmc1FqTnFjUGVjdDljLTVkWmdGcXFsMGtDcXpwQndjY3RUeVRJanNLbXFlbHBrbWU0Y2VoUmQ0MzdaTnNoTU1tYjVZakx0OUUzcXJLbV9hMHRCbTF2WXVIWlgwZ0I4eHlDVU0wUzBwZEdNQnQwTzdjV2RfLWFGeHRyTUxuSnFnUDZMalpWTnBRajhScXE0Z2FOdGNtY0ZlcG1MWG1fRmZKT1lHOEdwNE5WRy1ha3kzTVhBbDNFS0NnLWJsSmRUMHkwYTlWdGo3bUdYc2FWVnkyTjN4SFAzOTctY2F5NHllQzR4VzRIZEp4eG1GR0RIVlFvY1l2SWk1d3h6WUdNcjdUZ3R1OE5GZnJtUllMQQ?oc=5,"Tue, 27 Jan 2026 22:51:00 GMT",
2026-01-29T02:01:05,Google News WSJ,"What Starbucks’s New CEO Has Changed, and What He Says Is Next on His List - The Wall Street Journal",https://news.google.com/rss/articles/CBMihwNBVV95cUxOckhHLTVMX19SUkt6eFhMX2FJcWRQZFM4VjU0Tl9ib3NiYmtWODRrSncyRDFMaTcyLWl5Tms0c2UwaTJxTmNOQ29uTTMtYmpRZXFQOEZ6VVhxMFZ5ZWJpS1pGSjVKU2dOTldGdlptYTVJRkM3T29IaDRFcUg5aFpON2lyZzN6eXEyZ2tBOEhmaDFPUHhtUzMwX29DNG9ld2pMcTlLQzV3RzFfcEtrV3JUbTBoYmxXWjNEam9na0lvcWZlN0RET0tsd1MwbGsxek9TQ19OQjJsRGVqdG9va2oxc3RfUk1NQ0k4cXVXemRSRjRnNTZncTJLWTlXVm5lZVIxdlNodDlXNVA3cXFUaDFOdlNPN29FX3NzX01lSEVTaFNLLVc3d21NTDdmeWJVTW1zVWdVM2FwNEZ0ai1WdmZzTk5QQXdZQUxiVEtzbUhBb3ZoYTB3LV83VFdyTURoclNDcmVEYV8tMzA0QXpCSGxHVDBVa1gzX2JyRXZZZUpvQkJkVzItQWd3?oc=5,"Mon, 26 Jan 2026 17:00:00 GMT",
2026-01-29T02:01:05,Google News WSJ,"Gold Hits Another Record, Silver Slips After Historic Move - WSJ - The Wall Street Journal",https://news.google.com/rss/articles/CBMinwNBVV95cUxQanBieUpnSFVPU3Fmdk1pWDAzUTZvYW53d0ZDdHVXdng1WTRIRHpsSW96UkJHTVlUNVlSQkloZmh0d3NIUG5jVmJPMm1aTE1LaHhRUGtJMnBwaWpDNU0wV2xaUkRhNmFuQW5tbFVTcDJRN3ZDa1BqMUJWMWhzWUZ2OHBGLVVzQ3RYbDJ6eFdLV3AtWGd0TUFudm0zVVBVTmhSVURkRVYzQmZCWWdKREYyYlJXbDdZRnhsRmhwWVdtU2dnR2R2Zko3X2pCYU1NaWpxZEh6cUpuZnFFcUdlMl9kazJ2M0J6N2NmVHBETWpsWXlEcm1JM05meW5SUDVmQ3RoSlI3RW1Pb0dqUG1aSkV5b0dCUFFyX01yNThEY1lXRll2Y0dPTkpDZVEwOWZTdVJoNkJ1YXRBWk1TenZkSHpzTWlNdzktY1c5Q3Nocmc0al9rb0ctMm9NZ2pqYmEzdFktVjBpbnhmS1NTTmVScUFlU1JycHZoRVh2NVNVSFZwZkNjY1lhUFJ3T0E2MDkzVWVJWWJ5Z0VXMGU4d05YaWpn?oc=5,"Tue, 27 Jan 2026 19:49:00 GMT",
2026-01-29T02:01:05,Google News WSJ,The Lawyer for the Agent Who Shot Renee Good Thinks ICE Has Gone Too Far - The Wall Street Journal,https://news.google.com/rss/articles/CBMivgNBVV95cUxOMDlyYXNRcTBNUGhwZUxvSG5sZVRlSlQ3YThkMEY2Tl96Z1M2NGRyTms3RkhwaTZUOExQN2NjR2cxSWNfRjBNb1FrX3NJZ0tlc3hROTBDVnNWSjFNTWtSQVd1MVN4V21HclBMb3FLY2lRZ2N0Yk5rejZTUWVZWGRQcldqTlVBdzNXa3dfZi1nTXdfMG8yZERqSUQzMEpmLXdEaUU0QVVLQ09wUU1PNGNvOTNCZ2s1UXRTVzdwNkFPOTVNajlrSlNXZWdpdVhiMmhzbE93VjBHY0lvc1VPeXVMX3R2RXcxbzktWjBUQlVDOVBDR3MtQlBkVVVJY0FvX1RNRGllWWFpaXJvQnc1VnlvTng5OGZ3OUhhR3FCbmVVMTV1X3A5Qkt1QkhxUV9lQ3A3dWdZZWpwZGFKSmxwYVY4YjBxRjdlQS1PUXcxZjBVemliZ045LUhXdkwwdll1cnJ6WDN0TTVFSEMtRGJEMXp1ZXpidlRYNjBqR0hYbGJXNmlOOHh3eUp3X2dUU3czeXAybDdYQlNMa0V2anE0WDRacXFyd0tNcm9CVWhTdk5xODVOWWZ5ZVVNMGVmNWFVdw?oc=5,"Mon, 26 Jan 2026 18:13:00 GMT",
2026-01-29T02:01:05,Google News WSJ,Drake & Darnold: The Surprise Super Bowl Nobody Saw Coming - The Wall Street Journal,https://news.google.com/rss/articles/CBMilANBVV95cUxONkRTemtOdWxWLU51NjdUcDlMd2o5WWhnT0FVZk9vWk91Z0J6SUhpYVgwdXA0ZzhKOE9wSXBxR3c3YlptaFVBZ2x1Ulg2clJpdm1KRnd5U2NRbUs5LTlIUkppQzRHR1pISmxQcnBfbmxpV3psLXRjU2FwR3lYUjRheE1jN1JMYWNGT2tWMDBYa25vbFE2OEJvenNuYlNjT191QmJmTHpoVkJIUVY3dXpKY1k0MXlLWDVEX20zVDFreXIwaFBWZkVEUzJuQ1oxYllCQ1RZWFN4YXdHa2o3N095Y1MzZEpFQXJQdFhpN0pKTVc1Qm83VXgzbVB1VW1GVS11c0Q3QVBtOHZiZFZVUG5IYjN1dzhDckdPUFpnd3BnaTdBVWlQSWpOTzhQdjJRcDJwWFJpNkhHQXlCUkFGRVF5LXNvRl9pSGF1b1pTT2Vlb0NLb2JQUmZWNTdmMDBoQTlCWG9Yc2R1Z2ItRnlzLWoxR2RtQzFaLU12d3FlS0J0bi1Pc3YxNjlObFk1aUVFQk1wZTFWRw?oc=5,"Mon, 26 Jan 2026 13:00:00 GMT",
2026-01-29T02:01:05,Google News WSJ,The Secret Society of People Who Know the Formula for WD-40 - WSJ - The Wall Street Journal,https://news.google.com/rss/articles/CBMiowNBVV95cUxQRkVTYVRQeVd6ZFJWNVlocWVBU19Yell6RS1HYnFTMlhnYUpHbU9JVVdIQlBSaGNxWDZHZEVtbTZYbm5fNUowSTFGSDNEUnotMlE2T2pQa1V4bWZCX1gxenNtai1QRTI2VDhvYXlUUFUwSVpPNy1sRnA0SmZ6OWtTMzR4ekFuaWdfRTVES0cwaTlzWk9mRFlPd0JwTFBXaE02R0pLZ3prOXdRSUtWXzFtS3VhZm9POHRmbzUtS0tHZlNvSUJUNEI3UzE5MktmVjBNVUF3TVRxYldVUEJuSEN3V2FvN1loNUMyWVhGcHpybzhybU5Qa1dMYVJfdE9EZlpuSHRjS3Rtc0R4MG4tSWpycXB3aGJwQmFrbU81cW0teUtuWUJ5NVN0V1RUc29MTWJ4RG1jeTMwQlBhNnJ2d0d6dnBpd0MwaE83SUFWaXgyUGwxNWZXeUxHM1RzVkVSWFhmcUdQdmNvaDdQczlzcUhHcjNLVURUUXNjUmN6OWxXd0puU2xsWHVaTG5XNkl1SW1oeU1SenUxYW9UeURWN3ppZFRTSQ?oc=5,"Mon, 26 Jan 2026 10:30:00 GMT",
2026-01-29T02:01:05,Google News WSJ,U.S. Carrier Lincoln Arrives in Middle East Amid Iran Tensions - The Wall Street Journal,https://news.google.com/rss/articles/CBMimANBVV95cUxNMHJmZzJuN2MzeC1oUUtmaktKRkd0MU01dWE1QlhoZ2NlYU83TWNzczVSLUZlTktnUmZxR3RsRGJtM05LRkNCNTRLNFF4dnU1ZmNzRDBrYnhsR1pFU3FMTGV6cnRLc0JyRE5TdkpfQjBUR2UyRU5rMUp1ekk4bUtpNXI4dFR1eGJ0N1pDSHhDUGUxR2dja1RCT3lILW95bGdHQ193SW5Zd2xQOUNGd3R3VWRVTDMyUDlGVnRKOUhXTW0yNG5SRmRHa21ONGlTWXY0M1FuZF95amlmN3FDS1BQQlgzNmFiclU1LXFpQkNfcWk2c2hxMWlCdUJrcFJMdzdiUktLRk16eU10ZDVNWE5xdTI2MTZEeW5KVmJQcGVaY3NfNXlTbDgxNW5zQXF5SktlbTl4cU41YWVUYldWdTROektDYzJGUHRmUWwybVYtT0ZpR1l6TlNCc2RxTGVRWFQ0aEZ6bkhOb2FmU1VTUlY0T3Jrb3RXQ2dxV2ZsOTgxVkVLVUdHc1NKR1NZcXRoNXBac2swRzNTSmo?oc=5,"Mon, 26 Jan 2026 14:38:00 GMT",
2026-01-29T02:01:05,Google News WSJ,Exclusive | Quantum-Computing Company IonQ to Buy Chip Maker SkyWater for $1.8 Billion - The Wall Street Journal,https://news.google.com/rss/articles/CBMivgNBVV95cUxPYlYtdEVRTm0zLXhGWnZDTXQ0ZnNySWhVTXRzZVZoblpGSXlOWnpkRTRRTl9lc20tSjdRLUNXc3U4WGxBR24yM0s2cWNqb2hLY1AxRDE2R0kzMHBjdFl5cGJ6dWVMV2dhQ3FhTTc3ejg3SGowWWxES1NGaXdxcEJhYUVQVDBad1BSbi0wajFya0NZaEhXekQwSnRja0tqVGpnQjR1Q0lSRG9DUjRXd3hVZ1cxa0RYVU02TklqRHhCMjhvek43X0I2SWJxY1hpR00wOExaODZVT3RBQjBpYm8tX0VlT1hack9oV1lnbzhzVXpaaWlkWHM1ZzZtTTNLemNnVHJtX004QVdRNFE4SHNORmIxRFFOREZxQVluTnBsSUx1S1YtOGQ1N3dCZ1RIWV9ZRlZ4T2p4b0RZNW1fUWduTndvckQ0ZVV0d2wzNGZna1FXYUljZlJKdnVBdFJEZkUzN1N4UkxqVUM0TlF1bmZmaG8ySGlPcHR2UFNtNENRR0Z1OFlZbnFidlRqZ3lBN3kyT1ZrY2s3dE1WX0VVcXJsMTJYVG9fU1h1R2JBZ3c3SGFTcTlwdHVOZVJEV1ZlUQ?oc=5,"Mon, 26 Jan 2026 10:00:00 GMT",
2026-01-29T02:01:05,Google News WSJ,Wall Street Is Fixated on a Possible Yen Intervention - WSJ - The Wall Street Journal,https://news.google.com/rss/articles/CBMiqANBVV95cUxPOU1keTVlMWw3cjNyV3R2dkJtZGxmc1NJVFZoaFZvMHlwTC0yQnRHaFhDR3FjQnRXcTIwUUo2MnBOZldWWVktQjJtZUI4eXVqOGkxaHlXTnFldFlWTmI3bjFEaG9JdVpZd3A5ZldmQS1YcHVrbUx4bFZjREQ3dU1Yb0l1SE1aUXVuUHZTRWN5UDRHdnY3TjZJT2kxcG9SZjdwUU14OURmdHhqaTBEaG9NTEVSQ3J4X21VR1d0cUlRMGZJbC1kaTJadDVfVlZYYlItZThyQ3dOZXo4YmtBd1I0VzhQN2phQV9QZFlSbmZGTGJoV3M3NGV1ZFhaS1BjVHA0M0pfTEUwTmVHbU1wWTFycVduS0hISjRLM0ZmUzNYX2U4ZjAtUkdlMmR5YVdrV0tNVm9KTzcwa04tbzRaQ09SUHVDNF9kTkVOX2RQd0JIQm5NaDBlODRBclN5ZDlkY0FsWHhjNmpJblVlNGZibXU5STdFa1ZEeEFVRDlTTnhyNEZpcHdlNUNuc2g2QmJSSUxqRWZReGtHZnQtT1FXTWhCVjBpRE9RdWtL?oc=5,"Mon, 26 Jan 2026 22:46:00 GMT",
2026-01-29T02:01:05,Google News WSJ,"Tech, Media & Telecom Roundup: Market Talk - The Wall Street Journal",https://news.google.com/rss/articles/CBMihwNBVV95cUxNNF9FLXZuMXBfM1ktaTdUTXlCNXBJdXRTTE5mZnQ2VGs2cVRrVzdBQ09tZFpGZUJtbVUxSzBEX0JZNlRvNVlPNXR5LWlFai12VVhmOVJQRDh5NXMwZnJYWnY2cVFFYUViVTl5STR6TXExT1JmR195c1ZZcjF5UWU3M1BTZTYxeXFtdGZGaTdCY1VraEY5V3l3TzVKdlNweUlWUWhYZG4wZGt5SkxQUGJzTkxpSDRnbGJGWXF4RVl6dnZDRkxnU3J3UnhDdGVQSHQtN2NyRms2c0ZtQUtnZDg4VVB5X0EtZC1GT3ROMGVfTnA4aldON21acVBxREtkTGRBMDJaY2dQY3NtNGpOUjhVZFFUN1NHUlFma3RMUWRobzJQeEN1MlBlemF5NHJzMmlCaENOaHBNbk0wYTdwNTNHOTNXRGZBNFRaZ2N6Z2FzQjE0T1dpTlhlNERTb1VjS2FrZjBvREtTcUd2ZFM4cGs2ejV4YkU0OWlNQ3hLUEl1Q0dBdVJGU2tj?oc=5,"Tue, 27 Jan 2026 21:57:00 GMT",
2026-01-29T02:01:05,Google News WSJ,"Defying CDC, Pediatricians Recommend All Kids Get Vaccinations Against 18 Diseases - WSJ - The Wall Street Journal",https://news.google.com/rss/articles/CBMizANBVV95cUxQcjctUklQaXlZU2tLTDNwUmpLTnFjb3lZdVpQN2NheW85cjQtT21QbG52Wk40NGRHdW44NWc5TkFEem0tLTkxdjdTN2o4aWUtYkc4ZGdvSUVDeWRYN282Z0FFTXF6QlJKaTZPaGtDNS1NVVEtRG1vd2xqQ1dFRnNLand0YnVCWk9hdi10N1pBbWEtanNFY3BkVGxOTEIxamZad1hlaElJZTZUTTNtQ3lCWGxHb1QtRzljb0FMbERkaXVnTlRPX2NCNDJLUEhCOEt4QmJxWjRnWVNKRXF1S1ZIcWt2VVlnRXZlLTRNeEd2THcxZWN4azdPNzVwbVl6TmpIWm5KRGpWa0FIZVc4QXJkbHdwaTJMZllFLXFzamxsV0RJSmRoTkFTcC1oQVlfYkpWSnNReENYMjc1NzBabG1MSGo3b0Z1ZkcyeWpBTEpBUTkxcFl1NFRVWEtnVHA2aE5NODhyOFBOWjlBeWFPMS1MR0dobjlLRG95bk5KNjhJdkFWY09qXzdrTUNKTzRmZE9rUWR4TlRxaUNweXFSc051clBnWWtIbE9ORm1zaGF2MElvVGF2UVBPWjcwSXpRVkJscVNnVWZ0a1JKU2NR?oc=5,"Mon, 26 Jan 2026 16:19:00 GMT",
2026-01-29T02:01:05,Google News WSJ,Opinion | Venezuela Can Learn From an Iraq Mistake - The Wall Street Journal,https://news.google.com/rss/articles/CBMiiANBVV95cUxPb0NSSld1QjFmNGYwaGd0ajB0d0E2U2FBSnRpV1VJcTJvOEVEcE9HR05hR2NhNmlYU1djdVZISllkWHBoLXYtdEFEbzk4dVFIazFnSGN6WXVZcnMxc3Fua0tLd0Exb3N1ZWhtMGNKdnJaRUUtUGRORHBvOW9Na0t2al94QXNPVU93blBTalFabEpKZ0NZTEJ1VlRkS0M2MDhVbnY3bXpWeTdSQ09TVTdOUGdkNHNmMjF6UTdDZUFNb2Z1eUVFVWhseDdMXzd0SUZfTXcwWmpMenJfUlpNQ0xWOGpxY3hYLXBFRktSekRqZzJxWk51ZWVJR2tTem5QSng0VS13ZnhIZDUtdzhBc1c5VjI5NEtMcGhsWkpMbzE3RnN1ZHp6ekJ0NXJka2VLclZDMHZVenJHNHBhV3ZfbjBmSnFsdk5aR1ZNNjNPd1RRWFQ5dVNsdllmRWxuSGVObVV1MWdlSFpnbHp3R040YzV6Q2ttcjRaZ0dieHBCZzhUVHlNeHhkcGdjTA?oc=5,"Tue, 27 Jan 2026 21:33:00 GMT",
2026-01-29T02:01:05,Google News WSJ,"General Dynamics Revenue Boosted by Marine Systems, Defense - The Wall Street Journal",https://news.google.com/rss/articles/CBMirgNBVV95cUxPa294N0dVcm1RNXJqelYtZ0dCQ0dhMVowcFJUbVdLYlRKdElLcmtrZUdvTlpleXdLUk5EN19qRjc5NEdoYmFQMlF2LTNRcFFUaHRRTzlvbDR5MW5sTERiU2JvLWt1VHFQenBYVXo5VFVOOGV1RFFZN0pWVGhLTzI4TkVaZGJNUzFRMi1ScjNMaXhjdHFuWGdKVGdYZllMNUgyYkNvWlR5VGdBdm5rRVVOUTVJN3lxeWR4aDBiZEJsTmFJWlFaN3pvSmtlSk8zQlJ5WndiQnE3LVNZaXIzTVZVUlEyLUt6Z29Gd2tlU0xfaENyaEFTRlhBNF93NVpuMk9pSUdXa1RzZTl4ZnlTZDJsV0NuTVhqQ1N3eGJQNDRzOWhmRjdqR0h2N0ZQak5vdGJMcDRSUWJNVkt3dm9heGRVQkZDSnFWZVd5OVpLdVN4ZDR2dkt3aG5hdVNkbENIV1VUMWZCY0N1SUhrWVAtaHhsSUJ5cVpXMW9DcDh6bzJiT1RXY2FPdnVWZ3JJekYwRHFKTzktNFVxb19HbEs1cVZvQlAwbW4yZXZiWmFycndn?oc=5,"Wed, 28 Jan 2026 12:44:00 GMT",
2026-01-29T02:01:05,Google News WSJ,The World Economy Is Hooked on Government Debt - WSJ - The Wall Street Journal,https://news.google.com/rss/articles/CBMimgNBVV95cUxONDhOTTYxNUFjQlRKdHBkc2NhRG5UYjRKLWkweEFzSWdZNmpzOEpwaXg0OEQ5R1FuYVFld1g4UGhEWm1nTXl0VUVKU0hiV1B1RnRMUDFQQ3dBVFNXcjFtRnJEYkNIZWlfU05Eamo4eExEQXBtbnpHdWxxMThqVXBKZVNOQ2dpQUZlY0pIVlNZNldJdi14S0p4RUJEWXV5a2VvbjM1OE9DcExjaWhlbUJMQmhpd3BjV1dSUXhIa0xYNTJtYlhhejFVMTVTQktFcFhCb2syVUpYVW1YNDdlWFo4dERIcTVrSW1XNTVORDVhR3BzQUtrMW13dTlHNHVNeGZWNEdZTUxYeXVMMGd3QVV5bm1Wa3dZNk9rcTJkTmg0TDc3WDNhb25fTHpkYmR4Tk1iN3JndGdVZGF3SzR1LWU4YzhvVFY5UC16S2ZpUGFPSVIyUldmUl9jd09nUnkxbTVzODJvbWNmNXZma0V5SllYaFFCZ3h1bXdFdjRhSTZaSlVidi0zQ1hOcHlqU1lFdUZaSG5XT1BQRE5Bdw?oc=5,"Mon, 26 Jan 2026 02:00:00 GMT",
2026-01-29T02:01:05,Google News WSJ,Exclusive | Trump Says Administration Is ‘Reviewing Everything’ About Minneapolis Shooting - WSJ - The Wall Street Journal,https://news.google.com/rss/articles/CBMiwwNBVV95cUxNTjlfM3NMMW5xM1laQnJsZGstbEgyUW41ejVfUXpndDRjd0gzNGdjdHNjY0x1MzgxalU4c3pTLVdKN3p0MEw5MjdqUS0wcnBiUUlHQU4wZXdMbDhtajBiVk9JVjBZLTVsM1NkZ0Z1MGxjMlhHV09oS2Vja09QaHo4S3g1cU90cnV5dnFUaVpuc0V5M2RwTHlwQnIzOFhoa3p0MmFNb1hCSktVT0ZSSF90LXhnclRJeC1TcVo0Sm9PYjExaVJ0cVEtV3NONUJzbktaZV8wRDJIVHoxT1p2dUVwSE1FNV9rekhRUzRfYUxrVmRGalM0UGFjMUlkX3RNeE8waGtWMzRaUnMxS0w5VUJHMzYzbnd6dXlWdXRHNWFCZC1hVWlFOU55dlZzUVkzcHZaOFh0OHgwa1A2S1ROWXlKLXBDZkV5dld4cVJQN0dRdEhQRWRUcmhtQk0zczJWRzA1LUd4SDlBT0J0NUpyUG1EbzhtTUpPcDJUMF9Yc0JPTEd4Yl84dHFwMTNicjg3T3RoeTJLOG00cmNsblY3eGVRRlEyN2p1NWN1U0E5MnhCd1pmTGxEVzBTQTBucXA1LVdFWFZJ?oc=5,"Sun, 25 Jan 2026 23:54:00 GMT",
2026-01-29T02:01:05,Google News WSJ,Opinion | Can Israel Move Past Netanyahu? - The Wall Street Journal,https://news.google.com/rss/articles/CBMi-wJBVV95cUxPZmhtRU1xeWVLdUpUamVYMkp6Rm9hNjVuaERtNEdsaGdrM3F4M2NfNEpnWHR4RTc3NHlZSVJIaDBvVXhYbllDUWR1Z0duTlk3dUVXMjFRaldtNTRodVdDOURQekIzTjZRVTY2aEltVUQzLWJTNzJIdzdHS0JybkFKeFNVUy1fUG5RY3ZjY1BwZ2dvR08yVWRXTEdYamplMlJEdHhaNmpJYzVXQW9zWVlBMmR4SGpwdW50RGpBX3lHZF9hUWFmclZ6Y085V3c5THJCMzhnWEI1dmhVNGpoUUxmUkM4dE1hNzFpWFkyY0ZKQmlMQWhrQUN5dk16Ny01dUVUSVE2QTdMelh0SXBKVGNaalpMNXpuOVZXLVhKYVltMlFOTmJ0RG15R0tpNnhyZ2hwNG94TktyX1B1VWJOTS1JWlhnV2FYbTdXeUJHTnNJOFI1aFRtSDJIODBWaTlJV3huTHJUOVl1blNNTDJ1cWxrUXU0UWY0ZUtnaVFR?oc=5,"Tue, 27 Jan 2026 17:45:00 GMT",
2026-01-29T02:01:05,Google News WSJ,Opinion | Time for ICE to Pause in Minneapolis - The Wall Street Journal,https://news.google.com/rss/articles/CBMigwNBVV95cUxPYVh3UHlueVlLcVU4YU5fTTRPVFBmNVFvODhnZENUSHk4S0ZPQTNUS0ZEVnh0M2VsQVIxVUNObjhqemdCNzJDQmtBMGFRMjRaRVEwdEttOTltakFkd2hSWVJmYzFXQ2FIdmMyRzhJZE4xMXgzRlM5dTJINGd1cEUzREhlcDFDaDRQVnh1S09QTU1ya0ZTclgxaERqQ2pXREpzZm92bG55TWFpU2dOa2doTm1Namo3bHY2Sk1XMU9nLXpHWUxMYUxlX0V1UFlvallSbVdNQzBBb0RBMEJ2RGZaY1pkM0stblhiMzljVk5XNC15MFRnQUx1RU4ta1BLUEtkQ2RCd0h2aHBBSkpjQXpreTVOcG5McXVGS0hwVDNOYVhWNFlFTllrMEtXY21IdHQxTEV6V2ZzampmVGdHLThVcjFMVEhadmhLZERTRGVJQ2YtcU1rbmJpTEFsRklPNnVqRzJBbFNfLXhSeWxYcGwwMXhUVDlxcF84ZThleFBaR3N0RDQ?oc=5,"Sun, 25 Jan 2026 21:42:00 GMT",
2026-01-29T02:01:05,Google News WSJ,Opinion | Is a Four-Year Degree Worth It? - The Wall Street Journal,https://news.google.com/rss/articles/CBMi-wJBVV95cUxQTHk0anVYNVdERWdTVzRFaHBOTFBaQmJscElwTEMwRl9uUDh0QW94bW1BZExnZkpzeXh0MjRveHJTN245eERldV9icmZ2MFRvNjM4M3MyaTllTmVqTnUtdWc0UFdEWWdsZlp5bG0tMl9tTnhBRVlacFh5UUUweFNXejR4Y0tNakp3dFAzaUNQeUg4SXRmTUlhRTQyWVVxUUgxQ0hzV2thcE9hWEJVU1VtM2JlQ19xaHp6RUdJbUItX3ZYNEkxdnBfNTdzc0VsbEhLRkZjcm54NXJFQ3J1OGROWkt2NHdpa1F1cEdiSTRfc3JnUzg0SEwxc3VaekJ3Sl9pcXVXZ1FmaDh4ZGxPb0pjNEhWY1E2YVp3VUtEeWJXdnJjVVpSMktkUTZhX3FSa3l2djI0Y29OT0pGM1JBcUxuNmpIUVA0dTVBMjJnYzFxbTRLeXFwbkZRd0lENFZtNS1jQlI5Y1RpeWlOLTh6SG1xaDF1bks4alRTUGVN?oc=5,"Sun, 25 Jan 2026 21:35:00 GMT",
2026-01-29T02:01:05,Google News WSJ,Companies Reveal Big Mystery: Where They Pay Taxes and How Much - The Wall Street Journal,https://news.google.com/rss/articles/CBMipwNBVV95cUxNbWJiOWdZeVVfYTFxQUJfUWFhZWxCNl9iUGM2YWJqam40eUczOGM1OHBWNVFoT2d5bUM5UkJzc1R1RE9XX1k2SW8yMU1yNlpzY2V6R0l2UkNwZEdMbEhhZzdtVGJETW5xbFdSaWx6VHQ4eWFrY2h3dTBXd3FFUlJ5YVZlMUlQb01iMFJKWUFfNy1VM2JpVDllQi1qem9yQXZJdlUzYlBnUkh2aENkQXJqVUlQUXpZekRoV3UxY2xjRmt5Z09Pc044YzlxQ1pNaGtMRE9Qc183UW1jcjVWZHV3WjNsZWRYSEtJOVJGblMzdDRmT0VXaGhaMEN3SjBvUzNoYm5Wd29hU1cySWRkNmc3dTAwS21PRmxneFZxQjdyX01yVkVaZW5KSk5oN1hrb1dEM2hpdWZuRG9tZXRWdHMwcFRDN1M3ekJMQmVQX3RzTnR6b1VCS0dMZzZUam51RFdwSGVkLTV6Z3pweVF3NlBFNXd5MzdrQnRwQ1BuRlpDNldwVXBwaGkxWHpkdnJfNlRZV1Fnbmw1ZmE1cUhaZnI5NjcwVDM2aUU?oc=5,"Tue, 27 Jan 2026 20:59:00 GMT",
2026-01-29T02:01:05,Google News WSJ,Exclusive | China’s Top General Accused of Giving Nuclear Secrets to U.S. - WSJ - The Wall Street Journal,https://news.google.com/rss/articles/CBMipwNBVV95cUxQNy1XOEViUXRVWXRTcV8ta1lnRVdHVjZDd3N5eGoycnlDQ3BsZzdtczJ2MVIwQkQtdTlVRGZzWkVWWUpqUzFlOGVxUnhLRkRDUGhTbm5iYTF5TjZ3a0tTY1AxaEt3SWkwYkZ4dWlrMGFDcWh4UTI2enpoYkg2N1V6bXhqSWZRaWx3WEZCc3J5c3RGTmwyZExDSHRMNW5YMWVZM1hqVUFyNkpySWY1MHgyOExhd3g5TlJNWGFfNTZtSERNcnNnQ0Y3Z2JQQWpTY19XQmZUTXNKZnM0V01kZ0FoZlA0UEVnQWN2bHp0dVZqd2xwdFNCNHNseDI2UGVqRDVxV1VodzloeEZ2dUZBcjk0dDM0bGN0X3hkV3F6RnBtQnY4WmxkT0pVSll3T1dVdXNUeDE2T1BqX19fSGdjTTFiUDBWSHhWMFhvQ3VQYWU4R1pfSDlVZ0czd0ZyYTlFNkVPNzRobUZ6cVhlWnpyMFlJSVp3T0pNOHkzUVFucEdOZjk1WVdqalpvNFVRaGlzTjVpbWN4R202dW5pZU9wM2pMbnNGSUYzbk0?oc=5,"Sun, 25 Jan 2026 17:05:00 GMT",
2026-01-29T02:01:05,Google News WSJ,The Dollar Is Losing Buoyancy - The Wall Street Journal,https://news.google.com/rss/articles/CBMigwNBVV95cUxQS3lnLVMwYzdGUm9NNTRTRGZQM1JxWTNRX2g3Q1RDbUp5dGFfcDlIQng5em9EZzhaVVhoRXVRWUtnbjl2V3FNWGcyTnZReFBHeTZiM250S3phNFBxZWFJME9SR2FTcFMwNHNDbl9tMFpJUHRqaU1uT0FTVVNtWUsxejBlQ2FpQWRqVk8ybE1WVVNENzNJZXltV094UTREX1E2NGd1aTFxSF91TjBISnNmOWZFU2VnOUVtNWUweHhyNmc0bnlxeEI1RFVPckV2YjIwYmZCWXRvaEM3SUxEOXpHVnpoWmlObFBDMy1kZDdjTlRaZUpnVUw3eENQbE5KOUh6OGZxVEU4VjkwNTAyOTBrQ2F4Z09UbDE0SW1YSXltM2N1WDlqcm50N0pmd1JyWVV1MzJZbUwwdG9DWE5GcWpTS0xPQ2NfVkQ2VjdnRGpSeGMtV3RtR2U0U0pPTjhsempUN1lSTkZJT1RfRUJrWXFhbXRDZUk2RTMwWlpTTDFxMjB6Q3M?oc=5,"Wed, 28 Jan 2026 11:34:00 GMT",
2026-01-29T02:01:05,Google News WSJ,"Stocks to Watch Wednesday: Amazon, Nvidia, Deutsche Bank - The Wall Street Journal",https://news.google.com/rss/articles/CBMi2gNBVV95cUxOZk90VTlHd2VJMzdFNTVmSWl0aUtXaG92SDN3VFF6SkNzUE1pZ0o4Yjl2LVhOc1RvWmFuQ3owLXpMU1JNa1IyclhTX2FuOXdkbWNTSzlzendzZHdmSVBFWVJnclhjQ1lfaWN6c1U0cUZzcDgyWUNIRHFIdTJLZGprRld0cEFqY1h0cU5EOGlfTXZfbE1jRWV4NXZGSjJDcXF6UUtpb1ZfYTdGTkFYdFhxZzVFM0M2VmVPbklibUpRT3QyVG1BVzZJUXdhTEdwWkpGekRJcG9SVkFJTE9CVGJodjY4V0lQekdGNzdkck13U1hTdFU5WWNKc0hMVF9ncTlPNzI4NjZYNjFRbU1BYVRRR25CSFpOZ1hDYW5qWWt2NjZ2cmZkNU50TDJUWXBGc3pVWFZ5SFFseGQ0U0ttWFFuRk5BVXczU2ZxX2tWQXVyLUoyQmxycVlhX3djeVphTnRaN2xiQkpaSGZqTVNLSDVpZ1VHRU5zUV9OanR0b25NYVp5WUtYaUJlOGJuY0x2WXN2ak8wbkxDRTBBUFZJY2ZmZmp4TExIRVRBdmJIS3hpSFJqNV9xa1lJVmVLeDd1NFlwSVdXMTlMbWI4aHNuOGVjRVJuM0MxeTIwYVE?oc=5,"Wed, 28 Jan 2026 08:38:00 GMT",
2026-01-29T02:01:05,Google News WSJ,Luxury Stocks Drop After LVMH Results Prompt Caution on Sector Outlook - The Wall Street Journal,https://news.google.com/rss/articles/CBMiuwNBVV95cUxQVWhoQzBsY0lTczVsVFNkMGF2b01LcG8yaFpId0l4SnQ3d3NpenJHMFExX0xzZk5jbjh1WDl4Z0JHcUVMa0pJbWQ4TERCQnR2U3RudXltQVpPVG9nMVVFZlhZQXJEV3l4RXloWms5LVV6ZE5nQjZCam1YSXhiNzl5UjBDOV8wcGxNejg2NmFGNVJlUS1aOFpwUHV1VE1VeG5zaVg4RGJnSWo4LUVFSEN5ZlhWR2FIbXA4Yl9JWEp5VENncDYwZmY1RTFCTVp6Tlg2UUtVZElGUWloal9mVDM2SGNQeE1GS1prNjJ0V2tBaHdocGZYMmNZb3BBMHN2aEp5LTQyV2h3blhjb0F4bWJoaWdZT3dLX24xSzB3N25VaGpzYWJsdDZibHV2eEtoRHJnMkZxR1lyLWpYbDFUNUhkNkRQM180ZmQyeTh5dk8yd3hWcFc1cWJ1YmRWX0ZUSndteXMtU3RqMDJjc1JTaVJYdmYyNTh2ZDR4TkZIRjZLZU52ckJyYXJlVllVY3otY2dZWTdZdkJoMmNVbS1weXIxQ3k3aEh3eVBVUFAxdGNqMUhmZEVMVXIwRmMySQ?oc=5,"Wed, 28 Jan 2026 09:26:00 GMT",
2026-01-29T02:01:05,Google News WSJ,"Earnings in Focus Wednesday: Seagate, AT&T, Starbucks - The Wall Street Journal",https://news.google.com/rss/articles/CBMi4wNBVV95cUxNOGdnc2owa05qdV9VN0phWWFaSHV5cTJuUVhqekM4bEx5RHNTUlg1ZUx4VjZUM2J2ZXQxTHRhVnFPYkVrRGtfbk1tYU5oa09wNUdKUHlPVjhnWFVFNVQ5WUp6N1ZyTVdJc0dMSG1QNmQ0alFzR21pOFcxVlJsNEFNQ1hhMDQ2RGJoMHJJQWpYeDZBb3lKNDhUdXRSUDh4VTdEeWJnSURJMEZIa3B5UDFzWl9rZGoxMHFmSG9JZEFYb0psSWhYTVJGV19GWUNqaTdpTng1X0I1QnJMcTBQMXA0ZmljNldWbERHT2JrYWNmalp3QmRRaTByNUhacE9tcXhtbksxWHdkN19Kc2R3NDVhMGg4QWx0dXhTbWtVLUJFaU9MeTNWRHd5RFZnc1l3aEtQOUZFQkM5NENDSXdwOEdZaWZPc3Blb0NGR2R3Y3NacHhtZE9UYjB6ZE1WZ1pWNkcydGtjTGJubG1sUXpqdkVjM2V5Zk14el9KdV9XYjJWLWd6WXhRU0F5N2MwZURBdDA3SUhmYWlIdVhxSDFxMmhpLUVOM1lLYXJEUzh6R2ZEejA4RjFva3VHRnc1VzJMRFp5VEZ4MHZrUm1kajA5eDZCM3o0SktvRV90T3JTbHRTaFpDY1E?oc=5,"Wed, 28 Jan 2026 08:38:00 GMT",
2026-01-29T02:01:05,Google News WSJ,Wall Street Has Fallen Out of Love With Software Stocks - WSJ - The Wall Street Journal,https://news.google.com/rss/articles/CBMiqgNBVV95cUxObnJjb1JKNHk4anZCVXdodXhpWjdNQkh1OXpZN0VPYnM1VG1IUU1JZnpEVmJLcWUzbHNjYkZKVU9EOEo2VVlxQkFDVHVXTEh2UnA3UEdqaVpuNTN4LUdjbEFNZnRmNXQyV0pmOWY5Xzk5RmZJOXFpLU5DWE9GQ1NnUDUwNHgzNVZET1k1N1NmUGtQRjNTZ005Wkd4WkRrajVHaG1jbklXSTFMX0RsNWNLUXlVTU5XSFcwbnhRaGoyQzg4ZEwzVkZfSk14enZWd18tMWtacktNRU9wNlZmVWVKZ3YyUlp6VlBxbVUxNERCUzI3d2hUSDJGRlZUNEs5eUFfaXgzSExfYl8xcHA4aE9LbS10X1ZsdklieGIxczZnbTYzeWdtSG9FZFdyQVkwcEsxbU1pN3ZzeVNDSUNPUkhJT1c4aXVvbGZSZlliNFVfeUl6T3dobktEV3JjWjFjRUVaZHBjN1VhblVDREZCUUJCY0lkVVFLblpmWHRvUXBNd2xEY1MwTFhickxfWW1kZ2pqMEtCd0pOYzJHRFZXMnpLekFBNWtoUHhFT0E?oc=5,"Sun, 25 Jan 2026 10:30:00 GMT",
2026-01-29T02:01:05,Google News WSJ,"Weaker Dollar’s Inflation Effects Could Shape Rate Decisions, ECB’s Villeroy Says - The Wall Street Journal",https://news.google.com/rss/articles/CBMivANBVV95cUxNMjBNczZoY0hYcTFrMmo3U2tKY2VldGV3OUdmaGR2ZGNMcF9JN3NsaHFnYXBZczF6ajNoSDFHeVEtVWgxd1FPYVRIcFRVRzk3YnBhaG04WFBFZDRPZG9hd0VtbmlMTTZQd2szNlJPaXJtQWZLUHR1a0QxbjBVaWFJclp0S1U0Z0R4bExYMnZmNDl0cGJnMVViTkRQdEh4bnN2d0FIcVYyb0NOSldsd3FPM3hKLWhjYnMybkhrNnNJVnkwY3p2S2dwLVUtMGpycVVjZzhxdDZHZGk4R2sxUEVaXzlwenAxVGlHX1VCYkdWSzY2bmdDV3hVTzhKNHhkX0ZpQXpwcm5GdC0tMEpQQmQzdndxd0ttRUdPajJHUDJTNkFMejB6cFpVbEJrX0FUdUpxeGpwMHF3N0UyQkk0RzhCSnZEUG9VZjcxU0drdEJlbzJFNGFOZXBoMnhwa3RaMnI4V19vdTlPOUZiOGZiMjFObUJpWjA2bVc4cmN6X2FiT0hvcjlIN09nVmszOUJWV2czZ2VNekV1emFYbjNKSHN2TGVPZ0pZU2lHdkJwcmFoRm5DZ3FkZkgtYWsxUnQ?oc=5,"Wed, 28 Jan 2026 11:20:00 GMT",
2026-01-29T02:01:05,Google News WSJ,"Homan In, Bovino Out as Trump Hits Panic Button on Minnesota - The Wall Street Journal",https://news.google.com/rss/articles/CBMirANBVV95cUxPU2V0SW5GeHZERzAwU3VvaFNWWXRtQUhxOVhOa1FLS09CbUlzWDhSd29fUUVscVpZVG1RcGtMM2paRDdsTjJZSWhHektuU1ZLWkpGSnc0a256QnlPTW9SVy1MUE9iT2F5ZlpfdXgwM3N5T1lDTDJIOWlUU09mWXdwWm5lRzFRTEswbVAzTmhqUWl5NFNCZ0NJUDh3cE9kdkpwNGg1T0xRcThfNXZRWHlLWm9WaFM2ZkpGZ056VmZNOTZyY0s3UDVUWkxHazN4cFJmS1M4dnItZXpRSzdjSU1Ud1lhZkRMUm5ZYlBNaTBxcXBRakp4OFg2U0hBZ2tNdXAtMi1MQnVfQU9tVWNOOU5TeFM1bGxxU3FVVnlHcDBKcFdFenE1WW8wU1BfZ1NSZ1pldllNbUwyWWtmRkFDYzdpS29WQmdIWW4ya0M1N0NqRW9ha2h1ZlBETkFiSmRqRDRacDVPZzNDcF9uNDZXWDU4UWF3UVc2V0V6SlJwTjJPSkVzNGpjUUp0U0JFTEJoWTE1czR0dllRUmtQbU5mYVRNN014TzJEUnpMa2RyUg?oc=5,"Tue, 27 Jan 2026 12:02:00 GMT",
2026-01-29T02:01:05,Google News WSJ,Videos Contradict U.S. Account of Minneapolis Shooting by Federal Agents - The Wall Street Journal,https://news.google.com/rss/articles/CBMisgNBVV95cUxONGNtYWZiZUc2UElKTXR2VnVDbTBmUzEzUDZCcThsdVI3S1YwcUQxWTVnamhQdDRMMUV2a2JBRlFTMndrc3JxQmRmR091MkQwRk1ZVDZybGo2ZWhWOEVJRy05NUpwVGxHNzR2X3NucmI2Z09nam9LR2YzY0dhUjE1RExiTjhwOE1oeGQxSkQ1QlFkMEtMX1FJZi1xNTY3eFpWa191ZHFHczFIanIxME54YWZkMjE3VS0wOFNIeTdocm5EX1JmVEFBNjJtSFU5ZXBGMWNBT3lxd2hPeHFNb3lQbHlMS19iLS1OVnNWYnFPdzlabXdUUkx2N3NSTGZpVFNJcy1rUXg2aUZyQnh2TnAtS1JicUUtalAtaFh2LWx0UjNTc3JHcTRlUFJ2ZDBwZ1NGdkFDa3pNRjFOOGJVdEJ0NmhfQmJpMVJEMHZTYjRoSUFJdXF6bng2Q3RnZzFjNHdQQWo1ZDNTQ1h4MzNpNkNzY05YZGpSMzMyTEFweXVTOHRZaE11d3RtaUV3MFlhdkVvUGQ4VXZjSC1oWnpXZ01tY1pVX3JIOVAxdlNSY1l4N241UQ?oc=5,"Sun, 25 Jan 2026 04:56:00 GMT",
2026-01-29T02:01:05,Google News WSJ,Prosperity Bancshares to Acquire Stellar Bancorp in $2 Billion Deal - The Wall Street Journal,https://news.google.com/rss/articles/CBMitgNBVV95cUxQcy1McVBCT1FjVFhqdUdITks3dUUxX1N5d3RHLUZwMW15NFhUODFRY3lUX2REaVVha2twbGVYRDAtV04xTktjUEhZQW95SE5JRDF1NWRrd0dwcnhwdld3VEEzeHE5MGJfMmZxd3hpUnZUdF9FOTNmMjFoY29OZkEyRHRTZ0JlTTloY1BZQ3pwYnE5S1lKTzNkSXBDNmFIaUhfZXR6a2lnR0lKaHJZR0xJLVF1LWVCUlpvR2RRbVU1eEMtTG1vOFd6U3M2dXVPQmJwNnFCUzhiY204VVVlMExrN2VCTi10U2hpUkV0eUVpMk9IaVB1VGo2dnI1V1ZxMU1oOV9xNGszWGRuaEpHel9kRDNnSTFOMjYxc3lpR05vUlE4eHY1WWNGSHpzLW1VbXlDYkZzXzZGYjZZblZqSnFwTDFFcEFyU1pfVGQ1SFBFdzNIWVBfd3hxS3hxcjJmeWRTLUdhSU5oa1M3QUpPX3ZpaTdjN1ptUmdVUUVScHlLVU4tdDh1aEJKU1A0VEdHbWI0X2xmZEJYZUFJUlFFZXdXeVUwRU8wVldhaGY1UV9lSFNTS3owOGc?oc=5,"Wed, 28 Jan 2026 12:07:00 GMT",
2026-01-29T02:01:05,Google News WSJ,Meta Enters Up to $6 Billion Data-Center Fiber-Optic Cable Deal With Corning - The Wall Street Journal,https://news.google.com/rss/articles/CBMiswNBVV95cUxQSkNmd1FaZ3lFV3llSDJRSDBfbTBCejRlSUdmVy1obVJXTEZia21vTnhjSGNUT0FGUlhCZU84R2NFNmJVb0ZWWG9yYnA1Z0Z4UXdSU21zaXhsZ1NjeEtNbVNqXy1GVkZGMXMxX2szM0Z5SC1HMG9jU05JemYzM3piNVNnQThKZFNTdmVuVkRMR2NLZzJPVTl5eV9pVHNjdThic3NXcEw1Vk8zeHhFSmNaR2tvdE9DdFFyRC1uaUdKZHFCRWRnTFZ4TnQtS0tRako4dDNiajVIWExlWmxCYWFOT3VvSnlZdFpQZjR2QTlFUU9fY1ZQVFV6Sk5iUlpwSklxaWtIZmhBRldra1NrbFJSdEx1Wi1LemQwNTV2cHhES2VQemZwSkphWktBQ0dYV2hscFh5QzVJMG9kM09QMThPTWlreW1kZ090dWNVMHNXeDJsYXp0enhxdGlRZ0ZpbVNubHQ2OUx0ckdJSUpkY29OeUVfWVJXNEdmVmRLeWhyMDF0V0NORXhBMWY3VGlyOXBmT2ZrTEdXbWlhSzBXSDV6WmFxdnVuRUNIc25hQ0Z1LUlBdnc?oc=5,"Tue, 27 Jan 2026 14:23:00 GMT",
2026-01-29T02:01:05,Google News WSJ,Treasury Yields Lose Steam as Powell Talks to Reporters - The Wall Street Journal,https://news.google.com/rss/articles/CBMioANBVV95cUxQeVpDU3lZQTFTX3p6Znp4OVNENkc2d2NRcFJidVVvRGdQazBWTGFrVU1oeW5MSjc3aDhvOFV5OVBtcWt4bDBtbVdmNDE0YlprZjNrdncyYkRvY0s4ajk2WEpMS3JLUUJJYWVPUUI3ZVFMb0ktVG8yeGRmQWo4Sk1DME5YUFg2cXlHdjNBQzdqSk0wLXF3UGwyS1B2UXNYSDYzU1hsdUpPU2xQeF9GMmZGRUxJaUlwb25JdC1yNnoySkJjLVpwaTBCdlhWMUlBaEFSdTZJQkN3OVVBZVVpTUZ2VE1vLWNDTHBqcXYtcVJGN3FxbWlVZnY3NmUyaTBoZkZNUUlZVEFselZ3a2xIU2RaU2hiNXh2aDlLUlE1aGdtSFktX28xWmdIS0t3a09kTWpmTmtUMWdKTjJsNm9IdEUtaE1HSUhJZXJJOWJwZ0tpcklrQl9Qai13WVZwZDBVTmFpazBQc1hNMmxJQWRteGhOOXVDMlAwa3VhbjRkUFBLUERYRkFEdHItVVdZRDZ1SWtUbEU0ZHZwcWpCQ3NsNVlvbA?oc=5,"Wed, 28 Jan 2026 20:14:00 GMT",
2026-01-29T02:01:05,Google News FT,Carvana shares plummet 14% after report by short seller Gotham - Financial Times,https://news.google.com/rss/articles/CBMicEFVX3lxTFAyTFMzbUlaSUh5czJKUVQtRENxTU1kX1NSemItSXVDVk5sSkpmS0xOSnFyZDB0ZVUwVW90ZFduSFktd2RhVC1ISG4xU2JXaTFOVDFjWHFrTVZKRHhKcnlqQ3AtOHNMYncwYk5XRGxheWg?oc=5,"Wed, 28 Jan 2026 17:25:33 GMT",
2026-01-29T02:01:05,Google News FT,Stellantis resets bets on US classics: $13bn push to revive Jeep and Dodge - Financial Times,https://news.google.com/rss/articles/CBMicEFVX3lxTE1YbjlGQTFHd1NTM1R4YnpuRWk4TlB6VGRCOVc1MTNqMUFrNEJSbndUYWF4cUx0R0Npd2VJT091SGN1SnRYWGhMblJqV0JHRU85OGxhdXJyQWs5XzY4bGxXQXprTVpBcWV2TlRYRVptcTg?oc=5,"Wed, 28 Jan 2026 16:14:46 GMT",
2026-01-29T02:01:05,Google News FT,Grindcore is the new hustle culture - Financial Times,https://news.google.com/rss/articles/CBMicEFVX3lxTE1wR1VKMGlaZUo1TmQyTWhiWkdPNS1jTGtMSy1aajQ1ZWhYWkFPcFVDa00yd1Q1SkhfSG9OSUo1clZoMC16VUI2S1AxeHZxMnpIWm9MWlROV0dsVnZ2djdPMWp2LTdWU2RHamRlMTlGZ0g?oc=5,"Wed, 28 Jan 2026 16:28:15 GMT",
2026-01-29T02:01:05,Google News FT,Microsoft’s AI spending and disappointing cloud growth overshadow strong profits - Financial Times,https://news.google.com/rss/articles/CBMicEFVX3lxTFBLYmwzRXZZaDNNVUZ1UEpzdURWaWQ3LUFVc2RSbkk4aTNjaGx1NlE2b2VDWjZ5cGJlVHJwZDJTNlFtTVNMUnNuUk96WHlZNmdwZDV1ajg5RnN0SmFPSnVzRWJrUlgxbmNhQVR1SEZQZUM?oc=5,"Wed, 28 Jan 2026 21:24:03 GMT",
2026-01-29T02:01:05,Google News FT,"Amazon to axe another 16,000 corporate jobs - Financial Times",https://news.google.com/rss/articles/CBMicEFVX3lxTE5NeUlDendkR0hkNlhNNUMwODFHRXhIVVlSZXlHVFZpbkl0RDJxUS1WS2JkaFRYUTMtUEhudE43YUZhMVd1RnlDWl8tQ3BsOU9RVXAyOTBRVEFtc1NHR3BNTDZDemhwMlBSY3dQLVF1SG0?oc=5,"Wed, 28 Jan 2026 10:46:22 GMT",
2026-01-29T02:01:05,Google News FT,Silver squeeze leaves solar panel makers feeling the heat - Financial Times,https://news.google.com/rss/articles/CBMicEFVX3lxTFB6Y1NMeWFmTDlaUXJxQl9qX3VaamxPMEJhdUt0WFhvQVVYQ0FfYkNFbnl2ZTJwMGhuMmMxVEV2T3hoZnN5dGQyT2ZDYS1jUVpjZ0lNVGxTR2FMQ09jUU5UN0NaX3VnWGtDVEZIb1ZTbi0?oc=5,"Wed, 28 Jan 2026 13:27:45 GMT",
2026-01-29T02:01:05,Google News FT,Deutsche Bank raided in German probe over Abramovich links - Financial Times,https://news.google.com/rss/articles/CBMicEFVX3lxTE1SNGlwTUpRLUlhTWRvUVQzTmlLd2owZnVBQTVJVGJkR2NnLTBHdlNmT2dhTllYUUxDRUV4dW5BcktDWlpZZDZ5QnBpOTZuMFZqbzF2QW4wOWRnS1dnY2ZJTWp2c083bHpXZURLVlg3Wm8?oc=5,"Wed, 28 Jan 2026 12:29:14 GMT",
2026-01-29T02:01:05,Google News FT,Investors bet on ‘hot’ US economy heading into midterm elections - Financial Times,https://news.google.com/rss/articles/CBMicEFVX3lxTFBFTS1MbUhiMS15a042TzZ3OFFXc05Yc25rSDNrZEpraGtxT3FUTHVldFR3X3VmYUZhVHVsZXhPQUhHZGJhQThPcXUzOWFsT3JtTzNHYzROVTQyWm1UUVRON3FzSHNqUEN5UXAwRFdtb3g?oc=5,"Wed, 28 Jan 2026 05:00:16 GMT",
2026-01-29T02:01:05,Google News FT,France presses Capgemini over ICE contract amid international backlash - Financial Times,https://news.google.com/rss/articles/CBMicEFVX3lxTFBCZ2tKN3hjZEJYdWwzTEx1QTd1WEx5TnFxY1l5bmt0dlBTTm5NaGtfcVVMeTMxYkR5NzBsMTRxcmdJcFBDU0tyV1pLbEVkUGNRVmZNNWxCOEc3UG1nMkFqTmx3ejBIQnZDdDRmTER2UlU?oc=5,"Wed, 28 Jan 2026 11:52:45 GMT",
2026-01-29T02:01:05,Google News FT,SpaceX weighs June IPO timed to planetary alignment and Elon Musk’s birthday - Financial Times,https://news.google.com/rss/articles/CBMicEFVX3lxTE9sankyZDVXRmxrSU9heXNqT2wxVmkzOVlHZlRyeV9iRDI0a1g5dS1Bdl83ZWg0c2duZ1JrMDRUSWNDcmZuTUpQcEpNTjh2VXZsa1BmQTc4WWdPcmQxYUVNaFlfYmx0YU5hMWFKeXYzLTc?oc=5,"Wed, 28 Jan 2026 05:00:25 GMT",
2026-01-29T02:01:05,Google News FT,"S&P 500 tops 7,000 for first time - Financial Times",https://news.google.com/rss/articles/CBMicEFVX3lxTE1EZzFyY1JySzdIREdiY2l3bU40T0NlMmVodURPcWN0VHh0OXdkNWlrZGlacmJUeVRsVHBrVnFQbmlqRDRESGhpLVpEZW1ucmxzWmlSMGFTVmlfdUV6azJmU1J2dWE3bExZMWtlbVpaZzM?oc=5,"Wed, 28 Jan 2026 14:30:56 GMT",
2026-01-29T02:01:05,Google News FT,Google scuppers service comparing YouTube viewing with TV and streaming audiences - Financial Times,https://news.google.com/rss/articles/CBMicEFVX3lxTFB0YVcyQ1EwRU1VTmZDRWFqZ0dfUHNTaTdJLUd1TUxfWXRQRlB4eUJGUV9MNTJsX0ZlRTMtc3Z4TGZqZnd4UElIWUxHSjlpY05lOEU2cUtjUEtrUnNFLWU0WmJxNGhhYWdZSVB1MnUtMlo?oc=5,"Wed, 28 Jan 2026 05:00:16 GMT",
2026-01-29T02:01:05,Google News FT,Gold climbs to record high after slide in dollar - Financial Times,https://news.google.com/rss/articles/CBMicEFVX3lxTFBzMHp6T3FiaXl4bmFHc185UUFHNGJYZlVBdXVkeC1vbTNZUlVzb1hLcUQ2UlM0NlJZWEVna2NxLTNXclgyVHd1TE83RWlJUXA2UkdoM3JoejRsMlBYTlBTQlJXblNFd1dFU2lWZFRzNlI?oc=5,"Wed, 28 Jan 2026 08:07:05 GMT",
2026-01-29T02:01:05,Google News FT,Swiss franc surges to decade high as traders seek last ‘reliable’ haven - Financial Times,https://news.google.com/rss/articles/CBMicEFVX3lxTFBVaTBhbmU4eU1QWjExOEhsYzJRcEZZcnZaaXNiNk5mYjNjWkZ4MExWSHJsUVVobVBIQjkxOWNnUEZ4R2wyNEdZZU1BTkxuSjFpQ0pFRk9OdEVMNExQOVZFTGJnOVY4amt6Z2Z3eFVyLXM?oc=5,"Wed, 28 Jan 2026 05:00:25 GMT",
2026-01-29T02:01:05,Google News FT,Uber invests $500mn in Canada’s Waabi to accelerate robotaxi push - Financial Times,https://news.google.com/rss/articles/CBMicEFVX3lxTFBtcDFYenhPNUFIbTRFTWpZZEtOV1RRZXZQZnF3aFREUXBiR1pfSm5xdXRwc0psV29UVm5lNVJ1YmJVZmVyNndtLW5fendONWkxX2ZETnZJcnJpRzNZVWMtaVB5THN1bU45Vl8tczhGdzI?oc=5,"Wed, 28 Jan 2026 11:00:05 GMT",
2026-01-29T02:01:05,Google News FT,Star Kirkland & Ellis partner’s future in doubt as firm sides with PE in legal tactics dispute - Financial Times,https://news.google.com/rss/articles/CBMicEFVX3lxTE9pLVRaUWk2enZXdC1iNi1malBoMVJPbG5hVHdUM3c1d0hCX1M5emh3cEhtWHNPcXBpWHd4MlRGOVhqUFJiekpSZ0ptLU9pcWFqbGgyWXpFSDZpb1JNT3Z1Y1hicl9mT0ZkdEQxaTVldzQ?oc=5,"Wed, 28 Jan 2026 01:03:07 GMT",
2026-01-29T02:01:05,Google News FT,Scott Bessent says Trump administration is still pursuing ‘strong dollar policy’ - Financial Times,https://news.google.com/rss/articles/CBMicEFVX3lxTE1rcW1BQXlFM2R6bjZxeUMycFdlZHpLZEFvcE9JZTdyNUxockhmMU82VGpkWkR4NlpBRmRyb1dsYUpQRjE2NTBCMHVLTHhBck4zc3FDb3NkXzBhZEpnbXkwMlNSUXE5WU1zaEl6MFQ3c0I?oc=5,"Wed, 28 Jan 2026 15:42:50 GMT",
2026-01-29T02:01:05,Google News FT,Tesla trims car line-up in pivot to AI as annual revenue falls for first time - Financial Times,https://news.google.com/rss/articles/CBMicEFVX3lxTE8yeEk0UUlxdXJ3VmJzYmg1SEJMUl9HcGlVLVlucEhXY0twNUVtUE9wZ0ZTUEN1RFZXUkxyRXI1bnkxcDZBeUNGamRBWTZ6SHBEbzl5ODZieGp1ZlhmbU5WTmJzSVpJdTRQbGd0LTZNQWc?oc=5,"Wed, 28 Jan 2026 21:10:50 GMT",
2026-01-29T02:01:05,Google News FT,How private equity’s pioneer in tapping retail money lost its edge - Financial Times,https://news.google.com/rss/articles/CBMicEFVX3lxTE9TMHh1VkRONmljYUVXMjZpaFF1TmozSWpTVWJsdkFPaWJQNWdIdlJ5N2xxU3RBVGRacG14elFVVXN0X2dIY1c2eFVyLWhlS2psYnMzblRDZmlyMkcwLVhCRGhteDhVVl9IS3ZSSjEwem4?oc=5,"Wed, 28 Jan 2026 05:00:06 GMT",
2026-01-29T02:01:05,Google News FT,Fish pile up at European ports as new digital system falters - Financial Times,https://news.google.com/rss/articles/CBMicEFVX3lxTE12eWY2Vi0zbFkzVEhiSEk3cGtLNGpSaThTLWgtbTVFZTJwQlZIUE00VUxuSnIyeDBJRXJfZktQSTlnaWoyQl85SEUxcDY3aFo0WlN1NEFGSDRtSjZkakl6REp0aTRRYmdwcjV5WlFfQzA?oc=5,"Wed, 28 Jan 2026 05:00:34 GMT",
2026-01-29T02:01:05,Google News FT,"ECB would need to act if euro keeps gaining, says Austria’s central bank governor - Financial Times",https://news.google.com/rss/articles/CBMicEFVX3lxTE9mbFZtRWFMNUZkbnVSTVBSdzduZTB6QzdQaGkzamlUSkNtYzU2aVRsaE10bFpBQnBVS0ZGRE1NWVk1Wm5XYUItcEtObzJNaDJtUGJxWkUtZlgyeHFtVklVeUpBVDBqWWFwamZVZzQ0TWo?oc=5,"Wed, 28 Jan 2026 05:00:25 GMT",
2026-01-29T02:01:05,Google News FT,The Russian refinery Germany is racing to save from US sanctions - Financial Times,https://news.google.com/rss/articles/CBMicEFVX3lxTE9qdmJNSUxKYkdfTEc5bFpqSVpxdDdpOU1VZXNBeEhGUXFlb01IWHJSY1QxeHMzdDlOSk1uNjhNWDBkZWtGal9pTHZmXzJiSzFMbExnb3BKOEpZbUF2cU1yUWtKY1VoVXdYamJ6UHR5Yng?oc=5,"Wed, 28 Jan 2026 05:00:16 GMT",
2026-01-29T02:01:05,Google News FT,"AI will not lead to mass layoffs, says head of India’s largest IT services company - Financial Times",https://news.google.com/rss/articles/CBMicEFVX3lxTFBVQzl1ZHMxaTc2ZHltZ1RfbVNYX0NrQkd1czBEd0ZEM2tmcnByVnI5VklnUjFuOXJfZ3RnTzQzYVZOUm5YeDNBVlVvMzlfWlppMXhvd1V4SlRENHk4NlJlUHhQeGhUV0luZWtGRENqMlo?oc=5,"Wed, 28 Jan 2026 02:12:25 GMT",
2026-01-29T02:01:05,Google News FT,Tether scores $5bn windfall as gold price rockets - Financial Times,https://news.google.com/rss/articles/CBMicEFVX3lxTE9rd25zR3pCWkxtNGZFd0t6Z2JFbDVLV0hOWTJ6aVphOWlINUVtVEpuSTRxcWp4ZWp4STQ3eGduQnN5SmZqc21jaEVPd2VWNkx2czVLNzZ3bGFqcFlPNkVjaU1PdlpDVVZ3STNVYUhZbXA?oc=5,"Wed, 28 Jan 2026 05:00:16 GMT",
2026-01-29T02:01:05,Google News FT,Xi Jinping’s purge of top general sends China’s military into uncharted waters - Financial Times,https://news.google.com/rss/articles/CBMicEFVX3lxTE42Z1BrQnJNaFVET3puQWg0b0pDX2F6MnJMbExDSWtBVW1uU0xzVlVTcUYxWmNBRzZ3NXFtVElPX05hdEhjNlpQMTRBTGtBVFMxbjlNb2tmZVFYS2NjR2RyMHNXN3BCY0Z5SEEwbjVLRGM?oc=5,"Wed, 28 Jan 2026 05:00:25 GMT",
2026-01-29T02:01:05,Google News FT,Nato without America: Europe ‘thinks the unthinkable’ - Financial Times,https://news.google.com/rss/articles/CBMicEFVX3lxTFBTd1lWYnh1LTdNZWlVaEpVeGtBTFAwbENDWnJSSkxhUXR2YnZoemd0b2QyM1J2Wlk1TjhVcEprSEZhWFV1enU0MjVGb2RKdDVxcGZuRk5jU1lyaVpoNEROZzc5QTNmNF9vWFJlbFZIVl8?oc=5,"Wed, 28 Jan 2026 05:00:16 GMT",
2026-01-29T02:01:05,Google News FT,The reality of a world after rupture - Financial Times,https://news.google.com/rss/articles/CBMicEFVX3lxTE1LNHMyS3V2UXhwb2Naa0dOR29iYzE5VUxKMmE4ZXRhbmgyVWxSTnBKbVI0TmVZM2JpT0gyQTNzbjhzWXFQWkxzcHpMaG8wZ0tweDAwZE9sWlY1ZWt0VUJzbnhVMUkxMzRwcEgwbzY5ZHg?oc=5,"Wed, 28 Jan 2026 05:00:25 GMT",
2026-01-29T02:01:05,Google News FT,Citi seeks to move harassment claim against top executive to arbitration - Financial Times,https://news.google.com/rss/articles/CBMicEFVX3lxTE8xNmJMUkpJS0ZLcXllVWlHRkRqOEt5V3JPUFdoT2RjVVB0UWdGX1lmVm11TXpVa0JwR0ZBMm94RDVYa092U3d2NWV2Qi15dVRjVF9pSGNCdFJQMEQ1RXNlZ2dxcDZLUmFJMExYQ0Rqbm8?oc=5,"Tue, 27 Jan 2026 21:33:21 GMT",
2026-01-29T02:01:05,Google News FT,Trump warns Iran ‘time is running out’ for deal to avert US military action - Financial Times,https://news.google.com/rss/articles/CBMicEFVX3lxTE12cDZmREVXSGMzeHhZZTBZTk04WGtxeWpNTm1SVkRnaTI0anlzRE1nSVllWEdFQVFzNy1SUElQdUk0cno1andZVUdkUklzOVJvT2ZfRmM3R0lZc2JZekRrX1JCX2wwd01RdFZVR0lmNDc?oc=5,"Wed, 28 Jan 2026 12:30:41 GMT",
2026-01-29T02:01:05,Google News FT,Argentina’s Javier Milei clashes with billionaire CEO over protectionism claims - Financial Times,https://news.google.com/rss/articles/CBMicEFVX3lxTE9ZeGUyLWtEYkpKT0NObzh5dEJBRTlwak56VzFQamphazZWTG9yODFfOVp6bTA2WFJjTFZsR1BSTl9raUhzU3RSajlVc1hlTVd5REtLMkZ1b2pKUUNEVkhMTFRJQVJBc19jMjVaeHlRNUY?oc=5,"Tue, 27 Jan 2026 22:19:55 GMT",
2026-01-29T02:01:05,Google News FT,Iran delegates emergency powers as threat of conflict with US looms - Financial Times,https://news.google.com/rss/articles/CBMicEFVX3lxTE0zRVZCREN0ejlrNFlGVzhTbEFjMjd3N1lvQWpCMkFVSGsySFBKa0t4WF9MMzRscmVUTFNYM1dVUHVkZF9XUVRVT3ltYnNrVHlINnJLZ0Y4by1aZ2NIU01weTM1d2RNUEsyN0QxVFFNaXU?oc=5,"Tue, 27 Jan 2026 16:07:29 GMT",
2026-01-29T02:01:05,Google News FT,Canada’s oil industry thrives as sales to China soar - Financial Times,https://news.google.com/rss/articles/CBMicEFVX3lxTE9MZ0cxNXZiVnl3NEwyUE9VYUZ0RW81bExiUjhsS1NSeVQ5WGtlNGZkZFpQNWpuUDBMLU9EblAwSXlEVVQ0dVVJTG1UOHhqU0J6SjNBSjVVdWZwamplVzJ2d1dSbkp6RUFxeG1obVM1Y3U?oc=5,"Tue, 27 Jan 2026 16:00:06 GMT",
2026-01-29T02:01:05,Google News FT,Anthropic doubles VC fundraising to $20bn on surging investor demand - Financial Times,https://news.google.com/rss/articles/CBMicEFVX3lxTFA3VDVjd1YyVVpFbWFVeTFqcjRvaWlSNTVDMDZ5bjZNUG5wNWc2eHdOSHhkZC02b3F3U2VVS3A3WHVlRzBQclBBNUt2Mmp1Z0ZMLV9XY0gxbUxMa24zc2lNUU1zZURTRGd0ZUNYSVpxcl8?oc=5,"Tue, 27 Jan 2026 18:47:29 GMT",
2026-01-29T02:01:05,Google News FT,"UPS to cut up to 30,000 jobs and close facilities as Amazon shipments drop - Financial Times",https://news.google.com/rss/articles/CBMicEFVX3lxTE5mMjF1N1g2ODNDcGQycURyeEd0OEp2bXl3ajlWZ3BvMXM5YktWUkN5YkJGRDA1Vk1vZTZrcTdwa3BEWUxaSl9DaktQc3dlZG1CMFMyMUVhVDVCSm1DM2JpT1JuTHdqX2x1a3dKd0hmNnM?oc=5,"Tue, 27 Jan 2026 21:43:21 GMT",
2026-01-29T02:01:05,Google News FT,Investment in Europe’s chemicals sector plunges over 80% in 2025 - Financial Times,https://news.google.com/rss/articles/CBMicEFVX3lxTE5XTWtUbnVJSTduOUpQUmxETlA5T0VwQ015cjB1b1NSdXF5UFgyVDhqWGFJMnFXcWVuNkFsUnRlOGNYdzVaWGZqMEYyMzFRMFFaN3FJTm5mUFZCLUVqV2JyY0xhalJTZEtLdHBDUTBFQW8?oc=5,"Wed, 28 Jan 2026 05:00:25 GMT",
2026-01-29T02:01:05,Google News FT,Dollar slides as Trump says he is not concerned with its recent decline - Financial Times,https://news.google.com/rss/articles/CBMicEFVX3lxTE5LLTFCX2RSbjF1a0I0REVoSERGNHJvYjJDd25ENmxRNkpXbXJ3UDVqWkxfTnhjb2h0SnA5Mm5hN2RBVG5CbDM0UExwUnVFWU40LUxtcU5kVVU3VDBFdW0wMDBjWlRiN3ROMkZRa2VJUjM?oc=5,"Tue, 27 Jan 2026 15:06:41 GMT",
2026-01-29T02:01:05,Google News FT,Who’s been buying all the gold? - Financial Times,https://news.google.com/rss/articles/CBMicEFVX3lxTE5FSHVjUWlxMDJmd3QxUEk1YkV0VkJPUVdYMm95SF9qa3J2MVlrTFZzRDhpLUExRlgxNWx3RjhUVGI2OWg0cHNKdTBlOUlsa0owenllS2lKODlMRVJUZU16akFXazBqYW43ek1tQ3luTkI?oc=5,"Tue, 27 Jan 2026 13:28:56 GMT",
2026-01-29T02:01:05,Google News FT,US links security guarantees for Ukraine to peace deal ceding territory - Financial Times,https://news.google.com/rss/articles/CBMicEFVX3lxTE9hZlVJRWVSckxvMlBQckNuVHI0a2hJQVFVUGxUV0Vha2ZIekhHYUsyUWo4dXhWR245Z1Q0WU1kaEFnRmlVd05tZW5RR1Z4dDlIT0pVd2lPUDJGSmUyN0tLM3BoX2xpd1o1MFh1Z0NvMGU?oc=5,"Tue, 27 Jan 2026 05:00:45 GMT",
2026-01-29T02:01:05,Google News FT,How Nato is preparing for war in the Arctic - Financial Times,https://news.google.com/rss/articles/CBMicEFVX3lxTE9PdDlPWlNqaDFBLU51RlkwOUxBX3RqSGFqenVaUUw0aTVDR3pMRjFZZzZ5a0lSWTZYRnY5a2tUa05Da3o1WTZXYnMwNFNqd3JJc0NXS05tVmkyd0poMzRDajY3alFkYmNBRVc4Q0pWeTk?oc=5,"Tue, 27 Jan 2026 05:00:38 GMT",
2026-01-29T02:01:05,Google News FT,The tech ‘courtier’ steering Trump on AI to Silicon Valley’s delight - Financial Times,https://news.google.com/rss/articles/CBMicEFVX3lxTE9qOUR6VnJFNWFlUEt6RlpVVlZfQWtRQzR5enpZdXNsVE1pVkVFUGFmSFNidlhsQS1PeTdGNW80Q1JxV1VGendkRGUtUXdIbWY5ZlJQUXl0UVBQc2dRVllldTZ4YVdMVWZDNzgyR1lGQWg?oc=5,"Tue, 27 Jan 2026 11:00:08 GMT",
2026-01-29T02:01:05,Google News FT,Former Citigroup executive sues bank over handling of sexual harassment claims - Financial Times,https://news.google.com/rss/articles/CBMicEFVX3lxTFAxWDVDWncxUHJoNk5ZMmpidl9hZFZ1UFc5TWRhNTZqY0hoTWdEOHgyVVdzT0hQazJZVjVLU1Q3OGw2TzhlbVY5N2NoMmtJSDFCUFpXSG82cTI2dVlsMTJocGhUOTExWEx4bjhWaVZ5WjM?oc=5,"Mon, 26 Jan 2026 21:10:50 GMT",
2026-01-29T02:01:05,Google News FT,US health insurer stocks plummet on Trump Medicare spending plan - Financial Times,https://news.google.com/rss/articles/CBMicEFVX3lxTE9qeXA1TlNvdWQ0aDd6ODlzenFidkhTT2EtMlJxVWQ0UW5wSVpFNmNSZlBZWkx2amJ1MlFYQ2J4T2MzSDFuOEdwakp6VDBvSjBzYTBQMEplMzhWV3NOZEZOY2lpbUYza1dFZHlUenp5M3k?oc=5,"Tue, 27 Jan 2026 11:35:35 GMT",
2026-01-29T02:01:05,Google News FT,Can smart pills make us healthier? - Financial Times,https://news.google.com/rss/articles/CBMicEFVX3lxTFB0ZEJ1d2dvX2dXX1Myb2FYRmRmci1NRUNTWDRCSG9CeHlaRGllQ1VONGJTT0w5cXp3M2h3RWF1aExHZDY3bW1XV2tsZjRoYUVrQTUxczl1alJ1Rk1IX0thRG1NeUhTT3BQd0dpNExtR1U?oc=5,"Wed, 28 Jan 2026 05:00:25 GMT",
2026-01-29T02:01:05,Google News FT,"‘Humanity needs to wake up’ to dangers of AI, says Anthropic chief - Financial Times",https://news.google.com/rss/articles/CBMicEFVX3lxTE12VnBfZzdBdTdwMFVOaUFrVUF3ZWlXSER2YndtVEhfUHM5TGFzWG8wdi1XTHBwZHVJVGktZ0tTaFFHM2Z5dHJWel8zWldtQ0dKMzZJOW1IUG5FNWVVd0FNRDhfU0ttY2llU1ZaTFl3Tk0?oc=5,"Mon, 26 Jan 2026 22:22:52 GMT",
2026-01-29T02:01:05,Google News FT,ASML forecasts bumper sales as AI boom drives chip demand - Financial Times,https://news.google.com/rss/articles/CBMicEFVX3lxTFBsTkdNaGppTlc3Y1g1aXFCMi0xb0dhY1E5OGdWc0tWNVlrVmdXTE9CTE9uRUF0WnU1VHBSRVdYaVRjV1lZU0tHenBDMmRncUctVzV2QzhNaVNtSEFTaTN6alhnX1FXbmk5d1RfTk9wenQ?oc=5,"Wed, 28 Jan 2026 06:46:51 GMT",
2026-01-29T02:01:05,Google News FT,SoftBank close to agreeing additional $30bn investment in OpenAI - Financial Times,https://news.google.com/rss/articles/CBMicEFVX3lxTFBoQlNVUmtoWVBBWGlVOE9uSmU5WE1nRGpvZ0xQXzd1dVNrMl82OWwtMFRuZjFpZnl5NmVPMXhCYWZTNmJvN09nYmlORFEySVdDVE9KX0t4Z2VtQ2ZjTF9NY1hINXFtXzZROFN1NGdwamY?oc=5,"Wed, 28 Jan 2026 06:23:50 GMT",
2026-01-29T02:01:05,Google News FT,Michael Bloomberg tops up climate spending to beyond $3bn - Financial Times,https://news.google.com/rss/articles/CBMicEFVX3lxTE1aTWVSTE51VmtqS2dFU2w3ajc2RTBUMTQ5eF9Sa3pSRjd1alBlcUlHc3IyWHZCYkFIb1JVb0JvUE9kSU9NWW8tNnhadXpIdWFSTW9hWU44bDFtallLMnJOZXllUXNwVWZQeWNGSUlaZHY?oc=5,"Tue, 27 Jan 2026 05:00:34 GMT",
2026-01-29T02:01:05,Google News FT,Goldman-backed broadband provider CityFibre set to axe third of jobs - Financial Times,https://news.google.com/rss/articles/CBMicEFVX3lxTFBLTy1wMVFhbkhicW5kc01QNmJIN3dSN2NZdklwMUNVakhHeVo0ZGhXQ3BZQ3pYR1JGX252dFpxRDBVaFZsVVRYT0stWW51RWRfZHBCaDZOZ0RyY0sxQml3czdyV3hCUjJFYm5lZmFJako?oc=5,"Wed, 28 Jan 2026 11:13:53 GMT",
2026-01-29T02:01:05,Google News FT,US long-term unemployment hits 4-year high - Financial Times,https://news.google.com/rss/articles/CBMicEFVX3lxTE1tdWt1dXRxNmJlWDR2UElfQnNvam5hSHlUbHN5VFB3NUxhSFF0el9pcUpSMjFFNk4wbkNpcUN3eEwwa3lBckc1RFIyak54SU43a09FNlBpYUQyS2tfbXRBYW1GdEZCdkZpOU5HMFpaa0c?oc=5,"Mon, 26 Jan 2026 11:00:02 GMT",
2026-01-29T02:01:05,Google News FT,"In Ukraine, it’s all about the land - Financial Times",https://news.google.com/rss/articles/CBMicEFVX3lxTE1pdXZHYWg1cDFpREExMXlLWDVTQWpoZ3pwQ3lqNG9vSGxOYjZ5TGhyaHRncnFJWUhPR2wxUWJ0RTkxNGlOdEtrUEV4TkdXWkVHSEYwMVRhWkhvVGtrTjYtanJKTEVTaXZId0Q0a1cyMlc?oc=5,"Mon, 26 Jan 2026 12:27:17 GMT",
2026-01-29T02:01:05,Google News FT,US consumer confidence plunges to 12-year low - Financial Times,https://news.google.com/rss/articles/CBMicEFVX3lxTFBtVU1YZ0JqbDBEcjZRSEF6SW5IMWV6TDZFSHlPMC1uVWswRnJMSjdtWS1KVmZtcDFNS0RKRjJCVlctYlBtVlJBVjRIQW11bUtWVDEwMDFGdHl3MUlYbXNCV1pUQ0ZCTUN2eEFhTnJCSjI?oc=5,"Tue, 27 Jan 2026 18:05:05 GMT",
2026-01-29T02:01:05,Google News FT,Why people still matter in the AI era - Financial Times,https://news.google.com/rss/articles/CBMicEFVX3lxTE5FV0JMSmVCaEtvRzItWmZPbzNCVi1LYklLWXRBT2gzUlJPd1dHdVJDcXJIVXlkbTlCSl9MRzBzRkRabnQ2R0NZS1NXZDN6UGFpcEtFLVI1WElTejJXMEZGcFFRa0VaV0xWbThUWjcxQm8?oc=5,"Mon, 26 Jan 2026 05:00:38 GMT",
2026-01-29T02:01:05,Google News FT,The precious metal feeding frenzy - Financial Times,https://news.google.com/rss/articles/CBMicEFVX3lxTFBYeEVHSkkyc1FzSzhDWV9rZGpYTkpVSFRmbzVhbExFcVFDT0Z6ejhHNzhIQnB1R3hsX19CWmZXbHpKZi1KQXNXVngzb1d4b083Sl9EYXJkNmJSX3JzVS10cy1QWWRXeEFTdklUc1YwR3U?oc=5,"Wed, 28 Jan 2026 16:24:54 GMT",
2026-01-29T02:01:05,Google News FT,EU to announce ‘mother of all’ Indian trade deals - Financial Times,https://news.google.com/rss/articles/CBMicEFVX3lxTE4tNlFoWDFza0hJOXVObFRhOTRVMFJCeFl4cDgxaFpDdW9lek00emwzOWhWRzFKY2JrM1RUNUZ5WFByd2RvQVl5WkkydFM5bmxLeTVMdzdhNHkyRmREZWZpLTd1U3VKX2tlb1BvWGotOTE?oc=5,"Tue, 27 Jan 2026 01:00:20 GMT",
2026-01-29T02:01:05,Google News FT,Rick Rieder is a massive dove - Financial Times,https://news.google.com/rss/articles/CBMicEFVX3lxTE1KT1pGTXZqc3hRdy14dWN6Q1ZrMzNtVm5xM2V5QURNaDQ2dmo5MEl4ZFgzYTh2TmpZY1J0aHhCZFRJVTh0d1JIVUM4RkUyOUJUaDlOSThvSm13a3JNemR2WUNFNDE2NTFtTy0yTlFHbTM?oc=5,"Wed, 28 Jan 2026 06:30:05 GMT",
2026-01-29T02:01:05,Google News FT,Rheinmetall and OHB in talks over Starlink-style service for German army - Financial Times,https://news.google.com/rss/articles/CBMicEFVX3lxTE5jVGszUENRcW52NHZaUG16MHhnV2FSYUVST0h0aVdBdXJQWVAwcDhERS1uUE0xVFJ6OVJoQmhzOF85cGxmNTNWRUJZWnEzbmF2M0lleURsZVVZRmgtVzEzUTNqYjhyejlhb2YyQnRxWWg?oc=5,"Mon, 26 Jan 2026 05:00:38 GMT",
2026-01-29T02:01:05,Google News FT,"Dollar sinks to 4-month low and gold soars past $5,000 as yen leaps - Financial Times",https://news.google.com/rss/articles/CBMicEFVX3lxTFBKYi1YX3NRZ01MeVN5T21makhTN1E1Sm9CY1VoN1FyWDhYUnlMXy1NSFRTRDVMTGFRWUdsZEcySXNXbDhsNU9TNjM4QVVjTmJtQ0dtTDFLZjYzMTdQY0h2T2l2alJfT0dOOHlTSG1BTng?oc=5,"Mon, 26 Jan 2026 02:58:00 GMT",
2026-01-29T02:01:05,Google News FT,Luxury stocks fall after LVMH delivers mixed results - Financial Times,https://news.google.com/rss/articles/CBMicEFVX3lxTE1qajRRTHpwSl8tVFJYRlJSODNhcHJkMGtMRFFia0RSUG5JOHB4cU9HcTlIRmxlVUlaTGFoU2tpZktINWpiOVdRa0RLUTRvcXlOcGZXVjhfMkRVRUcwWEVNMEU3U0dFamRISDFlMDRtUVo?oc=5,"Wed, 28 Jan 2026 09:48:16 GMT",
2026-01-29T02:01:05,Google News FT,US natural gas prices soar to highest level in three years after winter storm - Financial Times,https://news.google.com/rss/articles/CBMicEFVX3lxTE9zQjl3Zk5sc2p2Q25xMFF3ZUtEZDk5Z0dJQmQzamdGNmJqNVZpZHFpOW5aV3FES3puczFzQ29vTmtKbDBnQm9EWmVYd0FuNlluMmYxYWM3WTlYaVJTWVdXZWxXWW8xMkMzVThTTUd6MF8?oc=5,"Mon, 26 Jan 2026 20:46:05 GMT",
2026-01-29T02:01:05,Google News FT,Indonesian shares plunge after MSCI warns on market’s investability - Financial Times,https://news.google.com/rss/articles/CBMicEFVX3lxTE4tWktaa2ZFRlBJZnRrMW8zSlNUcG9HRXE1Y3hzYnJvbUpwVTFVMHIwTG5va1VSdHNla2xDRkE1clFzZnd3UWFETk92Zjd5WGwxR1NDRjJ4UUlILXhsemo4aDZKQ21yVVJVTHc3WEpVTmI?oc=5,"Wed, 28 Jan 2026 03:47:21 GMT",
2026-01-29T02:01:05,Google News FT,Octopus Energy urges Starmer to ‘embrace’ Chinese technology - Financial Times,https://news.google.com/rss/articles/CBMicEFVX3lxTE9GcnZ1NXE5QlRZRTlpZ0VQN0lzclB3dE5RcGlGNzlPNUpxaU44VHFXZ3NIVm1Da0pWU1R0azA1TlBqVVhhS0lKQXNSTV9aZHU2ME8xTVNtamRmdWFndGxOMi1LUnRubmotVDZ2RWQ0Qzc?oc=5,"Tue, 27 Jan 2026 22:30:00 GMT",
2026-01-29T02:01:05,Google News FT,Saudi Arabia to scale back Neom megaproject - Financial Times,https://news.google.com/rss/articles/CBMicEFVX3lxTE01MzdSMjFuMXhSOXVYMTFBU1gtYU1CajBtWmE2UEtwSTA0VkxoeHk5LUJjZWJFemdfWmhNaW1waTZJcDBjRjN3Uk0xMkx5bGhYb2dBM0gxVm9zS3N4Y1FtMklMSkxfNjdiaFh5WDNsZGU?oc=5,"Sun, 25 Jan 2026 11:30:30 GMT",
2026-01-29T02:01:05,Google News FT,KPMG’s UK partner pay tops EY and PwC for first time in a decade - Financial Times,https://news.google.com/rss/articles/CBMicEFVX3lxTE15T1dXYWdUdTBaZG0tSGxURmFXQlFSTjc4aUhITTVXWEZkVWdKbXZqSVV3QVp2c1kwbFBIa0s3Vk40cHBBci1JNEhLUWhUOVA1SElVbXF1VEhmU0dHYURzNFZNZGN6eDE3bDdxNjd0M2o?oc=5,"Wed, 28 Jan 2026 14:18:07 GMT",
2026-01-29T02:01:05,Google News FT,"Robots only half as efficient as humans, says leading Chinese producer - Financial Times",https://news.google.com/rss/articles/CBMicEFVX3lxTFBmWkp5V3FwNVZMQUZiRktneG5SLTFyT3NtSGdqRHJ1S2lEYXlibDFxZ0ZzYjNwN24wTHFaeVVKa2wtc1Z2YTI5eEtYWmdQbWRfRVk0OVBBVnp6Q3ZIY0s5dVJ0SjB2RDRqXzl2OVpGOTU?oc=5,"Sun, 25 Jan 2026 05:00:27 GMT",
2026-01-29T02:01:05,Google News FT,Drax hit as Japan pivots away from burning wood pellets for energy - Financial Times,https://news.google.com/rss/articles/CBMicEFVX3lxTE9LMFc1S0dDVGM3ckZtX29UWkMwSzlhWlhDWmhFY25HMDhPZW9YemNybWdhQ0p5b3plRy05a3RqM016OTV2eWM1VE5YRUpuejNwNjZKNFJ6bmQ5WDR5bmpwcUdjVHRFZE5iVV8xQWVrNHU?oc=5,"Wed, 28 Jan 2026 05:00:06 GMT",
2026-01-29T02:01:05,Google News FT,Intervention will not reverse yen weakness - Financial Times,https://news.google.com/rss/articles/CBMicEFVX3lxTE5wMmFma2Z0VGhuZDVEeDNHUTRKcnBBZjdPQ2dHQ1ItQU53ZEowMzcxMlZNY2U2WUhZQUhsc2RWZ2h6VTBCLUJGeDc3RTYxQVJJT2VsdGM0dHVidGdabkpqVVVOT2JwclRldElzTFlxWFQ?oc=5,"Tue, 27 Jan 2026 18:15:02 GMT",
2026-01-29T02:01:05,Google News FT,"Fed decision as it happened: Central bank holds interest rates steady, Powell signals no rush to loosen policy further as US economy powers ahead - Financial Times",https://news.google.com/rss/articles/CBMicEFVX3lxTFB1bHdZVGZHckJBcTFhTTJNc1ViRnh2VVNCaTVQbE1hMnBidVdWNlFhVEFNVFRuZHlNM2pGX3RqVEF2d1p5czlpbDFuYXA4UGNNY0FDbDRaZXZuV3JRWVc4VlRhdm9qRWFjb2ZPRU1YN0c?oc=5,"Wed, 28 Jan 2026 21:50:07 GMT",
2026-01-29T02:01:05,Google News FT,The private equity giant in Zug facing a test - Financial Times,https://news.google.com/rss/articles/CBMicEFVX3lxTFBsaXN2cGF5eWktaGUxeTVkZ0lTbWp1RGFMUmwwUXUzN2l3MzdSRkZHU1RTV1VmdnUwd0NIYW16N2FQMVdfYzZDUlkyRUR3NjE2VF9DX2F0TDVUUjBXVDQ4VjJsTnpVdkNUWkRtVUpWOFA?oc=5,"Wed, 28 Jan 2026 05:00:34 GMT",
2026-01-29T02:01:05,Google News FT,Keir Starmer insists he will take ‘pragmatic’ approach during Beijing trip - Financial Times,https://news.google.com/rss/articles/CBMicEFVX3lxTFBwLWhVVVdzZ1NrLWFQbUkzSnloUVdiR2RWM0NJcVdMTVhEb3FPZlF3amNTY1BMYmtIRWNPcVBGd3BWajJsdnpocG8xSDh1UEUxOHA2TkxsMWlhb2ZBUlV5TWsyWDF2bW5oQU9DWFdPam8?oc=5,"Wed, 28 Jan 2026 09:44:54 GMT",
2026-01-29T02:01:05,Google News FT,Top UK universities increase their reliance on China for overseas recruitment - Financial Times,https://news.google.com/rss/articles/CBMicEFVX3lxTE1CUUIwaUJlMHZDUHJLclR0dFpvYXFVMkMyOVppSmRIenZwX1c1bkVMVnBMUVdydUJDeV9hT0V3ZjY5QkZldEVTbVBlOVVzSjliSnJKTE92Q3RlTWZueVZKS1JNbHIta1NES1EzVlNoYV8?oc=5,"Tue, 27 Jan 2026 14:25:24 GMT",
2026-01-29T02:01:05,Google News FT,Poland cools on joining Eurozone after its economy surges - Financial Times,https://news.google.com/rss/articles/CBMicEFVX3lxTE5VSzQ3YThqb1pyMXZmem11YmJvMXhrMnlkSWw3WFJmcUxLaDY2UHpJYlFzeUk2NHNXZGQ1QjRoWkI4Ulc2MDRBek9qS1hNMFhqbnd1X2R6cUNrbndTNTZPMG1ReVVaT0lwaGF1SU1Rcy0?oc=5,"Sun, 25 Jan 2026 05:00:47 GMT",
2026-01-29T02:01:05,Google News FT,Why AI start-up Hugging Face turned down a $500mn Nvidia deal - Financial Times,https://news.google.com/rss/articles/CBMicEFVX3lxTE9GVFNsc0ExY0NHQ3JrTzh2QUtsYkxRTnlUZEdXdnVCbEt3R1J6eUcyVlVhS2RoUEdMdG1aNTItbjZRRGVHM01nSTR5N0VmMU1vNnRYZFRyV1B5Q3E1QkE4VzJDX1FJN0VTNEtrSmJEeGg?oc=5,"Wed, 28 Jan 2026 05:00:06 GMT",
2026-01-29T02:01:05,Google News FT,FirstFT: US consumer confidence sinks - Financial Times,https://news.google.com/rss/articles/CBMicEFVX3lxTE5JX1NWWVVGR1NrcnVjajFHZ2MybFh4a2dzdlduQmtTTm9kVnE0Q0FYSENwNEx5VWtLdkRFU2ZsaTlXTE1Ubm02cFdxbkpLMFdJbnNkWFA0OEtYTEVhOHA5Xy1jVnZMRV9jaXdIWnZtMVo?oc=5,"Wed, 28 Jan 2026 11:22:48 GMT",
2026-01-29T02:01:05,Google News FT,UAE launches ‘sovereign’ open AI model to counter Chinese rivals - Financial Times,https://news.google.com/rss/articles/CBMicEFVX3lxTFA2QjV4dEpUUFNKaGtFZkZ4OUVUWVpvTmttY0R4T21LRDE0cnlyUDNyYUs5RFA2NmNGOFpDV2VETnlHMWJhX3NmZXNVMnBocHVjbnA1bWpoZkh2SzB2bmVUVjlEdHRJR05ra0pzemZvVy0?oc=5,"Tue, 27 Jan 2026 14:00:06 GMT",
2026-01-29T02:01:05,Google News FT,The rise of the ‘National Health State’ - Financial Times,https://news.google.com/rss/articles/CBMicEFVX3lxTE5adzhrdHo5VzVHQjVqTDhfZFR1T3B1bW1CbHR3d1NJbEJfekxOanBlVkVWZTBVT0g3elZEdWJFamRGYkh5Y1Z1cnVJUkRBY0hfOXJLNnZOaFhMdFF6TVQ3M25pSEV1UUFjbmhNZnZVZ3E?oc=5,"Wed, 28 Jan 2026 05:00:06 GMT",
2026-01-29T02:01:05,Google News FT,European EV sales overtake petrol for first time in December - Financial Times,https://news.google.com/rss/articles/CBMicEFVX3lxTE1UUC01cWo4UUhqRm5DbTZLYnU2V1FmUXNLYVJJRTNyRENucFlhM1cyQ2tzUk5SOWNKRWFfd3BFdFdBalN5Wmh3R2xsd29IOGdqdWF1SVZoUF9NQmg4N20tdWhvNXBHblZiTTY2ZDh3Ulc?oc=5,"Tue, 27 Jan 2026 11:11:22 GMT",
2026-01-29T02:01:05,Google News FT,Donald Trump sends US armada towards Iran ‘just in case’ - Financial Times,https://news.google.com/rss/articles/CBMicEFVX3lxTE5oakV1ZG9JS2MzdUxLZEJ5U0JBM0Q0eHE5dnViNm1ZU2xBbldhTWFLZnpqM1ZScm9PUFB0MF9BWVRLSFotOERjLWZZUFVSbUM3M2lxMjJNSUNVWTlIdDdjMmVUeGk4aHVwQ19TemdGNGY?oc=5,"Fri, 23 Jan 2026 09:26:52 GMT",
2026-01-29T02:01:05,Google News FT,Spain’s unemployment rate falls to lowest level since 2008 - Financial Times,https://news.google.com/rss/articles/CBMicEFVX3lxTFAzR0ZneUd4aEJMRTRHU1Z2dHhGYjZMWFlTOThVSHYyVWFraXVPYzMtcVpZUWw1VXFnTFBzQWhuZVVqWlQ4aUZIZVliemJUSWY4aE0zajBmbFI0SnBqYWVubXVqWUhGZ1BiLUZmamFBclQ?oc=5,"Tue, 27 Jan 2026 13:29:35 GMT",
2026-01-29T02:01:05,Google News FT,Aircraft engine prices soar amid shortages and booming demand - Financial Times,https://news.google.com/rss/articles/CBMicEFVX3lxTE9feDV4dkNwdjdxWHo5MVRjT25XVllGRlhqZmNwX2lVd0VVRGJodUlhREVKVjIwZjlxS2tlUTktNzNLN3R3ZnliZmZIMWUtZFNMYnU5Z091SVpkX2FrTW50aVJOMGs1RDd4Zjd1U3NabkM?oc=5,"Wed, 28 Jan 2026 11:00:05 GMT",
2026-01-29T02:01:05,Google News FT,America’s shift to an insider economy - Financial Times,https://news.google.com/rss/articles/CBMicEFVX3lxTE5ISWdWbUpXWlRMeDRMeUR6SnBNRUNUV01TMXA4dU1mZUpWbXQwLVEyU1AtaGlHclJfU0tRT2pMZ0tidHBLSDNkQTJZNDNyUUxYZE5LUGdLbElFdmN1eEFXcHFWd2tSZ3o4d3RMbW9KN1U?oc=5,"Wed, 28 Jan 2026 17:54:23 GMT",
2026-01-29T02:01:05,Google News FT,Crypto security company Ledger plots $4bn New York listing - Financial Times,https://news.google.com/rss/articles/CBMicEFVX3lxTE9EaFdlMmhiZ1Rvdk84OUh3enlyZEdFbmthVlg2OHdMWFBjR0NQbmR2N0pWUlBWVjNNN3FNSml6U2cwel8zU1MtUVptdmRjOE4yeDJSUnFhVkd2UEdBcnVsdGxPTDQyN3o1V2NMYkdtajg?oc=5,"Fri, 23 Jan 2026 05:00:35 GMT",
2026-01-29T02:01:05,Google News FT,Why Asia’s currencies have slumped against the dollar - Financial Times,https://news.google.com/rss/articles/CBMicEFVX3lxTE1XcC01TVFMYlhRb3VJY2FTd1dsSHN1V3hZNEZMN1FYMDNuZF9SZnZjTGFSWUVvdVF5aGFkNURlU3Z6NmtNNXc5eUdzVE1UN2ZwSXhKUFpMS1A5WDdFRk00UXp2WUhINXNfM1E4Y2IxaUk?oc=5,"Tue, 27 Jan 2026 04:43:19 GMT",
2026-01-29T02:01:05,Google News FT,Private credit firms sell debt to themselves at record rate - Financial Times,https://news.google.com/rss/articles/CBMicEFVX3lxTFBubTRoS29KR2FDTm1BWUxDc2dXNFlzMXNUZlNuNU9mWDBzNTRiRl9vTWt2S3lrdjZLVVNtNDFncm51RFdzREFBOVp3YUs0RnQtVnFIUGJwcW9zd1VCalZiYVNNVjJVdDJIVWdiNUZ1Vkk?oc=5,"Tue, 27 Jan 2026 05:00:27 GMT",
2026-01-29T02:01:05,Google News FT,Big Tech’s borrowing spree raises fears of AI risks in US bond market - Financial Times,https://news.google.com/rss/articles/CBMicEFVX3lxTE5ERHFJei00VUliZGptY3hvamVDSk11T2h2M0hJNm8tcnZaTDNpZmJXMnphVU5FZlQ4b0VmTlJJY2xYMHVpR291MXpQM1g5SVZhWjREaE93Z2hpdWpXVjRmUUZMdkwxMmw1QWVFczhUenM?oc=5,"Tue, 27 Jan 2026 05:00:38 GMT",
2026-01-29T02:01:05,Google News FT,FJDynamics’s James Wu: Building robot farmers - Financial Times,https://news.google.com/rss/articles/CBMicEFVX3lxTE90bzJNeVZNVkp5NFRvZXZFeTNwYVlpTWpDTUJ4MHJueXQ0ZUpBc0kxWXVnYnp2RmVCNG5OT19odHdBTmNHbk5kM2huOEc2MkdFWjhMZk5CLXAwRVlCX1NEelYzcHhpZVVTcDNSUkt4OXQ?oc=5,"Wed, 28 Jan 2026 05:00:27 GMT",
2026-01-29T02:01:05,Google News FT,What’s the cost to Mark Carney of defying The Donald? - Financial Times,https://news.google.com/rss/articles/CBMicEFVX3lxTE9VakUtQjk2TWpHUGdBdGktQmJOc1NLZ1l2N3dFUVlsOXkycGQ4WkZDMGl5Tl9NeURTa0VmZmhZNWFvNFF5LU9sOHNQOWFwWmdkZHVjQmpJYXlIVnFuc2o1Zm45clg2bWxjSUJEb0dxdzg?oc=5,"Wed, 28 Jan 2026 13:00:05 GMT",
2026-01-29T02:01:05,Google News FT,Ford and General Motors in talks with First Brands over rescue financing - Financial Times,https://news.google.com/rss/articles/CBMicEFVX3lxTE9faDVsdDhMSFlHUDJaRldlaml6a0dqYUFQTjYxaFVYSWZic1pHT0xQbUhuRUJuY1p6RmQtSG82dWhkc3pIbjNjTzRfVzUxOV95dzI3VTdGN3l4TjdXcEEyMm5LREt0dl9YaVJxT1JWZHg?oc=5,"Tue, 27 Jan 2026 02:50:03 GMT",
2026-01-29T02:01:05,Google News FT,The great graduate job drought - Financial Times,https://news.google.com/rss/articles/CBMicEFVX3lxTE1lQlRCajJtaTdGdlNUdDBPMzlnYXR0Zl8xdXR6WlhteDhuRHA5TFJQendXeTllTk1Gb2lCR29EQ21QM3Y5YWp0V2stX0lNc2dlaHhhT1Jac0ViNnhJMk5IVG1hdmtyR2pmVnR0VnFCQWk?oc=5,"Thu, 22 Jan 2026 05:00:51 GMT",
2026-01-29T02:01:05,Google News FT,Elon Musk’s SpaceX lines up four banks for blockbuster IPO - Financial Times,https://news.google.com/rss/articles/CBMicEFVX3lxTE53eEtmZlZFSmFrS1B4bDMyX0Z2ekhxamp6QnZQRkZYZTYxbGJEamppNmNXVVowcWVmWU1ucjVYMm14RmU0NGZSR1BJRHFKdFJnSndYeXY3Um9NcDBsZHRKUXJVQVRJZFU2TldndlV5WlA?oc=5,"Thu, 22 Jan 2026 16:01:02 GMT",
2026-01-29T02:01:05,Google News FT,How MG got a polish under its Chinese owners - Financial Times,https://news.google.com/rss/articles/CBMicEFVX3lxTE5WMDlyZXZDeTJ6SEk0UDk1bHJqakY2LS03YUNZVjBiYUdNS1Ywb3NfbkdtWEV2cDJTd3ZSYUVtWXUzdW5tM3RVX25QSlo3dnYzREhiNE5hMnRIVmcxLWU1QVBIY1J6bkZIYUxQTW53bTI?oc=5,"Tue, 27 Jan 2026 05:00:36 GMT",
2026-01-29T02:01:05,Google News FT,Why Taco is a problem for Europe - Financial Times,https://news.google.com/rss/articles/CBMicEFVX3lxTFBVazNiamJXdGNtSHk3N2tOR0h4cmJhLWNoZVh1QUpUZXdWRG5WWV8xcy0wMW1DSEhnRjh4WGFsLWQtYTNDeGJlcGZvQ2lsWUpDdGN3bXEyMC01QVo4MjZMQ1l0WnFKOGJ0YnpmRkdIQ24?oc=5,"Wed, 28 Jan 2026 12:08:30 GMT",
2026-01-29T02:01:05,Google News FT,Boeing reports highest quarterly revenue since 2018 - Financial Times,https://news.google.com/rss/articles/CBMicEFVX3lxTE42b0JRVzRBSGxLZ3kweExnT3JWYk5fb3VDNGZjYk9kVWxERjBVUEd5bXJCbU8yemdGRTVqME15T0RsSGdlZTZxZWYzaTJtdlphbjdfdUcza0pOSEIyRWFTa2NiY3JtaFpLMmlMVE5RWXA?oc=5,"Tue, 27 Jan 2026 12:57:22 GMT",
2026-01-29T02:01:05,Google News FT,"Russia, Ukraine and the race for Chinese drone components - Financial Times",https://news.google.com/rss/articles/CBMicEFVX3lxTE1aNlQ4VDJycjA1RnBld1VrLW9aTllwSS1fZWs2ZHBaS2YwTzJSb2JJQmF0Q2FKTmVyeHYtMlp2QXJWWWVEcjB1MGgxUUhVLUlINS1xelZtcEMyMS1rUFhZM1RCQTVtUDNjcF95c2stdEg?oc=5,"Tue, 20 Jan 2026 08:00:00 GMT",
2026-01-29T02:01:05,Google News FT,Could Europe really leverage its $12.6tn pile of US assets? - Financial Times,https://news.google.com/rss/articles/CBMicEFVX3lxTE9WVmRFM1BxUzhTY21ZSUNnVHoxVFFWVXRTQTVWMmtremF1S1FLOUx5T0c1SHZjSWVWUGVjenRnREFfazlUanIwcnBlS1F2dzVPNDQ5QnZUNnFkVzFVOG4wRWhTSzNKLXJ3ZFJPUF9lZVk?oc=5,"Mon, 19 Jan 2026 08:00:00 GMT",
2026-01-29T02:01:05,Google News FT,Trump officials met group pushing Alberta independence from Canada - Financial Times,https://news.google.com/rss/articles/CBMicEFVX3lxTE1RX05jNUphZXpaZU9vRkV1YzBBM2hhRkNCMk1JUVV5VEp6MzJYdzBpRGtlUFlJSDJZV012QmJraUdpYmg3SjZBTDd3eW11MWRnVmtjVF9NUkpjZVc0WWNtMVE4eWFZU1BSclJ3clJaSGs?oc=5,"Wed, 28 Jan 2026 23:56:50 GMT",
2026-01-29T02:01:05,Google News FT,China’s Anta Sports agrees to buy €1.5bn stake in Puma from Pinault family - Financial Times,https://news.google.com/rss/articles/CBMicEFVX3lxTFBFVDd1MjFLaVRrMnZvV2pkdnd1XzZZOGpCcVVrY1ZnY0ptSjZIV1ZMVkUzcU9JRi1WbWRkWHlSNWNMQlB2a1pjcER4VHZNVjRTaFZleGxTTjc3YWZaTEE2cUEyZFl2QVNxX3FBLWl6aTg?oc=5,"Tue, 27 Jan 2026 02:37:30 GMT",
2026-01-29T02:01:05,Google News FT,Termites are slowly feasting away at the foundations of the dollar’s dominance - Financial Times,https://news.google.com/rss/articles/CBMicEFVX3lxTE1UaURYTFprVHZBZzF6dUppUFlneFNZNlAtOVlBMGpjNHhyMmFHN2dQMjloQ2tWMjBFeFFzcTNrZ2lmTFd3bjBjNEdRRjhYcF90ZmlmTk10c3ZGcy1hLVNwVUJ5V2IwRmR1WGowOTEtaGI?oc=5,"Wed, 28 Jan 2026 14:25:05 GMT",
2026-01-29T02:01:05,Google News FT,Star Fidelity stockpicker William Danoff to retire - Financial Times,https://news.google.com/rss/articles/CBMicEFVX3lxTE51T3l1Q2pLNl9jNUYtYUlubXZnSXNtdUZGRmU4WklVd3BYV2ZkY2hLaTJwR1ZETndScWpRanBXbEFnOERNZ0w5SHhzQXcwRExCMEh5MXZXODYycFg1Mlc5OFFVY1ZwMXd5YzdpOHAzWk4?oc=5,"Tue, 27 Jan 2026 15:27:16 GMT",
2026-01-29T02:01:05,Google News FT,"Israel to seek new security deal from US, official says - Financial Times",https://news.google.com/rss/articles/CBMicEFVX3lxTE82NEh2TFZZZktWSUViTndvamRneU1xVmplR2ZoTlNCa2hzQnRHeXBYSmRWOVk1Z0ZZZEROQi1BS2Uwb0EyckRvM09ObHRDY2x2VmVPVlFKd3NtMUtHWkRlX0k1aDZHVXdjQlhrZS1QWTM?oc=5,"Tue, 27 Jan 2026 05:00:38 GMT",
2026-01-29T02:01:05,Google News FT,Donald Trump’s Iowa base shows cracks over Minneapolis deaths - Financial Times,https://news.google.com/rss/articles/CBMicEFVX3lxTFBnZm5DdE5mMXBXazdxcks0TDhISzhTalhpbXdFblljSkFOSXRSWUhyclFvTmhGb0doSlJqa0Z3YV9kT2M1OUxuNEVNeTVKQndRZ2VOWDBTMzA4VXEzRzlfaE4tclZxVXBwMnl4NGJEOVg?oc=5,"Wed, 28 Jan 2026 09:40:42 GMT",
