timestamp,source,title,link,published,content
2026-07-20T02:54:23,MarketWatch Top,"Oil prices rise, stock futures flat as fighting between U.S. and Iran intensifies",https://www.marketwatch.com/story/oil-prices-surge-stock-futures-dip-as-fighting-between-u-s-and-iran-intensifies-6fb37c79?mod=mw_rss_topstories,"Mon, 20 Jul 2026 02:40:00 GMT",
2026-07-20T02:54:23,MarketWatch Top,World Cup-champion Spain just won $50 million — and the IRS gets a cut,https://www.marketwatch.com/story/the-world-cupwinning-side-will-make-50-million-and-the-irs-gets-a-cut-10f0780b?mod=mw_rss_topstories,"Sun, 19 Jul 2026 22:29:00 GMT",
2026-07-20T02:54:23,MarketWatch Top,Can the ‘Magnificent Seven’ save a stock market that might be doomed without them?,https://www.marketwatch.com/story/can-the-magnificent-seven-save-a-stock-market-that-might-be-doomed-without-them-f88988f3?mod=mw_rss_topstories,"Sun, 19 Jul 2026 19:06:00 GMT",
2026-07-20T02:54:23,MarketWatch Top,"Is there a deadline to claim the $1,000 ‘Trump account’ contribution for my kid?",https://www.marketwatch.com/story/is-there-a-deadline-to-claim-the-1-000-trump-account-contribution-for-my-kid-1b70141c?mod=mw_rss_topstories,"Sun, 19 Jul 2026 15:43:00 GMT",
2026-07-20T02:54:23,MarketWatch Top,Can former employers withhold money from your 401(k) when you’re laid off?,https://www.marketwatch.com/story/can-former-employers-withhold-money-from-your-401-k-when-youre-laid-off-5ceb4d4e?mod=mw_rss_topstories,"Sun, 19 Jul 2026 14:45:00 GMT",
2026-07-20T02:54:23,MarketWatch Top,"I racked up $35,000 in credit-card debt. Should I file for bankruptcy?",https://www.marketwatch.com/story/i-have-racked-up-35-000-in-credit-card-debt-should-i-file-for-bankruptcy-4c92d9e5?mod=mw_rss_topstories,"Sun, 19 Jul 2026 12:30:00 GMT",
2026-07-20T02:54:23,MarketWatch Top,‘I am at a loss’: My brother is dying. We are not close. What responsibility do I have to help him?,https://www.marketwatch.com/story/i-am-at-a-loss-my-brother-is-dying-we-are-not-close-what-responsibility-do-i-have-to-help-him-08af705a?mod=mw_rss_topstories,"Sun, 19 Jul 2026 11:30:00 GMT",
2026-07-20T02:54:23,MarketWatch Top,"My husband and I are retired. Our financial adviser, who is in his 30s, called us ‘you guyses.’ Is that unprofessional?",https://www.marketwatch.com/story/my-husband-and-i-are-retired-our-financial-adviser-who-is-in-his-30s-called-us-you-guyses-is-that-unprofessional-ccddaa9f?mod=mw_rss_topstories,"Sun, 19 Jul 2026 09:20:00 GMT",
2026-07-20T02:54:23,MarketWatch Top,"‘Respect is important’: If my financial adviser said, ‘Hey,’ my wife and I would walk out. Where do you draw the line?",https://www.marketwatch.com/story/respect-is-important-if-my-financial-adviser-said-hey-my-wife-and-i-would-walk-out-where-do-you-draw-the-line-5fbf5879?mod=mw_rss_topstories,"Sat, 18 Jul 2026 19:16:00 GMT",
2026-07-20T02:54:23,MarketWatch Top,‘They are relentless’: A scammer is trying to change the email on my empty Robinhood account. What do they have to gain?,https://www.marketwatch.com/story/they-are-relentless-a-scammer-is-trying-to-change-the-email-on-my-empty-robinhood-account-what-do-they-have-to-gain-26103dac?mod=mw_rss_topstories,"Sat, 18 Jul 2026 19:00:00 GMT",
2026-07-20T02:54:23,CNBC Top News,Brent breaches $90 as Middle East risks mount with U.S-Iran tensions on the rise,https://www.cnbc.com/2026/07/20/oil-prices-today-brent-wti-crude-us-iran-centcom-hormuz.html,"Mon, 20 Jul 2026 02:21:15 GMT",
2026-07-20T02:54:23,CNBC Top News,U.S. hits Iran for ninth consecutive night as American casualties mount,https://www.cnbc.com/2026/07/20/us-iran-strait-of-hormuz-hostilities-casualties-.html,"Mon, 20 Jul 2026 02:09:36 GMT",
2026-07-20T02:54:23,CNBC Top News,"TSMC is accelerating Arizona factory buildout to capitalize on AI 'megatrend,' CFO says",https://www.cnbc.com/2026/07/20/tsmc-arizona-fab-capacity-ai-chip-demand.html,"Mon, 20 Jul 2026 01:01:17 GMT",
2026-07-20T02:54:23,CNBC Top News,Samsung Biologics to acquire Switzerland's PolyPeptide Group in $1.8 billion all-cash deal,https://www.cnbc.com/2026/07/20/samsung-biologics-polypeptide-group-deal-switzerland.html,"Mon, 20 Jul 2026 02:53:50 GMT",
2026-07-20T02:54:23,CNBC Top News,World Cup 2026 final in photos: Spain triumphs as football crowns a new champion,https://www.cnbc.com/2026/07/20/world-cup-2026-final-spain-argentina-messi-bts-shakira.html,"Mon, 20 Jul 2026 00:09:27 GMT",
2026-07-20T02:54:23,CNBC Top News,Plenty of stocks are working in this market — you just have to look beyond tech,https://www.cnbc.com/2026/07/19/plenty-of-stocks-are-working-in-this-market-just-look-beyond-tech.html,"Mon, 20 Jul 2026 00:33:52 GMT",
2026-07-20T02:54:23,CNBC Top News,Universal and Christopher Nolan's 'The Odyssey' sails to $124.5 million opening,https://www.cnbc.com/2026/07/19/the-odyssey-box-office-christopher-nolan-and-universal-opening-weekend.html,"Sun, 19 Jul 2026 16:28:53 GMT",
2026-07-20T02:54:23,CNBC Top News,"World Cup audience stayed bipartisan despite Trump's prominent role, CNBC survey finds",https://www.cnbc.com/2026/07/18/world-cup-viewership-trump-democrats-republicans-poll.html,"Sat, 18 Jul 2026 12:00:02 GMT",
2026-07-20T02:54:23,CNBC Top News,Why Dana White thinks much more of UFC's future will be Power Slap and boxing,https://www.cnbc.com/2026/07/18/ufc-dana-white-power-slap-boxing.html,"Sat, 18 Jul 2026 14:41:49 GMT",
2026-07-20T02:54:23,CNBC Top News,American Airlines CEO lays out his vision to close a more than $3 billion profit gap,https://www.cnbc.com/2026/07/19/american-airlines-ceo.html,"Sun, 19 Jul 2026 12:00:01 GMT",
2026-07-20T02:54:23,CNBC Top News,"FBI will no longer investigate ICE confrontations, The New York Times reports",https://www.cnbc.com/2026/07/19/ice-assault-claims-fbi.html,"Sun, 19 Jul 2026 19:51:38 GMT",
2026-07-20T02:54:23,CNBC Top News,Cybersecurity risks posed by over-the-air tech in autos has analysts concerned,https://www.cnbc.com/2026/07/18/over-the-air-tech-in-vehicles-poses-cybersecurity-risks.html,"Sat, 18 Jul 2026 23:01:01 GMT",
2026-07-20T02:54:23,CNBC Top News,"Housing costs is the top political issue for young voters, CNBC survey finds",https://www.cnbc.com/2026/07/19/housing-costs-election-young-voters-cnbc-survey-finds.html,"Sun, 19 Jul 2026 12:00:01 GMT",
2026-07-20T02:54:23,CNBC Top News,Top Wall Street analysts suggest these 3 dividend stocks for steady income,https://www.cnbc.com/2026/07/19/top-analysts-suggest-these-3-dividend-stocks-for-steady-income.html,"Sun, 19 Jul 2026 12:46:25 GMT",
2026-07-20T02:54:23,CNBC Top News,The market for psychedelic drugs to treat mental health conditions gets a big buy signal,https://www.cnbc.com/2026/07/19/psychedelic-drugs-mental-health.html,"Sun, 19 Jul 2026 14:45:37 GMT",
2026-07-20T02:54:23,CNBC Top News,"AI may make you 'boring' at work, Columbia Business School professor says: How it can hurt your career",https://www.cnbc.com/2026/07/19/how-using-ai-at-work-can-hurt-your-career.html,"Sun, 19 Jul 2026 13:30:01 GMT",
2026-07-20T02:54:23,CNBC Top News,Kalshi adds 3 million new users as prediction market capitalizes on the World Cup,https://www.cnbc.com/2026/07/19/kalshi-adds-3-million-new-users-as-company-capitalizes-on-world-cup.html,"Sun, 19 Jul 2026 12:42:30 GMT",
2026-07-20T02:54:23,CNBC Top News,26-year-old quit her corporate job to become a seamstress at Yellowstone National Park for $19.25/hour,https://www.cnbc.com/2026/07/19/26-year-old-quit-her-corporate-job-to-become-a-seamstress-at-yellowstone.html,"Sun, 19 Jul 2026 14:30:01 GMT",
2026-07-20T02:54:23,CNBC Top News,Scam victims can owe taxes on stolen money. A bill in Congress could offer relief,https://www.cnbc.com/2026/07/18/scam-victims-irs-tax-stolen-money.html,"Sat, 18 Jul 2026 13:30:01 GMT",
2026-07-20T02:54:23,CNBC Top News,Taylor Farms recalls iceberg lettuce in 27 states due to cyclosporiasis outbreak,https://www.cnbc.com/2026/07/18/taylor-farms-recalls-iceberg-lettuce-in-27-states-due-to-cyclosporiasis-outbreak.html,"Sat, 18 Jul 2026 22:04:02 GMT",
2026-07-20T02:54:23,CNBC Top News,'WarshGPT': How Wall Street is adapting to the Fed's new era of communication,https://www.cnbc.com/2026/07/18/warshgpt-federal-reserve-communications-task-force-warsh.html,"Sat, 18 Jul 2026 18:16:42 GMT",
2026-07-20T02:54:23,CNBC Top News,"Stop asking 'How was work today?' Successful, mentally strong couples ask these 7 questions instead",https://www.cnbc.com/2026/07/19/stop-asking-how-was-work-today-successful-mentally-strong-couples-ask-these-questions-instead.html,"Sun, 19 Jul 2026 13:30:01 GMT",
2026-07-20T02:54:23,CNBC Top News,California's billionaire tax: What's at risk for the biggest state economy in America,https://www.cnbc.com/2026/07/17/california-billionaire-tax.html,"Fri, 17 Jul 2026 15:02:57 GMT",
2026-07-20T02:54:23,CNBC Top News,Fanatics CEO Michael Rubin on two sports businesses his multibillion-dollar conglomerate won't enter,https://www.cnbc.com/2026/07/18/fanatics-fanfest-michael-rubin.html,"Sat, 18 Jul 2026 16:20:28 GMT",
2026-07-20T02:54:23,CNBC Top News,Two unexpected revelations in Warren Buffett's CNBC interview,https://www.cnbc.com/2026/07/18/two-unexpected-revelations-in-warren-buffetts-cnbc-interview.html,"Sat, 18 Jul 2026 14:53:36 GMT",
2026-07-20T02:54:23,CNBC Top News,Analysis: Fed Chairman Warsh faces an inflation credibility test after Congress hearings,https://www.cnbc.com/2026/07/15/fed-chairman-kevin-warsh-inflation-credibility-test-analysis.html,"Fri, 17 Jul 2026 20:28:40 GMT",
2026-07-20T02:54:23,CNBC Top News,Korean beauty products are becoming mainstream in the U.S. Why there may be even more growth ahead,https://www.cnbc.com/2026/07/18/korean-beauty-products-are-becoming-mainstream-in-the-us.html,"Sat, 18 Jul 2026 19:11:33 GMT",
2026-07-20T02:54:23,CNBC Top News,How are prediction markets taxed? The IRS hasn’t provided guidance yet,https://www.cnbc.com/2026/07/18/how-are-prediction-markets-taxed-the-irs-hasnt-provided-guidance-yet.html,"Sat, 18 Jul 2026 11:24:54 GMT",
2026-07-20T02:54:23,CNBC Top News,"Trump rips Canada as wildfire smoke spreads, says U.S. will add pollution cost to tariffs",https://www.cnbc.com/2026/07/17/trump-canada-wildfire-tariffs.html,"Fri, 17 Jul 2026 23:08:24 GMT",
2026-07-20T02:54:23,CNBC Top News,Democratic socialists top MAGA candidates among voters in CNBC's All-America poll,https://www.cnbc.com/2026/07/17/democratic-socialists-top-maga-candidates-all-america-poll.html,"Fri, 17 Jul 2026 16:39:33 GMT",
2026-07-20T02:54:24,Investing.com All News,"US stock futures steady as investors weigh Iran conflict, earnings week",https://uk.investing.com/news/stock-market-news/us-stock-futures-steady-as-investors-weigh-iran-conflict-earnings-week-4777199,2026-07-20 02:38:07,
2026-07-20T02:54:24,Investing.com All News,YES BANK Q1FY27 slides: profit surges 34% on core income strength,https://uk.investing.com/news/company-news/yes-bank-q1fy27-slides-profit-surges-34-on-core-income-strength-93CH-4777202,2026-07-20 02:36:08,
2026-07-20T02:54:24,Investing.com All News,"KKR, AEW seek buyers for China property assets amid market slump - Bloomberg",https://uk.investing.com/news/stock-market-news/kkr-aew-seek-buyers-for-china-property-assets-amid-market-slump--bloomberg-4777201,2026-07-20 02:34:08,
2026-07-20T02:54:24,Investing.com All News,"Gold slips below $4,000 as Iran conflict stokes Fed inflation concerns",https://uk.investing.com/news/commodities-news/gold-steadies-near-4000-as-iran-conflict-keeps-fed-inflation-fears-in-focus-4777200,2026-07-20 01:52:07,
2026-07-20T02:54:24,Investing.com All News,"Aurelia Metals Q4 FY26 slides: record cash flow, production tops guidance",https://uk.investing.com/news/company-news/aurelia-metals-q4-fy26-slides-record-cash-flow-production-tops-guidance-93CH-4777198,2026-07-20 01:10:11,
2026-07-20T02:54:24,Investing.com All News,Earnings call transcript: Aurelia Metals posts record cash flow in Q4 2026,https://uk.investing.com/news/transcripts/earnings-call-transcript-aurelia-metals-posts-record-cash-flow-in-q4-2026-93CH-4777197,2026-07-20 01:02:10,
2026-07-20T02:54:24,Investing.com All News,Earnings call transcript: MGX Resources posts stronger cash flow in Q4 2026,https://uk.investing.com/news/transcripts/earnings-call-transcript-mgx-resources-posts-stronger-cash-flow-in-q4-2026-93CH-4777196,2026-07-20 00:50:10,
2026-07-20T02:54:24,Investing.com All News,Foxconn wins estimated $52 billion SpaceX AI server order - Economic Daily,https://uk.investing.com/news/stock-market-news/foxconn-wins-estimated-52-billion-spacex-ai-server-order--economic-daily-4777195,2026-07-20 00:34:12,
2026-07-20T02:54:24,Investing.com All News,"Oil prices surge, Brent crosses $90 as US-Iran conflict worsens",https://uk.investing.com/news/commodities-news/oil-prices-surge-brent-crosses-90-as-usiran-conflict-worsens-4777194,2026-07-20 00:16:11,
2026-07-20T02:54:24,Investing.com All News,"BCI June 2026 slides: salt production begins, 85% complete",https://uk.investing.com/news/company-news/bci-june-2026-slides-salt-production-begins-85-complete-93CH-4777192,2026-07-19 23:56:08,
2026-07-20T02:54:24,Investing.com Bond News,June’s Drop in the Yield Premium Faces a Gulf‑Driven Reality Check,https://uk.investing.com/analysis/junes-drop-in-the-yield-premium-faces-a-gulfdriven-reality-check-200626465,"Jul 15, 2026 11:13 GMT",
2026-07-20T02:54:24,Investing.com Bond News,EUR Rates Cannot Follow a Dovish US,https://uk.investing.com/analysis/eur-rates-cannot-follow-a-dovish-us-200626457,"Jul 15, 2026 07:04 GMT",
2026-07-20T02:54:24,Investing.com Bond News,Rates Outlook: Curve Pivots and Steady Spreads,https://uk.investing.com/analysis/rates-outlook-curve-pivots-and-steady-spreads-200626330,"Jul 09, 2026 10:46 GMT",
2026-07-20T02:54:24,Investing.com Bond News,Rates Outlook: A Higher Real Starting Point,https://uk.investing.com/analysis/rates-outlook-a-higher-real-starting-point-200626314,"Jul 09, 2026 07:06 GMT",
2026-07-20T02:54:24,Investing.com Bond News,Are Flattening Curves and Style Rotations Deceptive Omens?,https://uk.investing.com/analysis/are-flattening-curves-and-style-rotations-deceptive-omens-200626282,"Jul 08, 2026 09:56 GMT",
2026-07-20T02:54:24,Investing.com Bond News,Rates Outlook: Another Push Higher in Real Rates,https://uk.investing.com/analysis/rates-outlook-another-push-higher-in-real-rates-200626275,"Jul 08, 2026 07:25 GMT",
2026-07-20T02:54:24,Investing.com Bond News,Potential Relief for Gilts Amid a Bearish Bias,https://uk.investing.com/analysis/potential-relief-for-gilts-amid-a-bearish-bias-200626236,"Jul 07, 2026 07:05 GMT",
2026-07-20T02:54:24,Investing.com Bond News,Stocks Week Ahead: Treasury Bill Issuance Returns as Markets Face a Liquidity Test,https://uk.investing.com/analysis/stocks-week-ahead-treasury-bill-issuance-returns-as-markets-face-a-liquidity-test-200626188,"Jul 06, 2026 06:43 GMT",
2026-07-20T02:54:24,Investing.com Bond News,Rates Outlook: Resumed Steepening Impulse,https://uk.investing.com/analysis/rates-outlook-resumed-steepening-impulse-200626180,"Jul 03, 2026 07:31 GMT",
2026-07-20T02:54:24,Investing.com Bond News,10-Year Treasuries: Wait for Yield Spikes While the Fed Waits,https://uk.investing.com/analysis/10year-treasuries-wait-for-yield-spikes-while-the-fed-waits-200626178,"Jul 03, 2026 07:17 GMT",
2026-07-20T02:54:25,Google News Reuters,Spain beat Argentina to win World Cup - Reuters,https://news.google.com/rss/articles/CBMijwFBVV95cUxNOUNxR3JQOUlFcEZneEdwbl9udUdLUm9fOWVhZWlOMDh4SFNVc1JwQ09JZUNVNVlkUnRFbVMzc3VjemNWc0NqSllSU0IteXpLSDN2N2xrU0d3T2taX1hIMEppQmdRY0ZiSzNGT3lBMGVnZk5LT3E1MFJndkNIUk1Xc1k4WVFwZGhNemZ6Yjk3cw?oc=5,"Mon, 20 Jul 2026 02:38:16 GMT",
2026-07-20T02:54:25,Google News Reuters,"Brent oil tops $90 as US, Iran intensify attacks in Middle East - Reuters",https://news.google.com/rss/articles/CBMiqwFBVV95cUxNbDB0dzIyZzhDNXdvemNBWHdxR3dnWXcwVk4xM082SDRRTm9xel9yX3hJeFBDN1hyQXZpRlVWcElHNi13amFSaXFZLUEtYWpva20xcmFjLWt2TEc0QjFlMDJRMHFPZ3dpb0hZNlBib1ZMNk4xNXdPcmNfUHRpRzNzVDRtdmZlY2MydWVLdS1uVnZXSkdHZjlYelZOZ1M0SXlnVzlBSGFUUU43YlE?oc=5,"Mon, 20 Jul 2026 00:16:00 GMT",
2026-07-20T02:54:25,Google News Reuters,FDA says Taylor Farms cyclospora finding was a false positive - Reuters,https://news.google.com/rss/articles/CBMiywFBVV95cUxQVEd1VXJyM01PeEdDZkdyV0VLajdELXE2bVFnS0RfLWNQeHJGcm5vaU45cFF2VXZUbjdkZGFVZ05pZWFQcFZPUU1QUzZnYkVEUXlPYjVnR3kxaWNUeWlQeXdFTDhYT1JoTV9obWtxR0t5YWc0UER4QVk3M1RRWkk2RXdwN1FtZlh3SFBodW92V2Rpb2pQeWtOYk00dGx2d05NWjROcDR2dUp6ODdPYWo5MlQ1b3pQTFNuU19CSUpFU052Z2NhbTg5VnZUaw?oc=5,"Mon, 20 Jul 2026 00:50:00 GMT",
2026-07-20T02:54:25,Google News Reuters,Substitute Torres rescues grim final to make Spain world champions - Reuters,https://news.google.com/rss/articles/CBMixwFBVV95cUxPWnMzZnF5T2pDc2Zzay1LVnQ4M3ZfTVN5TEt6Zk1CN20tU05iVHQtOGtISXpySVNvU1NpZFFrdUhvY3czS0hfV2xlZU1ZN2Y3QklYd3lTY3l0SEQybU80RGlwM1JONi03UVFRZWpLTlk5bGItTlBZRzJ6RFRvTWVHdnROUkxidHhOcFQ2RTJ6alFDMTR4eHRwUFA0M1FNazVyWTN1RUt2MUhoLXVEMkdDVndQYktTRGFkN2V5bmRoVUFNSjM4ck5v?oc=5,"Sun, 19 Jul 2026 22:42:00 GMT",
2026-07-20T02:54:25,Google News Reuters,SpaceX moves Starship launch attempt to Thursday - Reuters,https://news.google.com/rss/articles/CBMipwFBVV95cUxOMFQ4RDlsRjg3OWRCMlRneXNpLW44YURvUUpTcWNCTVpXZ1plbkpQSTg1QThEQ21CWTVETlpOLWNGUUpvWkFmbENOLWN0Y1pWQlBRVHM0cC1TVkpsdDZVOUVSQlpGZ0VVZVpfUVJpMDVnYjdrWVowWVNUUE11bmh6QUE4YXozNDUxbGtHSVZkQW83SWRQRGc5ME5mc0tmWUwwdW9wb2tacw?oc=5,"Sun, 19 Jul 2026 22:25:00 GMT",
2026-07-20T02:54:25,Google News Reuters,"TSMC expects 'strong, multi-year' demand for AI chips as it ramps up Arizona investment - Reuters",https://news.google.com/rss/articles/CBMizAFBVV95cUxNeWtrc3R6QmdYREpuRHNxR3dFNkJkVjdSMTRYcFhmRHJYQ18yaGFfSHcwbmVKSjZvWVo2M0FqdF9VZkJmbG9CVTVObEZTQ2t1amx5MTlJZ201YWR3cE9IMFNxVTNXdlp6SVV5MnZDLXotWS1EQVFNbUFFV2hZUWJJeUVScVNRaUhjci1zUXJoUTBnMFBkSnFzeWgwWkNpd2FqZ2hZQW14cTNCRDcydkp4X2p2QlYyRWlTRWFISmFoSllBY01OWmNlVWNpamk?oc=5,"Sun, 19 Jul 2026 23:57:52 GMT",
2026-07-20T02:54:25,Google News Reuters,World Cup final between 10-man Argentina and Spain goes to extra time - Reuters,https://news.google.com/rss/articles/CBMisgFBVV95cUxQT0t5dTluUzc3U0hPd0lTd2VNa2dHanlwVHRCTVRzb3BiY3VPa2ZveUhKNTZuRzFKaUxCSU9NdU50TUlJTDl6VFZhY3E4WWVhU25oOFBydndXTTZzQnhqb1RKb1JIVHN0S0RQOFEzR05FejhxYUJRQjN3bFhUc3BCQVUtbmlQd3paUVJpZ0JYNWJFV3hIVWZGTl9ucE9VSkJsSk83SF9KSFNidVFuWlBUYkFR?oc=5,"Sun, 19 Jul 2026 21:25:44 GMT",
2026-07-20T02:54:25,Google News Reuters,Hungary's PM Magyar to ask chess champion Judit Polgar to become president - Reuters,https://news.google.com/rss/articles/CBMirgFBVV95cUxPUWxOZ3R4MG94U0tvZGVmdV9qcS1iMkN3dldKV3o0a1M0VTNlTllWV2JEWlMtTU93eHhZdU1QV0VGMWh6R2ZFcVBZdVE3MGVrSC1ybHUyTUlBbWJTQV9MZGd5M3RfclN2a3Q5STVxWXFoMURUdF95cEw0Y3FSc2tub0ZSaHFpSTBVSjg1RFdjdEstWU5SaDdrN2Vuak1iQnpaa0FhNWFDNVNEUDRDNkE?oc=5,"Sun, 19 Jul 2026 20:29:00 GMT",
2026-07-20T02:54:25,Google News Reuters,"Asia shares hesitant as oil climbs, earnings loom - Reuters",https://news.google.com/rss/articles/CBMigwFBVV95cUxNLXNOVkRxS1o3Q3pZUnR2TzZIVmRBbUs5MGZRYV9xRXJmVl8wUklWb0RfRjNETm5HR3Q3OEd1R3NZS0Nrc3Q0OGdQMDlVX041OGMybkpoZ0VWTFZ0Mlp4bGJmeXFUMzQ2NEpTdEFXbWh6eUNUQ1BXbkRRcHFUWnhLa3Fhdw?oc=5,"Mon, 20 Jul 2026 00:35:00 GMT",
2026-07-20T02:54:25,Google News Reuters,"Russian strike on cargo ship in Black Sea kills 5, Kyiv says - Reuters",https://news.google.com/rss/articles/CBMipAFBVV95cUxPdWhXMWFvNWF4NEprbDQySTY0Um0wX1N3QnZhTjhmVmZmWWVRQXNUdklrWGNnVWxnTUpURldFbFd6WXFYcllZYUFYREJjM2oyTElLRGN5dTNKekllYWFsc2tFci1XT09PZ1Z0M1BoX21oRkpMMEEyQnBscXVmNF9KcElFbjBkWWdIMmlXZWFvTC1GWk1zSmVZOGZPbVkwSURFakhNVw?oc=5,"Sun, 19 Jul 2026 20:04:00 GMT",
2026-07-20T02:54:25,Google News Reuters,Boos as Trump and Infantino enter the field for World Cup trophy ceremony - Reuters,https://news.google.com/rss/articles/CBMirAFBVV95cUxQb3BMTExQLVRLLS1mdkFEdm5OTTlHelVzZWFzZ1RUNkQwVG05RGNoYm84U1BZTjJ2dXBkakVNUUNHbTY2TnhzTFhFZ1lOWDJYZnd1T3V6M3NtVm5PV1NZdWh2X0NEVlFmaFFMcUZjbDN0U2loSTFZWk1GbFVKWEdTalNXeloxZG1vdTRfMlhBYjZkSm1QY0xtdnZYQ3YzRFBtZnE5MU13MDk2bWhY?oc=5,"Sun, 19 Jul 2026 22:53:00 GMT",
2026-07-20T02:54:25,Google News Reuters,"Madonna, BTS and Bieber bring star power to World Cup halftime show - Reuters",https://news.google.com/rss/articles/CBMirgFBVV95cUxOXzhSeWswa3dELU9YYWJFWVoxWkY4RWtNbE0xZUNZdEE1djl1MDRJM0hxSjJlbEJrRUpWVzcxdnJDWkRzamRvSUloQkRDclZjTFEzN0F5S3NVN05XUDE2QWNuY3pvaVRZeDNkdl9YOUR5ZS0tdjNWdFZOLXRFUE80NmxFWVBaWGpjZDJLXzJDd21EelJpRmRkellIeTFuY1l4TEZraHFmZXgxRFJqMFE?oc=5,"Sun, 19 Jul 2026 22:28:05 GMT",
2026-07-20T02:54:25,Google News Reuters,"With security lines and star-studded spectacle, World Cup prepares for final showdown - Reuters",https://news.google.com/rss/articles/CBMixAFBVV95cUxOd3ZjdXA4a05TNG9zT0dMN21iOWl5UjNpVWxNdUhJdll6dDd6RE91WDB0YnVINFdoM3k5YmpfTTcyQTFqaDJOQldXUm80eEVyUDh2R1o1OHpvaUo4MG5nZ0pIUzU1WmY2YjZULTBhd3BSblFhM1htN2h2cHotNi1QMG1KelJ4aFVfTDF5UjhWaVRXT2lsbkZCeGdybTBua0FmQ1ItZDVfZ1IydGZ4UW9PZ0FDcUxwV3MzalMyS183akxvNFVq?oc=5,"Sun, 19 Jul 2026 19:08:43 GMT",
2026-07-20T02:54:25,Google News Reuters,"Canada to temporarily bar entry for foreigners who have recently been to Congo, against UN advice - Reuters",https://news.google.com/rss/articles/CBMiygFBVV95cUxQb1BHOFZRUDNmWEJPRW4tNnRsRlhvZ2xWRTlsN2RZRmgyNmhYUkF6SFdBdkplMnZhTHYzTzUtWGxJZjlKNHM4UmNXMmRWZEs5V21taFE1cEtHdWtpUFFTVVFSRkNvQWJla1owRldCMnF3dlNrVGZSYWtiLUxvUUt1N1N6dzlNaEo2ZmY2NldGSndGbHpaOUZyaHVyb3J5QWRwT3Bjb3JOOEFZRnJ6bWdUMGs1M3lSX24yYVFxd3Joa1U4bDFRWkJod0pR?oc=5,"Sun, 19 Jul 2026 20:03:20 GMT",
2026-07-20T02:54:25,Google News Reuters,"'The Odyssey' brings in $264.1 million in worldwide ticket sales, studio says - Reuters",https://news.google.com/rss/articles/CBMiwwFBVV95cUxQei1XQkJWZ3l6WjVKc0xDNjVMbVhCd0oxanlsUUlzcGJHc01zYTdSRnN4Z0pVNHJqZ2ZSX1IzWVFNSkV3MlBzb1RWOUlDaDkxSDhPNk1lWnFuNlE1SmhzbkVCTURZNXJ3ZXdGTm1zLXV6TDZCOWUyTld2aXhoa3lMQndRVmVVM1pHcFlHVVVEdWg2YkJqX1A3cmRzdEZuVGdQVG1XMzROd1ZMX1l0QVJzLS1PSHJZOWh6T3RLSWEtN05wVVU?oc=5,"Sun, 19 Jul 2026 18:36:07 GMT",
2026-07-20T02:54:25,Google News Reuters,"Argentina make three changes, Spain unchanged for World Cup final - Reuters",https://news.google.com/rss/articles/CBMirwFBVV95cUxOT2hON1ZNR09keGpwclBGSEo0VjRwQU9wVXZJQzBKSFE5V1VrSlMyelgwV2s2UXBfaWlwMERiN2xhZ2xMMVpsVkR3ZmIwRGw1ZlhVZzBqVVM1dEdWZXl6ZTJOTnBtOEFPeVNJdlhWVXVGMHQwdzZkZUs4VHNlYkMzX2Q2YTFXanB5amxRaEl4ZXFyZS1oY1R3cDA4S3JmVEJ3X1VfdmVuQXJyU2NKV1ZV?oc=5,"Sun, 19 Jul 2026 17:55:43 GMT",
2026-07-20T02:54:25,Google News Reuters,"Boeing on track for 2028 Air Force One delivery, costs rise - Reuters",https://news.google.com/rss/articles/CBMiuAFBVV95cUxOOFN4blNJcmlZR1hNMV9xZ1BkUF9uMjY1TE53bjBxX1B6TmFBRzg3NE1CR0tNME94elA0cEpXRC1FMEttb21zdnR2TTUwOWs1ZS1POEpnZFpRa01udnhhT0VfV2RuT25DRWFiTkU2bGI1NFl3b2lHbVpvdDlRdnpRWnoydXBtX0RFZTZmUjNBTU9BWG44SkdyNnJ2dFhoRDRKNVVnUnEyaVBFSFE3c3J3aEFaRUhBU0Z6?oc=5,"Sun, 19 Jul 2026 17:16:54 GMT",
2026-07-20T02:54:25,Google News Reuters,"ICE officers to wear body cameras during vehicle stops, border czar says - Reuters",https://news.google.com/rss/articles/CBMiswFBVV95cUxNRmVrWDIzUlJHNWxLX09LaGhYYm42UnVGWkxDcjFma2lfTWc1U2Nab1ExdmswaTlFamJsMVZDZHlOUWt0TmRSX1FhdnlYcmNlSFJOc3plcTdEWXFBb3RCZEZaekdHVW9VZVpPTG9zMkpaaVlNWjV1YWg0UlFDTE81a3dxUExpa3JfOXJVemdWSVNySTRodkNwNXUxSWRvZGR6ZzlHYlJuQ294QmtmWFp4SEZrZw?oc=5,"Sun, 19 Jul 2026 16:52:25 GMT",
2026-07-20T02:54:25,Google News Reuters,Trump says Republicans should add Iran to Russian bill - Reuters,https://news.google.com/rss/articles/CBMiqAFBVV95cUxQMnFZbzUwRlM5eW5NN1JqbnNQcHdUdEsxRk11OEdEeEJ4RnltcERZSkl0dlVneU5mYlhURlN4R2F1TUliWjZ2dVZUX3dJS3JucHBEUG5hY04yUUgzWnF3SHVaNTBwb3o3cUdqNEVLWGttNjdqZ2lzSDJWQy1LeW1saG9xSjZxaXpzSFg1QzNWeG50MmtDRnpVb2NsNFlpRENJSjJ4ZTlfby0?oc=5,"Sun, 19 Jul 2026 12:11:49 GMT",
2026-07-20T02:54:25,Google News Reuters,"Israel to receive more US refuelling planes as Iran attacks intensify, Israeli officials say - Reuters",https://news.google.com/rss/articles/CBMizwFBVV95cUxOR28xNFpKXzVoWU9qY0YtNnBqZlh4ck9aeTZnc1VlOVVKaTczV2J1M1pqSmRwUFc1TnFIRU5wRktydXhhXzhSY1ctbDhzU3dkX3I0dEliRDFJWDNUaFkzUUFsMEg4NnV2SWFpOGFhdHdMRHc2SDc4NE0tcXhpZ0VUVGNTQUVQazZONGdlT3hvbm4tQ0RoaFNBVkZWR0pBTlhiRmNJMnl1RFdzWWRrQl83akkybFFRUy1odzdkdFFmTmhXbS1fNDNPcG9UY0RjeFk?oc=5,"Sun, 19 Jul 2026 11:51:03 GMT",
2026-07-20T02:54:25,Google News Reuters,US hurricane center says 80% chance of cyclone in next 48 hours near Florida - Reuters,https://news.google.com/rss/articles/CBMixAFBVV95cUxQSFE1Z0lqX1NocUk3VVRYQjVqMThTWjNIT3dTbU5RelVNdFQ3WTNQdDdXczQ3cXVYc0FSdk9reWhEaEFlektKX1dLdDFSWmlsZUxJd3h4WmtqakY4bWktd3NWY2RGMDFDSlRhZHhrdWs1UzRITGd4S1FMVG9tYkk5dHVWbTRQWGFlLVczNWhSV1l3RjJUcW1tcjl6ZDEyY1JQLWdUNWNEeXQyQW0tQlRjLUVFVFExSDltYS1xYzA2clowNmdW?oc=5,"Sun, 19 Jul 2026 11:33:43 GMT",
2026-07-20T02:54:25,Google News Reuters,It's tattoo time for Spain defender Cucurella says coach De la Fuente - Reuters,https://news.google.com/rss/articles/CBMitAFBVV95cUxPcG1iRm5KZ1VuOUV2aFFUQnVrcGF4aHlzQ2paUGNPVVp0YzhlaElnSENmRzZ1X0dEbWM5QUpfanpNU0F3czRkbzVLT2xpanBtQ1d6RklndUV6YjRHeVJoRGVtekVMcHdsYXZpcEJmVTBocTFLdmNmeDNmZlR2WEV4WkdtQzBkOEdKOWdUTzJQMXhyZ3EtcDhxdzRZejY5NTBHQXFodVNscGpjaGlfTVR3SHZ2WV8?oc=5,"Mon, 20 Jul 2026 00:48:00 GMT",
2026-07-20T02:54:25,Google News Reuters,"Pledging to 'rewire Britain', 'King of the North' Burnham becomes PM - Reuters",https://news.google.com/rss/articles/CBMinwFBVV95cUxNTE9VQlQ2S2NibFRmdVNMTC1ISHlWLUt2YTl3T3FxOW9yZnRla2lOSm9pUFVMU2poWDFfOGZFcVVEa0ZfbHRDeXIzakRUaGxTYTlZOE1LUF9WRkFXOGFYWHR6V2VVU3Z6TG1BOVFYRnAwTlVEQ1F3Sm0wWmpTM2FlTU0tdWthMWlNWWFzZHg0UlM2TlVuY0hMR25BS1h5R3c?oc=5,"Sun, 19 Jul 2026 23:04:00 GMT",
2026-07-20T02:54:25,Google News Reuters,Remco Evenepoel wins Tour de France stage 15 as Jonas Vingegaard race after crash - Reuters,https://news.google.com/rss/articles/CBMitwFBVV95cUxQckNNODdJaFZfeUJmZXRMVjFCNzFqel95SFVvSWZJVWc3SXRucU5QZGxzcXpTM185eFlUMUkzNDdFZ1JyMmZyN3FUN3hwZTZUbTN2dU4zd0t5T3BqMUYtZTFqcnVYcEQ0Q0FSVkdlc1o2bnZOV0kxTzAyRDdOdkh6M0NJcnB6cmRGLUNoYzNucEtoVG5rTkdfeFAxR0xhTGNtaW4wOXFyMDFyWk8zLWYzUXlWWVNnV2c?oc=5,"Sun, 19 Jul 2026 18:33:02 GMT",
2026-07-20T02:54:25,Google News Reuters,"Users of Meta's Facebook, Instagram report suffering some outages - Reuters",https://news.google.com/rss/articles/CBMitgFBVV95cUxPZjZCUU55QWV3ZE5DeFpBalhfaVNTR1pMNTFKaFpFNzRYR2o4QWJGZmZoWUJ0c204TXZhNzRjUFZyRXZrdXVpcEtVZThMV0dnUEdjTlgybDdfVHRmSDZVZEtnUWFHaTBUb21CSFhiaUhKbXBnR0FLcDRieVBsVWFCTi1kVUlJam41STByRDlWcjJxYUdaQmIwdTlmdDVyMDg0YjVRWk5JMzRwRDBUbWx3d1ZZcXhvdw?oc=5,"Sun, 19 Jul 2026 08:53:49 GMT",
2026-07-20T02:54:25,Google News Reuters,"Boeing focused on production, not new orders at Farnborough Airshow - Reuters",https://news.google.com/rss/articles/CBMijwFBVV95cUxNYVQtT1FGajJ6R2NhQ2FoRmZVWlNUMVpCa3NFbkZNSkFhWTd5MXVOWGpqUkpFektxWkg2dEIyQzB5N3l0RUFzVXdsR29mME9HR3I0WVlKMkZDR25BM2V0VEZkVDJxX0x0RzhiTXJrdVktYUZIMVBnWWh1Y0pKMmd4NXU1U2RldWpSZ3hWUTRLaw?oc=5,"Sun, 19 Jul 2026 13:22:00 GMT",
2026-07-20T02:54:25,Google News Reuters,American boxer Hannah Rapp dies at 26 after being hit by car while cycling - Reuters,https://news.google.com/rss/articles/CBMitAFBVV95cUxQR0h3UDRiajFXUjVtRTVPeXdOWGVsNzJhZGptSnJ6WW9CZkdSQ1djMmFTOUxXZUNLU3JvS1ZQUndPaVNwVFREcXBCNFFrLWxBcFBscE91TUQ3YXR2MVg4UWl1eHczakpGemtDekMzcUFmZXZsYWM2LXUzUDYyVGtSRUEzY0pZZXBvSFVIZC0xakpuaXhxS0Q2alItckV1cUVBZXQyVzFuZkpVc2lSTXdqNF9xbGk?oc=5,"Sun, 19 Jul 2026 10:32:13 GMT",
2026-07-20T02:54:25,Google News Reuters,"Gulf crude exports jump in July but shipments slowing on renewed hostilities, data shows - Reuters",https://news.google.com/rss/articles/CBMiyAFBVV95cUxON0s2bmk4NkZfVGZ5R2tpZzEwYXo4Ymhxb0lyYUlNQlR4X29mekhzS0RGUndSMllMbnpZTGdRYlRZV3NmT0dBNGFyOTkxSFNTZEJTcE05cWtoNzREYU16TW5IUGJ4Zm9qa0lkbUI5Rmg1X1dldEI4MnZJdjNLcTBjTlkyMnRPSzRaUGdtNG9hWFRkaExsV3B4S3ZTb3ptaGlmM2w1ZWcteU5Jc1RTSGFRVjJncHZZLXoxUFliWTFWdGhHWnlkSkRudQ?oc=5,"Sun, 19 Jul 2026 11:03:43 GMT",
2026-07-20T02:54:25,Google News Reuters,"Democratic Taiwan must not become 'China's Taiwan', president says - Reuters",https://news.google.com/rss/articles/CBMirwFBVV95cUxPNmMyZ1pTd2EyNnlYUW5BYnpZOXJXb1BkOGxER3c0SXpjajlNRzlzXzl6cU9qOUhBNmY4VFlOdlFHT0NFcWxMdTNLQkxndmY0ajk5SnBvLVItSWxkQ0lDNGxzZnNfU0ZBUFRhUnZPZHJHZUR4ZGxHdW9NTm41Y0dVSGxDRXdtU2ZHNGYwZzVaS3lMOEhZbWJSUkxyXzRkeE9aSG9rcElHNHpQRmd1X1RJ?oc=5,"Sun, 19 Jul 2026 16:26:45 GMT",
2026-07-20T02:54:25,Google News Reuters,Trump claims voting by noncitizens is rampant in America. The numbers tell another story. - Reuters,https://news.google.com/rss/articles/CBMiywFBVV95cUxQOFVaODFQSEZwMnFUNXFSZkRkUGRMQWU1RjhKSlQwQnVqVkYtQXZUazdrUzZqYVBEWU5IZFh5SlNOYVlzeVRzSWdFY3pzdzJwQXBVOVVleC1VaTl0S1R2MWR2SmRjMkNLWFlZQXJuUllzQlJ1NFpqQVM3b1Z4TGI2MWdKVmU4V0pwajczZWVNN2Z1dWN0OTcteF9XTGdxQS1IRHBjR0dDVzRmeXJJRXY4dEJEbnY3emd5dVliQU1CZnhXbU9lMzlMUEVuWQ?oc=5,"Sun, 19 Jul 2026 10:17:39 GMT",
2026-07-20T02:54:25,Google News Reuters,Samsung Biologics to launch $1.8 billion all-cash bid for PolyPeptide - Reuters,https://news.google.com/rss/articles/CBMitwFBVV95cUxOUHVrZXRmM2ROWFJHajI1NlhzSVM5RFFIczZqY29KMXlIdjRFZFpYcnBIMzBjQldVUUVqN05ZdlZyLVE2TkhYYVVFM1djLVZYcTlGVE5qZjJfQnhnczVZdHd5WmpQZ1k3dEtRMGZXM0ttb1otTWEtMFU1bTNKczI5UWFURUVTRXVLaVYtdVdGcm9BSnU1R2w1Y052SGhTeGpkSDQ4UzRyOGJEdm5CTElzcVRKZHptNUE?oc=5,"Mon, 20 Jul 2026 00:16:00 GMT",
2026-07-20T02:54:25,Google News Reuters,"Caspian Pipeline Consortium oil loadings suspended after drone attacks on tankers, CPC says - Reuters",https://news.google.com/rss/articles/CBMiygFBVV95cUxNQjFsc1o5b28zLW5TaGc1eWFHWmJfLUpxOGZnOGRRV1BYNm9SYWlKZU9qN3ozSG42cmRBU2p1MHJQN1JvbEpyd1JOc2pCMmNqY0pUbWJMdDhyQVRUYzFSNjBQakhXRl83VkhoX0VuSm1PeDRVRlhIRENBWG9CLW52MVBxQWhaTnllMllDUXZuQmwzTnRhYU5hMmxMSXI1bWlkeGp3dHFweFRGRi1fTjk1UXotT3k0NGdKM2VEc2FIanNuelIzaTF0QWRB?oc=5,"Sun, 19 Jul 2026 15:04:38 GMT",
2026-07-20T02:54:25,Google News Reuters,"Lebanon's Aoun to meet Trump at White House, hoping to generate pressure on Israel - Reuters",https://news.google.com/rss/articles/CBMivwFBVV95cUxPOU4yVVlYeXdhdDFTY0pNZUZjSzRvWE1mWi1NcF9MVUI5Y3N3aTRrRzU2RnpCc2tzVV9LS21EQ1RPdUFDN0VnVURKZ0V5RTFScVUtTElSUlp3VU1xZE45UWY3ZmV6cnFmeEVFSE4yMEZ5UVFmVEFwczBtRzdoS3dyUGszV2V3anJEOTBOQ3l0bS16aU0zeU8tYUdwSzRBenlEZmVVT2oxNjZCU21mbkRzN1JIakN4UnoxRlpJWjVCNA?oc=5,"Sun, 19 Jul 2026 06:03:00 GMT",
2026-07-20T02:54:25,Google News Reuters,"India bans march on parliament by 'Cockroach' activists, standoff looms - Reuters",https://news.google.com/rss/articles/CBMivgFBVV95cUxNWUZFeWJ6R2tLc19SYklnbXpoMk0yMkV4Y0VPNG5DallGcUc0N05icjFTNFF1azhnb2dHb1ZXSmdOT1FnbDl1aVlvWENMNXQ4cXU0dnpYaHV4Mmd3ODByZENSNDF3LWVZVTdFZVktTDlnbzhpdnNMLWZjUmJRUmRwZlJLQ3AyQjBiUy1qTzBBNlFvMHNsQ3ZuTnhXS3UxLUdHZjktNkFjdVUtVzFUbFpLcmFXaUtEcVdPcWtzcGdn?oc=5,"Sun, 19 Jul 2026 23:54:27 GMT",
2026-07-20T02:54:25,Google News Reuters,Institutional demand for CXMT's $8.6 bln Shanghai IPO dented by chip stock selloff - Reuters,https://news.google.com/rss/articles/CBMiwAFBVV95cUxPSzlsR09iZW45b0NFWWhmTEpad3RlX1hUdmdxRlRBTG1WRk84T1Y1NnotTkUzMWRMZm9FNERUaU5hbUtUNGt4WkZScHEwS2Z5RE43MWxENkxxM3BWbzJtOXVWa0ZiOWQtcmZDemk0dWVaUnAwa0VXQThPSkxLV0wzeFQ2MlBEVjhzNmJXejREYS1YSWdNMXUwN1p3VjN2M3ZrWmVIX3B3ZzNSaWxJeG8wZl9qUVBwczhMbG14MDVURW0?oc=5,"Sun, 19 Jul 2026 09:12:24 GMT",
2026-07-20T02:54:25,Google News Reuters,"Andrew, Tristan Tate arrested in US on new charges of rape, trafficking - Reuters",https://news.google.com/rss/articles/CBMivAFBVV95cUxQaWVrU0l3eHVCZkRkTjBUdmF1LW5OdTRDTl9wWHZEV1ZGQm9Ha0VsQVVzM2NnY1RZbzh4QUVrT3lVMmlHZjBEWFZYQllmeWVKWm5TVnRJNTVqVDJvOGJRMURxaEVSYzlLMVNTd3FtRDZZSVFUeWFWNFhmV1EyaFRyNWp1RHdXdzNIWWxneTJsZlY3M2oxZWI1MzlVSDhtQlliS1NoeUZZU0p6bWhPNHU4RzBFLUVvZU03ODllRg?oc=5,"Sun, 19 Jul 2026 02:17:00 GMT",
2026-07-20T02:54:25,Google News Reuters,Russia pounds Kyiv in major ballistic missile attack - Reuters,https://news.google.com/rss/articles/CBMirwFBVV95cUxNX2tmdG9jeU9JcGhlNVVYMTRHSG9ZejlGb2pRbG1SNUpqZVF5aTZSa0pXSGxjeUl6WTUydUE1TmdORFZrbURGcmNYWHRhQ3hTNmNmZTZXamtaVVBkczh3T09LYWVQRXJweHlSamppc2ViWFZGbnlOYWU0d0hjNWhpRzNaZzd3cTZQUEVWdXBGRDN2eWtTc3VmSGQwaXlBOE45aVBwUkxqNHg5VDc0cnI4?oc=5,"Sun, 19 Jul 2026 02:27:00 GMT",
2026-07-20T02:54:25,Google News Reuters,At least six dead and 21 injured after 2 earthquakes in Peru - Reuters,https://news.google.com/rss/articles/CBMisAFBVV95cUxQNXdkYVQ3QW56b1Y4OXUxei01em1aLW1Yc1dLSllzeDNwaEdzLXVtTS1EWFdLT0tZYmJoT3VIUjdsNXpid2h2ZW1nbVA2RmNLTlljWm5odXZROFhvZjRVMUZtNmJPMVN5eDZlSW9FRWhPcDB0ZnNQcFA2WDVITEQzdWt2dkJ0ZTZGNS1zVFJUVzVDU3k5TFdyMmJldGh5NFhJaHdXRnU2cTB5ckxrZjY2QQ?oc=5,"Sun, 19 Jul 2026 02:47:00 GMT",
2026-07-20T02:54:25,Google News Reuters,China's Jingye Steel urges UK to compensate its investment losses - Reuters,https://news.google.com/rss/articles/CBMirgFBVV95cUxNc2RqYlFpN2JQRTF1eV9zWnJEWHQxeThpU1Uya2VLVEVqRUFDSUljajMzRTNodE1NWUhlVjdqc3hsMjNqZUVEZF9BSHFpNThWLXAtODZFeXgzdVotSFFla3B4RHo5OTlieHFldkdNaExoVE15WjAwYVZ4QkhtLTlFeXVrVGxHTUdxQjlvOE4zS2I4TC1YVUdoRkhXM1doMW9feEZuUmdMVHJheTFERVE?oc=5,"Sun, 19 Jul 2026 04:22:00 GMT",
2026-07-20T02:54:25,Google News Reuters,Former China Development Bank president put under anti-graft investigation - Reuters,https://news.google.com/rss/articles/CBMivwFBVV95cUxPYzlZTGhzUXdyQm52X3RoWkFMTGR1ZExvb0h3UWQ2ZmlMcXVzZTB2UEFyZ3VPRHVwRkt1ZG1nNE9mTWpxX01NQTVXVG5taHJTMXI5MVNxb3FKVEpxSTZ2a1czXzhpNHgySERzVHJxWGZoRndVeGtqZ1UwbWcxWlNEcTlGNDVEblcwMEktbW9vUDJGakhvdjBqdjVoUWR5d09GbUJxR2x3N3FaX01Vd05WYi1XcjlGaHdfRm9GSUg4cw?oc=5,"Sun, 19 Jul 2026 03:15:00 GMT",
2026-07-20T02:54:25,Google News Reuters,England survive France fightback and secure third place in World Cup goalfest - Reuters,https://news.google.com/rss/articles/CBMitwFBVV95cUxPYy04dWRMN1pTRUZhY05HYm1mTUUtRHR1Y2xETktyQUhydWRlaUJqTkJ5ZmV6YXRDbncwMkhRLWljcU1MeVBNdHFIMWZCUU5HUjNyVnc0eURkMV9OMUYwUEowVlZLZlJ6SlRVMV8wWGttcXR6ZlhvMGNuQzRPOGZadjNoaVJNanc4NGxBZEpZU1hKUF9EaldocXhqcUxmSzVMVUx2eXprajE0QnBvdjl4NE9KbHNiYUk?oc=5,"Sat, 18 Jul 2026 23:43:00 GMT",
2026-07-20T02:54:25,Google News Reuters,US renews strikes on Iran after at least two military personnel killed by Iranian attack - Reuters,https://news.google.com/rss/articles/CBMiyAFBVV95cUxPcmZSOG9seXNyMUFGTW1NMF9XWUVNYUZLczBFRWFTTDZZYnRjX081R3pnUzl6NTFVM053aG50T09hb2pMSlFxTGV6T2V0ZEZaRUFtNjVTSk01MWFrb05KcHdVdHZHMktERXlFVEdKTGFrTlo0cl9SY0hjb0dpb01rMDh6Z2l5MFoyWGI2VjA3cGx1UTN1T1RqU0RCeHVLdVlWUEJIU0dHaFl2SEpKN1AySUlMeUJPQVBtWUtPY1BHUUw5bGZxTEpCRQ?oc=5,"Sat, 18 Jul 2026 23:21:00 GMT",
2026-07-20T02:54:25,Google News Reuters,France's Mbappe becomes World Cup's all-time top scorer - Reuters,https://news.google.com/rss/articles/CBMipAFBVV95cUxQd0NEamEwUjFTWnpwN2pmbFBEcDB5MUZJU3Vxek5CS0lOOWItZTR5WEs0QVJHbklnWkd1eG0zdG1JY0ZRU2t0OUZvZndBeGxoenZ0SlZzazUtRDRRanJ6OEUwQUNGV0phaDY3TlQtU3laT1RoTFZSTDZMWjdfR1JSQ1RHRnZnVGtrSFFBNFJaNF8xZ3hXY0VFS0Q2QjhIUS1HUU5PUw?oc=5,"Sat, 18 Jul 2026 22:37:00 GMT",
2026-07-20T02:54:25,Google News Reuters,Deschamps takes responsibility for unacceptable first half in last game in charge of France - Reuters,https://news.google.com/rss/articles/CBMixwFBVV95cUxOVWtRa05OdGxKdk1KVzZPMVNxQmJRZGtLWG5Cdi0zQlRqZWRObWduQm5valJEZFMyenlVOFR4YkNJRVdlUXgxQjNvR2FiSEp1OFgyWnlDRF90akZ1czh1SzdJQlJibHF2MGtjcEVYak5hUFJlaVU2WnhNMzUyVVA0NVE4SG1JYm80UElmQ3J0Q1k1U0JsUHVhWWdKRFcxWDViSFRuWWNOM2xmV2ZlbXB4eWxqNmh5V1pHYlZ4R2pKdE5TUkV0eVdJ?oc=5,"Sun, 19 Jul 2026 00:33:00 GMT",
2026-07-20T02:54:25,Google News Reuters,England take World Cup third place with 6-4 win against France - Reuters,https://news.google.com/rss/articles/CBMisgFBVV95cUxQOERnX0syUUdGclo1NXl3bUdKMVUyZE9lTGxGWU9kRERJdExXZjEyeUJYNzlxT19vMTE0QVFLczgxMEY1bGZ3ZmxFUmNpbWFTNlYxa1hOMGRvLVNNZzZGMmx3cWtiYUpra0F6TzdLTVp0cUJnTkpMSzRyczQ1OUdSa0NzOGVYOTI0d3FDak5aQlN3d1UxWHloREFHam53QzhkVE5ELVFqZ1VCSFNLelEzTVhR?oc=5,"Sat, 18 Jul 2026 23:13:43 GMT",
2026-07-20T02:54:25,Google News Reuters,FDA says sample of iceberg lettuce supplied by Taylor Farms tested positive for US parasite outbreak - Reuters,https://news.google.com/rss/articles/CBMitAFBVV95cUxQb3FyT3REZUtra3NzTERiVVJWakJyZ2loZk5wakZPaEl1Q2E4bTBHUFVnXzhMbVF6VzBtMmwzaTJKQXI1ZlFRZ1FmV0hhR0M0SllWcm9VRU9FbHFUQThhYzMyRnNTTFBmcEltV1FaR0NnV2htQjlhU3hPRGNOUzd2T2p4T0daZ3JqdlBFQWljQUUxRW5QeDRJYklOaWctOERITzR5SzlMV1RVWWlZYnhXS3daeFE?oc=5,"Sat, 18 Jul 2026 22:23:00 GMT",
2026-07-20T02:54:25,Google News Reuters,"EXCLUSIVE: Samsung cuts US jobs, offers relocations ahead of HQ move - Reuters",https://news.google.com/rss/articles/CBMivwFBVV95cUxNVWMweUo2ZDU1a3FQdk1RY0FNY281eVU1SVRMU053SVVHWVp4Y1R2SnYtSXhrOGVPbDVoQ3IxTGp2NUVDcDR6aUZxNkh6X2hSY3gtamtjZEJ1eExibFhTdG9nRHVQZTRvbThHeW9vamdEREMxVHJrcWlLWXVTZ1lpX2hsS0swZEJKRldJTDhBRkZQTUJrd3NQN0tCb3ZlTkVsaUFMNl9WV2F5Q0doMWlsNklaWmNtc3VfWkwxN2s1RQ?oc=5,"Sat, 18 Jul 2026 21:58:00 GMT",
2026-07-20T02:54:25,Google News Reuters,"Jackson gains majority delegate support in Maine to challenge US Senator Collins, Politico reports - Reuters",https://news.google.com/rss/articles/CBMiowFBVV95cUxOM3JidUtJaGJJQVVGem9VVUNHb0Q5b3BsZnkzOWxEeGI3SXpmbXhQYXJ0S280R3d0WmRxRTE0SWZoZGZKaWxWSzR0MTJHQUROUmV4RndpaEQ4Q3FWUXlSM0o3RnVoYl82Q1JQNGcxekx2NVMxTkZBSWkyTEFnWTJ4eUVuVEMtMzhfUU1NNWVsdTBYbC1GN2dhWWdkQjUzZ0RLYVJZ?oc=5,"Sun, 19 Jul 2026 19:21:46 GMT",
2026-07-20T02:54:25,Google News Reuters,Gulf bourses retreat as US–Iran hostilities intensify - Reuters,https://news.google.com/rss/articles/CBMipgFBVV95cUxQTzIxWFlrMnEyMFZoNHBRTjFybFYyNWtmNktvMlRFaGM0X2RBeWNzZzhycWxlVl9rSTlpdnBGVzY2dlZzWkFGUThqbkZPQUREak85NUREUjFkalExaHBJSk53aEFScDA0dFY2b1NwMlNiRVNkWndZanEzM05HVF9NNktScnUyNDdESkY5VlBTZDNsU3c0ZVY4aG1aaWZlZi1iQ3J2Y1Rn?oc=5,"Sun, 19 Jul 2026 12:53:43 GMT",
2026-07-20T02:54:25,Google News Reuters,US Vice President JD Vance announces birth of son - Reuters,https://news.google.com/rss/articles/CBMilgFBVV95cUxQdmxnSVc2b0hNWlpUOU40am9DazNNdnowN0QtYjV1cXBiaURBUndtejJWaVBNLUktZVpCT3c0TXBEWEdkbUVudms4RFpkNUM4cmZuLW5vYlpWQjd6WVhsVnRCTFYzVDU1bTgtODJWdGF6dDA1cjRqMUU0bzJWU01aM09sQktqMmFnMVlDWXJKU08zRFNTUUE?oc=5,"Sun, 19 Jul 2026 22:21:43 GMT",
2026-07-20T02:54:25,Google News Reuters,UK police find no evidence of terror offence in Islamic event threat probe - Reuters,https://news.google.com/rss/articles/CBMiswFBVV95cUxNQUZVR3V5NE9UdmhuakxUQ1BWQXhrMmxiWnI4ZWpYODhPVnhidEF5amc1RVMxWlZBRHprUVoxakZ0cDhjRDB0MThDMXRqVm8xbjQ4eGRYNmVJVHkyTGxqMlN2VW1IRkdJd05Dd19xUFdJMnBYY0dzelF4NmV5YzlFRVBoSjFUVTdIYmxxQ3RmZGZMOFJJSERrOVJYVmNYQlctMzh2UVN0UVVMT3duTTJoY1BGQQ?oc=5,"Sat, 18 Jul 2026 19:41:08 GMT",
2026-07-20T02:54:25,Google News Reuters,"Trump administration to fund Maga-aligned projects in Europe as he reorders US aid, FT reports - Reuters",https://news.google.com/rss/articles/CBMi1AFBVV95cUxPOU4xcVQ5aVRTd3hURWx3clNoS2VWdzJ2QWZqc0g1alM2SHJBdk5zWnZqV01ndFhpMXBUQWlhTXdjVTMtdElHYzl0LXlCcFg3bDkyUjFOWm9hOG1zQzdLQnIyZUZpbGxaOFB3MlhITDhYY2I2UU9MTFJSV2FSdU9sbTA5WHROMXhnNnNGSlJ3MUc2U1Fudmp6Mlp3UWlyN0R0Q01NUkxCczFxbjhOUjM5TE1TMUFQTzVDRFN5emFmZjlsTEpodVVaUFJUZ29sdUF2WkQ0VA?oc=5,"Sat, 18 Jul 2026 18:26:41 GMT",
2026-07-20T02:54:25,Google News Reuters,Iran's Supreme Leader says US breaches show Trump's signature is 'worthless' - Reuters,https://news.google.com/rss/articles/CBMixAFBVV95cUxOdzdnRWcydkxHbFRjbEdiRnZnMUFwclQ1N3ZwZTVHbWRKMTFNb21ldHhfNDRBaFF1VmRoRHpUTFJlREVhc0MwZUExOUlxcWlvejU0X256Q2J4MzE0QTVaWG42WGpMS0NVcWNzOXJqX1RQRjh1czFncm1DM2ZfWm9xT0pkSWxLeDZ2ZU1mOE9KQy1JMGFyMlRCamNBSjVWNExTUkRTNXVvX0w1YWREaXJCMmNVUXVZR2oxVlBLd0lWdnB1WFUt?oc=5,"Sat, 18 Jul 2026 23:35:18 GMT",
2026-07-20T02:54:25,Google News Reuters,Hungary's president signs law change ending his term in office - Reuters,https://news.google.com/rss/articles/CBMiogFBVV95cUxNRExvZWZaR0NUN0NMcHg1UTR0TnMwWC1aYlhTcW9XamNiSHVxU1JFa1pMMnc0cWkxNEdGVS1rU2F3Ui04YjFjUmtlaXEyTXdFVmtwYkZmbmdsdFJqSVg2TzNuZlJ2Nnc3cWtwenB0SGdTWlZfUWhIYlRTWTdEcV9QcjRVblBmT293YlZoZW5PdW5rczMwZVFROERVdVFkbmZWX2c?oc=5,"Sat, 18 Jul 2026 16:37:00 GMT",
2026-07-20T02:54:25,Google News Reuters,Morocco and Spain to battle it out to host 2030 World Cup final - Reuters,https://news.google.com/rss/articles/CBMipgFBVV95cUxPUmpDZkNVVzB4TXctUTd0QkJJaGk5UDg0enl2Z19WbGd4RmR1OEYyclJ1ZTNfMW5zd0F3aXpIMTZYbENqeU5GVnBWczdnNENHSzVhai1kMXdkY2czUFphMEZLZjV3RGEzTlF4eFN4a0h2YndtNnRIcm5WR3RMbHhWSkJQVGFrV2NUenB6MWVzclVnWXpqa1lJTzB6M3JrS1BoNVFsS0Jn?oc=5,"Sat, 18 Jul 2026 17:05:50 GMT",
2026-07-20T02:54:25,Google News Reuters,Thunderstorms disrupt Spain and Argentina World Cup final training plans - Reuters,https://news.google.com/rss/articles/CBMiuAFBVV95cUxOcllXN3YzeXo4YUFCdW1ESDRPdERuckZyZkEwSmoxR2NmQUlpb2Z4U2U1dXNGMmo1cDRobVRYWjhjNWxKUEExbTdRamtnNkF5SHMxdnBkbVl6OC1mYUhxal92OEhXRmtqYV8yT3NFazM0MS11MzBwbGJMUHpzS2U0ZmU2dmwwTDQweC1FcWZsSU9OYlU0ZUJISzlFd3BGcDJTUWQxTVpUQ2o0d3hrWlZXV2dPbUk3TlBP?oc=5,"Sat, 18 Jul 2026 17:25:04 GMT",
2026-07-20T02:54:25,Google News Reuters,Extended Indian Summer brings Messi back to the summit again - Reuters,https://news.google.com/rss/articles/CBMipgFBVV95cUxNMC1XVEdYaE1uUVpNMWZRSUhDbHczdE1Nbno5SmJ4MmJyRWRWVHVJZHNUd2tyU0UxOHY1M2pqS0k5Y000ZmhiQWlseDBnTWkwSFR1bzBfY3dwa2swdXRNMzlrUlJYMWNBTmpUZ2ZDNHE1Tmo4Uy1zWFNRTGdaQUlKZ3FBWkFlU29IbW1CYVFqd3BZSUJYVEo4NnRpNm9OdWdzM2ROQzVB?oc=5,"Sat, 18 Jul 2026 20:34:56 GMT",
2026-07-20T02:54:25,Google News Reuters,Ontario premier says Trump's criticism of Canada's efforts to stop wildfires is 'absolutely unacceptable' - Reuters,https://news.google.com/rss/articles/CBMiwgFBVV95cUxOdWRlX0x0cFY3NTVYVE1pbHVGQmZEYkVfLUtJZEZEamlnRk5HemRkckV5RjhRaUhoYVltcWRWcWZDZ2JyNUVFa3B2TW8welVMVFJiUkx4MDVLdlBpaUNNZUJlNGJkSDI4Q1JQcXJQZjFFcVA1N2V3TXJVWFFIc1M3TzdpWVRtcWI4M1ZiWHAyd3RER1I2UEN1U1hRM3dncnNCWjJkeWxlRzZValRldFNXb2FfbmFHMEFLWWpGUmxwVzJWUQ?oc=5,"Sat, 18 Jul 2026 13:23:00 GMT",
2026-07-20T02:54:25,Google News Reuters,"Jordan has not ordered evacuation of Aqaba airport or seaport, gov't spokesperson says - Reuters",https://news.google.com/rss/articles/CBMiygFBVV95cUxPaF9oRGN1WHlqZHNLYTZ6d2V6TC10YnRqMFFmTEYzUEhDejRTV0xNUHBVdXV6TTFNNUNGUFhOSHV6WWZTZGFmX09obWZLNTV6Wm9raTdhU2tDekRCSUtONzdiQkk0dnNBQ2RKMUE1cVp5NG42R05pdkhtU0VOV1hEYVJNSTBUQU1BSGd5MlYzeGNmbHZudE1GalJ5MENvUHBJUW1zZllPRl9DTzhxS280Qklfbi1IYWM4Szg1OUk5bHR5ZHJEb1Y4NDRn?oc=5,"Sun, 19 Jul 2026 11:13:41 GMT",
2026-07-20T02:54:25,Google News Reuters,Britain's Kerr smashes long-standing world mile record - Reuters,https://news.google.com/rss/articles/CBMilgFBVV95cUxQNXp5Tjk0QmhtSXBoYnNsYTl2bUlVTzdtSDVveWtwLTYwOEJDbzVWSG9XSExHS2hETUFqTnRmRW9ZMzE5ZFFsdUx3ZENDTXpCY3pTVE5pSi1SMjlPUTFUdW9HUnBreHozX2kwcFE4dlJHYTV5QldyV3E2bWphS096OU1QVWJtRHZuRlF0Q3hPMmthdzM2cUE?oc=5,"Sat, 18 Jul 2026 21:22:54 GMT",
2026-07-20T02:54:25,Google News Reuters,Data center opponents stage 142 protests across 42 US states - Reuters,https://news.google.com/rss/articles/CBMisAFBVV95cUxPYk5QUVhhdHdNUVZKT0xJVURINmc1UzZORTZpdGtnaGwxemxTSWZNUTR6MkE3SHY5RjYwSUlQSWFUSlV3RHJGSXJLcjBUWXRlNzBuREwzblp5aEtIdVFRZjJlZmt2dUF6QzNxY2hackV2NDlQbnVGbFBrRnlXOUdycTh1ck5RdUd6WndGOExPN2h5dkVuVUFEVnYzeHdxT1ViWElDZjRpNzFncVFmMEltNg?oc=5,"Sat, 18 Jul 2026 10:06:00 GMT",
2026-07-20T02:54:25,Google News Reuters,Senior Merz ally resigns after coming under pressure in Germany over surrogate baby - Reuters,https://news.google.com/rss/articles/CBMiswFBVV95cUxQRVpqcGdjVlJvaUlMRXJLd1Y4dFBoamtNV2Y3WHZ5aXBJS29tY2F6a1NWRHl2OE9hM2lXeF9SRk5CNzlWeVpuRVAzYWprU25MRGdUTHVCS29vNWRacWJ5Nk53Qy1wMTF5M005Ri1OOVI2MzBlS19JdnJ0NjRmdTdhTnBBMDl1cmQweHdPWThXVDZWcGhfUGtqS1l6dHVNMGM5YlRRU1IyWXBER2FzbndyRlM4VQ?oc=5,"Sat, 18 Jul 2026 12:05:37 GMT",
2026-07-20T02:54:25,Google News Reuters,"Germany upgrades security stance to 'high threat level', interior minister tells paper - Reuters",https://news.google.com/rss/articles/CBMivwFBVV95cUxPRTV2cVk1WFpCWkR2cGlkcm90cVVvMkduU0hpUUltS3c3Tnh4QlJleUFveF96VmFIYjdsR0kyZVcxYmxqR1NpNDNpUTB4bnd2b1hCYUdyMWJiREJfczVXVmJoQjhlSV91Z0szcWRQY3pkU2phREdtSi1KRjI1MFI2ZklvWmNCLXllWWdObmszYzZ0dXItQ0g0WVRvcWNYejJ3Vkxac0VlYlQtWkdBWUZkQ1AwUmYyOGNORFhZX2lpVQ?oc=5,"Sat, 18 Jul 2026 09:39:43 GMT",
2026-07-20T02:54:25,Google News Reuters,"Delayed orders, confusion slowed Venezuelan military's response to quakes, sources say - Reuters",https://news.google.com/rss/articles/CBMi0wFBVV95cUxORklyRm83dTkxX2JtYTRsVkJhVWl4X2JDaHZob25TUEhONXhxWlMxdlNZTnlaNzIyeEdvMHhJMVM3T2xXT2hQR1NhRWlfeGlvdGt3QWk1bW96Zjc1YlRsUl9uNkJudDBmSVJoZFVfS1Z6RTVlRDZ4YV93MTFaQnI5YXZQRy0xdGxVZzZFWHRNLV9aY3JjbGtZZVk5VHFTTFdxU3VsalFSWng5U3FDY2ViWDlXWGtsWVVmdjkxcUlxTDNuSmlGS2l1TTJxbE5qbWUxNGNJ?oc=5,"Sat, 18 Jul 2026 23:13:29 GMT",
2026-07-20T02:54:25,Google News Reuters,"UK's Burnham drops digital ID scheme to prioritise cost of living, say allies - Reuters",https://news.google.com/rss/articles/CBMipwFBVV95cUxPaGJLeDRDSGE0WjZOdlRMbmlmc0poc3lZWk1Ncm15azFtZDR4blhGSURIdFpQTHg0UHdIMjU5QjIwYkRrdHhDdnA4YVVTdmhlLThUbk5zUkVWQkx5a1BNcWZsaWFVLTR5dXNHT2hYbXFyVlJVLWc2TlY0Vm0tV0xBQm5wcEw5SUpDMGFsV0pvUEdqTzFnNUZHZHBCSjFKOVZOelRmd2xlVQ?oc=5,"Sat, 18 Jul 2026 20:45:00 GMT",
2026-07-20T02:54:25,Google News Reuters,Doctors question evidence behind Pentagon plan for testosterone screening - Reuters,https://news.google.com/rss/articles/CBMivwFBVV95cUxPWUJlakhnaXgxcmJlaU01d0J2UU96M3BnX1JMSDhrLV9aT0dSQW1FUWV5c0xLRm9qOXBOWWFvWHNyN096NVRqbGdoVE9kUEJrU1ZBWkVmaVpRa3FPbTk1NE4yWk9ETV9IbE5HNi1Zemo3Rm11VWpqc1BtM1FiMU9WOXpMMDl4RDczZVFjU3hyUEtqdkoyWVozLU9PVWhHV3p5T2VLUlJoc2ZZZWNDeS1jOTgwS3V6N3BDM3g4Q0lpVQ?oc=5,"Sat, 18 Jul 2026 15:15:36 GMT",
2026-07-20T02:54:25,Google News Reuters,India's Skyroot launches Vikram-1 in first private orbital rocket mission - Reuters,https://news.google.com/rss/articles/CBMiswFBVV95cUxNMUZqeXJNOXVSbW4yeUF2ZXdzY1Z4cWpPal9WRzI4RXYtYUdpR0s0WjdkNVZsRXpBMmFmRktTYTdDUE1CZG95dnQ3bkJLZzZDTlp6X05FVzBINmthbkhHaVhfUDRHTENxM2k1bzlvYjJ5aWU3TkljLWJNZVh0TXpPd3dIYlo5Qjg3bjAxZUdOelBXT0RwMWx4bmxxcUdTanpSRldzT2JFamRYcUhRcmVwVGtYTQ?oc=5,"Sat, 18 Jul 2026 13:26:14 GMT",
2026-07-20T02:54:25,Google News Reuters,"Sao Tome and Principe votes for president, Vila Nova seeks new term - Reuters",https://news.google.com/rss/articles/CBMiqwFBVV95cUxOdmo2aXZEbllNeHVXS01UbUVlbDZQOVJzWHE3Y3VpTGZiM1o2dUJsbEtNaDc4MklkSTVfZWx5R1BwU2xDY0VCWTNYYUZzVEc1Z0FrVUV6cFdfTC1MZjBrWnM0Wl9scDJyb2RFTUk2MldwdTRxM2pnOTh5T1MxdEVad3hHRVBXY01yM0drRWlSY2ttNHZwRnpPWFlWNWY2aG1oWU9FOFZNUk8yQ1E?oc=5,"Sun, 19 Jul 2026 11:03:33 GMT",
2026-07-20T02:54:25,Google News Reuters,US says two military personnel killed by Iranian attack in Jordan - Reuters,https://news.google.com/rss/articles/CBMitwFBVV95cUxNUVgwRnh4bGg5bXVrMEdSNXEydXpjb0dCTmQwQlV2MHlydHJTU05DcUxIbktrZW82aGUwZ2F4R2h6bkJXOEpFQy1DREthRVFySzUzNkpVMGNSdXdTMlVjVFR4ZTkyYlRqRTU4bEo1cHR1Y3RMSDJ0UV9Ed01tbnVZbUdyN29ZZWpqQU5VZDd3b3dkS0VlMVp5UUJSZHdPVUUzVjZGNmFHWUJOYWVFZDd0ekJnV293QTg?oc=5,"Sat, 18 Jul 2026 22:01:10 GMT",
2026-07-20T02:54:25,Google News Reuters,Police shift fasting Indian activist to hospital against his will - Reuters,https://news.google.com/rss/articles/CBMipgFBVV95cUxQaG5mUHd5MG1YMndrXy15VXBUWVJKb01USzh0czVERjBmSXAteG5DeW4yV2xZVlpFX3EwT0pOWU9EV29GX2N6enc3WUZTNnlTbDNYajdHTldxRXR1SjU5UXJLdVJaTFlUcUhBUS0xNXBzWGxNMTRXN3l4ZUprT3ZlMGNXT2lWZldkWTc2Z2p1UDJ5SjdPQVRIdThXcDhnTGNGZ2lZQ1NR?oc=5,"Sat, 18 Jul 2026 12:33:25 GMT",
2026-07-20T02:54:25,Google News Reuters,"US military says it completed latest strikes on Iran, marking 7th consecutive night of attacks - Reuters",https://news.google.com/rss/articles/CBMizgFBVV95cUxNd1Zpc0tXYzd1NVhsVFJ2VHRXTkl5ZTA0Y0I0Yk9TeFNKbFZoRWpEWTM0Y0NBdmlKUFJIMHlFRGdYWTNDZEF2THo1azkyV3JabU9GOUxGQ3hwY2pxOUJXVUVlaUxHeFpiNVFxYVA2NTZmMTNLOHY1b3JjTVJfT0piMnFoZ2ZicnVXUkdMWG5jY21MUUxLZnpKeDB0V2NqaEdyWHZBTzRXV18zQzhJek9tREx3MW8wcGVaa25MbExTV0tXZWZyd2x3X21ueGNUUQ?oc=5,"Sat, 18 Jul 2026 02:40:00 GMT",
2026-07-20T02:54:25,Google News Reuters,"Ukrainian drone attacks kill seven warehouse workers in Russia, spark fire at Moscow region oil depot - Reuters",https://news.google.com/rss/articles/CBMixAFBVV95cUxQdy1tV0VCdllFYU1ydXJTWE1YbmM3TlZIYU5yLTZSQ243TVZacXFXc3lzVmxBMEtHNzJLS1RfWEk2bGViWHgxdVBaUjVjN0tZV1dDS1VXN3BvVTZsMW1PeENJbVNrOUZXVHY1UHUxLV9HVVlodFdhQnczQldxd0QtTWh1a2RwR3EteTVINHhfM0hpZlh2SGZyUS1RZlo1cDR6WXZlVHNDU0tHUEtsUFlwRkg5cGpJT2JrY09mQUZIalVfRmtG?oc=5,"Sat, 18 Jul 2026 13:36:50 GMT",
2026-07-20T02:54:25,Google News Reuters,"GameStop owns nearly 10% of eBay, SEC filing shows - Reuters",https://news.google.com/rss/articles/CBMilwFBVV95cUxQVXdDS1FEendUOG1hQnlkMXZaNHNUUkxmRTJwUWYyMHByZ2VFdjR2Q2VUdEQzQTdzTXhrejdLTWVZNU03d3poeVZIZWViSkJZbUpBeW8tZFlBQUszYlJsSHU2b3psZV9GTC01VEdSOGtuMXpSWF9ERjROQTlMNVFUdXlaUk1mcjBRRHJqby1STFd0UHJiMlRn?oc=5,"Fri, 17 Jul 2026 23:59:26 GMT",
2026-07-20T02:54:25,Google News Reuters,Antonelli wins in Belgium as Russell crashes out - Reuters,https://news.google.com/rss/articles/CBMilAFBVV95cUxOQ0RIZXhmYUdyc0NteDJNMF80ZXRDRG42a2NGcU1wS2M2T0hKakZaNEcyTXF5clVWcVZTazR2ZjFIaUJZMjgtWGJjaGhGcWJTX24wWlBpeU4tSzliVUFwQ3k5bm9WMGN4VEx2RGpieW41SktrU25INGJQcnd3VktHUUt2MVRRUy1ZYTlKT1Q4Mnh2cC1t?oc=5,"Sun, 19 Jul 2026 17:02:37 GMT",
2026-07-20T02:54:25,Google News Reuters,US judge says Trump administration cannot revoke grants that conflict with its priorities - Reuters,https://news.google.com/rss/articles/CBMitwFBVV95cUxNeE53UG1LZmItQzZQRW9PaW41aThBSmhNMEJsYnNRM1NWa0trNFFZeXBWY2dpMU5yNGhqX2syUzlzY2hIWFIwb0hORW1fTmV3MDBCbHVOTkpSVEF3bThDZ2tNLTU5TFM1djRrVHFUYnY4d2w0N3RwcENKMEM5T2YxaGNJSk5kdEdmLXNlMThESW9TSmVyWjQ2QlNfVUswZHZWT1p4ZGxNNXlkTUZ4VkVpMEoyQmJ6d0U?oc=5,"Fri, 17 Jul 2026 22:15:17 GMT",
2026-07-20T02:54:25,Google News Reuters,More than 100 homes destroyed in Norway fire - Reuters,https://news.google.com/rss/articles/CBMingFBVV95cUxNeXZ4SFJQQnBFWmtET1E1cGF2MmY1VTBTRXcta3FCaVduQ3dFZ2F0U1AyMnFUZ1h0QVN4YmFYdGtEeHE5ZnJYd2NGUENWaUpmM3RKR1N4aUJQeEUtVFhJRkZVcUVzNWFxeXZMODJyT2RaN3VYQVQ1WHViOTQ2Ukh4RnowSEc3WWtGZ0hwVnpLd3pJSEtBUDJ6ZE8xNXdQZw?oc=5,"Sat, 18 Jul 2026 20:34:56 GMT",
2026-07-20T02:54:25,Google News Reuters,"FAA restores Boeing authority to certify 737 MAX, 787 planes - Reuters",https://news.google.com/rss/articles/CBMivwFBVV95cUxNYTlDV0tMX2FuX2tob2ZJOGdscjgyV2JxSnI1WDdncjdKMV9nMjF6c01ublFWNndKencxcHdRcDQwSGRJUTJhODVhOVltRXhWaVVqZV9kRnBKRkVNQWhZc2R1QkQ4SFhRZjViSmVkeTNmVnVTVlpQYy1qNDNvVzlxUWE1WjN3eGstSnVuQnFnUHpFZV9TSGdIQmo1R3NUZGhCLXI1YWRLdHFLSXAwUlBjWi1GYjhSZFhVM3VqdllTSQ?oc=5,"Fri, 17 Jul 2026 19:50:38 GMT",
2026-07-20T02:54:25,Google News Reuters,US Representative Ralph Norman to run for Senate in South Carolina following Lindsey Graham's death - Reuters,https://news.google.com/rss/articles/CBMivgFBVV95cUxQUkE1SV94NDVYU2thbDJPQlEwUzFtVUIzWmx6T2RZX1g4VU9UelVpZUU4SUZwTlVuMnBJbWlyeXNUeEg4bzJaeFZhdUZHLW5POWg0ZWZ3ckxSWVFEVEpFYWM5SzRNU2MxRnVhV2Nib19YYXRaNDZLZThtVEl5Nnl5aFYwMG9TVTNtbU9idkFSbi03dG9LR0hNaEk0YWU4RHNicS1EWWZ4Znh2VTJURFJPUlhZTXBMa0d1Si0xb01R?oc=5,"Sat, 18 Jul 2026 22:27:32 GMT",
2026-07-20T02:54:25,Google News Reuters,"Trump Media pitched $100,000 monthly fee for fastest feed of US president's posts, sources say - Reuters",https://news.google.com/rss/articles/CBMi1AFBVV95cUxOUXhybkhSVTZzdG9mUEw1S0ZveDNCRm81ZEJmYWl2dW1BTzdGWkMxbTM3TWhqTVRlaGN4M3ZZMWNsU21hd0lYRnhtLVBBbWxZcHFLRmpmeHFSTFBfaVZjVFItUWlXMjRlbWpBYlM5b00wYXlnbFU5bnpWX2hwSGdrTzBVWm5ySTcwZnFwNHpqbnlJRVRGQUdDUGR4NFhlVzRqZmJLN1ZPUkdremVHR3VGUkdIOTJ0OVE4dFl3aGVJUmxwYjhMcDJZWC1XTGp6SWFxVThhUg?oc=5,"Fri, 17 Jul 2026 16:54:00 GMT",
2026-07-20T02:54:25,Google News Reuters,Fact Check: Photo altered to suggest Lionel Messi stamped on England player in World Cup semi-final - Reuters,https://news.google.com/rss/articles/CBMiwwFBVV95cUxPeEVpdEJxMlg2NTFPY1pOeFZvT29pQzdkYzV3ejN4WmN3Q2o5Q3l6Z0lLY0p0aW5mZ0NJVzlIZENLYzBMamh6X3B5eWVJYXlrcDdDdDFSLTc2UVBnVUZ1amhxdmp5VFp3WnRkeWsxSVVST01zcWtxNDlFUWlvOFB1cGpWQmJNbFhXbWpLVS03c2JmWGh3R2FxcUczNE5rQ2FYbTlvb1JCMWhiWi05YzdaVkRLYkE3NnZQTlFFQXkzdVpwejQ?oc=5,"Fri, 17 Jul 2026 18:53:26 GMT",
2026-07-20T02:54:25,Google News Reuters,Venice protests greet U.S. Ambassador Fertitta's arrival on superyacht - Reuters,https://news.google.com/rss/articles/CBMiswFBVV95cUxNQkFrZ3VRdkFtZE03RjNvZFZpb3hQTEw3cnFwRG5qd2JiaU9Td3FGRDVua1Q3bU1pSkRHNVVxU2x5LTh1SVZXVnNWOXZOUldwOGJDbDFkd1NwNEcyMDdHSld2cDYyVldSbnRIcmZ0YjU2OE1iUXV4ZV9KUWkwdHVraTJqeENtOUluZVJoWloxRmNrajZHbmZuQklmelpSY0tCSDVGcDBseEtRQ09rZ0xCNWFRZw?oc=5,"Fri, 17 Jul 2026 15:38:00 GMT",
2026-07-20T02:54:25,Google News Reuters,US appeals court strikes down New Jersey's assault weapons ban on AR-15s - Reuters,https://news.google.com/rss/articles/CBMitgFBVV95cUxNNlU0dUhJOUI3Z1hZNVIxLTBmNnBGUTlKLU9VUGFyM1FpaFE5S3RlblNPWFFNVWJpekZJMmxlNVdPUDVvNUZTNFkyZEJQVVF4RzdoaDQ2TWlWcnE5czhNN1VEdGtKbkhRNGlvTDFZaDdoNW1QQjVmNE95YWhETDQtVy1JRlQwbTQ0ZXJHUkNJb0dOU0s3aTJIdzNuajRBMDVyQmxEYkRiRzdISFQ4bVhQMXR2aG1fQQ?oc=5,"Fri, 17 Jul 2026 23:03:21 GMT",
2026-07-20T02:54:25,Google News Reuters,Israeli strikes kill Palestinians attending Gaza funeral for earlier strike victim - Reuters,https://news.google.com/rss/articles/CBMizAFBVV95cUxQU0l2SzBLNkJrRlU3OWNGWmE1MXdfeVZfUk5MRXdETUJHQ1Z0ZFdiVm5GV09IOTRDdFZMYXR2c05HTjZzZTNZMEJmOVdUVWVoaEJNLURmdjNhNlVWb0pMSHlHUDBEa2hyQmpldkh6RVZOSHhDaUVvLW1JeWppMFpvaU9YVTdfSEtWTFluS0pOcmRwRU00Z0ZWd01qR0ZJVnZUOTAzUzlqel9lQ2U5ejYtWVd6Rmx1RHdoZEF4TDNJSTFNOUZjMnhnWHlueVg?oc=5,"Fri, 17 Jul 2026 16:59:52 GMT",
2026-07-20T02:54:25,Google News Reuters,"Taylor Farms, Sysco pull iceberg lettuce from central Mexico linked to US parasite outbreak - Reuters",https://news.google.com/rss/articles/CBMi1wFBVV95cUxOWktLMXhqdm1jU0Z4UVdKbWswc1hLbWxrQkdkeGFuT3Y5R29Ccm5fOXFseWVTak1ya3NkT0lFc0ZTRUFhamxUX0l1NkpqV0JFRXk4QVUxTkswaEFfYUVLcjU0eGk2SENmTkJRdXZhTGQtdkhkcHh3VXZoMHFvYlhsYlpaa25jOWQ4dWo0RHNxaTBIUnFfQkhpQkN3RjRDTHRITTR3VHEwV1oyandPZk5CNXVQVE1jcEFYLVZTSkpjZ0hLNEZOc3ZXQndPYVg3ekpORFlpeVhUTQ?oc=5,"Sat, 18 Jul 2026 15:52:34 GMT",
2026-07-20T02:54:25,Google News Reuters,"Trump blames Canada for wildfire smoke, says he will add cost to tariffs - Reuters",https://news.google.com/rss/articles/CBMipgFBVV95cUxQdXUtel94MS1EWVNOZU1tWW12N1lUWjBTSVBmSTk3bnNGWUd5ellVbVBYZ09LdmozUjVxT0dWbUZkTXU1UEpucm5kblpRd1JQX1Q0NDhEbDZ0dFJUazhCcjlJemk2RHUtMU1PTkdpSHRyZmVJZ01ZTFNyZ1REQkpFc1JLcTUzM2VaaVJqSDdZblNuWjBJTV9tQnZnVG9NSTRHXzJFUHJB?oc=5,"Sat, 18 Jul 2026 13:35:15 GMT",
2026-07-20T02:54:25,Google News Reuters,"World Cup final halftime to last more than 15 minutes, broadcasting sources say - Reuters",https://news.google.com/rss/articles/CBMiwwFBVV95cUxNSzVwX3RmVDlIWExrY3gyTVVxdTZ6Ml9vZjFPWUx2SWpSLU9VRXEwSWsxZ1VVUVdQcjRLWWpqNTN5N25HQW9VQlFOejRsdGhBM2thRVdxRTJKVHNRVnhuUURkMlpCV1lJUXUzWHJRSHNxOHQ3Sk8wTlBSU29ISnFpUzB6emVlM2llQ3Y2RjV0S3VWcU5ZU2xMTGFXdU1TVGsycjdlUXRTaHN2LWZPeDBIYkd1cWlTSEpBQlhBWk56UzBCdm8?oc=5,"Fri, 17 Jul 2026 15:12:54 GMT",
2026-07-20T02:54:25,Google News Reuters,"Chip stock pullback sparks worries about AI rally strength, leveraged trades - Reuters",https://news.google.com/rss/articles/CBMiswFBVV95cUxONEpraWR3MkhKa1R0dDlkLTJsYXVWU0NsQjIySnpzcTA1dkFyVGNKcGk0RFNjbmF2dnRQZ2ZnR0lGb2thTEdwb3RLRVQyRWdxYmtFV2QxOVVQcHBocEsxVUoyYnJBa0JlZlBZRkRfY0trdGJnRkFOWEljYXowWWNrLXlVQm1sYkJoT2NzMVlMcDV1cWdDSHRjQUpZalFpdHN5cjZyWkxkOXVDMllxR2RiekFTYw?oc=5,"Fri, 17 Jul 2026 20:55:29 GMT",
2026-07-20T02:54:25,Google News Reuters,"India's HDFC Bank reports 5% rise in Q1 profit, meeting estimates - Reuters",https://news.google.com/rss/articles/CBMiqwFBVV95cUxQUi1sdzBNS3FsNXhKUmxKekN5VEhMVk9rMkN0WlY2LXhBTF8ybVo0dzltLXh5a2dSdFlzVnAyU1N1X2U4RDRVRmtsc3dwLTVJMFFiX3V5WTc2RHpObWF3Wmd1Q2ZxaEJmeEpXX3kyNDNNbzZVLWMxbGFLLTk4VWtlcm5GeG8xRkZPVy1yMlpZT0tUd3VIemJfTjNFR25yalVSWmdtdm5Ybm5tdk0?oc=5,"Sat, 18 Jul 2026 10:08:29 GMT",
2026-07-20T02:54:25,Google News Reuters,Germany's Merz signals possible opportunity for cabinet reshuffle - Reuters,https://news.google.com/rss/articles/CBMipAFBVV95cUxQbUpObUw2RENVdFZ3QnhnOElIYmoxTFlhbmRFdGIwelFwcFF4c0JvNmRzTWtmWUxXNkk1WWctZDBrQnRHeGpacTBrcXU1eWdIYURhRDlMbXl4NjBpN2Q4MGc5dnhpVUU3eXhFaTluQUVsRVNFUTRZbk40VlBXNUZnU1BoVXlKQ084dy1tREFXeGJBVWY4UHdPRmtUbUdVc2xHNS1UaQ?oc=5,"Sun, 19 Jul 2026 10:17:43 GMT",
2026-07-20T02:54:25,Google News Reuters,What is Pakistan military's strength and capability? - Reuters,https://news.google.com/rss/articles/CBMiowFBVV95cUxNdkYxUWNOSjc2Z21XMTRhTkllQ181bVVaWGphbW9rRTIxYnFNcFg2VU9CSGNxQjg0YXc4SGZZcXJvbW1KU0lmOVVOUXN0SzlqNXYzS3N2QVVLLVhCazR1b3VqeDhDT1NScnJVcGpWT3Ewem1BaGpqSklLaUxldEU3eGR0VDA2UnZqdmlFMHBhUjNZcFRjdy1Vc2ktb201azFHdzRV?oc=5,"Fri, 17 Jul 2026 13:35:49 GMT",
2026-07-20T02:54:25,Google News Reuters,Apple unseats Nvidia to become world's most valuable company as AI bets shift - Reuters,https://news.google.com/rss/articles/CBMinwFBVV95cUxOQ0dxV3BmWDRMVmZLTHI0bWpNR2hCVTVfdWloZGRCdnZxTUZNNnBQMGs1bm9oVGpiZVVtclBiNkIxQjF5NlFJY2JjalR4cTIyVEg1TVAycGZpakdXQUxZWEtZWEdMemFhVXFDX2RPX21HV05QMnpVU0REaFpOYjlUVVROV09RdFFURmdVS1FUeFRRcUtoZHdTd3ZKRjNjWVk?oc=5,"Fri, 17 Jul 2026 20:32:56 GMT",
2026-07-20T02:54:25,Google News Reuters,"EXCLUSIVE: Pakistan and Kuwait discuss expanded defence pact, sources say - Reuters",https://news.google.com/rss/articles/CBMisgFBVV95cUxONHZvMDI1eHV5d0EwekZYSTVrdmU0VDVpR1o0V2hqUlFkcXBxR0xUSFEtak9UdVdVNEtmenkxYVFfeXNtQlc0TGVHSXZZd2gwNlEtRkNya0JuclAwV2llWS1jVjRnUldaWWF5WEZhcFJzal8yV3M5MUhKMldHa2lGNjNTS2c2OGxCTjN0YzVSejVrdy1jTUx1LVUzVmRMeVdnX3NYWUQ4SXhYSjNvM2J4NDBB?oc=5,"Fri, 17 Jul 2026 13:30:13 GMT",
2026-07-20T02:54:25,Google News Reuters,"Hydration breaks did not impact World Cup results but future undecided, says FIFA's Wenger - Reuters",https://news.google.com/rss/articles/CBMixgFBVV95cUxQZ2NzNm04ZmtFWVhWMWNlUTZHNDkzRFJLZkR4bWUzdlVfUGVXX1UtU0JMTFlGa1hIazZLUElEcUpldURHeWl6d0gyVF90R0dHVXJ0b292ZmF4SXF0M2dNcHdEXzlUWnNBS3JXQ0NpSU9sNDZfcTA3TEJ4Vm1uSEJrWW02LTVGaG5VcGhWQW43Vk5QTUo1OXh4U0FOVjNJWHZxQ19hazUxRUppUnF3UU1RTk5tbjNkZkpWbmJkUV81QmNESWE0b1E?oc=5,"Sat, 18 Jul 2026 19:16:00 GMT",
2026-07-20T02:54:25,Google News Reuters,New Zealand's fearless Fox wins British Open thriller at final hole - Reuters,https://news.google.com/rss/articles/CBMimAFBVV95cUxOYzJvRUlxWGoyWThBbGl1MGc4R2cxZ2FfM2poUkNaQ0JQa1d2OGNTMy1lVXlObVEtaWNMM1NzUmNzMnFNYmhoSjVOanc0RkNVUXZDSVdMSUlUVVM3bG1pYnFUYUVMTVNIRXktY1o5OWg3ZWliTFBKUmh0ZVVfWUx1MngzWXFsak9kVUM0MEJJeEQwdC1tMVRsMQ?oc=5,"Sun, 19 Jul 2026 17:47:00 GMT",
2026-07-20T02:54:25,Google News Reuters,Dozens missing after passenger ferry sinks off coast of Guyana - Reuters,https://news.google.com/rss/articles/CBMiowFBVV95cUxOTmozNzhIUWdXZ0thOFdIZHhqNF9vM18xNnhkbUJtMTNpaC1xSU8wU3ZvSzJMMXVoMHItUTlNS1kzLVJlbXZqSE5Uc1R5dlJFSzVtYlZkODRaQm9YTnh1eXkxZktRczYyWkpSLXQ3U0xRZFNlRVVVNzN5UHVMeFFFaHl4VS03TEtSYzl0QjJ3T0JUNS0ySGFzUW15MkNIR2RkMWdj?oc=5,"Sun, 19 Jul 2026 15:56:43 GMT",
2026-07-20T02:54:25,Google News Reuters,FIFA detects 7 million abusive comments targeting players and staff during World Cup - Reuters,https://news.google.com/rss/articles/CBMixAFBVV95cUxNeG9kb1VxeURGOGRadWdCbmt2cHNTd0dwMVBnNXo1cW4wR1NxSWg0TXBOYTFoT1lidUdvaTE3Z1VGVVp5TjNWcVBsemljbHU1S25vRDMzSnZ3aHpoQkwwejVHYlZQRXk0Si1hWW14R3BUVm1XRk5GenZOUGRoNmVTak5LZUhQaE5qaEFWek5PaXJhWTRNbXBPSnctaEo2alNFMV9SRTlZT0V6bjVlU2UwYngyZWZ3X3hvS0Q3QTQwTlRlRDRG?oc=5,"Sat, 18 Jul 2026 13:57:43 GMT",
2026-07-20T02:54:25,Google News Reuters,"Wall St Week Ahead Alphabet, Intel results in focus for AI trade as US earnings rev up - Reuters",https://news.google.com/rss/articles/CBMivAFBVV95cUxNUmJhQmIyVFFQQ2FDdzIwZThieC00dE9yZEZNMVRSb20tRFAxVlZLYURkU1VYMC1ESlpFZ1poUnFoU0hJbno2VEd1VTB4Nl96YThVdTZUcDJiSmhWbFJhc0dzT0xnZE10aW9jZHRhdmRlWEE4cXF1MlNsdjNVTzZEZmtxLUFtLWN3YUJrbVB5eDd0cVkwaGJrTnVuLUwyeTBjUERETjNfMUZ3cWlzTklCeDJOTDd3SnVYaGNuUQ?oc=5,"Fri, 17 Jul 2026 10:04:00 GMT",
2026-07-20T02:54:25,Google News Reuters,"EXCLUSIVE: Indonesia's copyright rewrite puts Google, AI platforms on notice - Reuters",https://news.google.com/rss/articles/CBMiswFBVV95cUxQRkowc3QtZ1pWX1JNa3Y1Q25uMk1xRGRUemxObDBhQ1lQRm1XVVFDWHhvZDdqZmJrZU9ZSkdZYXhkMkNtUl9GLVlkRVZQZWlCWktpOHFCNUZqUDlWZDluSDN1dmhhVkhsMlMxNHNxci1vQXZ0Vk1vWGQ1aWN4a3hSR2lpYmdPRi0xemdDSHJNQ2NuNmNOVmc2M25sV3RvRlpNLVJkYVp4M1M4X3E4LUVxRW14dw?oc=5,"Fri, 17 Jul 2026 10:09:57 GMT",
2026-07-20T02:54:25,Google News Reuters,"Fed rate-hike voices swell before July decision, rates still seen on hold - Reuters",https://news.google.com/rss/articles/CBMitAFBVV95cUxOc1g1bEw4cTg3OFRTdGhlT3N3eF9NVklLM204aVQwbkowQ0hvcU1yOHhsZXZlcXZBTXY3Zl9xRTdjSHRCY1NtNnV0TndVRkI4anNtSzVyeEhOT2Vnd0NLaWNvNnlzRkdkMFlLTENvY0pNQTFVTE9JaUlvaXpkeFhmZ0VMQXBVdVpFZ1JPdjNubGVOelFUVUlCdmVKLUFDU25CR2U0MDJOU2QxVXJOSndOOW4td0U?oc=5,"Fri, 17 Jul 2026 18:59:42 GMT",
2026-07-20T02:54:25,Google News Reuters,Wall St ends lower for the day and week as chip selloff broadens - Reuters,https://news.google.com/rss/articles/CBMiqwFBVV95cUxPSXBLd3owVnZENU9mMVBIZUg5UjJoT1RtdmJ6UkdJNzJOVmxXdVFtT2FWYzU4c1pQSzkybmNBRHUwMnBxeURFY01ZQ3ptMkg0TFR2dGpQblJSSWRNVThEYlBXZWNVZjQtTWswdUdLR2M4SXhXWGtRNER2UlgyU1ctQkR6Y0ZSWWYzV2tyc2FtMHhfZGNMU0xZdlRGN0hXYXVkRWk0QkdpV0o4dEU?oc=5,"Fri, 17 Jul 2026 22:31:24 GMT",
2026-07-20T02:54:25,Google News WSJ,U.S.-Iran Fighting Escalates - WSJ,https://news.google.com/rss/articles/CBMic0FVX3lxTE9rMEZfLVJkTXFvS0xaMndRdmpzRzFrU2h3R0xHc1ljLUppYnoyckRHZ2hXRm1tUEwycXQzNnpIN1phb01SbFdxcjVSLU9KdU9xYTE1TjEwRVFTR3E0X0wxUkNIWXI4VGNMeHRfT2Y5cmpmUFk?oc=5,"Sun, 19 Jul 2026 15:46:00 GMT",
2026-07-20T02:54:25,Google News WSJ,IBM’s Big Blue Blues | Technology for July 19 - WSJ,https://news.google.com/rss/articles/CBMiYEFVX3lxTE1VY19lS2RRYVlubEszdHBIU2hwa2dFbEJfMU1lNW1BTWZ1ZmNMQWo4MzJsTlM4dkd1MDRCb2IyYm94XzdfYUR5dXc4cWE4UzNBdm05QnAzcHdvcFpNNDNMdw?oc=5,"Sun, 19 Jul 2026 13:07:00 GMT",
2026-07-20T02:54:25,Google News WSJ,"Boeing Needs to Shore Up Finances Before Launching New Airplane Design, CEO Says - WSJ",https://news.google.com/rss/articles/CBMixAFBVV95cUxQNFY1OEo1RkxhVTJOZkFjb2lQRlNXLVJBdlg0OHZINHVlWFpRWHRTVWFsbHJ3c0o1anp4ZE1feVVDRG1ibzBvVmtuWHMtemhGR0NSR0hsRWJBQWhXYnM0c1lpTGNYSUFMZEhJNm5lZUt0ZTl6Z25rZU5wZHVjU0NOSlp0VW5tM2tsWi1HLW9ITi1YYUlhM2J3aV94cHBBbGdhdkxfMHA4YUowVktad0trVFVGeE9DQmJjMTdFZE5vTENCWnNm?oc=5,"Sun, 19 Jul 2026 17:19:00 GMT",
2026-07-20T02:54:25,Google News WSJ,"A Statistical Revamp Is About to Lower Inflation, at a Critical Time - WSJ",https://news.google.com/rss/articles/CBMihgFBVV95cUxQVGJ3eDJ0X1JSRGZFSkpSQ2NSRXNUejVIQUU5bnJNekJ2UXZxS0F5UGhmMEk1cWRPNkhmanF2bUl4OHY2R0daLXpnV045eTVkZEpaV1lmYmFqN2p1blVSSEdQWHkwRFBiNUFFOG9qbXRKSXY0dkpYLWlFTThPUGlkd0Mtd3Y4dw?oc=5,"Sun, 19 Jul 2026 09:30:00 GMT",
2026-07-20T02:54:25,Google News WSJ,Pastors Using AI to Help Write Sermons Grapple With Where to Draw the Line - WSJ,https://news.google.com/rss/articles/CBMisAFBVV95cUxORkJrNHZIMndwVTZXcmE0SW5CYlFNd3hsbkRnU05uRzFYY3REemJiQjMtN1NhSkVKRXdXbExHM2xIb3dwYzhMWE0tMkNXYVJoZ1ZXemlmRGRLaVBnbFVFNEotczVIME11Q0ZTaGx0Y2s2d09faXZzYms0UVVrRkVHdjhOYWt1dTFKRkhVckhTZkJLWjlISnR4UHBfb05uTUJKRFJwR1ZPMElhTHZ3SkJNNw?oc=5,"Sun, 19 Jul 2026 09:30:00 GMT",
2026-07-20T02:54:25,Google News WSJ,Social-Media Influencers Andrew and Tristan Tate Are Arrested in Miami - WSJ,https://news.google.com/rss/articles/CBMiqwFBVV95cUxNQlRsYWVTYUtZMzJCYVVKMld1dEZqVHp1WVF3WDdxaGYtOWR0NGdQeUhNTGl0ZHQzVlROYkJGYmFhcHdvN2h5YnNSbTBXRzdKX1A3c1IzdVFpcHpTRUZuaHk3MVVmbGNCZU9LU2NRdUljVHZYaXpORUZPSHhPcUpwdm9lUmZJeEVCMW9vb2hFSmgyVjc0SGx5aXFVWlV3dXl4Q0VJc3IxRWJjN2s?oc=5,"Sun, 19 Jul 2026 02:26:00 GMT",
2026-07-20T02:54:25,Google News WSJ,Opinion | Social-Media Regulation Doesn’t Belong in Court - WSJ,https://news.google.com/rss/articles/CBMiiwFBVV95cUxNYzIza2tnYjhrN1RpdVdjN2xUNE5LYlJ0V2lrTlJKQXFfNEo1eGZicFlET1o0U3N5d2ZTTGFUTkZoMGlTeENxYjZEZ0ljR3FLcnl3MFVhWU1aN1dSY0t5dHBGZGRWdTZjT2ZaRXp5RHVMaFlzQVRpZjQxdXUxSUxWSkFWT0tUQ2c5Z0I0?oc=5,"Sun, 19 Jul 2026 20:05:00 GMT",
2026-07-20T02:54:25,Google News WSJ,Opinion | How Coke Filled the World’s Cups - WSJ,https://news.google.com/rss/articles/CBMid0FVX3lxTE15NHFpMFhfbzFNT0pZTHdadm5UQjBBVk84QnN2QmpFZnRNM1Y5TERQUEc0RHJqeE5kRzJka0pYUzdyaDBwNklhUURSbkRfdW9BREYydW5CeWlodFBTRHJ6Q2lYNnVXblZsV2IzZ3d6Si10dTVQWXpz?oc=5,"Sun, 19 Jul 2026 20:06:00 GMT",
2026-07-20T02:54:25,Google News WSJ,Israel’s $50 Million Experiment to Change U.S. Public Opinion - WSJ,https://news.google.com/rss/articles/CBMinAFBVV95cUxPbkNNQWRfQ0VRbEdDaHBKeVpfbUNWbGxfQVE0WlVGNzZIdWJ0SlhNanN3ZEFQNzUwdHlwLTNfeEh3RzlxZFF1REFwcy1Xd1FEZTFBVVBKOERxZFlycHVwb2E1elFqOUhESnVDX240YUNPT1B5VUlUMDFhcG8tSjlXN3FXWU9QaWEzb0RKTlRQaW01YnRKODc1UmU2LTc?oc=5,"Sun, 19 Jul 2026 01:00:00 GMT",
2026-07-20T02:54:25,Google News WSJ,Nolan’s ‘The Odyssey’ Proves Hollywood’s Top Directors Are Franchises Now - WSJ,https://news.google.com/rss/articles/CBMiswFBVV95cUxQT0ZTZVZnamluWEYyZXl6N2k2U0NsSGY1d0NoX09WTTdBTVN4WHZiWEdzU203WFRaMk4xUkJEdzZDaTFlRjNkWk1Rb0RhRXcxakxVT05Vd1cwS3FWeFdVTE5qTGlvQUI2UWgwZXM2TXpsam5fQ044cUdoZWZEc3R3dDZFVjBnMmF2NU5YUng0N3EzdVhMRDVZRmZzTW04RExxN3VzX3Z6S004UnZGc3ZQbkZqcw?oc=5,"Sun, 19 Jul 2026 17:31:00 GMT",
2026-07-20T02:54:25,Google News WSJ,The CIA Operative Who Spied on the U.A.E.—and Played a Role in Its AI Win - WSJ,https://news.google.com/rss/articles/CBMihAFBVV95cUxQRXJPNlRnNlF1Q2Q2Z28zZ1JqXzlXYkhKdnB5SVVOT0VrR0gwcEt0cGVhNVdab0xCQ0YxemEyVlhsVFVpdXRwcHdXbzFXQW9nOEprMVR2M3h4clFCZEIxUExfcmRxWGNUUTlDbVdFaTR6TXF3THFjNUlEUlFHY2c4YmN6cC0?oc=5,"Sun, 19 Jul 2026 01:04:00 GMT",
2026-07-20T02:54:25,Google News WSJ,The Last-Minute Soccer Fan’s Guide to the World Cup Final - WSJ,https://news.google.com/rss/articles/CBMioAFBVV95cUxOVkoycVBvQ2tyekI0ajA3UkFHTUZJNFRxWGJQMVAwSDVKQnYxalpRcmw1R0FBYWZHRnI3LXdIVHhGZTV6RVVXdkVyRUFKenBBaU5TdGRJdXpoc0FfT0Zkbm42YkVJX0k2MFRkTjJiNWxCcFV2NEY1VWdYc3dSWUN5eWdsV3V1Z1VjNEx2R0lseFVTU0Y1Mm8yZGlhN2lPY0pS?oc=5,"Sun, 19 Jul 2026 14:32:00 GMT",
2026-07-20T02:54:25,Google News WSJ,Opinion | Colombia’s Answer to Donald Trump - WSJ,https://news.google.com/rss/articles/CBMieEFVX3lxTE5tcHg0VVQ4emhiUEliQ2Z3NkFfUVdSeVFfUkdwQ2RUZ2gzYk1tY3NmblQybnpvNU03ZnUyN0JpWEd4aW55bGhjSnlZZnk0Ni0yOHh0MXBKdHo4b3l1RnVZTjRHR1lpVDlsY0ZZZlZhV3dwRHQzN19mZw?oc=5,"Sun, 19 Jul 2026 20:07:00 GMT",
2026-07-20T02:54:25,Google News WSJ,The Justice Department Is Pulling Back on Prosecuting Corporate Crime - WSJ,https://news.google.com/rss/articles/CBMiuAFBVV95cUxQR0lyRlZ1bWJUMnZXVDlfajROdk1tOTlyUlhMLWJvVFBLc3ZmTzBHQUdBOFZvR0FMaFp5N3hTUUliMWF5R1VtUmhFMVcyQnk3aVlqNm9FWGhabGsxVmZYdnM1RmwxWkVudGxLNVByVjhrb3NqeGpYRDgzc1pGWjNIbkd4UUU3bWpaZHJjZTlGcVhMZGFHcnI5bW95Qk9ONVo1SW9LRE9KRkFkQ3M2eUlwb0VBUXVFaHNi?oc=5,"Sun, 19 Jul 2026 01:00:00 GMT",
2026-07-20T02:54:25,Google News WSJ,Iran Rushed Out $6 Billion of Oil During Brief Truce With U.S. - WSJ,https://news.google.com/rss/articles/CBMiqwFBVV95cUxNMUFyRm95ekJ4VEpzZzBaNUlLV3FEcHFuUWpaX1poT21ibWJSOFNHbmlCdUZyOWp2TmJfY2xEXzFxTW9JeGh6WVFSRE1DT3ZNLWVYZ2wxZ1h4MkdxQ2pqUkwxSWdrSU9BaUVkUzRaU3dyVHVOeElZZThwUFQ3TUJOVTU2clBNckxPQk5TWGlFczFnTWhNSkpMNEFQT2lHQjFSUjAyRk05TVdoalk?oc=5,"Sat, 18 Jul 2026 21:00:00 GMT",
2026-07-20T02:54:25,Google News WSJ,The Secret Mission Behind the U.A.E.’s AI Breakthrough - WSJ,https://news.google.com/rss/articles/CBMilgFBVV95cUxPUkMyOHJmM0ZvRmF6YkFjMmVTcDZJaEJxVWpNYmtwRzhxS1lleWw2ekZCSmNqempFTGd6XzdISExicFIxTFRjMlI0eHAwSHVHU3oxVklmbDhNQlhmR29nV0FFOTNQWFBNaVlfcW1qbEVtVVVLaUZhelJUX0dUQVEtN2xmSDBvR2pyc3NFTDg4VlkyWGtIUEE?oc=5,"Sun, 19 Jul 2026 11:02:00 GMT",
2026-07-20T02:54:25,Google News WSJ,Opinion | New York Is Fighting the Wrong Energy Battle - WSJ,https://news.google.com/rss/articles/CBMiiAFBVV95cUxQSTVhaEtVV0lvMXNNcnl5V0c1YThRNndwejBWQkxfZS1pbURtQWNfaWwzUldpV0JzZkFFTlNlYTFTNUt2WTJ0WXFLV29aNVVZN01yakdKT0RqVXV2OHVyVzVSLXhkSm9WVWFkbnJPTG1GVy0zZzJhLTBlZXVRUUZ2TE94YTNZMzVi?oc=5,"Sun, 19 Jul 2026 18:17:00 GMT",
2026-07-20T02:54:25,Google News WSJ,Ukraine Escalates Air War With Deadly Strikes on Russia’s ‘Amazon’ - WSJ,https://news.google.com/rss/articles/CBMinwFBVV95cUxQaDdNZzh3V3d5Zk1RTHdfV2FHMVk4My1ZZGpPX2E0S3BFUld1MVpub1BRcW9CNWRWREdVc2FwQ0xPWkFoa0F5RG5kcUVWYVVCT3FyRE9YaTdMM1R3S3lkTTVVU1JDOUxZTVZhQlpJT1JYMVl5Rktqa25JWldMN0hUeU5DQ00tLXg0aHY0d21lbVVnTkRwell0QzQyMWF4X3M?oc=5,"Sun, 19 Jul 2026 01:24:00 GMT",
2026-07-20T02:54:25,Google News WSJ,Lettuce Supplier Linked to Cyclospora Outbreak Is a Global Salad Giant - WSJ,https://news.google.com/rss/articles/CBMirAFBVV95cUxQcGxLR0Roa3RQeURiZjJQMWxScXBiSjVXWFdPamVSVFR1TWtRNWFDUWV3UlIwcm5nOW1pa1huWHBGUzZyVHJJdDl2bVRMRXNndGxTR0RES1RnSjRxcHJjWnAzeTUweHZJdF9zWnEyeWJVeXVwUGx1eER5eXVpSTUtTVo0NW9rZ2E1UDV1aUVlLVJJWllnNWdnU0ltMHd1UmdNb3AxU2JCLTRYOFcy?oc=5,"Sat, 18 Jul 2026 21:31:00 GMT",
2026-07-20T02:54:25,Google News WSJ,"Two U.S. Troops Were Killed, One Is Missing After Iran Missile Attack in Jordan - WSJ",https://news.google.com/rss/articles/CBMivgFBVV95cUxQMl9xOG02Si12Z1duVWRuUVFYNk40WGNXNWhwZk5qTjlOUVR4aDVGVW9qeG5pcExQcmlTRi1YZjNOcndLVWJGMmhtbnNQc2F2dFg0d29teWsxUVNGbTQ5SHI2QU5fa2Q0NFNXQndyYWlET01zMDZwUWc1NUZRS3ZFS1dXYS1jUnlKU0dDcGUxV08xUVhDR1V0RF9qZl9XX2xlLVBKM1pZZ0drY2VYMnBqSFN4SGdsVUxhNTI3VXJ3?oc=5,"Sat, 18 Jul 2026 22:42:00 GMT",
2026-07-20T02:54:25,Google News WSJ,Lego Strikes Back Against Screens—With Chips in Bricks - WSJ,https://news.google.com/rss/articles/CBMiekFVX3lxTE9kUWthNThsNi1lbU4tbGF2VlhZdlF2akFOWk5OalA5SmdLandvRkhUZUpYWFBBN1BxMFRGNlprVk5Pc3h5NEtvTFZNSWpMaExWTzV3alZNZWJPY0ZVRFdVLVBEUERFQkg2WTVDRmh5WjQxbjNqRVExNVhB?oc=5,"Sat, 18 Jul 2026 17:00:00 GMT",
2026-07-20T02:54:25,Google News WSJ,The Clock Is Now Ticking on Netanyahu’s Political Future - WSJ,https://news.google.com/rss/articles/CBMipAFBVV95cUxOWmVJOTQyU0VseFE1T0dqN1lXcXFMYjUxY2NRUEg3Y1FwNGFMQ2hmNW5vd3JTQkMzWWgtM1d5alppRU9BeDlDamRQWWFBWjVScjdfekNDcjFSRDdtTUJlWi1HcjNZX1BaTDhHMVdlaWNidk5XdXJGVjdyQ3cyTjJuZjlzSTRNeDZMcTlNdnVtdGFlbmptMXl6b2lXM3lBZE9od01JNw?oc=5,"Sat, 18 Jul 2026 17:00:00 GMT",
2026-07-20T02:54:25,Google News WSJ,See How Trump’s Truth Social Posts Move Stocks - WSJ,https://news.google.com/rss/articles/CBMilAFBVV95cUxOTDF6S29WUnVndFpRbW1DY2M5YjRhaHZXNnlNZlAzRWF1OUdqNWx4eUFaWTBfdmFIMlFVTG1iSGwtR2dwQ05JOHBZemxOVmplcDFCVXQ1V2FCdGFBS1AxcUJlWGNKWmdycnFhdVFDamlKa1ZlUDFOMXphRHBQTDhHcjZrRl9obWNqSGt0dmNDR2tCZG0w?oc=5,"Sat, 18 Jul 2026 14:28:00 GMT",
2026-07-20T02:54:25,Google News WSJ,What to Know About the Chinese AI Models Rattling U.S. Stocks - WSJ,https://news.google.com/rss/articles/CBMingFBVV95cUxNX0JEZ2x1UUF4UHEzUVJYS1loOFM2RzVjazlLdDd4OVdpV3pEdmxyV2ZrZGFKcWJnTU5XNnBJQ1Z4OW43dF96T0pGR3p1bHppdlhGaGd5dVM3RTA1MmllQ1BDMlEydlJBMW1aTG5Ja01EY0J3NzQ1Xy1HekkzZnNELWluVVpUcnZEM0RDWHhjS3paUWtJV0dDMl94TV9ydw?oc=5,"Sat, 18 Jul 2026 12:00:00 GMT",
2026-07-20T02:54:25,Google News WSJ,Turkey Aims to Offload Russian Air-Defense System as It Seeks to Buy U.S. F-35s - WSJ,https://news.google.com/rss/articles/CBMiswFBVV95cUxPeTJoeC1pZDVGcEwtYUh4Q3NXRGEzc1VTYnRWZW1KR2tJRmRYSVRQTnJHa2Rud3F5dE9BTDdMaGVPcWgxMEVBRHlEX3h3ZVNReE9GbDJvbXdZTlFLNno4REx4d0xJbVIwdnFoMG0xcWJrbE5KdjZvbkJuQ25INl84YWY1U0Q3ZmFWcG5hNEN4SDBUOUxUalhPMkRHWlR3UUxoazU5WmdjWVkzS09DaUM0VFhoMA?oc=5,"Sat, 18 Jul 2026 14:08:00 GMT",
2026-07-20T02:54:25,Google News WSJ,Exclusive | For Sale: The Childhood Home of Conservative Commentator William F. Buckley Jr. - WSJ,https://news.google.com/rss/articles/CBMioAFBVV95cUxPM1hQeVBfT1NYc05xVGNBVzBOVEVTUVZvdGczMm1xcWxXOHF2YlBmQUhCRzVOWjJwRVlyc1dOcU5kdGlkTFBVRnBGNlc2N2Y1bEMzVUVuUmdsazRxeHNXUWF2TGI2WHVyd3NJOHZhRDNxSFJPSk9xakZva2J0YmF1M3RqTF8xZWRwWHRicUVqNkFGMWpPY1F6Qlk2NkdONThn?oc=5,"Sun, 19 Jul 2026 21:31:02 GMT",
2026-07-20T02:54:25,Google News WSJ,Costco Gas Pumps Are So Popular the Retailer Is Building Stand-Alone Stations - WSJ,https://news.google.com/rss/articles/CBMivwFBVV95cUxQQ3hjelpvZDNOR0JaWTUtYWdYTGdySVBJUGU2LUZZd2pYdEQzVlpUc0lmdDRuX3NEZmRIdzV1WDR1VWhMRVNuQWZIZ0NXdEJqNTkxRVNENlluTEZMa0lrU1ZRUUpJUkx2WHlZZ2x4MWhPNmVKYmc0N05KTG8yUzRWQ3RzRk9IV2xXbTBLVGphZjVHN2FwRENzNUk2WmdDNGFBVE9vbDJzZVZWOGplOFRQVFptMjI4MmVnd2dtMFhoYw?oc=5,"Sat, 18 Jul 2026 16:00:00 GMT",
2026-07-20T02:54:25,Google News WSJ,The New Washington Temptation: Inside Information and a Prediction Market Account - WSJ,https://news.google.com/rss/articles/CBMijAFBVV95cUxQaDBncm5rNVc5MVUyb29PMmlkV2hHeEwyWlhIa1ZQSmFwUUpyYWxGNXE4cER5MnJQclpaWGJFTTYwLWYyRXRwTHhQOVg3bUkza3hZcmxIM2kwMnRaejV4b0RjQWxOVlJPZWNJRWp1MXBsN3I1ZzJJSXRvd1g0SVpoNnQ5NTRBVUFMdnBxcA?oc=5,"Sat, 18 Jul 2026 09:30:00 GMT",
2026-07-20T02:54:25,Google News WSJ,IBM CEO Arvind Krishna Has Nowhere to Hide From AI - WSJ,https://news.google.com/rss/articles/CBMijAFBVV95cUxQZlRKb1dCWlBueEJxSjFLaEoyZU5KOXluQjZqTENIN1NYZWNjWEUxYnJIMVdnVHJCdGxHWk5MQTJoeU1JOTdPUFNPaU5ERmx2aFZ1enNKVU5pYzlscFpISTl0MUJlRFZESHhJSDNZNjhrQzFfOWtFU18zTmdHN3R0NHpuTEp1bEZpWUNCWQ?oc=5,"Sun, 19 Jul 2026 17:01:52 GMT",
2026-07-20T02:54:25,Google News WSJ,The Fastest-Growing Risk to Air Travel Is Probably in Your Pocket - WSJ,https://news.google.com/rss/articles/CBMisgFBVV95cUxPMVVOTmtVX0VuU2hLS2dsX2pUMk0yMzdzc28zdmtYU19yUkRjaUZ3QUZwY3RCTjVLcHBJWjVqb0VtZjZDc3JSSUR5WmJTYmtNU0NkcnZFLThsRS0xTlNuZkpNaGhrdE5hcno1TUk0OVc3V2ZlczZMbjVQNFl3VmVUaXNxTG9aLXo0VEFUV2hLVEgwNzZhMHAwbnZsMGFVVjdsUS12UnNteUs2d3hIS2xxaGl3?oc=5,"Sat, 18 Jul 2026 09:30:00 GMT",
2026-07-20T02:54:25,Google News WSJ,U.S. Emergency Oil Reserve Hits Lowest Levels Since 1983: Why It Matters - WSJ,https://news.google.com/rss/articles/CBMiuwFBVV95cUxNUzBBUjAxcWhndzJKdFdST0N0M195QXh3WWp2UDBYOWJMdXVONkNrbDJ6aHY4d3BtQWp3dG8wb3cxdUtvem9GdjZGNVVxOFhKamthR2hROVlkX2xNbVdyZ1dXSmIySEdPVVZ0SndMQWw5TnVZZXZQQVdoQU5BbWlnQzJVN3NjR0I2bjU2NmdvbDBkamZXVk1RQVpYcVpNVmRDODY0TnQtbklfUEtvSWIwUk5qaUN2MF9TbWxN?oc=5,"Sat, 18 Jul 2026 16:00:00 GMT",
2026-07-20T02:54:25,Google News WSJ,Spanish Soccer Created the GOAT. The Only Problem Is That He Plays for Argentina. - WSJ,https://news.google.com/rss/articles/CBMilAFBVV95cUxNOWI4NFJiRkliR1pYVFdCeG82ZlBhaWQzY2MwTFE0NDlEZmduX2J2S3NnUk1Pdkc4bVVPc0Z0VUJEaWdlNTZBeVJicVJkUFRxYWlLM1Z3WUVNVmFyZERpbkZNZUhQX2RQSl9wV1VFeXNHY3hjRE5QeGYzMmdtTndjMjhfTGRNcFF0SFZYa2RSa2dSSG5I?oc=5,"Sat, 18 Jul 2026 11:05:00 GMT",
2026-07-20T02:54:25,Google News WSJ,"How Bentley Crafted a 5,400-Pound Beast That Seems to Defy Physics - WSJ",https://news.google.com/rss/articles/CBMilgFBVV95cUxPcjFhM081YnhvR3pRSjdkd3AtRnplSWkxbU9ab3FqaGg4NThMWEhlOTV4MC1VanF0TXZKanhXTlFMcE9zRU1xWlc0a0poZHdJTTItaXF6ZW1YUUtQV3FWTWQ3UWEwR1JJLTNpOVJhMGxPRlZnVlhVMGZQeWlRb0dhbW1IN25xbXZwZHBrelBhMUVCYnpXVWc?oc=5,"Sat, 18 Jul 2026 09:30:00 GMT",
2026-07-20T02:54:25,Google News WSJ,Why Trump Is Going After Brazil’s Beloved Payment System - WSJ,https://news.google.com/rss/articles/CBMigAFBVV95cUxOdk5FNmVaWGotUWJmeFFGREhYR2tDbm9jM1ZFLXJfbkNaWHdNLWZNc0FuVjNPVzVaa01DVExnSThWRFczSW15NFlyMFhHSFk3MGc4MURvQ3ZDdGZ1QWtxaC11aU5OYUN0TnhhcVgzemhDdjhad3NiREdIaHN2eDhKbg?oc=5,"Sat, 18 Jul 2026 02:00:00 GMT",
2026-07-20T02:54:25,Google News WSJ,Could That Museum Visit Help You Live Longer? - WSJ,https://news.google.com/rss/articles/CBMid0FVX3lxTE1LMlIxdUJfdjJQTmtscWFSdmdhVFhHZlU5V0VhaGxlQnNkdHl4UV9RR0JZbWk4VFBkMU9EUWtQeFRMd2RKWURsWUJieG1ySnhCZXpOYmtISHFUdF9XODd3WWo5eUZkQzM5dTlWaDFQcXdMd0ViMWhv?oc=5,"Sat, 18 Jul 2026 14:00:00 GMT",
2026-07-20T02:54:25,Google News WSJ,They Call Her ‘the Assassin’ on Wall Street—and She Has a New Target - WSJ,https://news.google.com/rss/articles/CBMidkFVX3lxTFBNRHFab3VyeXBnd3lCLVNqVTVuakNMbjBITlloV1FBQkxVTXFIMDJxQ3VURFB4MjV1YlZZWHl5YThibHRtaUxDVGZlamp4aDlQVVdadVlPeUExcHczSGxVam1RUmZJa29lekM4TmN0N2hRUkdGRHc?oc=5,"Sun, 19 Jul 2026 16:42:47 GMT",
2026-07-20T02:54:25,Google News WSJ,Young Conservatives Have an Unlikely New Icon: Richard Nixon - WSJ,https://news.google.com/rss/articles/CBMie0FVX3lxTE1Sclp0UjRyTXJCZFlRUFpyRmlfWHhJSE5GRTN3cDVoNzZlT0FyUUJJd29UVjVZVXhvSjk5MC1HTk92Uy1pX1pmU3Zhcmgwb0xZVnZITWlRSXBvbl9pY1ZCdl9KdFh4UFh0WGgzc2VmRnNwMnRqOGY2Mm1IYw?oc=5,"Sun, 19 Jul 2026 16:52:59 GMT",
2026-07-20T02:54:25,Google News WSJ,How the U.S. Lost the World Cup—and Won Over the World - WSJ,https://news.google.com/rss/articles/CBMiekFVX3lxTE5ZWHVxUHJ1QUlMNmROVXU2Nm4yWnktclNUaE1UWUtLM1ZIaTU4ZGJ3SkQwX1oxQnU4QnYzWk00X2sxOF9JZzNaNnNnVlRDOUlFdXpmeXJKQl8wemdPYXBid3dUSHkzOVFZOUtxNnpMR1dpV3FGWVd5eC13?oc=5,"Sat, 18 Jul 2026 03:20:00 GMT",
2026-07-20T02:54:25,Google News WSJ,Opinion | Why I’m Voting Against the SAVE America Act - WSJ,https://news.google.com/rss/articles/CBMihgFBVV95cUxNVzhFYXlyVndtblRMb01MYXljLU1XcGxqWEp6c0lZb25CTWlPZTllWlJrR2kxLUpOc2ZZbU9SS0UwQTd0djNPbWF0QlJYbXBWT3hmN3B4SE1wUzk3ejhnaU5Ib2VqU21tWldlYXNGNHNUZjMyank2djRKejlSU0NMNkpGcEZXdw?oc=5,"Fri, 17 Jul 2026 21:27:00 GMT",
2026-07-20T02:54:25,Google News WSJ,Exclusive | AI Chip Startup Etched Is in Talks for $20 Billion Valuation - WSJ,https://news.google.com/rss/articles/CBMinAFBVV95cUxQbVg2TzUxNl9pbW91dTA4UThIMmNkVHYxclhhQ3BmaDRCYk5EZnNqSXhkRGlxNFVoekZTSHJ4YUJRNUJreHZDOHZhYWhuZ2V5VzFYUzJycmJ5QXJDd2tWV25HR01JcHhNZWVnUndxWko0a3ZFOGlCOVY5RHlITGpyT1RoMi1BRmF3aWdJRC1YTmJJSUhHWF9wTVVMaks?oc=5,"Fri, 17 Jul 2026 23:42:00 GMT",
2026-07-20T02:54:25,Google News WSJ,Opinion | The SAVE America Act Backfire - WSJ,https://news.google.com/rss/articles/CBMiiwFBVV95cUxQZmJEb1JBeTNVTzVXN3doR19JSHN0emZXZ0Q3R1h6RUs5dkVsSmtjeE1iOG5PZXRKWFdvYlRTLVk5ZTZzd2ZqWmNRSzlfQ3I4QXFYc1FEajlEQldXQ3BiS0VyTUNvQ2dPdFlrUUR6VEgyV0tGSWtjSjE0Umx5YzZERmVJdHRVRnNiNFk0?oc=5,"Fri, 17 Jul 2026 21:42:00 GMT",
2026-07-20T02:54:25,Google News WSJ,Opinion | MIT Didn’t Rise Up to Protect Jewish Students - WSJ,https://news.google.com/rss/articles/CBMiiAFBVV95cUxNY3FLZ0pVbjRLdFl6V3RrSEJDdUpadDJXYTdkVkl4ZVB4Y2xYQ3ZRZGJjMUEwRWRmQkg1UUlFbTdxc054MHlQRUpJcC1kdzdMRUJBcWpIcjJrUHc2SzFOc3ZhX01xdWxYZ1d2emY2RTVkNFQ0R1VTVXduaXFoRTZhTEpwWVBCVUU4?oc=5,"Sun, 19 Jul 2026 18:16:00 GMT",
2026-07-20T02:54:25,Google News WSJ,Exclusive | SpaceX in Talks to Provide Computing Power for Pentagon’s AI Push - WSJ,https://news.google.com/rss/articles/CBMiowFBVV95cUxORjd5MTJmSFZmLU5FUmR1dDM1SUdRNVkzeFlZYXhIUXZLZHdMWDA3NFFjWDBfcXIwZnVpNllpbzd3VjE3T1ZBRHI3cHItM2tId0FNcE9mN3BkNTBCT3ZCNFFuNVFNX2lXTS1rcko0VHZwbmk0N2VRODZEMFpVanBkUC1GNFBtOTh4SGNEdTVqMUlmSmc1YkRnVkEtTG9DOE9hUUNB?oc=5,"Fri, 17 Jul 2026 19:03:00 GMT",
2026-07-20T02:54:25,Google News WSJ,"Pentagon Dangles $400,000 Salaries to Recruit Wall Street Bankers - WSJ",https://news.google.com/rss/articles/CBMivAFBVV95cUxQdm5RQW5HemxYaEJ3ZEFqWnVzOHEwaEhRTnUzZy1SZG9HVXdsdll2VGwySlZTYXBGeFNUNnVwRXZEbURMRVZxbC0wVVBLMFNHNXBCMkhNZDJCVDdNbk91VjZfbjJEd3doSlVyblFlbmR0YjJkbWkwT0kxVUpfaXd0anhLb05vWXltV2cwYUxPOGUtS1IxQkttWlRIZnltN0I5d2k5M0hFaUZPUEM4dVJTSVZOQUhnNFVteEFpTQ?oc=5,"Fri, 17 Jul 2026 19:13:00 GMT",
2026-07-20T02:54:25,Google News WSJ,Inside Harvard’s Campaign to Slash Its Own Bureaucracy - WSJ,https://news.google.com/rss/articles/CBMijwFBVV95cUxOTllSUGRDenBVeERjQUlFVEJ3TWRJNU1vcDFSQnpLMGpSQ0trVS1iTkxGZm1XNFo5dDRJZHJGVjF5NWNoQ2RQNGdkTVV2dkpQUEp4WHAxWmp1aEREWDNVTDJiMEhoV19pWmhCdjh4VTdzUDJhR200Q19BY2VRcDFKbTljX183VXBKeml4aEtGaw?oc=5,"Fri, 17 Jul 2026 17:12:00 GMT",
2026-07-20T02:54:25,Google News WSJ,This Conversation Is Being Recorded. They All Are. - WSJ,https://news.google.com/rss/articles/CBMijAFBVV95cUxOeVd2NXZ5OHhsdWJCUlYzWFpDV0R1SHhwbFJnS0c5ZHhCMFAtdGJPR0hIeUQ0UWNZcHExc1hLbG94RjYxRk9uZXB5LWFYVVR4VGZOUUxTS21uUFFINTlvdGd2SldobWp1N0ZEMW8xMmtwZ3NlcHYtMThfUXQwZFZCQ1c0dFBGUzBJcERWMg?oc=5,"Fri, 17 Jul 2026 16:04:00 GMT",
2026-07-20T02:54:25,Google News WSJ,Taylor Farms Is Recalling Its Mexican-Grown Iceberg Lettuce From U.S. - WSJ,https://news.google.com/rss/articles/CBMiswFBVV95cUxQek9rY1hQTUtVZ2xjazFHQUZuWG5BY0NzcUk3OUo3WjJUUjFuR284d3EzMC1RT19HR2RlQWlfRzhyQlZ1X3VvNkF0Q0lPU2NpVVYyQThjMlN5WEwycGtIOXZVQWRCSThaWGRHV0F5SjlYbWY0X096Xzg2VmVwQk1nYUVOeEM1N2Nzdno0QnVaUjhvOFg1eXAyMmItNXZwekNnTm1Qa0J2MldZVHJ5NVROT2E1QQ?oc=5,"Fri, 17 Jul 2026 22:23:00 GMT",
2026-07-20T02:54:25,Google News WSJ,He Ran a Strip Club. Now He Wants to Build California’s Biggest Data Center. - WSJ,https://news.google.com/rss/articles/CBMirwFBVV95cUxQTHVIcXVTMGRjblNiVk9rTTBHV29VU0UyNmZ5MjY0VzNSS3REVjJ5TEhVMWlpNnRIVU1mWlYwZDdMMF82cmpWdFdtLUEzWXQ1aUtUR28tUUdVWlNTdlM2MG9SeWZiNGJhRnJ4RjhwdHhZeUpKaUVDeTlkYjRWdWtnaEViRElQY1NYMnNLVjNvUGgzd2hmaURFeU40dFNyajJZckhNTGg1enFUeGVYWnhB?oc=5,"Sun, 19 Jul 2026 00:00:00 GMT",
2026-07-20T02:54:25,Google News WSJ,What to Know About the Cyclosporiasis Outbreak and How to Stay Safe - WSJ,https://news.google.com/rss/articles/CBMikgFBVV95cUxQNTZWX2ZxOFJRclh5U0JfMkJmSEE0YlE2bUNvMUFha3hqaGdWSEp4TExnQ20tdDVwc3kxNDI0ZnNsSmw5NXhDdGRPYlNYR3JpQWpHbFJVUkRhOTZreEt6aURQejYyMVBpQ0RoZm82WUF4RUdnNXN3S3psQUdzRFB1NHVOc1hQWVJYZUxiWVhNWldSdw?oc=5,"Fri, 17 Jul 2026 19:12:00 GMT",
2026-07-20T02:54:25,Google News WSJ,How Sky-High Deficits Threaten the Bond Market - WSJ,https://news.google.com/rss/articles/CBMimAFBVV95cUxNLU1vR2NpYnNhRVdDeWI5WUg5NlNIYl80QU5ESDI1R29GdDl2c0p4cDhFdHpidTBacXBKVFJHN3Z6RFFKNzY5U2tUMHVvZzlrT3VaNGdPLXlFbEs3NDR2T3lqWEpIQ0JhTjhkLXZOal91ZFBSMGJ2ckdoNlludksybnlRVlpFQXlXa1AwcmotN3REMXljN0xoTg?oc=5,"Fri, 17 Jul 2026 13:00:00 GMT",
2026-07-20T02:54:25,Google News WSJ,Meet the Companies Shelling Out for Top AI Models - WSJ,https://news.google.com/rss/articles/CBMilAFBVV95cUxPeDZHV1U2RkFZc3o3c0xYRUU4WVAxLW9VNW9pR2IzaE52dWFQVkpKN2FrVm9hNFZWRVM5NjdPTkptVUpVbzJVbkZIMnJpTUt3SFBjZDR6NjQ2eDh0bjN2Q1NxZ0xsZG1HZ2tIa0VYZlNucE9TNzROb0RzX1c0ZUctTHZyYzc4WXRucERTRDhfeTF5VDVW?oc=5,"Fri, 17 Jul 2026 20:09:00 GMT",
2026-07-20T02:54:25,Google News WSJ,Parasitic Outbreak Linked to Taylor Farms Lettuce Supplied to Taco Bell - WSJ,https://news.google.com/rss/articles/CBMiigFBVV95cUxOQWN2N3JuRW1uVXR6VzFRMVA3WDlMWGRTMFNHS0tRZzlsZmF1WDZvZ1VtS2hpZTRULWw3WkJhWl9oV3ZCdDhpVmxLYkRuS25xZDAxSlBPNGZzVGR1M0FYWTExbDJBOVZkTkZKb0JxZGY1MnQtaU93Yk5VZlFERVFGdmNCTXBydlo0aGc?oc=5,"Fri, 17 Jul 2026 03:49:00 GMT",
2026-07-20T02:54:25,Google News WSJ,"AI’s Wider Availability Is Good for China, Not Great for OpenAI and Anthropic - WSJ",https://news.google.com/rss/articles/CBMif0FVX3lxTFBSeWJBNG5TTE9zVV9URzRmX1huMWJkSW11Q2J4azZ0WXpVczR6Z19yMkFjNU1ZNXgxWjNfYkFETk1QZUR0LVpLYkhhRDFvV3FPWFlnT1pvTmdKQVJBOEU1UzFHLWViQ29zRlM3ckVqMVRDRnp3dlhJbW1uc21wLUU?oc=5,"Fri, 17 Jul 2026 13:38:00 GMT",
2026-07-20T02:54:25,Google News WSJ,Tristan Peters: The Savannah Banana Who Became a Major League Baseball All-Star - WSJ,https://news.google.com/rss/articles/CBMimwFBVV95cUxPTE5qSTBWOFFQZkdUQVc3U0J6aHFqV25ZdkdpWTlPWmttdHliNFVhMkMtU3R3NW5YY2pXUncwOXZVZnlTQ3FWOWtybkxvcktaNklyQ0RLTk56NFNLdGpsYThOTUN0QkJ5eWRuRW04MUU0cGhjTWxLcnM0S0ZRQWpueWtncmFFZEZOM002bldhRWFmb0h1bGdNYjdFVQ?oc=5,"Fri, 17 Jul 2026 11:00:00 GMT",
2026-07-20T02:54:25,Google News WSJ,The World’s Biggest Sporting Event Came to America—and Ranch Dressing Won - WSJ,https://news.google.com/rss/articles/CBMiggFBVV95cUxOZ1ltTjB6RWgteDlRUUpzOFZ5OE5wbFhpTi10TElwbzdJNVBvb2tkM0NZYjRBSVFkcEpuV3BaTm1hR1ZGVGJJd19JVFJ1UWFFSTdGSVMtbzRySm5MT0gzUmFFelpxS2ZLYkhrUHZuS21KcWowblI4N3ZJYjlUeHVEVG13?oc=5,"Fri, 17 Jul 2026 15:59:00 GMT",
2026-07-20T02:54:25,Google News WSJ,This Shortcut to Private-Equity Riches Is Minting Young Millionaires - WSJ,https://news.google.com/rss/articles/CBMitgFBVV95cUxNcUJWdDFCbW9teWVmMDUyczJ6ZFUtVEdPUkd5U0E5VGpjem5wZUh1VERMUC1kSUpIczBVR2h3WUhMUDhQSlZ2eE51T19KeHlxMERlaXNlR2tlS1hRY1E5eWlJRXVCemtXbVA5Ym5Rc2F6Y28xcnZUSm1Xd0RoMVdRMDM4d3Vva2JNeFg0Vzc5WF9GbGRpaDVIWFVXVGc0ZXJlYVdaQ3VhcUJPR3pqekF4cUNXYW5DUQ?oc=5,"Fri, 17 Jul 2026 09:30:00 GMT",
2026-07-20T02:54:25,Google News WSJ,Opinion | AI Can Be the Fast Track to Grid Reliability - WSJ,https://news.google.com/rss/articles/CBMiiAFBVV95cUxOemJ6VDhwSDRLWEhiMG1vOE5HaTJ1VnU4Ui1KZVdaMXhkSzh4Rkw0MmFOaDlxcmxMQ3lndHZpUTg2TzhVaEllSFg1cjV1aXJFbkdPX05QUHd4NGN0cXhMRmt1VktKdURLaW5zcUd0QV9jUzZJWm1GTk5PNFhzcEpsOFVWeUEtWFFm?oc=5,"Sun, 19 Jul 2026 18:13:00 GMT",
2026-07-20T02:54:25,Google News WSJ,Exclusive | Meta Plans to Hire Top Amazon Computing Executive as It Weighs Cloud Push - WSJ,https://news.google.com/rss/articles/CBMiqwFBVV95cUxPMzJzUVBBblNkM3RGZThHNlZENmtWV1RrR0c5clhpM2hPOTBYNGo5a2IxLWdsUkpHeU1NUno5SFcyUHhyYUcwT01yT0p0ZUozM3RRUGdJRkhDdU91M0hWUmdUZ2RyMWNraFREaXhTTml3V3RBN25hR1NzNDRiZHY2UGhubmJMbS0wdHBTSTdUUVNwMzNkeHZRT202SjVfUkdvWldiNk5TSnI3aFE?oc=5,"Fri, 17 Jul 2026 17:41:00 GMT",
2026-07-20T02:54:25,Google News WSJ,Takeaways From Trump’s Speech on Election Integrity - WSJ,https://news.google.com/rss/articles/CBMijgFBVV95cUxOejZhbUk4YndhTHRoSjh6YzNEbUdtbVI5WlZ4VWYwbllPaFFsZFdVZHBDeUxScXRmcEh5R0ktd2tuZ2pZcWNFMllNUVNWMlNhVHY0Szh6eFpUQWtaTGNMaVNfVDV3OXpfZlFNQkRsQXhPNWlVRXQ4ZDJnMmw3cjdhMmFnV2EydE9UTE1Ua1VB?oc=5,"Fri, 17 Jul 2026 03:34:00 GMT",
2026-07-20T02:54:25,Google News WSJ,China’s Xi Touts Open-Source AI and Takes a Swipe at U.S. Dominance - WSJ,https://news.google.com/rss/articles/CBMipAFBVV95cUxQeXE5NEZpZ3RrVVd3X3pkNVBrNnh5Tkw5LUhVZC1ReW9tSllHQ19MRDFFVmRlNVIxLU5nQU1Sb1JwM3RuY2VENHNyR2twOWlEN1AxamY2aTJaa1QzbHlsX2x0SXNRV2MwM1IzSjBZd29aWlYzcFFfS0FPOHNuNzhCYmRGNzd0LXRUdGtCcE5NQVlaX0ZGdnJfTjloOS14UVVITDYwMg?oc=5,"Fri, 17 Jul 2026 04:48:00 GMT",
2026-07-20T02:54:25,Google News WSJ,The U.S. Is Trampling Allies in the Global Hunt for Rare Earths - WSJ,https://news.google.com/rss/articles/CBMipwFBVV95cUxOdGU4aDEwMFhSdjEteDlaMFJUVUFsRXlUVGJwNEwxQk0zVW12SERKYmd4T05zaGRSU3dUcVJqR3ptQ01tRkxKcThRQXlVQnh6OFpaSVZqdGpxOTRva21HLVU4M3lfamdkOURTUzNQM20xVTBEV3VUUzgxWVoxcDFfemJGS3piSUN0X2xTank0blRtMi12VXZtTFhKZktidlM0anFPYURkMA?oc=5,"Fri, 17 Jul 2026 03:00:00 GMT",
2026-07-20T02:54:25,Google News WSJ,Boomers Were Supposed to Downsize. They Are Buying Bigger Homes Instead. - WSJ,https://news.google.com/rss/articles/CBMihgFBVV95cUxPX29nNWdXbEhIaTJSRlJPWDIxNE1lZlZhc1lPMFBmUlRyR1ozc0JjbGxNcmRSLVUxMS04dmQyaXFTR0Mxem5WNkRMcVVweFkzYnFLbGZoRTBKWUlJaXlvUU0ybVo2dGZ3aVVfLURVcG00cWJZaVVSc3Q1cmo0Z0Z3UTNGZGNjUQ?oc=5,"Fri, 17 Jul 2026 00:30:00 GMT",
2026-07-20T02:54:25,Google News WSJ,‘The Etruscans: From the Heart of Ancient Italy’ Review: Exhibit of an Overshadowed Culture - WSJ,https://news.google.com/rss/articles/CBMi1AFBVV95cUxQV3ZuT2JTOThPdTdhc2E3bEd5N3pTWGF3Z2JqQXhBOFJyVHZRekcyZnFwbkVrb2xLbjRvMHNJNXV6SWxzTXduWThLVEtfcVBSX3NoNTM1NUx4Nmxma2RudEdSbmtUYkZRemZRT1oxQlNNY2NUV09rV2M1NS1vSTlpRU9LMWFPWGpyNVgycXNOQ0hlZEJTdG90Q2RHUWpFY3FJeG1SdUJDWE1fYVVSTFdJUVI1QmgydG9GRFdRVzNNMU1PM3RsbVVXV19QVUd5aVlEYXlQUg?oc=5,"Sat, 18 Jul 2026 11:00:00 GMT",
2026-07-20T02:54:25,Google News WSJ,Trump’s Tightening Squeeze on Iran Will Heap More Pain on Its Battered Economy - WSJ,https://news.google.com/rss/articles/CBMiwgFBVV95cUxOeXdMM05Ua3pWSlk3UUdfTlNyM2JPeDBnOV9UQ21xb0dCYnRDbXhjNkt1N1lQYVY5Uy1oekFwbXBWU2NJS0tScjJ1WjQ4YmgtZjM2a2REb0o2Y0xCR1N1S09xTmZKeEJNbnVwNkl5STNTd1J1M2xNcEVzSDdSbDJqemdfY1NEcnJDdlVwRHYwREhfMHVVZi1pbUtNeGEyX1RTSHYzMkcxRnAxb1paOHVoTGdJZ09wYWk2WFFEdDg5MUk3Zw?oc=5,"Fri, 17 Jul 2026 02:00:00 GMT",
2026-07-20T02:54:25,Google News WSJ,Why Canada’s Wildfires Are So Hard to Put Out - WSJ,https://news.google.com/rss/articles/CBMif0FVX3lxTE1RZFdJdmY2WWc2eTlLdktUN3BGWFNKcXZaMEs0UllyT1BpUkl4UTZxcm1MMXJ3dVh4VzgxRGZyZnJicHRJbjZiamFTN0dZaVltYmxkdzNNbXpHWDFaT0xxUGtJLTNSemgwR2tPQUEyTTF4NzB6ZnVIYm1VX29Uajg?oc=5,"Sat, 18 Jul 2026 02:49:00 GMT",
2026-07-20T02:54:25,Google News WSJ,Exclusive | Top Treasury Tax Official Ousted After Clashes With White House Over IRS Audits - WSJ,https://news.google.com/rss/articles/CBMiwgFBVV95cUxQLVlDRWt0VmRZSXdaQlNkLTRxRXZYbHdMN0JQNnJCQTJ1X2JLQzl3a1k1ZmtxMEcxQnRIbmJfZ2JSTTc5Ri1TWGdJc0pMeUppT0dFNmVaY2pxRHc4TFZmMi1GN1BTYUxhS2wxSEowUjFkSHVQNl9HQzNNWmI4QVRueHJ1RUxnR0hPMThUV3FPT21sSEVCbGJrcm11d0JGbnpoNGRHelk2V0U3cTlZZzNWcGdfWlZNREtacGRXZUpNMjlNQQ?oc=5,"Thu, 16 Jul 2026 22:55:00 GMT",
2026-07-20T02:54:25,Google News WSJ,U.S. Targets Iranian Bridges in Bid to Choke Off Regime’s Supply Routes - WSJ,https://news.google.com/rss/articles/CBMitwFBVV95cUxNekY2dUlxSDcyRnNDWWZkelVLTXNTVlhoOVdzaTVVY3NYX2JhWHNRS2VRcTd1T0lGT2Q5OUkxU0xUbTJkUVV3N20xSXQwTmV4N01CR0ZpOElDZHZMc0hxd0JXdFYxeWxpcGFqRVVIUU9JaHJpOUpMb0NUNTBvMktZMDJ1R1hzUlZaMkZ6V1JtMEtTNXRabmN1YXpHN2c0LVBXa3pSNUNIaUU5aU1zeWF4YXdfN0xyQU0?oc=5,"Thu, 16 Jul 2026 23:01:00 GMT",
2026-07-20T02:54:25,Google News WSJ,Opinion | The Sabbath Is a Chance to Read Again - WSJ,https://news.google.com/rss/articles/CBMif0FVX3lxTE1fMjdDX3lSYy1aS1BocGxpVFZveHo2UVVIWmhkazFMUWpYcE1GOE5UT0lYTkt6cHlKV2pfQ0xMMlBOLTYybjFkSjRxeHVnMS1JUDVYSmlIMzNBRExLVGp0Q0RsVThjV0lUUVhwYUFSak5VekZ6bWNWSUc2d1o1S1E?oc=5,"Thu, 16 Jul 2026 21:12:00 GMT",
2026-07-20T02:54:25,Google News WSJ,Opinion | Less Is More in Higher Education - WSJ,https://news.google.com/rss/articles/CBMieEFVX3lxTE04VzBnSTUtRjlEZXBmcnctQjR0RVBwNVZJd2EwRXltVW90QWpxemR5VjZsQWtnSWgycXdSQkE4NERUSTJKNTIwTWlESmZleWw0cjQ3ZkVqTURUVGszaXZCcXRsZWlsUWk5MlNhdm9WMUpNTE8tZ2xXTw?oc=5,"Thu, 16 Jul 2026 21:12:00 GMT",
2026-07-20T02:54:25,Google News WSJ,Opinion | The House Vote on Israel Echoes Past Betrayals - WSJ,https://news.google.com/rss/articles/CBMiogFBVV95cUxQOXVsc2Z5ZW53OS1nbkJVdVNERjNQZGtHcVZVcllFNm4yaU9sdzlxS2hVejMyamZrTE9vTk1aeTB2aWdyeTVEbG1KclNrdEl2X19PazBhTFAtQmxETGNDUlZjMURsZEhWNEtJWF9SSzhSSHlSb1MtRmVZSlpITjQ3NUh2MEYyaVVVZktKMkttYUNBZ015dldibWk3and0cjFmenc?oc=5,"Thu, 16 Jul 2026 21:44:00 GMT",
2026-07-20T02:54:25,Google News WSJ,China’s Two-Speed Economy Pairs High-Tech Success With Domestic Gloom - WSJ,https://news.google.com/rss/articles/CBMid0FVX3lxTE95WE0tVDFHS2czdDJPTHFReFRuaVBSU1piaXM3YUV1NHlrM0ZQZHhxYVIyUU9FOFV5X3hrUXBiaUtBejRjcFNUelhRNl80M2dpQnFhYm1VMUlRbmhSX1Y1M09BRU00Z2FfVjBsemlYWnpVRnpmNU5n?oc=5,"Thu, 16 Jul 2026 23:30:00 GMT",
2026-07-20T02:54:25,Google News WSJ,Opinion | No Satisfaction in the U.K. - WSJ,https://news.google.com/rss/articles/CBMicEFVX3lxTE9GdTZ3NTl4TkFmcUNOMWgtekJ0NDVXOXJIZ0EwM2lKeUFGbUd2d1ZCaGJkaHBwRmtRTlpVWDBnTG5RekpoMmVBcmExT2dYSkNNZFNWQjV2TnVTb0J2LUN6cFdBb0htTkdQUEFuQWJXVmc?oc=5,"Sun, 19 Jul 2026 18:12:00 GMT",
2026-07-20T02:54:25,Google News WSJ,Trump Administration Plans to Limit Length of Student Visas - WSJ,https://news.google.com/rss/articles/CBMipwFBVV95cUxNaEJxQnFoVERORW5JOUpSaHBTMkl1ZXRPU2RPOG5pVnEtSl93cGZiRThaUWhoZVVZWVgzX1AyYXdRNFRORTZkNnFWVE45b3BHY1NiLXpFUm5pelJabkM3VjFxZUswVDlfbXJhYUdiZWtudlJxeWxFbjBZUlBQUkZtaUQtRFgzVlpOQUpSY3VVLVBMSlowVXRuTWlsNUowMHpKQ1M4UU5JQQ?oc=5,"Thu, 16 Jul 2026 15:02:00 GMT",
2026-07-20T02:54:25,Google News WSJ,Opinion | ICE Agents Need Body Cameras - WSJ,https://news.google.com/rss/articles/CBMic0FVX3lxTFAxNnJsSHpWQ0o0Rlp3ZDhRbzVob3NrMVM5WWNNenk3TTRrTVRxVnhVRjk3UzVXeURqbzBMSDhNeEpFaHJEV0Y3Rk1NaDRER3FLUjQ2YWVVYVZleUFWOVNtRlNhNzVPNldyb2ZGa1pFdWVmNFE?oc=5,"Fri, 17 Jul 2026 21:17:00 GMT",
2026-07-20T02:54:25,Google News WSJ,"‘The Virgin of Cerro Rico’: Mother of Jesus, Mother of Earth - WSJ",https://news.google.com/rss/articles/CBMiqwFBVV95cUxQQ1NDbWlnNU9MU3BNRGhJWjFlSDFMek1OcnVXbUtxNlBUQnZTU1ZnUHJLbmdHdHhjaDd0bmQ4bzVyMkVoLUF1akRfLVE1X0lWVjBQaE9rN0ZoYy0xaXBGMFdPY2NqUFB5U0VBT3V5eUE4NE81NFkzU0V4RXdMN2tNcUVsQ1ZkcXBtRWRsUjlueWwxNjYzQ3pCMjRvdmdNMnAyQnF0cVdNUVF4b1E?oc=5,"Fri, 17 Jul 2026 20:37:00 GMT",
2026-07-20T02:54:25,Google News WSJ,Opinion | President Vance Goes AWOL - WSJ,https://news.google.com/rss/articles/CBMib0FVX3lxTFAzR0ExSi1SVEZ5dlp1UjdXNUJDOWdZRno4dG5kakFBT1g2OFl4azhiV2ZpUzI5SEl6dTREYnp1NVFfR0t0ZU5US0Zza3VkUjJWUTBYbzJiekZMZzdhSFhlNk5XcVA0ZzZLV2dHTFhsVQ?oc=5,"Thu, 16 Jul 2026 21:12:00 GMT",
2026-07-20T02:54:25,Google News WSJ,"FDA Approves First-of-Its-Kind Cholesterol Pill, Ushering In New Wave of Treatment - WSJ",https://news.google.com/rss/articles/CBMixgFBVV95cUxPVnBqbk1RWFRVaWVkd0dkWjh5LW1uT3VxMTlVYjdYenFvbXJwUTJrM2NMS2NGa1pKSUxnWVp2UzN0aGFCVTJEUXkwR09RZm82UkFra2xIWVM5WHFtNGUtaDhVT1RhRkdJZUN2cG9NVjJnakdhVWlodEZfMWl3RTl5NGpyeG1zMzlSajlfUklLRXdBOTM3N3p4NW00QTk4MDlsbnJDTHRGSng5cUVQQWpEWWdaVm42Y1Z4bU82YjBZemtOTEZsanc?oc=5,"Thu, 16 Jul 2026 10:45:00 GMT",
2026-07-20T02:54:25,Google News WSJ,Opinion | What Nolan’s ‘Odyssey’ Leaves Out - WSJ,https://news.google.com/rss/articles/CBMiiwFBVV95cUxON0pFTDlhM0hjOXlIaVNQWEhubjN2SVNpMUMxSWxxUzdEaGoxTFU4bzZ4c1ZSSnN6WTJSa3llRWlENEVPMkVLMW5ITEZoNTA2R256T2djYWplZzhKWk1LMkVDNU52bDBXSmlLTWpRT3ZkVHlsRzBFQjM4RThBRGptcDNmTVpqbnJRWXNn?oc=5,"Thu, 16 Jul 2026 10:15:00 GMT",
2026-07-20T02:54:25,Google News WSJ,Nike Ran Out of U.S. Soccer Jerseys at the Worst Possible Time - WSJ,https://news.google.com/rss/articles/CBMiqgFBVV95cUxNdVp1ejQtX3Z6OE9KMWZLQ1cwZzhyT1RGSEhMWm9uQ2hJbnRDaEtIQkVWOXhyY25iWm9lZGd4RG5zcHZYV0F3MUMyUnNXYlNsWGpvamdxTzhEV083ekxQdjJVRWpPMjBCVUVkazBwdzNSWC10THY0a1JvRHB3R1Y0OGhNbFJXc2pQSzR1azdSODNZdnpCa3AxemtRMmNGTlFpb3hCUmRqeTB1QQ?oc=5,"Thu, 16 Jul 2026 22:47:00 GMT",
2026-07-20T02:54:25,Google News WSJ,Trump Stirs China Tensions With Claims That It Meddled in U.S. Elections - WSJ,https://news.google.com/rss/articles/CBMixgFBVV95cUxOTDBNbFdHTkNkZFhmWDRBV0xsRmppT0NVTTc4N3JkSVZ0bld3N0ZPYzRmbEZEazNmZlJWazY3YktBdHpxMWwtNm5PdFlvOV9pZFlGel9UQ1NwdkJoUC11RFBZc2JfRWNuZ1BQclpNM0w4X3BWWnZhVWVSbnNobUk4cVdVQkRxVFIwSWcwLWVFQk5KSWtuTTNsT2VPOVlLQk52WFFUdHR1X1RmWWRzLXlkQlZlSmoxM0hEdVdTUXcyd016b1Zyanc?oc=5,"Fri, 17 Jul 2026 09:17:00 GMT",
2026-07-20T02:54:25,Google News WSJ,Ryan Fox: The Kiwi Who Surged From Nowhere to Win the British Open - WSJ,https://news.google.com/rss/articles/CBMigwFBVV95cUxQS3hGNFNXTkNpaGxaYlYxZ0VLWWMzTHhCWVJZTEZZeF85WnBrLWlLV0dEY3EzWUhQQU1EVFdrU25lWTdhbUh4YWt0SllxMG9fdHZNSHdYM1ZTbjVNUmhCM1F4UnBNOXU4MnZCOG9sY2tVMHhDZi11SkE0N1BIR0otSWhYZw?oc=5,"Sun, 19 Jul 2026 18:27:00 GMT",
2026-07-20T02:54:25,Google News WSJ,Exclusive | The AI Backlash Has Tech Executives Fearing for Their Lives - WSJ,https://news.google.com/rss/articles/CBMinAFBVV95cUxQTWF3MHRzeHk0dmFpQkdJbzVlZEgtV2h2UmhoVzlrVHJEd1l5dDJTSEl4RF9LU3NVQS1fQmFteDNKZ2dtYjBvdU9fWjFycGJQZ2lDVnk4UnYyVHpWRXd2SE1MSGphRE11WEpHSDc5cktOeFo3YXB3b0VOWmlBbm9idjJnaFdVN1p6TGd1N0FQTEdBcGFxZHhFNlZMbUI?oc=5,"Thu, 16 Jul 2026 01:03:00 GMT",
2026-07-20T02:54:25,Google News WSJ,The Investors With a New Way to Win in Silicon Valley - WSJ,https://news.google.com/rss/articles/CBMiigFBVV95cUxPblVBRmlCRzg1Mk5iV3ZpR2RjaC0yR094YnVRaElSNW5FMTJnbUFUMjFDVERpSTgwMnpYY0lMWVF1VF91aVI3WVc1ek8zTU1uSlZ2ai1MaUY2YlRYOTVBWHdFc3dHb1MxQTF5LVJUenRGVHM2TG1YZ2hnTmN1TnI0c1pZZWZDbDFSdlE?oc=5,"Sun, 19 Jul 2026 23:31:05 GMT",
2026-07-20T02:54:25,Google News WSJ,"AI Knows What You Did Online. Now Your Employer Does, Too. - WSJ",https://news.google.com/rss/articles/CBMipAFBVV95cUxNQkxRR1l2S1Nvb3RuVlJwUWVBYlhOU0QtaTVUakhQNW5XTGtYWi1XWDdVRjBPWlUxZmF2TUEzY1pRTXphTFN2Y2YyUmNFMnBjbkxFOFdXRThtWS1CS1ZnQ0dVQUFIZ3hyMWZvLTdNUHpzUlltUWFMN01OdmpKekVvbHF6ZVBLV2ZKTXZoWUwzd0tpNGhOM0lPeFlQQkJzUjJRbEc0Rw?oc=5,"Thu, 16 Jul 2026 00:00:00 GMT",
2026-07-20T02:54:25,Google News WSJ,The Mystery Money Powering Trump’s Second Term - WSJ,https://news.google.com/rss/articles/CBMilgFBVV95cUxPZWJiRVZuc252UWU5QndHc051Y05CeFFYcURTZzQ5bDFoTTIzVDYxNWd1bDhBUXNkTXhlU3U3OWpBV3B6djlONzkxZlFlbXFTR3JYbGlrLVBVLUpaLWhmR1gzdXF1czA3LThjNnFxVVZXOTJjaEhZd3hVWDJXOG5RMG5aSVg4RkIyNWdvMkp5d1FENTVUSFE?oc=5,"Wed, 15 Jul 2026 23:00:00 GMT",
2026-07-20T02:54:25,Google News WSJ,Controlling Hormuz Would Take More U.S. Troops—and Even More Risk - WSJ,https://news.google.com/rss/articles/CBMirwFBVV95cUxQSlM2bHd4czNZOVZ1aGJZcGRJaTRwaGdFNjBBYjdBUDg1akRWVV8wclNsenZCSHJpdWwtZWxSUW1ZMkdyQ2k1dnNKekdBSnZCd1FsRmlwSHd1Nm10OFRCbWpmamh6aE13Mkh2cEdKbVprbnl5T2gyUl9XNFZqYkFXWlNnZm0xTmpJaXlmLUhYNzdXRnZZb2pob2pQV2RHM2xycjdOdDNvMlFnbXNlM3Jj?oc=5,"Thu, 16 Jul 2026 00:00:00 GMT",
2026-07-20T02:54:25,Google News WSJ,Trump’s Man in Canada Practices a No-Holds-Barred Diplomacy - WSJ,https://news.google.com/rss/articles/CBMipAFBVV95cUxOMmVqMndwVHFYelEtN21XS0NucGxEY2VTN1VaWHRqd3R6RDlUZWpQZ04zeFEyNUlmVW1TZ2tCU3BSS0JneG5kMTNuN3BxMjVwU1FIZ0VOWGNqUXF4dFlMa2ZQVmNvRnRIM3oxeEhSbkI0YktSUUFvbDdRbnR4ekhrbmowdXlJVW1nY0NXQ1RMdExCRl9jbVVxS2xtMWthRHRRM2FSLQ?oc=5,"Thu, 16 Jul 2026 02:00:00 GMT",
2026-07-20T02:54:25,Google News WSJ,Canadian Wildfires Create Hazardous Air in Midwest and Northeast - WSJ,https://news.google.com/rss/articles/CBMitgFBVV95cUxPQm41WDdQeXBfU3Y5NFlHanNSWThLbWhCOXpGajNMbDFZMExWZWFMNHdNT2lFMlRTM1R4WE5hRjdXeWhhbE96ZjU0Sno5TGpZZEdVMzBHc1ctb3BoMTlGU3Iyc0pwelFqbmJmMkRjVjlnMW53YVlVUDAta3JqTU1lTHdPSzVGaXRCbDhaMy1PUi1vVlpZdURkdlJHa05ObHB6RVBzTVhpNGxSQzRJSjN3WHdZQ3JXZw?oc=5,"Thu, 16 Jul 2026 19:56:00 GMT",
2026-07-20T02:54:25,Google News WSJ,Trump Leans Toward Expanding U.S. Military Operations in Iran - WSJ,https://news.google.com/rss/articles/CBMiqwFBVV95cUxOVU1pOWZlc0haRHRFZW94VEpMSWVFSWszTkNodnpWdG1OaDRSeElLdXd2UGRVWC0tUGNvdWJrQzdhblBBVTlRbEpnLTBTRmhrYkNIVFZQdl9GbHZQUTIyM05PNENGc194QUtjNnhEbndGZUFRd3E0b2d0dTR0UTVoNFd3LXUwZ3pKR2xCQXhpUTN3a3NrNHVIQ3ZmWklrdUJ0Z09mQ2Zka21mR3c?oc=5,"Wed, 15 Jul 2026 22:30:05 GMT",
2026-07-20T02:54:25,Google News WSJ,"Exclusive | U.S. Weighs Bond of $100,000 for Some Green-Card Applicants Abroad - WSJ",https://news.google.com/rss/articles/CBMirgFBVV95cUxQTW5tY1czWUFYZXJRQmhvQkkxbnBBMW9FbEFCV0NydGwzVlA0Rk53SU95d3FWMUQ1aWZYbnV3VlRONjRxd01wS1JoQlVuSzNJWlhERkwyWTg0SFFlYlJhWUtrcTBuZk1HZWQ5YXVna052VkJMWjh5dC1jOW40MkV1b0lOZDloRjQxSzdnbHp2TTlGbW1yaTVJYU8xWS1pcUdUMFdoWEJINWF1THFuV2c?oc=5,"Wed, 15 Jul 2026 22:00:00 GMT",
2026-07-20T02:54:25,Google News WSJ,Chip Stocks Fall as AI Trade Loses Steam - WSJ,https://news.google.com/rss/articles/CBMijAFBVV95cUxOVS1DS0g1UmFPM0NrLU9nVW1SdGRsZnZLTTZXT3RUeDRHOG5od2tYSmcwYmxadTFsWmtFNEU5RkZDU3J3T29NX0VPOEVMc09LUnFnbHBraHFDUDNLT0dTNVpiUmZncDdoUjRacmM3eE15b3NFVjE0ZXVNRjVNRUFGMDV4MGJfSFRLRHUtYg?oc=5,"Thu, 16 Jul 2026 21:02:00 GMT",
2026-07-20T02:54:25,Google News WSJ,‘The Odyssey’ Review: Christopher Nolan’s Aptly Epic Adventure - WSJ,https://news.google.com/rss/articles/CBMiqAFBVV95cUxNWFJ1V3RybUR2N1U3dFRJbXlxaXZiYmJ6X1JJM3FzUXVyV0tzU011YXVtS2dwVEdHQmdNNldsLWhnQjlpYzNfaks0NDlPUXlpaHotNkVYNDBRc2Ytd1B1bEhwRS01MkVMV1lyX1FXV2lVMUVEdDRnZmFLNmlVQy1SQXVfeVRlaTE5cF80cTktUHh3N1FmQlFxaXo3LXEyNExUNk5PQU1QcUk?oc=5,"Wed, 15 Jul 2026 16:01:00 GMT",
2026-07-20T02:54:25,Google News WSJ,Zelensky Ousts Popular Defense Minister as Ukraine Gains Momentum in the War - WSJ,https://news.google.com/rss/articles/CBMiugFBVV95cUxPY2QwSTBYaUtySElQOEpCQkNBZnFvVkZVb0ZrdWtjYmRXSlAwMUhJNTRrOTBHRmxqb19jNFIxcHJBQkJnbFkwbGMtYXp2SlhrV2RUUWU5TG5jYUtmZFVTUkUtby02UkllQ2U4ZXN5VXY3bEphR0hNWTlPejlIZkJaYmtEQWMxOGNUaERiQURZdEtMN2JLY0NGaW92SGhYcE1FM1RBeFFDSkR4MHJuX3gwY2JCaVFVYVdKNkE?oc=5,"Wed, 15 Jul 2026 23:45:00 GMT",
2026-07-20T02:54:25,Google News WSJ,The Trigger Clause More Couples Want in Their Prenups - WSJ,https://news.google.com/rss/articles/CBMifkFVX3lxTE5lM2VHTlItaVllWHhYOUZldmQzRmlTeEdGSWxrVF9MaVU2Y2d0U3dXRWJmZFpUQlJsd1N6RXhIZGVDLUt4cWd5LXJTODBwQVRjZEpueTdNRm01T25tNUtub2tyc0VKMzZqVlhNVTFjbGFQdThNRlBhN1AyNVFHUQ?oc=5,"Wed, 15 Jul 2026 09:30:00 GMT",
2026-07-20T02:54:25,Google News WSJ,Trump Reverses ICE Decision to Suspend Traffic Stops - WSJ,https://news.google.com/rss/articles/CBMinwFBVV95cUxNRnRJamdqTWZjOHIwM0ZvMTZxczR2b2s0bUU5UXpJSzdyVkt5WGFMLVh4TXJXdEJkOWgwOGdQMkVtVlMtNUtIY0psLWZOdkVQR181cXF0R1hCcEg3Tzl4b2pZbWg3eG9WczNDcmVHcjlJc19FU1h1bkdRMmZZYUJBNVRtWTJFT1pNUzkzYXRnRHNEdURzT3AzNXVxeVJOWGM?oc=5,"Wed, 15 Jul 2026 15:13:00 GMT",
2026-07-20T02:54:25,Google News WSJ,"Exclusive | JPMorgan, BlackRock and Goldman to Tokenize Stocks, Treasurys - WSJ",https://news.google.com/rss/articles/CBMiqgFBVV95cUxOQW1CbzBKUjBybnU1VkVEY04weHlmLXZZYWk2NkVKZnVHVkp5SUdZTTFPUlg5ckgtX2FHeTJYOGl0U0ttYWtVTmNvWlkwTUVKRkFYOWlKaURfYXE0Z0xteTVnblVrLWpia3dkM1VlUEhZQUxPNHNyVm1DR2YwTWZYTkxKdzRJMUdybGJnbXNlSnhjdW4zSGxjSS0tYVJ3VGpMM181SUc1MDBjQQ?oc=5,"Wed, 15 Jul 2026 12:30:00 GMT",
2026-07-20T02:54:25,Google News WSJ,Two Million Workers Are Locked Out of an Improving Job Market - WSJ,https://news.google.com/rss/articles/CBMigAFBVV95cUxQWko1Q1Q0ZWVxU2ZNUTJDRHBJSTRWTi1yZlYzSGhEVE1SYnEzbVVlZEtBLU9YNmJ1VUVJcl9LZTRtbGxtTzBMUERxVW5CUF9jOWRjV3RGMUo5a3NBR0RtRFZlUUtBNUJwWmpreXp4bEVQNF9TTTI1b0xsLWQzbGR4Zw?oc=5,"Wed, 15 Jul 2026 14:08:00 GMT",
2026-07-20T02:54:25,Google News WSJ,China Wants More Babies—So It’s Cracking Down on Chatbot Love Affairs - WSJ,https://news.google.com/rss/articles/CBMipwFBVV95cUxNQ0V6V1RYRkduNU1ia1JkZzBMQ0RfbE9XY0t6eTNRODNjQkNZRG1PVmFqSzBhZi0yc3RqQUhSM3c4cHBnU0JVMDBvU3V2WC1WSlhyR0xaS0sway15VlJtZmFyZ3k3YVM1NjdYMnpabDZ4M3dpMk1aeVNXLTh4Mk1mSWVYOFY0cXppa0hSelY5R0RsblVtMUhjeGxYOU51RlF2aGJBbTZFaw?oc=5,"Wed, 15 Jul 2026 10:26:00 GMT",
2026-07-20T02:54:25,Google News WSJ,Blockbuster Stock Sales Are Threatening to Overwhelm the Bull Market - WSJ,https://news.google.com/rss/articles/CBMisgFBVV95cUxOSTF6VUJqZXVKSlppYThGaF8tQlJlbE9aY0Ftd2VxWEdEcTBZaFQ4bHFVWnl4ZUwwcldmdVVxakRaTEVRNVROOVBpYkEtQ1k5bERjcHY0QzJvZVVGTUp0YkhJV2VHdTB4U2h5dXNGZmE3dTRiQms2Q0JvdXA4RFczNXk0M1NqTk8yenllZVBzNlZ4NF9BYkQ4X0s0TkNSejBqbHpBMUcwY0k1RFNqZVVnWnB3?oc=5,"Wed, 15 Jul 2026 01:00:00 GMT",
2026-07-20T02:54:25,Google News WSJ,U.A.E. Rewarded With Coveted AI Chips for Supporting U.S. War in Iran - WSJ,https://news.google.com/rss/articles/CBMid0FVX3lxTE5vMmhlQVRPQ1ROQmh3ejlOam1KUmJ0NzZvVmZTdEVnYTdwZlNWVHotdWE1b0JKeFBuX1NYVjlxV29QRXA4YmU4UWE1VUpBTmJaakhXS2hDVjIzNkFjMF9rX3U5Y1RlNWQ3SXpxTndPOU54QzFMMkZn?oc=5,"Tue, 14 Jul 2026 23:00:00 GMT",
2026-07-20T02:54:26,Google News FT,EU faces crumbling support for new Russia sanctions - Financial Times,https://news.google.com/rss/articles/CBMihAFBVV95cUxOaVhJUF9HYjY5b05RazdmdThmaWNvbnZXVnYzd09VR3puazkwdlVqTTFwd1REVlRGc1ZRb2hCVmVxMWFvaldzblhtRmNMSE9zMUpXUGlieEFNQUlnUXFGdlpiVTIwcE5kYWYwTEhfSmVheVl4Mm82X09HMmJzS2M5N0RqbWE?oc=5,"Sun, 19 Jul 2026 14:00:02 GMT",
2026-07-20T02:54:26,Google News FT,GameStop extends pursuit of eBay despite Wall Street scepticism - Financial Times,https://news.google.com/rss/articles/CBMihAFBVV95cUxQc0dfWXkwaWt1b3M2Vm9HRUFhWURiRDN4UlZ2dmQ0ODlSQWJ0YWMxbHFxQ3NoZXc5cTU4OFY3eEd2LUxJYmZnZEhlT21hVklIeHpTQXNMYnBHNnl2NHJWOWZHenQ4R1I3aVpPTEJnNnRoWVpUTjhTZWxScEN4ZTlpYi14R1k?oc=5,"Sun, 19 Jul 2026 09:00:01 GMT",
2026-07-20T02:54:26,Google News FT,Chinese leaders zero in on need for stimulus for economy - Financial Times,https://news.google.com/rss/articles/CBMihAFBVV95cUxOWDZLYy1UdXBSb0VIN0NIM0ktN3lHZ0hsaTlWMGVqU1I4TUhROXlHTi04UkxINk1fQlBuNVBkR3UtUUhhbU9XeHB5RmVTZkt0THJwSzU5YVVIRVd5V3h6Q2RjMHdBZFpPLVlTWjNuVWlLbGs3ZWRUQm5oWEFNU1BweWdZeng?oc=5,"Sun, 19 Jul 2026 04:00:56 GMT",
2026-07-20T02:54:26,Google News FT,India’s rupee problem has been misdiagnosed - Financial Times,https://news.google.com/rss/articles/CBMicEFVX3lxTFByOGJRSEJMVVg3ZEY4XzZES3hwYkVPa2lTYjFnVU1RcTN5MFJ5MWI5cUVEWnJHRGpUMl9MdnZ0R0VzeGdxenJHNDRJWnZEaGxPUEdYVzdJR1A4dVFwMFk2ZTVBaC1hNjN6UmJ4Z3NUMlQ?oc=5,"Sun, 19 Jul 2026 12:07:54 GMT",
2026-07-20T02:54:26,Google News FT,US strikes Iran after American troops killed in Jordan - Financial Times,https://news.google.com/rss/articles/CBMihAFBVV95cUxOSGx2cW15RkxnSjdfTzEtZV9ydGctRGRLeGlNQ0JsYS1RVTNVSkxfdkM5WHl5LVhWMXk5SnFMbFpxN0VPMC13Vm1OemdWLTBUcE5NM203REVhYzFUQWhTMzBNRVRUM2pmckNkbUZGMXpJaEpYdGJqTy1wNjVnbllHZmdaOVI?oc=5,"Sun, 19 Jul 2026 09:13:30 GMT",
2026-07-20T02:54:26,Google News FT,It’s time for Europe to embrace air conditioning - Financial Times,https://news.google.com/rss/articles/CBMihAFBVV95cUxPMzgyb0hEc1dzM2ppblZJWEpNeWl6ZDg0UzNpZnlVbmFmLVB6QlJVSUpfTmc3NVZMa0F5NG00R210eUhjaU1ST3o3enRFS2NULWg4MXBVUVVLVk1LVllRNTZBNEYwdnNheUZlU1llS3B1Wnh1SkFWdUZjTGtPWGtRckpURFU?oc=5,"Sun, 19 Jul 2026 13:58:44 GMT",
2026-07-20T02:54:26,Google News FT,Zelenskyy considers sacking commander-in-chief as protests swell - Financial Times,https://news.google.com/rss/articles/CBMihAFBVV95cUxOQUhjZ3pZMTU0ZG4xVGRDaDVFYnAySU9USzVPQlgwTExOdXVwN2VpeXhJbkJiRk5HT3poZTdSUHdSRGdoM190cjRGT2NicU94MDlobGZCRWdkclBxY1JCb0gyVmJ5VV84VDE1OHk2STgyOTN4Mkx2U3lxcUhZVVNpMHliMjg?oc=5,"Sat, 18 Jul 2026 10:10:18 GMT",
2026-07-20T02:54:26,Google News FT,Law firms brace for second fight with Donald Trump over capitulation deals - Financial Times,https://news.google.com/rss/articles/CBMihAFBVV95cUxOeUQwMGlHdXluNmM1alVxLUd1R1lMRnRZemN3N0xNd2ZYb0NrTHN2VVYyRng4RFRZNjlqcVlvcUFlTkxrZzNrYzF4cEhad1JyOXdWVmtHX1lYWXRjWF9zSlE2dzBzUXNTaFFSZ0huaU9kYWNKRWFDNk9KUjg0TW9OM21YTnY?oc=5,"Sat, 18 Jul 2026 12:00:03 GMT",
2026-07-20T02:54:26,Google News FT,German army looks to Ukraine for battlefield lessons - Financial Times,https://news.google.com/rss/articles/CBMihAFBVV95cUxPOW1HQnNXTVZkYjZYS0prTy04SGVYWnF6M2Z4cDFpMVZwN3h1c182ZTFNNGlqZTlzbjdBcXFvWjJpdW53ZkUzT2FnUkFLdjdjdjhxVm9yMC1XNkhFN002WlF5UzBSY3MzZExyUkpMRllQRm5GZVRQUXhwZVZMUFBaclg2ZHY?oc=5,"Sat, 18 Jul 2026 09:00:24 GMT",
2026-07-20T02:54:26,Google News FT,Traders are increasingly betting against SpaceX just weeks after IPO - Financial Times,https://news.google.com/rss/articles/CBMihAFBVV95cUxQNG5lT2VTTFhLTWFQQUN5N2p0NlpDMUNZdm9FN0kzbGJ6VDF6bGI4ZndoVjFFRmI2MUhGOGFZOE1zcGZ1Q1ZSWDVVOEFxdkNTMUg4ZUFWeU1yMmhlN01ja2hPalA2dmJJei1VcXczLXFLT0JDZ3QxTVk5elowYTB1U2lPVl8?oc=5,"Sat, 18 Jul 2026 11:00:02 GMT",
2026-07-20T02:54:26,Google News FT,The Norwegian case for mediocracy - Financial Times,https://news.google.com/rss/articles/CBMicEFVX3lxTE9VMjJzckR5WHBhSWpaT3dsYXJqSndYdjl2bTBuMGJqc3c4NzZqOWVVNmVKbG8tbHVPT2FhSE8xYlZGYzdlTWkzdFlocTF3TWc0Vy1oSWNLRlZtVkpvUnMxM29kOTZDQUdCSllPU3UtdW4?oc=5,"Sat, 18 Jul 2026 04:01:30 GMT",
2026-07-20T02:54:26,Google News FT,Rise of delivery apps takes a bite out of sales for Big Pizza - Financial Times,https://news.google.com/rss/articles/CBMicEFVX3lxTE5JTk9LQVdhb05kazE2TWIxNHh3eXVacDUwY1RwVTQtcUw4aGphSXpVT0JER0dHSV9ZNzFvaVhJLTJpcFNtMWtkTVFtbUQySDBEM1QzakkwNWFEMHU2LUpVVV9TeEROOVF6anlCeFhkLTE?oc=5,"Sat, 18 Jul 2026 10:00:02 GMT",
2026-07-20T02:54:26,Google News FT,Trump to fund Maga-aligned projects in Europe as he reorders US aid - Financial Times,https://news.google.com/rss/articles/CBMihAFBVV95cUxPSHNfSjNIbHJLVGMtRDFBb0NUang2b3gwcGh1NEdLREdYbXdFYVcyWlhqX3JXS3QwQk1EdXNfWGZRc2MwbFBvWW5XM1gzbUI3LUd1bGtQMVFHMUI0ZXZDWkozRHE2ZWdaV0d3RzhFTm51aTJXT3dDei04bnZGRDJxbXRvTGI?oc=5,"Sat, 18 Jul 2026 17:22:03 GMT",
2026-07-20T02:54:26,Google News FT,China’s Jingye demands payout over British Steel nationalisation - Financial Times,https://news.google.com/rss/articles/CBMihAFBVV95cUxNQTNXZm1qendPNXNDYjd4QWRZN0dmdm1CcDVrT2xfa0xhelo3UGRmcW5rQkNCTjBUNVl4UmMtT1Izc1JJbWFhd0hDX2hCT09US3hySlFtdUVRb3BxN1RUNzFIRDVsUzJXRHlMc05GZ25zeHM4LU4yUVhCa085QndXWmVOb0g?oc=5,"Sun, 19 Jul 2026 10:50:00 GMT",
2026-07-20T02:54:26,Google News FT,Spain beat Argentina to win World Cup for second time - Financial Times,https://news.google.com/rss/articles/CBMihAFBVV95cUxPdk1OcVNIN0MxMkdTR1Myb1JQLXVrdDZJTEFDUGNuUl9nbHhCMDdYa0sxTVVTUS1uc1BfeHQwWWU5a2RIV1I3SW1XM2p6VjJHRHBXSEJfY2NHcmZjMVczRllzVkEwYzVwTURrTXNCM0dvWDFSRmxXUzNtLTlTY2RfZ2dwSUw?oc=5,"Sun, 19 Jul 2026 22:24:28 GMT",
2026-07-20T02:54:26,Google News FT,"In one-child China, she thrived. The unravelling came later - Financial Times",https://news.google.com/rss/articles/CBMihAFBVV95cUxPQURYVGFxbFVCU1E4YjUxODREdHRHV2Nqd0FuU3RmTUNnWGhLbjJtSW1OQXhjR2x4dTRPOGZoYTV0RTNzQWJTdmhoRXUxU0prNzZReVNZVHVLNW8yQ0d3NGcwZlFFRjlpMHh5cElYNU9RUnIwUTg1QjE1XzN6VWthVFphNDg?oc=5,"Sat, 18 Jul 2026 04:01:30 GMT",
2026-07-20T02:54:26,Google News FT,My journey down the rabbit hole at the Conspiracy World Cup - Financial Times,https://news.google.com/rss/articles/CBMihAFBVV95cUxQV2dCOXdGT2ZzeWZXS2dLOGpJcm1iWl9BeFkzaWZFUXI2V0pVRHRkQk05b2NKU2Nhb1g3dFkxeF9FTDBNLUZ3dkxqY09kMnYtS3p5c2xqU2JPa3BJRFdPZHVqSGNtVnNZUkxrd3FBSndBM3JuQTlrc2oySVBsQ2Flajl0YkM?oc=5,"Sat, 18 Jul 2026 04:02:58 GMT",
2026-07-20T02:54:26,Google News FT,Singapore weighs hedge fund tax cuts to rival Hong Kong - Financial Times,https://news.google.com/rss/articles/CBMihAFBVV95cUxNR2o0OVN3bS1ic1FMR2VMOUd0ZHpNRnFYM1BPb2RSbmVlQVBxc1VEY2hNd0s0THAzVVEwUGl2dFVFYUlUWFBTLThlcC1fZjRMT0kzTEh5X0p1SlV3VzBIdVFqa0tSQlR2VlF0MjR5V3NFS0JxYU5iZ1JULXUzMWNSbmJqUG4?oc=5,"Sun, 19 Jul 2026 04:01:12 GMT",
2026-07-20T02:54:26,Google News FT,"Trump Media pitched $100,000 monthly fee for fast feed of president’s posts - Financial Times",https://news.google.com/rss/articles/CBMihAFBVV95cUxNZlBRZkk2YlBrbHlMa0hOalVJRWQ1QWx6aUZFU1NfbnVOZFJMclZ0MWJ2d3A1NlN6UE8tOHNHSTlPRVotWjh0dktjUG1Oa2cyUGhEbGs1M1psT2JjdFF3bzRja1piRWtxcFp4bk1YWnlCMGJkQkFBOFVMN3dvM1hpaWZlZVg?oc=5,"Fri, 17 Jul 2026 16:23:42 GMT",
2026-07-20T02:54:26,Google News FT,‘Gullible and ridiculous’: Dave Eggers on why no one will read AI novels - Financial Times,https://news.google.com/rss/articles/CBMihAFBVV95cUxPaEQ3Vml2YTJvbExSSzVZSXhoQ0ZjMThVNmgwX0NrWkZXcy1qMzVSTGFRRFNtMlpfcEw3QmVOLWhlbXRhcS1WVGVwMVlvUGFuOEZPbExKWktfSHhvZWFSMXJ2bUdQbmtjSS1zT25uTmE1SHJNMkdQVVc4dDJTNUVJVnhIcHY?oc=5,"Sat, 18 Jul 2026 04:01:52 GMT",
2026-07-20T02:54:26,Google News FT,Burnham to maintain ban on North Sea exploration licences - Financial Times,https://news.google.com/rss/articles/CBMihAFBVV95cUxNcW1zaWVLX0JESVMyblZkYU9uZmRZODFUcnlwNG0zb3hRZVdvN2pZMzF4VUpuVVo5clMzalB6WWViRlUyd2FSWlZZQzZzcGdBdDFWMHBrazk3azM1OTYzckQ4V3AzcFVvSGw4TU5vUkNwMEJRREFNMy0yZkhPZ25FVkpEeGU?oc=5,"Sun, 19 Jul 2026 12:22:16 GMT",
2026-07-20T02:54:26,Google News FT,Ageism: the silent but deadly threat to your retirement - Financial Times,https://news.google.com/rss/articles/CBMihAFBVV95cUxQRnM4VGhoUmk3aEdmSExKd2xVaDJlQXRONzUyN2lyOUtZaUN2akJPNVZoYzRHV29qd3BPMTNnRnh5UklPaG4tamhudDQ5Ri0wVnJneTdpX0RsVkF5V2k3TGt2UTBkRG5MZWU0UlFqM3Q0NlJjajV5S29wckhydzlpeWgtNmg?oc=5,"Sat, 18 Jul 2026 04:00:52 GMT",
2026-07-20T02:54:26,Google News FT,Paris and Berlin vow to align on tougher trade measures against China - Financial Times,https://news.google.com/rss/articles/CBMihAFBVV95cUxPRFdCa3FNN1pyaG5GTWR4YmFON1MwdkpTTkNUeXRJdzBtMEI3UUdJSmlJcnRKWHNOcFhPRVpwb2thdU9hT3Q4cndBUFQxTl9CeEpmSnQzbUdYZzdJamhlUUhERWhzTkh4Ukhpc3NwcGdSWEJhekJ1NEJMT1dQdjVsTDE5dGc?oc=5,"Fri, 17 Jul 2026 17:14:00 GMT",
2026-07-20T02:54:26,Google News FT,SpaceX and the myth of independent Wall St research - Financial Times,https://news.google.com/rss/articles/CBMicEFVX3lxTE9uNThkclg0blIzdDlrSXlJME03NWZoM1dFYUFSSWJGSEtlWTBVekpSdWxmTS1mOThwVkRCT0JTUU5hdTZUMnROcDhPbTJhMlp0VHJ5aWtaTWw3RVJqekdwZGFlZzZpVkwzeVBVNUNkb3g?oc=5,"Fri, 17 Jul 2026 17:00:07 GMT",
2026-07-20T02:54:26,Google News FT,The next crash: why this time might not be different - Financial Times,https://news.google.com/rss/articles/CBMihAFBVV95cUxNbFRESm5sUHJwajRUelcwcV81MXpjZTBJZ1NGeEZFRGkzSjVzcTBKR2lHclhRNldRYWlRMXlCRGdKSkJUVjlyZmI3SkxtdkVuRXdaZ2ZFT3RMaWxOT0I0aDBSNGJzNUMyX1lFZGZvX1owelo3S2hMWmt5OTYtdExkU19mcVA?oc=5,"Sat, 18 Jul 2026 07:35:18 GMT",
2026-07-20T02:54:26,Google News FT,Apple targets dozens of OpenAI employees with legal letters - Financial Times,https://news.google.com/rss/articles/CBMihAFBVV95cUxQaHVfTTYtWDJJeUZrUkxVX2I5WmtILTZKOGJTbGtrdkhxdS15Z1JPVnExQng2U1ZvVHdiZWJWMGF0dHJBcEVQVVpLbkRuR3Vib1ZocXU2azlzSFNXQW5qSTd6d1l4YTFsRTNQU0R2dUg5czFRQmEtT0E2ZnpRUG45VTBYbnM?oc=5,"Fri, 17 Jul 2026 10:00:05 GMT",
2026-07-20T02:54:26,Google News FT,Oceanographer Sylvia Earle: ‘We are on the edge of being consumed by nature’ - Financial Times,https://news.google.com/rss/articles/CBMihAFBVV95cUxOSTJYSTl3OEowYlM0Vm5TeVlqQ1I4cVZTWDRYOUx4Z2N4OHoyejQwd1JHUFJZdFNrdy1FWlFpVkRzQm9odzA2R0xEVnU1WkZCTTV3Z3ZzMjF4WnNlcWd2YmlZaDJNYnJEZW1wcWRMWnkxX2pkWmNiTlYzTjBoR2twWVhRWXU?oc=5,"Fri, 17 Jul 2026 11:46:37 GMT",
2026-07-20T02:54:26,Google News FT,"Lionel Messi, Argentine legend with nothing left to prove - Financial Times",https://news.google.com/rss/articles/CBMihAFBVV95cUxQRXY4SFhOenJ0OGR2V2QzMTlyS0xoS0VQdFc3QmR4TE9maEdUNW5ibnNnWmxZT0tjME5jVXM1QzhnZjl5MmM0REV1UFlHTlVTZ2trdDVwTWJ6VlBfRVJlX2FUWHVBb3EzRDJibGhDTjlyTEdWLU9sYmoxeWZSS0tqRzZDMG8?oc=5,"Fri, 17 Jul 2026 15:49:48 GMT",
2026-07-20T02:54:26,Google News FT,Your odyssey to see ‘The Odyssey’ matters - Financial Times,https://news.google.com/rss/articles/CBMihAFBVV95cUxOSW5oVDVrRGJmV3k0Z3JMdTdERjFqc2hua0FwaDZMZWRRZ2pOaHJ0ZkVUSlBhLWF5NzhmVXdaR1VoMk9IUlFRaUFyQVB6ZDhYbkVTbFJkaDI2Qk1ydU9fRDJYNXlZR2hYYjRYZHVqNFZza19jVDEzMkhxSklHSjhOTjNNam0?oc=5,"Sat, 18 Jul 2026 04:01:41 GMT",
2026-07-20T02:54:26,Google News FT,Luxury groups face inventory squeeze under EU destruction ban - Financial Times,https://news.google.com/rss/articles/CBMihAFBVV95cUxOZ1lJUU9NWlZZSHF5bUw3LTk3X2FyVmlicjB1MzVfZnhQMTZld2VsdVc5cTg2MzNlVWk4c2NKcURRekZDcG1Yd2xmQ2tJN3l5UkwzTXZGSEJwQkpySE5NdHc1ejlacjBxUkFEZlBybGRvM2RRZjQ0T2NSbFRmV3BMSlp5Wm8?oc=5,"Sun, 19 Jul 2026 04:00:56 GMT",
2026-07-20T02:54:26,Google News FT,AI isn’t destroying entry-level jobs. It’s changing them - Financial Times,https://news.google.com/rss/articles/CBMihAFBVV95cUxPaEhXdHdFS3p4VDluLVR1RWw1cXFZTnA3U0lndVVBNmp2TWpidTUtS21hRDJKQlZzV3lsZzBOelJqQlF3WWNfSFRrWmg5dkxDLUVTVEo2U2ROOWxnN3NUNlc4U3ZWZ1dpOTI0SzFaZG43Q094RHlUTF9wVG9iY0xESUtSN0E?oc=5,"Fri, 17 Jul 2026 04:00:42 GMT",
2026-07-20T02:54:26,Google News FT,Why Iran is returning to war - Financial Times,https://news.google.com/rss/articles/CBMicEFVX3lxTE9RNU1MUWRsMWVnZDc1WFlKZEI4ak9FM2FIcElNMy03RmpHLThLN0ttOUFhZW1EdTVfN3ZRQktKVE5vZ3M5bElsallRNmJON2tSVkVveVhmOG1YN1gxZTZOLUNZejlCUHNTVndOaUU0TVY?oc=5,"Fri, 17 Jul 2026 04:01:03 GMT",
2026-07-20T02:54:26,Google News FT,US launches fresh Iran strikes as death toll climbs - Financial Times,https://news.google.com/rss/articles/CBMihAFBVV95cUxNZkhPUkJQY2xKdlBnRmhHcV9GWUFZTk5nazg2X19YVmlqNlhxU3pDeVhYUUFFS3NpQVBlUjNqVGxXZDVlTmhTeEdleHUwM2NNQ0E4T0RHOTlOeXdWOGEybnZsQ2tiSGI1X05ldWNhTV90cUhmdjFWQUVpWVF6QTRoY2lQYjY?oc=5,"Sun, 19 Jul 2026 20:59:21 GMT",
2026-07-20T02:54:26,Google News FT,How Maga fell hard for the gender binary - Financial Times,https://news.google.com/rss/articles/CBMihAFBVV95cUxNOHpULXJjQkJuTE5fV2oydWw2cVlGaDlRMTBsaGV4Zm5vN1JzV3pDVk1kYWpNOUFEZGNCT3FoUWpMaDlwdFNPemZVMGZrRmJoNGxmdUEzZktaa2FlLXhnMkgtY0xSVG01M1pXSkNwOFF1Zy1ES1gwTUV2RUhSZjB1b2FNaWI?oc=5,"Sun, 19 Jul 2026 04:00:56 GMT",
2026-07-20T02:54:26,Google News FT,UK seeks extradition of Andrew and Tristan Tate after arrest in Miami - Financial Times,https://news.google.com/rss/articles/CBMicEFVX3lxTE1KQzFpSEc3WWJqMkc3c2dIRXdQRTZNMjZkNGs2RWZITVlhTkJwLW9yeERjMWZyb0g0T3l4MHRrT3M4VUZYeXQ4QVRPRVNidDRwM0VjQzZNRUxqbEh2RHEtb01fWmw2TnBLWnJqMFd5Tjc?oc=5,"Sun, 19 Jul 2026 02:44:08 GMT",
2026-07-20T02:54:26,Google News FT,How to fix the housing crisis - Financial Times,https://news.google.com/rss/articles/CBMihAFBVV95cUxOenNvU2lzQXpTTjdBUm1XZl9pMVpTOXd3cXZPU1pmemVjMzFVTzdxWGtzU2JiNTRLUkZtWm1iTF8wT3hZblFKVklXSExYZnhjT0NCc202ZnI4bVNMS1FQRE9jY0tkZHgtZTQ0eGR6U1Bmc29YT2RXRkRDSHRGR2lWMFJITEk?oc=5,"Sat, 18 Jul 2026 04:01:30 GMT",
2026-07-20T02:54:26,Google News FT,Chinese AI start-up Moonshot launches model challenging Anthropic’s lead - Financial Times,https://news.google.com/rss/articles/CBMihAFBVV95cUxQWEJQT1JGSHNrRUxZWklhbkJmaklfbWJNWW9kaHpzSEwtQjZnb2tPTVhRLVUxcHNYbW91NFdyZzRteVBwNHdOTjFOcDFXcEtsLUloS2NValhlNENsYVpEWTYxYXhkb0t1cE81bUQ1SFRsRFYyV3ZVR3h3enhXOXBXV05pVXY?oc=5,"Thu, 16 Jul 2026 09:51:11 GMT",
2026-07-20T02:54:26,Google News FT,How far will Iran go for the Strait of Hormuz? - Financial Times,https://news.google.com/rss/articles/CBMihAFBVV95cUxPR0djZXRQZzZBNlppQU9ORlVJZUkxZUdXcGg0emliWjRqczBCUDVMRkRYODRXR0JrVndMZ3RtS0RYc0pwVU96b0FLRHRDLVRpeWl3NHM0T0dCLVhJcDJZbUw3NnpPcHZIeTQ0Ym1vTlNjWExoeUhtdURjcTE5U215V2xBeU0?oc=5,"Fri, 17 Jul 2026 04:00:45 GMT",
2026-07-20T02:54:26,Google News FT,"PwC partners in line for near-record £900,000 annual pay - Financial Times",https://news.google.com/rss/articles/CBMihAFBVV95cUxPSTBtZnU3dHVzdEIwaDhtQklwNjBfU3RFY09yeWJLaWpOeDRqVGhHZTVxWFpoWjdXbTV6VV9fcDJnVkpIMXR4SHk2S0ZfTmJEVkdGbXZXVkZxTi1LWkVoSjNmc00tZzFnOEZlODF1OWZMb3pZWlNHNkFzcjJiMkpPZWI4N2U?oc=5,"Fri, 17 Jul 2026 17:15:01 GMT",
2026-07-20T02:54:26,Google News FT,We need humanities more than ever in the age of AI - Financial Times,https://news.google.com/rss/articles/CBMicEFVX3lxTE43RUhmTUd0OHliaWlxbFlvT1BvR0Y2ek9SNlpNV1dIcEs1aVJtWWVMdkNybmJWeWtJc2xReGJIbGVBSFhYYkdnU1RSZUJPcUlEOExER2pjaTNTT1QtVzJBbENRYW5zWUQ1VGJKemE0akQ?oc=5,"Thu, 16 Jul 2026 14:32:39 GMT",
2026-07-20T02:54:26,Google News FT,The joy of watching geniuses deliver - Financial Times,https://news.google.com/rss/articles/CBMihAFBVV95cUxNNmRxU0Roa2lKY1E5eFVUSTJPbURfc2tTNG9NM1lWbkprUktfR3AyRDhHRWRnYTk5Tm5zT0NRcVFZcmkzWnpPdnVNQlJZRU5Tb2hodmVDX19UbU0zWVpJQngxQXMtclhZZm5pOGthVFJ0bkUtOVAxbXhfZVJZZ2xuNnRKX2o?oc=5,"Thu, 16 Jul 2026 10:00:06 GMT",
2026-07-20T02:54:26,Google News FT,The perks of parenting by spreadsheet - Financial Times,https://news.google.com/rss/articles/CBMihAFBVV95cUxOZjZoQmtKalY1MThxMGx3MDkxUDE3SGZGc19TYVRhZjBKalMzeldzUURoWEVnTFJuTVhuTWlQUHlpMUlFWW1lMTZWbjNaTlhyVE5Hdm1PZWxQdEFVUlRKbkI5d0c5R010emVHMUVJNXZsYVBCRmRDOF9MQVhKTTVXR0NHOHU?oc=5,"Thu, 16 Jul 2026 04:01:48 GMT",
2026-07-20T02:54:26,Google News FT,How smart tech is being weaponised in the home - Financial Times,https://news.google.com/rss/articles/CBMihAFBVV95cUxNaDBJY1hKZjhnUFdGQUFEd2pRa3JpVVJZcHBWb0FySndFLVB0RG93elNweHZfeDQ1WWlKSW56MVRkaXBkb1NoMVgyejhsLVVwMURMUnlIeS1KRmRFcFhvc0w1ZE1qSlgzYm1pdVZ3R2NqU1QwdElCWnJEemV3bHpVM1Fzdmg?oc=5,"Fri, 17 Jul 2026 11:00:08 GMT",
2026-07-20T02:54:26,Google News FT,Ukraine’s rift over military strategy breaks into the open - Financial Times,https://news.google.com/rss/articles/CBMihAFBVV95cUxQbTZZeDdsX250MmZUS19kaEVLd1FEWllTRzlySk9sb0J5UU1uSjB6aXZGbW1vSzYtWDRZX2J3UU14bWVITTRWb0ZCUWVLNTZ2Q1RhdlkyVE9MRXYzU0hXUEtNdUV1aktUQVUzazFuNmZNb2QyQl93OGc5VC1IcVJrbDFPVFo?oc=5,"Fri, 17 Jul 2026 14:51:19 GMT",
2026-07-20T02:54:26,Google News FT,Zelenskyy government in turmoil after defence minister fired - Financial Times,https://news.google.com/rss/articles/CBMihAFBVV95cUxNWnRaREZmU1U5Yy1jNkZsbXFfYnZzOXJtT0o1d1BhN1Fta01nVEszaVppNjl0clhKLVdmMHRYVFhRaWJwUERJT1VzWGM0cERYbWdCMFpwcHZsV2E0N0tackVLT1U2SklPYmdoT3ZjMEk5cGhMRzVrSkxDNWRHdGhSQ2I1RmQ?oc=5,"Thu, 16 Jul 2026 07:58:52 GMT",
2026-07-20T02:54:26,Google News FT,"US will not win Iran war from the air, Donald Trump’s ex-defence chief warns - Financial Times",https://news.google.com/rss/articles/CBMihAFBVV95cUxQQ2pJUnQ1WHFGQlJ2WEs5STJlS1BHdWZWQVZncXZLV3UzMTktckd0V1lfU2lBOFdpWEEyVzdPaGRWM21QMV84UmxLOVFCOG1OSVNGeXNaYjNWNkI3eDJFS0h5NHlpa0xuN1BUUFhhLWFwMnQ1dEJmV3h4cUNqbUg1Ui04LVk?oc=5,"Thu, 16 Jul 2026 00:46:44 GMT",
2026-07-20T02:54:26,Google News FT,Russian strikes threaten Ukraine’s Black Sea grain trade - Financial Times,https://news.google.com/rss/articles/CBMihAFBVV95cUxQdVhhOU9vNFBzTllQZG9WbE1uRUZhWGtDSWN1TjNEVWZKeGtZWlNLQ2FqNHVUbFQtRXpLZGpxMmk4S2FLcWtIX0EtcWJlVHdMLThFZ3VYVVh6MWVIQXZTaVUzR2xHX0pVRTJ5TENybG5MbC14ODBXZHpMN25FSTVrQjFwbUQ?oc=5,"Thu, 16 Jul 2026 15:53:19 GMT",
2026-07-20T02:54:26,Google News FT,Oil traders warn market is close to running on empty as Hormuz shuts again - Financial Times,https://news.google.com/rss/articles/CBMihAFBVV95cUxPT0JoVjlvMHpwak9Dd3dzRlpyWnV6R1Jlb2VrcHVJY295X0xoX2o2QWViYlh0V1dzalFpX28yNmx0dTRWZDdYUkl5T052RGxPT1FXSzhqUUVTSGhPbnVuMXV5T3JUSjNGbUs2cGFrZlpPNUFKdHVJM1B5Vm5ycGpoNm9XMnQ?oc=5,"Wed, 15 Jul 2026 13:02:43 GMT",
2026-07-20T02:54:26,Google News FT,Ukraine’s self-defeating reshuffle - Financial Times,https://news.google.com/rss/articles/CBMihAFBVV95cUxPajdXUjBneTV1cEV3c0NxaDBqQ0t3dTBVemFMZjMyMi00a1prS2VYM0ZJVnpHbEtHSUpKUVIzNlYtWkhwZ0ZhXy1NN1NuUG4tOHp1anFOaFFPd2FzVFZSUGpCUl9ONUVUdm9URVBTMFVVWWRuTTFpR0txTkxrM3lZMjZPekQ?oc=5,"Wed, 15 Jul 2026 16:44:36 GMT",
2026-07-20T02:54:26,Google News FT,ESG is dead - Financial Times,https://news.google.com/rss/articles/CBMihAFBVV95cUxOb2hJdkhYcGtNajF6N216Rmt3WXBEOVVUYUhkOHB5UDM4aDVpZzZkVzFnTXFWb3FzQm1IbTh4eFprWFNsT1pyTjYzbFdIU1lFbXhKMmN3Z2ZoNmFQZWEtMk5ybWo3UXEyOHdid1BrUTNHYjlXMXQzWDdtZFdPVERLQW9Lejc?oc=5,"Thu, 16 Jul 2026 05:31:23 GMT",
2026-07-20T02:54:26,Google News FT,Chip and memory stocks slide in fresh bout of Wall Street tumult - Financial Times,https://news.google.com/rss/articles/CBMihAFBVV95cUxPblZGRUIyV3luNzRCLURrSUFVT2NBQVMtY1hmSWQtS2gtMlNIZHV2a09KRXZ5MVUxbk1uMEt0cmtfMDZxRXdiZUpMVHhpaFR0SUNDTE45UF8zWDZLbGVPeFdrX0p3ekVlS1dKZ0otWUZWdzhHeDgyVTFVM2N3Wk5jUjFwQ2c?oc=5,"Thu, 16 Jul 2026 21:14:12 GMT",
2026-07-20T02:54:26,Google News FT,Volodymyr Zelenskyy sacks Ukraine’s popular defence minister - Financial Times,https://news.google.com/rss/articles/CBMihAFBVV95cUxQNjhIQ2I2dlVId0xETmo0QVVDVUY5YXQyZi1mT0pJbzIwXzhIbE0yYlFJS085OXpaSXN1eDVYOXlRT19ENGxBOTVjWHExbnBBXzUxN1NZa2VYQTQ0Y2gwWk1sY0VianFLRjZzZ1NUODN5bEpnTWp0UTkzOXdHWEZuMkZjUXE?oc=5,"Wed, 15 Jul 2026 11:34:56 GMT",
2026-07-20T02:54:26,Google News FT,US government looks at joining Donald Trump lawsuit against BBC - Financial Times,https://news.google.com/rss/articles/CBMihAFBVV95cUxOY1lOYnp3dHg3U1QxdFhzRXlMYWJFNHpSOFN3Ul9kRlFoM2hISVRhOGh6MXNzMkZVZDlFQXdxLWhTSkx4a3l0eG1tdzBtXzVjQ3lwOS14dXVhSlJBaC1DaHpsdWxXemFZSndialZabGNxemxEY1hiaElSeEpuUDdZOERiWVQ?oc=5,"Thu, 16 Jul 2026 04:00:38 GMT",
2026-07-20T02:54:26,Google News FT,The Magyar revolution: Hungary’s new era - Financial Times,https://news.google.com/rss/articles/CBMihAFBVV95cUxOcTlMa3U5YTJndHdWY19DdVpWaGhfbVlUQmNOcGh4NGJuUlpxVjRDaUxKNFNLU0NUS0tmVmxsQ0lpdTZFYUttVkFfaWU5cGFRTDlZRUphcUNWVll1RTIteklnbko0eE0xcmFTMVRFS3p4X1Z0d01GOTBCeXotWTBsRHpIcU4?oc=5,"Thu, 16 Jul 2026 04:01:49 GMT",
2026-07-20T02:54:26,Google News FT,Messi punishes England to drive Argentina into World Cup final - Financial Times,https://news.google.com/rss/articles/CBMihAFBVV95cUxOZktFQTFiWUlzYkZjdU45R3FHZ1lGWkdFZTNaLUhyTFNfV3M4ZHNoYnJQNjJncWdwazlIZkRfS2V4RXlXM3hid3ItZnlVRmdua2hFcDNhX0ozbGVrSi1oemVTb3Z2Z2JVeVN3TnlHemtVZEpBSWdLLVkxb3I0cmhzcmJDTFg?oc=5,"Thu, 16 Jul 2026 01:25:53 GMT",
2026-07-20T02:54:26,Google News FT,US lawmakers urge Trump administration to ban Chinese memory chips - Financial Times,https://news.google.com/rss/articles/CBMihAFBVV95cUxQbG0wLXlOblQzclBwM2hUekpnZEhkbE4wWGlCRnNTakluVTdfQURPN19BNUluUDcwQTNPNXE3QzEtQ3F0dmZiOTF4MnEwNll2QUlpaGI3OHFEVU1RWHR4VjZmODlpOGg0dURqeFpsNDhrTW5LMjF5bE9uUDkzYWs3TDUwbmc?oc=5,"Thu, 16 Jul 2026 10:00:06 GMT",
2026-07-20T02:54:26,Google News FT,Is Fifa’s hyper-commercialised World Cup here to stay? - Financial Times,https://news.google.com/rss/articles/CBMihAFBVV95cUxOYWJubmJJU1FQd0pmUVQ2aVluaWpKZW0zMmwxbGxVQmt5LUJjUW1YQV9La05EM3dlMVZhZkJIaHZSU1IycWJZQmIyMlhOb1p6Rm1YX0tQV3Q2M2pkMmpFMGpiUW9RUURNczRmWTNQeURGaUEtb3AwazEzbldkWWtfM0p2cmo?oc=5,"Sun, 19 Jul 2026 08:05:30 GMT",
2026-07-20T02:54:26,Google News FT,SpaceX bond yields rocket towards junk - Financial Times,https://news.google.com/rss/articles/CBMicEFVX3lxTE5xNVh2X2xFMGZnYWVfbUpMVFk2cFU1VWNBMFZpUFhVLVBUTy05Vi1zMndwQ3VmTjVwczRlTmcxeC0yUk5vU0pvMWxZWlVaXzdBWm9tYnByWjRwWWlLblprSlJYc1ktU3B2Q3hlWXpWak0?oc=5,"Wed, 15 Jul 2026 11:40:36 GMT",
2026-07-20T02:54:26,Google News FT,Athens blocks new EU sanctions on Russia to shield Greek shipping company - Financial Times,https://news.google.com/rss/articles/CBMihAFBVV95cUxOekRSVk4wYkI5VkNXWUFIR2RCbFdDSUh3dVlfNDNHSlE1MXFTN0tsZm5tOFdBeE94MDgyQldFMTRqS0JBZ08tc282X2VGX1ZYbkc2MU9rbW90djBIVlZuV0hvb2ZyVUc5QmlHcmMwczBsc1Yza3lveWVObzdXVVU2czU0M0Q?oc=5,"Wed, 15 Jul 2026 20:17:39 GMT",
2026-07-20T02:54:26,Google News FT,Billionaires who fled California wealth tax risk intrusive residency audit - Financial Times,https://news.google.com/rss/articles/CBMihAFBVV95cUxQQzlHenMxdExFNjRSZVVWbElFenBtdnZJM0xGRldIbElxbVE4MFh2RlFEVndESFFlOWkxaFUyckNmeTJsc3JlVURjX3M0MjQ0TjFLTHg4dUxtb0hVY24wLWg3UjNTVGota0NlenNyakRoZTJDSXVXQi1GYmltVlA3NU5TdWc?oc=5,"Wed, 15 Jul 2026 04:00:54 GMT",
2026-07-20T02:54:26,Google News FT,Defence giants to maintain grip on weapons market despite drone boom - Financial Times,https://news.google.com/rss/articles/CBMihAFBVV95cUxPalAzYVNldUEyS2pYekNOOTdqU3RwTlRyNjhPVTVVai1kVzZsRDNGNEVCck5DWEt3VzA2eWkxMzdPUEJndThPdnNzejhEakI4aHIzel9Jd3RWM3hERlFLdG12MGpoRW1PTC1yY2ZBRi0ySzNSMUJMWlFqT2pyZUdxZmVKT2U?oc=5,"Sun, 19 Jul 2026 04:00:56 GMT",
2026-07-20T02:54:26,Google News FT,China’s economy grows at one of lowest rates in decades - Financial Times,https://news.google.com/rss/articles/CBMihAFBVV95cUxQMXlEeTFQUjVUWVVJLUY5ZXRCNW1nUnFiWkR2bThYR2RyTVExaHk0cWI2eEcxVHd4UjBwRmlXaGxQaXRKU2FHaHhORUZuU0RZQ2FpdWZpNnNZdHNlcmhnZDhWOTJKXzNVN1hPNExGZW8wWjJqNUt6al96YTFySGZjZi1namM?oc=5,"Wed, 15 Jul 2026 02:09:53 GMT",
2026-07-20T02:54:26,Google News FT,Xpeng says China close to building ‘killer’ rival to Tesla Model Y - Financial Times,https://news.google.com/rss/articles/CBMihAFBVV95cUxQT3FfdFBtSXphTnMxZ1hBS2ZHOGxRSmJFNWFfMm9ySVRKQVVaSFNHUkVGaVZfcE5zYmhzYXVYXzg4RXJnN1g0WkQ3X0JtLU42M0tfLUwwNFFfT050bVphc182aUtSZzZtRG1RNW9mNTRxRS1TWW8zX1V5MTZOQVNBS3U2WFo?oc=5,"Sun, 19 Jul 2026 04:00:56 GMT",
2026-07-20T02:54:26,Google News FT,Burnham scraps new digital ID scheme - Financial Times,https://news.google.com/rss/articles/CBMihAFBVV95cUxQdVZ6YVNSU19DS3VkTmZwTTFFOXZGZmZlSzM2VVFmZGR4Q0ZVbzJROFFtUXJMS1k2Mmd5a283aUdmc0N3My1ScXVGTm5WNHBjbXozVEhmWXNtaTZBOXQyZnJ6TUU4NFU3S0Y5VHIyUDB1ck0xQ0FyVHFYdlk0eUFJNE4wNGQ?oc=5,"Sat, 18 Jul 2026 20:00:31 GMT",
2026-07-20T02:54:26,Google News FT,Warren Buffett drops Gates Foundation from $6bn Berkshire donation - Financial Times,https://news.google.com/rss/articles/CBMihAFBVV95cUxPdUZGdl91N2hhV2owSWJvUnNUaG1OLVk3SUN3T0dqRDZkNEptaE1RdnZkUjRXSExMQXB3TmtHYVpMcV93UndJbWtER0ZJTmFKRzJfWGtWWXIwS2Z0cnlTaGxOc2twbHRYRV9kT09mRmFRaDlYZmlmU1FrUWlHRk9yVGVGd00?oc=5,"Tue, 14 Jul 2026 12:49:31 GMT",
2026-07-20T02:54:26,Google News FT,EU readies crisis team for China rare earths stand-off - Financial Times,https://news.google.com/rss/articles/CBMihAFBVV95cUxPUDByT0N6a2pYVlF6M044dTN3QjczYzBleDBYQk96WFQ5VUdFSUhDdkp6WUt2WEpBM2huaDRTMFpGeXdiVGdUaEV6ZktoUEZXVjROZ3Y5cUZYcEEta0xrN1JLdVNlbVlzQXZ3NlhuNkJiMjJvT3VwTlBuT1oweDFndTVjWEs?oc=5,"Wed, 15 Jul 2026 10:00:14 GMT",
2026-07-20T02:54:26,Google News FT,Apple briefly leapfrogs Nvidia as world’s most valuable company - Financial Times,https://news.google.com/rss/articles/CBMihAFBVV95cUxNTnpnUUtiOWZOWTNUMTlmckJwaFlVaEU1OHcwMWpkVDJkSkQ5azhjeG4xVEFwSGlYVEZaV19ocW50OVhzUHdkbXRTbDJRMkZVc2x0bDNYOUJ5MjNnVlN1R25YYktXUTJpNXk5TzdRc0FadC1lVzVHMzRtc2gtVkQwMHotU0w?oc=5,"Fri, 17 Jul 2026 13:49:26 GMT",
2026-07-20T02:54:26,Google News FT,"Sheikh Hamad bin Khalifa al-Thani, former ruler of Qatar, 1952-2026 - Financial Times",https://news.google.com/rss/articles/CBMihAFBVV95cUxQaU5aZjJNM0FuQ0lCbUhMN212M2J2OVRYOC1ZQktZa3BqOHpPR2lPeHhST2VoT0NRTi1idHVkSUpfRTgwSGF5MTJxVUVOUGJmdGRyUUdaOUdHUEQyS2NWX0JDVWhEVk5JOTNnMU1qcjFrQ3lmYi1RckRNZDZWNWxYanFMUnQ?oc=5,"Sat, 18 Jul 2026 04:01:41 GMT",
2026-07-20T02:54:26,Google News FT,The tranquil spot in rural Ireland accused of fuelling Russia’s war - Financial Times,https://news.google.com/rss/articles/CBMihAFBVV95cUxNVGlJS29JOXNpMlcxS3B4WHFzak1QVDZyNUpKQUJENnNGVjZkZUdiT1V5MlNiQzdvOVpnUXQyekZJTWRUYWhyZUpjM3o2dndjcnF1VHZUcUFfejczWk1KbnJFTlFfUDQ1NjFhUVNfMlRGUm5jS2dfVV9ickRiLXNrVkNNVks?oc=5,"Sat, 18 Jul 2026 10:00:02 GMT",
2026-07-20T02:54:26,Google News FT,Gibraltar land grab stirs age-old dispute with Spain - Financial Times,https://news.google.com/rss/articles/CBMihAFBVV95cUxQbkpyX0x6RHhTWDEwMUVfQThsUXhZamt6VV95Ykp5cVVNb1d0ZVNxMHB6VUw4NW92clF3Sk9CcjJCaDA5N3NCTGFZUVdYOVdmYW4tMFdnN21zYWl1WmRiYXZ6YnUtUlRJOUEtTm9Dc3pRdFF4WWFoQ3I0bkpkZno3TjZrSHk?oc=5,"Sat, 18 Jul 2026 04:04:06 GMT",
2026-07-20T02:54:26,Google News FT,Washington pushes EU to announce import rules rollback - Financial Times,https://news.google.com/rss/articles/CBMihAFBVV95cUxPemplNzd2M056ZVdOWlZOeUpTMDQybldfOEF1bHNtdVR1c013Ni1Dejc2Zk9fTTh3N2tsS20zU055NlJtNGVha2JMaHQ2MTF4UGN1c2hLZGRxclVJSXBRUGFoYm5tYnktdktqYzl3ZTJSRHBiYTYwYUNaMHZkbE8xSkxqMzc?oc=5,"Sat, 18 Jul 2026 04:02:16 GMT",
2026-07-20T02:54:26,Google News FT,Oil ‘wildcatter’ who cracked Alaska looks to Venezuela for repeat success - Financial Times,https://news.google.com/rss/articles/CBMihAFBVV95cUxNMzFoalA4bmJGc19uUGFjdEJtdEwxQTBxZXNsQ0pyTW83QVQ0RGRTUzU2Y0RKTDZtTWw0UUxRdlk5OUlUQzdhVmROd2x5MTVJWW1mNHVvSHdrY2c3Y0hxYUZId25VZ1pYS2V0YTZOM0UwWkFkY045UXRiYnMtM200ZVNHX1U?oc=5,"Sat, 18 Jul 2026 04:00:30 GMT",
2026-07-20T02:54:26,Google News FT,"Exit, pursued by a capybara - Financial Times",https://news.google.com/rss/articles/CBMihAFBVV95cUxNWGNKbDZNeXpEcW1zVDU0NmZxcE5TVTJ3SkNGX2Vqc3IxUTNCcWFhU1N1RkRlV3Jvb0ZzWXJPWlVUN3ljSmZadnBpQ2wyMmI3N1FadGVubEdiODdaRXVrUGpLLTV0TjNWbWxyaW1Rb2NzeEJfMXkzZDFhVVAxdjZ6OGdHcHY?oc=5,"Sat, 18 Jul 2026 04:01:52 GMT",
2026-07-20T02:54:26,Google News FT,South Korea stocks slump after first rate rise in 3 years - Financial Times,https://news.google.com/rss/articles/CBMihAFBVV95cUxQNV9qWVlEQ3FrNnc1RjZSVkVOSC02dS1NSkFSUEhxaGpocmFlZ1R5QXE3WU1tV1dPb3hfVklKU3VfWXNjaGd1Mzd2ZGRTamV2cS0ycFNmZFNXT1Ixd2JTX0FxY1NkVzBBMjhhRl9sYUs3a1MzZE91Z0swbEJDeWpUZjdVdC0?oc=5,"Thu, 16 Jul 2026 04:47:57 GMT",
2026-07-20T02:54:26,Google News FT,Asia AI bets power record equities run for Wall Street banks - Financial Times,https://news.google.com/rss/articles/CBMihAFBVV95cUxPbGpmcURrSzRKYUNDcUVEbmgtMmttSnlUQ3lDQVl2WnFqanB0Qm9VNElYN3RTQ1daQWxRRXEzMFB6SmpFUXVUTW9lYVR5X3g1LUpCTFNiVnFGcV82dkZmT2xndlh6UFZ2NElHakhnQ1NXNnVUSEUxV1JaeFFKaVlfWlNtelc?oc=5,"Sat, 18 Jul 2026 04:04:13 GMT",
2026-07-20T02:54:26,Google News FT,The US rapprochement with Venezuela’s most feared man - Financial Times,https://news.google.com/rss/articles/CBMihAFBVV95cUxQcFkzQ3M0eUdqMXI3Y0NZel9jVFpfOVVVSGdhM3BiTHpTTzFNQk8zNlNwek5ndzcxOWw3OU5OVmFFazBXR21ES3NGMnh5U0JjWWNTTnVvVXhCT3RsN2R6UUEtRHA5TWhYR0dfVUtTMWgyNGdXa3hJSnV1SGVzNlNoaF9tSGw?oc=5,"Thu, 16 Jul 2026 04:03:12 GMT",
2026-07-20T02:54:26,Google News FT,How long can oil markets absorb the Hormuz shock? - Financial Times,https://news.google.com/rss/articles/CBMicEFVX3lxTFB1cjhNMk84dFZPN1daeFFERDlpRkk4akFTN2lnMnFLTGdEZFhmQWZ1V2VhWHRYaGI0bXVMMGRyRV90aWJodUNHVmZyUkxuakpBaVZCa3RodVQ1UEF2WjJQNEl5Tktrc0tIVm1Dc0V1XzE?oc=5,"Fri, 17 Jul 2026 17:52:37 GMT",
2026-07-20T02:54:26,Google News FT,"Mummies, museums and the fight over ancient Egypt - Financial Times",https://news.google.com/rss/articles/CBMicEFVX3lxTE1CZWtxRWxYVl9FQXh4cThUYWF4aUZBaU5mTTNKZFlkQnVqdGdxaUJRd2lTemd0ZEM0ZFdRVExzeWFjZnFXTms1Q0FaWHg4ZUFLVll0cEl0a2gtdnpkVWQ5TTZWUUxTVEFXcVRKUFpmZ3c?oc=5,"Sat, 18 Jul 2026 04:08:05 GMT",
2026-07-20T02:54:26,Google News FT,Ukraine to buy Chinese drone parts with EU funds - Financial Times,https://news.google.com/rss/articles/CBMihAFBVV95cUxPc196X2ZRemhvZ1IwQ09tbnZnNUd5QmxhY2hjMmI0YWlzU0huLTBWNzZpYXVLMHktS3VpdWNTdWZadDI3ZmdoZXAxaE9ya0JvdFZkY1ZpOUFqWUM1QnZwQVg2ejhHLVMzeW91LVVBUi1acnlCY3FPUWJXT0pZM3ZiT1pJU1U?oc=5,"Wed, 15 Jul 2026 10:30:54 GMT",
2026-07-20T02:54:26,Google News FT,US to fund Trump-aligned Europeans building ‘civilisational bonds’ - Financial Times,https://news.google.com/rss/articles/CBMihAFBVV95cUxNdm82YllsbkdmYnl0MFpUN0pUV0RCalNwM3lCWkpZbmpEN3dWM1YtWjdDQTdLZTh0N0VKdTVaZjc1NXA1alZBMHBVNXc1NmJQZHJ2OVJqeDBCTzVZSmNqSXRHVlpldWFnWVNkM2pyZE56OGFmOU5fWTNWRmQyYXlKVGhoLTk?oc=5,"Tue, 14 Jul 2026 19:47:42 GMT",
2026-07-20T02:54:26,Google News FT,Employers pushed staff to use AI more. That has backfired - Financial Times,https://news.google.com/rss/articles/CBMihAFBVV95cUxOSnhnUVh5enNKeG9jTmREdHNKaDZ5TDVQZExYZ1doaHZwcEJ3MUdfTDk0RXZLZk9OVTMtOHZfX0tBVnVfbnpQZEgzX2JFZVRNV21lSnNvOW9OblFMYm9WcXdCMHV5M2Q5ckZWaXJHMm05NTNNZnhEWTYyLWhDcXJacTItTUk?oc=5,"Mon, 13 Jul 2026 03:00:37 GMT",
2026-07-20T02:54:26,Google News FT,China-backed copper mine threatens Pakistan shutdown over security risk - Financial Times,https://news.google.com/rss/articles/CBMihAFBVV95cUxQT040bGthSm8xQVF4NFVyTGgyQklnTTVVbTQ3bmhvX0dCRUhPUWtlUjBmelQ2WTZkb3hsbU1YVHBBdUJXSHFzYWRVREJPaURHYjVoU3dkLW1XY2pIa2pOcUIzVENXTXVZSVJGdFdYWExVbGg0Q0lIYlRZb3FhemQ1dzROdmY?oc=5,"Wed, 15 Jul 2026 01:28:26 GMT",
2026-07-20T02:54:26,Google News FT,Donald Trump threatens Canada with tariffs over ‘invasion’ of wildfire smoke - Financial Times,https://news.google.com/rss/articles/CBMihAFBVV95cUxPTm53V3Vqc1VDOHkxRWpxSURHVEVEd1lvWFRXZmk5U2Z1b1ZSWjVaWG1GTmloSnVxc1NFcHRBZUhvUFg0dFlSamFyZEt1VENGWC1PVmZIQ0d0TkR4ZlVzeW45SjBSdWRBMWhob3F4dG5tdFVOXzJneDBFWnpfM0wtek00RzE?oc=5,"Fri, 17 Jul 2026 20:56:10 GMT",
2026-07-20T02:54:26,Google News FT,"Boomers, not Gen Z, are the generation cutting back most on alcohol - Financial Times",https://news.google.com/rss/articles/CBMihAFBVV95cUxOeWhmcV9ra245X3BUY3RIWVJCREFlWUVGYks5T3BubjFRWDdfZC1jZVRaRWt2VnNIRnNBV2VfQ3dBSHAwZlhNXzFMMjlUS3U4Y3RnOFNVMHVPdVRQVDNSM255RGl3NTl2Mk4ybDRVQWVLZXExbWlPdW0yVk95MjBiLXl4dUo?oc=5,"Tue, 14 Jul 2026 10:35:51 GMT",
2026-07-20T02:54:26,Google News FT,Meta and Anthropic in talks for up to $10bn data centre deal - Financial Times,https://news.google.com/rss/articles/CBMihAFBVV95cUxONVdaT05iMXV0Xy01VVgwNE9mNFN6Z3FTaXd4dDRmVG8wUkV6VS1fN0N4VXlxc0U3UTRxZmVLUWdaaXhoa0VIdEphNFJBNjdncHFmSFJwdk56eUItNXdZTWNUMDJnckNMSWRSV1BqRXNZeGJJNzlmcnROLWo4bkk5MXg5T0g?oc=5,"Fri, 17 Jul 2026 18:32:45 GMT",
2026-07-20T02:54:26,Google News FT,"The art of joy, and how to learn it - Financial Times",https://news.google.com/rss/articles/CBMihAFBVV95cUxOWjF4a1JlNGNmZ0g5VEx0ZzJJQUJjZ1NzY0R5cno2TjR3R1lRMVMxTkV3bnZETUZ5Z2dGYjJ2V2lpZUJTUUZBMzFHMklhckpEblg1V1pqa21NakpQUVVwVVdlMkUzaGZVT2ZRMy1ZVGVWUmtKQXdNYl9RNzBDTHRtTW9XNlY?oc=5,"Sat, 18 Jul 2026 04:12:53 GMT",
2026-07-20T02:54:26,Google News FT,Trump envoy’s tour on $450mn superyacht stirs anger in Italy - Financial Times,https://news.google.com/rss/articles/CBMihAFBVV95cUxNMzhabVNZMkNSd3lYSjFibzg3Yi1JYTktR3lNbFp3cktXMV9BazhleHVkWXAwX2pUbFQ2T1d0cThXQWdTczZ3MTViWjB2ZG1uWFpLdUp0WUlRUzFBQ2ZNeHJkUndiMUNWenFQd2JUM1ZzVW1waFVEczd1cVYzQUpZUUpZMjU?oc=5,"Fri, 17 Jul 2026 11:40:24 GMT",
2026-07-20T02:54:26,Google News FT,How Ana Mendieta made land art her own - Financial Times,https://news.google.com/rss/articles/CBMicEFVX3lxTE5mNFdNU1hueG5lR0FFcndVUndaalZ1aEN1M1hzMHFtUDhoSXIzMVdkdXFzbk5yV09UODlUM1FBVG9OQnFtTmhRb0lXVXNtWFRIeEV5SncwMjRZWTdXMVJCY2lWRDFPeWtJVGNVQlFhcTM?oc=5,"Sat, 18 Jul 2026 04:01:52 GMT",
2026-07-20T02:54:26,Google News FT,DeepSeek weighs new fundraising a month after closing first round - Financial Times,https://news.google.com/rss/articles/CBMihAFBVV95cUxNNXRreFQ1RjV0Vmc4RlFXM3AweTVYYVlTUmE0U01QX1hZZGc2bWFYU3NVV21qZ09RNUQ3WXI5YzduOGRMeUNDLXBxRjdheUNLX19CVXF1eVhLNS1WSGZ4TjhIZFh1TlhISEdCWnJ4aWFfXzNUenJ6aFFxQk5VUV9zc3QzUlM?oc=5,"Tue, 14 Jul 2026 10:02:27 GMT",
2026-07-20T02:54:26,Google News FT,"Heroes, villains and clowns: Simon Kuper’s World Cup awards - Financial Times",https://news.google.com/rss/articles/CBMicEFVX3lxTE5YYnVkVGQ1bGJQM0R3YV95YTkxemV5eDM2R3h5dW14Y3JhalYxUXpsNWJ5ZHNNRld0blppR2RJQTlTUXVLcHhqa2hSU1JpdUtHRUE3dFl1cDZZSlZkcF91QjU3R3Y4WjRibm12UEphZHU?oc=5,"Sun, 19 Jul 2026 04:00:56 GMT",
2026-07-20T02:54:26,Google News FT,AI is not enough to arrest China’s decline - Financial Times,https://news.google.com/rss/articles/CBMihAFBVV95cUxPNTlJZE9MbVViYUQycDhuVDhaTDJPdlFpZ2c1NmI0Rk9VUnN2VWZNQkFwcVhzMlktMGNFWnNzbndCOERyN0J5RFFidUZvaDkyUjBsdXJXSTRpX2lqTjNDd0NTLUxCTmFrZmtVZTNoMEZzTW1kZGlpMGUzbVYwLTQ0LVRSTG8?oc=5,"Mon, 13 Jul 2026 04:00:50 GMT",
2026-07-20T02:54:26,Google News FT,US chip stocks notch up worst week in more than a year - Financial Times,https://news.google.com/rss/articles/CBMihAFBVV95cUxPeXRLaFRlQTh3SUQzbXRMRmpmZ1FOaTdNMG9WSDFlRHQ5TVgxZGJ6cUJhZ25uSXd1T2JUc0VwZUx6MzIzR2xmb3hFOERjYmh3VExwdGFRdHJTZGdsamRjOTJmZUxjQ3pJdEtJV1piVGNsdVY1S2JOLW1KcWR4R0JOMXNOZUU?oc=5,"Fri, 17 Jul 2026 20:22:31 GMT",
2026-07-20T02:54:26,Google News FT,US day traders flock to ‘the most dangerous product in crypto’ - Financial Times,https://news.google.com/rss/articles/CBMihAFBVV95cUxNTUlScFJDRVlWYlNPVGo1QnVUM0JZVlBjRVl0UGdCRmI2eEg2OG8zT29Bb3labWUxV2ZDcFNIYWVTSzRXNzU4cHU0aWhRMDVMb2xRVUI5Y2UzcWxpWGZ2aGJMZVlMdFplcXViWGFBQ1RVNlpkR2haWjd2eEZjMkRFeGt0dGU?oc=5,"Sun, 19 Jul 2026 10:10:53 GMT",
2026-07-20T02:54:26,Google News FT,EU buys record amount of gas from Russia’s flagship plant - Financial Times,https://news.google.com/rss/articles/CBMihAFBVV95cUxQdUdpblB3eFctTlNPZXpQYndTLTRTNEQyMXBqYWlfeWVRTkxOSlZGYi1Zb1o0Rk5nUFhNcXFqZHc4UGduaUpoT2RNRkNBbkhvT0o4N0ZMUUtkcVA1Y09hSl9HQkhReU9Ca2ZDcUZiZHFzT3ViYUhrY1NRWnJJb3dqdEdlMlY?oc=5,"Mon, 13 Jul 2026 03:00:37 GMT",
2026-07-20T02:54:26,Google News FT,Why ‘rightwing’ is no longer such a dirty word in Britain - Financial Times,https://news.google.com/rss/articles/CBMihAFBVV95cUxPZVhYajU1MUhJYUdXRURBdGF4aXR6Q3c5VVB5eVZ2ZE5fdGYyNzRzRTZycVljcVJRVnpGX3FSZnF0RXBlanQzRXVzSlRQQ3g1X3JJMjVnNXpaVHpqZHp1YUxiUUE2VXVUNzVubDNUVEgtVnoyN1VyaEVjVl9ONXZHZDJvaEs?oc=5,"Sun, 19 Jul 2026 04:00:56 GMT",
2026-07-20T02:54:26,Google News FT,Xi Jinping sets out China’s goal to be global AI leader - Financial Times,https://news.google.com/rss/articles/CBMihAFBVV95cUxOYWpKaU03eUwzV3NNb1FzVnM2VlJsYjZnODdYMGhFVzBTZ1lqeEktRFZyZXpqbzljTWpiTHp6ZEt1NTd1M09OZkRJV2Izd0lTYmFCY3Z4U3U4TDFWTDZDWHRFWWFha2o0VDVIQnFzUmRxSU1ZWWtETU1hZ1N6VmQ4UG94S0g?oc=5,"Fri, 17 Jul 2026 06:41:18 GMT",
2026-07-20T02:54:26,Google News FT,How to holiday like it’s 1932: sailing the Norfolk Broads on a vintage yacht - Financial Times,https://news.google.com/rss/articles/CBMicEFVX3lxTE53REpEc3dDZWF2bHZ1NXFUSGdGZVBaVllKVVFiel82MzJyWG9zdWxWc0kxRTduWXByOVVxY1RjR0pybVEyOXNTZjRyRF9JeXNrV25OZm5IR0p5N1h1WENWckNTQXpmeDNIWXdFak9xQUg?oc=5,"Sat, 18 Jul 2026 04:02:20 GMT",
2026-07-20T02:54:26,Google News FT,Chart of the Week: Chips are nearly five times as volatile as the broader market - Financial Times,https://news.google.com/rss/articles/CBMihAFBVV95cUxPRE9xWkJsWE9kckEtS29OOFFVTXVzdmZEOEJXWVZBaGhienFZYkphYWNUcmZpdnhqQkJXOUFWZkMtc3BRVExfSUpNX3RURlNHdE8zVjVVSkFiQzBqZU5qaTZWVHBqT1BnUERmY2xwODBLYXJSdkQxTldMbXBHYnhIeFFjX2M?oc=5,"Sat, 18 Jul 2026 09:30:02 GMT",
2026-07-20T02:54:26,Google News FT,Anglo American poised to sell De Beers diamond business to former CEO - Financial Times,https://news.google.com/rss/articles/CBMihAFBVV95cUxNM1lsSHJoTmlrb2NrOFZoUVg4Q0p2QVFwS3dJT0VQMFE4RTRPVlFaS0dNbWtmc2RzTEJYcmFvb1A0Z1RKS0VQcERpNUJscm5aUXpQRjRRQzdSbjB4S2pSSXFab2lvbFNTdGVvM1E2aU83MDJGYUdSeU1MaUJoUnVrakpHczY?oc=5,"Fri, 17 Jul 2026 16:46:54 GMT",
2026-07-20T02:54:26,Google News FT,Chinese AI models narrow cyber gap with US rivals - Financial Times,https://news.google.com/rss/articles/CBMihAFBVV95cUxOYUpIQjlLc0tDbzlmdmlESktMdVUtams1Z1JvRkpWbktKYm5Db3BvNEYyZ2NXRmEyaWx3a2hWV1l5dUh1UFViWThxNDZCSy00cHBpaTVRZUpUOUZXVzZQTXF3VlpwSjlheDRtWXFUNkRZZ3V5dk90dVdZb2hUSlI3NGcyaHQ?oc=5,"Fri, 17 Jul 2026 13:00:05 GMT",
