timestamp,source,title,link,published,content
2025-11-06T01:27:27,MarketWatch Top,"Lyft says push into Europe and luxury travel will help draw riders, as stock rises",https://www.marketwatch.com/story/lyft-says-push-into-europe-and-luxury-travel-will-help-draw-riders-as-stock-rises-8124c4a1?mod=mw_rss_topstories,"Thu, 06 Nov 2025 01:25:00 GMT",
2025-11-06T01:27:27,MarketWatch Top,"Costco puts up yet another monthly sales gain, but the stock falls",https://www.marketwatch.com/story/costco-puts-up-yet-another-monthly-sales-gain-but-the-stock-falls-9cd9fc75?mod=mw_rss_topstories,"Thu, 06 Nov 2025 01:21:00 GMT",
2025-11-06T01:27:27,MarketWatch Top,"Qualcomm takes a big tax charge that hits earnings, and the stock falls",https://www.marketwatch.com/story/qualcomm-takes-a-big-tax-charge-as-it-looks-toward-the-future-051e3c53?mod=mw_rss_topstories,"Thu, 06 Nov 2025 01:20:00 GMT",
2025-11-06T01:27:27,MarketWatch Top,Arm steps up its AI investments as it cashes in on another billion-dollar quarter,https://www.marketwatch.com/story/arm-steps-up-its-ai-investments-as-it-cashes-in-on-another-billion-dollar-quarter-8bde856e?mod=mw_rss_topstories,"Thu, 06 Nov 2025 01:15:00 GMT",
2025-11-06T01:27:27,MarketWatch Top,AMC beats revenue expectations despite demand softness — and says it wants to work more with Netflix,https://www.marketwatch.com/story/amc-beats-revenue-expectations-despite-third-quarter-softness-the-stock-is-climbing-8082c253?mod=mw_rss_topstories,"Thu, 06 Nov 2025 00:02:00 GMT",
2025-11-06T01:27:27,MarketWatch Top,I invested $200K in my daughter’s 529 plan. She doesn’t want to go to college. What should I do with this money?,https://www.marketwatch.com/story/i-invested-200k-in-my-daughters-529-plan-she-doesnt-want-to-go-to-college-what-should-i-do-with-this-money-780695a9?mod=mw_rss_topstories,"Thu, 06 Nov 2025 00:00:00 GMT",
2025-11-06T01:27:27,MarketWatch Top,"I’m 53, a single parent with a $1 million home. My boyfriend wants to marry. Am I better off staying single?",https://www.marketwatch.com/story/im-53-have-one-child-and-a-1-1-million-home-my-boyfriend-wants-to-marry-would-i-have-to-pay-his-medical-debts-be89c986?mod=mw_rss_topstories,"Wed, 05 Nov 2025 23:39:00 GMT",
2025-11-06T01:27:27,MarketWatch Top,‘I don’t want to worry about money’: I’m 64 with $400K in savings and $700 in Social Security. Can I retire next year?,https://www.marketwatch.com/story/i-dont-want-to-worry-about-money-im-64-with-400k-in-savings-and-700-in-social-security-can-i-retire-next-year-40011032?mod=mw_rss_topstories,"Wed, 05 Nov 2025 23:30:00 GMT",
2025-11-06T01:27:27,MarketWatch Top,‘Housing is extremely expensive’: We’re building a house on my mother-in-law’s land. Are we asking for trouble?,https://www.marketwatch.com/story/housing-is-extremely-expensive-were-building-a-house-on-my-mother-in-laws-land-are-we-asking-for-trouble-d58c70e2?mod=mw_rss_topstories,"Wed, 05 Nov 2025 23:30:00 GMT",
2025-11-06T01:27:27,MarketWatch Top,Here’s how many flights at major U.S. airports are on the chopping block with looming FAA cuts due to shutdown,https://www.marketwatch.com/story/heres-how-many-flights-at-major-u-s-airports-are-on-the-chopping-block-with-looming-faa-cuts-due-to-shutdown-dbae1038?mod=mw_rss_topstories,"Wed, 05 Nov 2025 23:30:00 GMT",
2025-11-06T01:27:27,CNBC Top News,"Snap shares rocket 15% on strong forecast, $400 million Perplexity deal",https://www.cnbc.com/2025/11/05/snap-q3-earnings-report-2025.html,"Wed, 05 Nov 2025 23:51:01 GMT",
2025-11-06T01:27:27,CNBC Top News,FAA to cut flights by 10% at 40 major airports due to government shutdown,https://www.cnbc.com/2025/11/05/faa-cuts-flight-capacity-shutdown.html,"Wed, 05 Nov 2025 22:38:57 GMT",
2025-11-06T01:27:27,CNBC Top News,"Lucid misses Wall Street expectations, narrows production guidance",https://www.cnbc.com/2025/11/05/lucid-lcid-earnings-q3-2025.html,"Wed, 05 Nov 2025 23:27:40 GMT",
2025-11-06T01:27:27,CNBC Top News,"Qualcomm reports earnings, revenue beat and issues strong forecast",https://www.cnbc.com/2025/11/05/qualcomm-qcom-q4-2025-earnings-report.html,"Wed, 05 Nov 2025 21:22:12 GMT",
2025-11-06T01:27:27,CNBC Top News,"E.l.f. Beauty stock plunges 29% on weak guidance, tariff impact",https://www.cnbc.com/2025/11/05/elf-beauty-elf-earnings-q2-2026.html,"Wed, 05 Nov 2025 21:33:05 GMT",
2025-11-06T01:27:27,CNBC Top News,Supreme Court justices appear skeptical that Trump tariffs are legal,https://www.cnbc.com/2025/11/05/supreme-court-trump-trade-tarrifs-vos.html,"Wed, 05 Nov 2025 22:11:57 GMT",
2025-11-06T01:27:27,CNBC Top News,"Tesla sales in Germany have cratered from last year, data shows",https://www.cnbc.com/2025/11/05/tesla-musk-germany-sales-down.html,"Wed, 05 Nov 2025 19:30:26 GMT",
2025-11-06T01:27:27,CNBC Top News,Trump bashes Mamdani after Democrats sweep key elections,https://www.cnbc.com/2025/11/05/trump-elections-democrats-republicans-filibuster.html,"Wed, 05 Nov 2025 20:03:34 GMT",
2025-11-06T01:27:27,CNBC Top News,"Amazon upheaval: With morale shaken, Jassy looks for next big play after mass layoffs",https://www.cnbc.com/2025/11/05/amazon-upheaval-andy-jassy-looks-for-next-big-play-after-mass-layoffs.html,"Wed, 05 Nov 2025 15:26:14 GMT",
2025-11-06T01:27:27,CNBC Top News,How Jim Cramer navigates a market selloff,https://www.cnbc.com/2025/11/05/jim-cramer-market-selloff.html,"Wed, 05 Nov 2025 23:21:12 GMT",
2025-11-06T01:27:27,CNBC Top News,UPS cargo plane crash near Louisville airport kills at least 11,https://www.cnbc.com/2025/11/04/ups-plane-louisville.html,"Wed, 05 Nov 2025 21:47:21 GMT",
2025-11-06T01:27:27,CNBC Top News,"New York City is in for 'a really tough time' under Mamdani, says Starwood Capital's Sternlicht",https://www.cnbc.com/2025/11/05/new-yorkers-will-leave-starwood-capital-sternlicht-mamdani.html,"Wed, 05 Nov 2025 21:53:03 GMT",
2025-11-06T01:27:27,CNBC Top News,Trump nuclear power investment in Westinghouse could lead to IPO with U.S. government as shareholder,https://www.cnbc.com/2025/11/05/westinghouse-cameco-brookfield-trump-nuclear-ap1000.html,"Wed, 05 Nov 2025 18:14:57 GMT",
2025-11-06T01:27:27,CNBC Top News,Starbucks union authorizes open-ended strike as busy holiday season begins,https://www.cnbc.com/2025/11/05/starbucks-union-authorizes-open-ended-strike-as-holiday-season-begins.html,"Wed, 05 Nov 2025 19:21:52 GMT",
2025-11-06T01:27:27,CNBC Top News,Retailers are raising prices to meet tariffs. Amazon is hiking more than others,https://www.cnbc.com/2025/11/05/amazon-target-walmart-raising-prices-tariffs.html,"Wed, 05 Nov 2025 22:25:16 GMT",
2025-11-06T01:27:27,CNBC Top News,We're updating our rating and price target on a stock soaring after a spin-off,https://www.cnbc.com/2025/11/05/were-downgrading-a-portfolio-stock-plus-whats-causing-the-markets-rally-.html,"Wed, 05 Nov 2025 20:21:24 GMT",
2025-11-06T01:27:27,CNBC Top News,"HubSpot adds Clara Shih, Meta's head of business AI, to board of directors",https://www.cnbc.com/2025/11/05/hubspot-adds-meta-executive-clara-shih-to-board-of-directors.html,"Wed, 05 Nov 2025 21:05:01 GMT",
2025-11-06T01:27:27,CNBC Top News,Air traffic controllers union president says it'll take weeks to recover from shutdown impact,https://www.cnbc.com/2025/11/05/air-traffic-controllers-government-shutdown.html,"Wed, 05 Nov 2025 14:41:32 GMT",
2025-11-06T01:27:27,CNBC Top News,Read Paramount's argument for why its WBD buyout offer is superior to splitting the company,https://www.cnbc.com/2025/11/05/warner-bros-discovery-wbd-sale-split-plans-deadline.html,"Wed, 05 Nov 2025 21:31:37 GMT",
2025-11-06T01:27:27,CNBC Top News,"30-year-old vet who makes $386,000 a year: I switched to freelance work and more than doubled my income",https://www.cnbc.com/2025/11/05/vet-who-makes-386000-a-year-doubled-her-income-by-going-freelance.html,"Wed, 05 Nov 2025 18:14:55 GMT",
2025-11-06T01:27:27,CNBC Top News,Auto repair chain Monro soars after Carl Icahn takes 15% stake to become largest shareholder,https://www.cnbc.com/2025/11/05/auto-repair-chain-monro-soars-after-carl-icahn-takes-15percent-stake.html,"Wed, 05 Nov 2025 18:09:40 GMT",
2025-11-06T01:27:27,CNBC Top News,Healthy Returns: What to know about Pfizer and Novo Nordisk’s bidding war over obesity biotech Metsera,https://www.cnbc.com/2025/11/05/healthy-returns-pfizer-novo-nordisk-escalate-metsera-bidding-war.html,"Wed, 05 Nov 2025 15:07:33 GMT",
2025-11-06T01:27:27,CNBC Top News,"McDonald's sales rise, but CEO expects low-income diners to spend less into next year",https://www.cnbc.com/2025/11/05/mcdonalds-mcd-q3-2025-earnings.html,"Wed, 05 Nov 2025 15:59:37 GMT",
2025-11-06T01:27:27,CNBC Top News,Op-ed: The fuel for the AI boom driving the markets is advertising. It is also an existential risk.,https://www.cnbc.com/2025/11/05/op-ed-the-fuel-for-the-ai-boom-driving-the-markets-is-advertising-it-is-also-an-existential-risk-.html,"Wed, 05 Nov 2025 16:43:19 GMT",
2025-11-06T01:27:27,CNBC Top News,Fintech Ripple gets $40 billion valuation after $500 million funding,https://www.cnbc.com/2025/11/05/ripple-gets-40-billion-valuation-after-500-million-funding-round.html,"Wed, 05 Nov 2025 15:41:02 GMT",
2025-11-06T01:27:27,CNBC Top News,Social Security's 2.8% COLA for 2026 is sparking debate over how the annual increase gets calculated,https://www.cnbc.com/2025/11/05/social-security-cola-2026-calculation.html,"Wed, 05 Nov 2025 13:41:12 GMT",
2025-11-06T01:27:27,CNBC Top News,"Lyft, United Airlines launch loyalty program months after Delta partnership ends",https://www.cnbc.com/2025/11/05/lyft-united-loyalty-program-miles.html,"Wed, 05 Nov 2025 13:00:01 GMT",
2025-11-06T01:27:27,CNBC Top News,Ozempic maker Novo Nordisk lowers growth outlook for its weight loss drugs as pricing pressures mount,https://www.cnbc.com/2025/11/05/wegovy-ozempic-maker-novo-nordisk-q3-earnings.html,"Wed, 05 Nov 2025 16:38:03 GMT",
2025-11-06T01:27:27,CNBC Top News,AI-washing and the massive layoffs hitting the economy,https://www.cnbc.com/2025/11/04/white-collar-layoffs-ai-cost-cutting-tariffs.html,"Tue, 04 Nov 2025 17:36:00 GMT",
2025-11-06T01:27:27,CNBC Top News,"In a volatile week for interest rates, mortgage demand pulled back",https://www.cnbc.com/2025/11/05/in-a-volatile-week-for-interest-rates-mortgage-demand-pulled-back.html,"Wed, 05 Nov 2025 12:50:01 GMT",
2025-11-06T01:27:27,Investing.com All News,Century Communities announces quarterly cash dividend of $0.29 per share,https://uk.investing.com/news/company-news/century-communities-announces-quarterly-cash-dividend-of-029-per-share-93CH-4350357,2025-11-06 01:22:09,
2025-11-06T01:27:27,Investing.com All News,FAA to cut thousands of US flights daily amid prolonged shutdown,https://uk.investing.com/news/stock-market-news/faa-to-cut-thousands-of-us-flights-daily-amid-prolonged-shutdown-4350356,2025-11-06 01:22:08,
2025-11-06T01:27:27,Investing.com All News,Power Integrations VP Jain sells $4464 in stock,https://uk.investing.com/news/insider-trading-news/power-integrations-vp-jain-sells-4464-in-stock-93CH-4350355,2025-11-06 01:20:09,
2025-11-06T01:27:27,Investing.com All News,Evolus Q3 2025 slides: Dual-product strategy drives 13% growth amid market headwinds,https://uk.investing.com/news/company-news/evolus-q3-2025-slides-dualproduct-strategy-drives-13-growth-amid-market-headwinds-93CH-4350354,2025-11-06 01:18:09,
2025-11-06T01:27:27,Investing.com All News,Corcept Therapeutics president sells $1.48 million in shares,https://uk.investing.com/news/insider-trading-news/corcept-therapeutics-president-sells-148-million-in-shares-93CH-4350353,2025-11-06 01:08:09,
2025-11-06T01:27:27,Investing.com All News,Corcept therapeutics officer Lyon sells $368k in shares,https://uk.investing.com/news/insider-trading-news/corcept-therapeutics-officer-lyon-sells-368k-in-shares-93CH-4350352,2025-11-06 01:08:08,
2025-11-06T01:27:27,Investing.com All News,Tenet healthcare director Romo sells $5.43m in stock,https://uk.investing.com/news/insider-trading-news/tenet-healthcare-director-romo-sells-543m-in-stock-93CH-4350349,2025-11-06 01:06:12,
2025-11-06T01:27:27,Investing.com All News,Corcept therapeutics CEO Belanoff sells $3m in stock,https://uk.investing.com/news/insider-trading-news/corcept-therapeutics-ceo-belanoff-sells-3m-in-stock-93CH-4350350,2025-11-06 01:06:11,
2025-11-06T01:27:27,Investing.com All News,"cathie wood's ark buys pinterest stock, sells roku and robinhood",https://uk.investing.com/news/company-news/cathie-woods-ark-buys-pinterest-stock-sells-roku-and-robinhood-93CH-4350345,2025-11-06 01:06:11,
2025-11-06T01:27:27,Investing.com All News,Palantir director Moore sells $4.09 million in shares,https://uk.investing.com/news/insider-trading-news/palantir-director-moore-sells-409-million-in-shares-93CH-4350348,2025-11-06 01:06:10,
2025-11-06T01:27:27,Investing.com Bond News,The Drama Is in the Plumbing,https://uk.investing.com/analysis/the-drama-is-in-the-plumbing-200619964,"Nov 05, 2025 04:25 GMT",
2025-11-06T01:27:27,Investing.com Bond News,Rates Outlook: Volatility Calms - We’ll Take It,https://uk.investing.com/analysis/rates-outlook-volatility-calms--well-take-it-200619937,"Nov 04, 2025 04:26 GMT",
2025-11-06T01:27:27,Investing.com Bond News,"EUR Swap Curve Wants to Steepen, but Faces Resistance",https://uk.investing.com/analysis/eur-swap-curve-wants-to-steepen-but-faces-resistance-200619855,"Oct 31, 2025 05:00 GMT",
2025-11-06T01:27:27,Investing.com Bond News,Fed and ECB in a Good Place,https://uk.investing.com/analysis/fed-and-ecb-in-a-good-place-200619812,"Oct 30, 2025 07:02 GMT",
2025-11-06T01:27:27,Investing.com Bond News,Focus on Quantitative Tightening Tweaks From the Fed,https://uk.investing.com/analysis/focus-on-quantitative-tightening-tweaks-from-the-fed-200619781,"Oct 29, 2025 06:04 GMT",
2025-11-06T01:27:27,Investing.com Bond News,Upside Potential for Euro Rates Should Not Be Underestimated,https://uk.investing.com/analysis/upside-potential-for-euro-rates-should-not-be-underestimated-200619734,"Oct 28, 2025 06:54 GMT",
2025-11-06T01:27:27,Investing.com Bond News,US Bond Market Remains on Track for Strong Bull Run in 2025,https://uk.investing.com/analysis/us-bond-market-remains-on-track-for-strong-bull-run-in-2025-200619713,"Oct 27, 2025 13:42 GMT",
2025-11-06T01:27:27,Investing.com Bond News,Markets Perking Interest as We End the Week,https://uk.investing.com/analysis/markets-perking-interest-as-we-end-the-week-200619656,"Oct 24, 2025 04:26 GMT",
2025-11-06T01:27:27,Investing.com Bond News,Dutch Pension Reforms Pose Long-End Risks,https://uk.investing.com/analysis/dutch-pension-reforms-pose-longend-risks-200619636,"Oct 23, 2025 07:22 GMT",
2025-11-06T01:27:27,Investing.com Bond News,US 10-Year Treasury Gap to Fair Value Narrows as Rate Normalization Continues,https://uk.investing.com/analysis/us-10year-treasury-gap-to-fair-value-narrows-as-rate-normalization-continues-200619517,"Oct 17, 2025 12:48 GMT",
2025-11-06T01:27:27,Google News Reuters,Exclusive: Trump administration orders 10% of flights cut at major US airports due to shutdown - Reuters,https://news.google.com/rss/articles/CBMizAFBVV95cUxQUDNXMkN5d1dldHZrOHlfRHlBMm9rMjVPTWtvOG03VmRzRlUwUjE4ZUFsakxvR3JpX1ZvYzdXMVFDWjFLU0pWYTJKVnRxSGhJaUNvUFBrd0dpYVFJeHVxai1FdjRqSzFoSnVQZkw2VWFzS0hVTTItbkR3TC1XZmoxRGcxY0Z0ZEdSTmVtOVluYTk0TmpxeDI3bDRYRDhXRDM5T1lNenllbkxGc2N5clA1SlJsTXlZZXh5TF91TThaMTdNdk5KMFFSVVFUQVU?oc=5,"Thu, 06 Nov 2025 00:04:00 GMT",
2025-11-06T01:27:27,Google News Reuters,"Nvidia's Jensen Huang: 'China is going to win the AI race,' FT reports - Reuters",https://news.google.com/rss/articles/CBMivwFBVV95cUxPNlZqaUZoM1dYeVdiZDV2aE5oc2QxZEg2bkpkbnFLZDdhbGVwSzFSYXpMTU02QmxqR0hWbUliRHZUa3hxUnVrVzFVS3ZtYjF0Y01TNWcwem9MVDVKVXluQTg1cDlhZDN6ZV8tWmtUTUYyTDRXdnRQYlVpMkJxUDNyX09OTVFlc3pkSTlwQlBIY1B2ME1NWmpLdDZnUGxybmtxRVFWWVJHeXNMU2VIYzRRdmpaM0IxSjJ6VktMY19CMA?oc=5,"Thu, 06 Nov 2025 00:05:16 GMT",
2025-11-06T01:27:27,Google News Reuters,"Duolingo's soft bookings forecast overshadows revenue beat, shares plunge - Reuters",https://news.google.com/rss/articles/CBMiwgFBVV95cUxPanFybzBrLWR2UGVSdHM3OE5JdUxNbEJCdm5jNFN4RnRMRldHVklrVERxRkZldlY5NXlBbk9XWmpzVlRRYzl0Q1BrQnVLR1ZFNHYwaFFic3RCcl9RVmRaTnVsa2ZuRU9BVEF3MHNxa3B6dlBvV3dnNVRUeDBnS1BHdUdlUnUwZlR2N1lGdkM3ZG5ibkNjT3pZUlU4RUN2OXdpcHRxRUxzRUxIRmZNamRXSnRZVnRYVmpJTWZXTkhLRWhZZw?oc=5,"Wed, 05 Nov 2025 21:44:56 GMT",
2025-11-06T01:27:27,Google News Reuters,"In Chicago immigration crackdown, agents raid daycare, senior living center - Reuters",https://news.google.com/rss/articles/CBMitgFBVV95cUxOelRuTjJHbVAtcExFc1FRSUU2M1FJeWRYY3dvdjNSQlh4ODlIUlZhNFJxN1VqZTFtV0N0SWVCRF9YdU5vZk5iR3hjWTc5Q0N4STZoRlMycUw1dktHSERwbWdvQWZBdTJ3cFowOTE2RnpBdGk3eWlxSmZxUzJJY2c4TUVNYjBvaUFUeF9lak92T0Vuek05MVJBQWlvNV9vWVVOLW5zOUdUbXprTkdUc0xCVXpaYm5Sdw?oc=5,"Wed, 05 Nov 2025 23:19:59 GMT",
2025-11-06T01:27:27,Google News Reuters,"Apple to use Google's AI model to run new Siri, Bloomberg News reports - Reuters",https://news.google.com/rss/articles/CBMiqwFBVV95cUxPMWdpb1JNUHY2UkRyZXdXWmhqU3kwVmVkRXByay1IMHNReTR3WVlmN2NoempoZmM5TVVCeTREQWJ4TGZaaXRlSUNQeDVhY2hkT2NPZ0FnWTFNZE02QXlTTlp4d2w4Vl93MU94b201MDZoR1ZnelpPY2Q3OWZ4OXR2Z1NEMVlmcGdhWWdnS2lzMEJiM3dNUjRRWmNkS0UtUkpqRTIzOFJEQU00MVE?oc=5,"Wed, 05 Nov 2025 20:15:48 GMT",
2025-11-06T01:27:27,Google News Reuters,Groping of Mexico's president puts violence against women in spotlight - Reuters,https://news.google.com/rss/articles/CBMirwFBVV95cUxNOTNTZWMwR09wT1RIMHMwOFZKbndtY0szN1Z2MFhLUHo4S1dYSWFuT3l2VnVKZHRuY3Bick9weC1uS3hqeFhMbUhncGhBYWJtSzJyWk1ucmE2bHhyOGRWamRTeFFwMHJVUElZWHQ0eGpJeEhZTV9tdW53TVdnVC0waDZ2b01GUXlxemotWVFPcW5paFZ0bE9JZkVvRHBTVXRfS1NvY0p5WURabmw2Wjlj?oc=5,"Wed, 05 Nov 2025 21:29:09 GMT",
2025-11-06T01:27:27,Google News Reuters,Czech lower house elects far-right party leader as speaker - Reuters,https://news.google.com/rss/articles/CBMingFBVV95cUxQYzROdVFFWm14UGowVGM1VndRWEswZjNnNkkxdlljU0ZDcDBLN0kwbW56SUVsb1lfeF9Wai1iZHpHaTY3eE9tU3pzbEREY2xTYjdSTzZBOUx1ZXJMa21KN09selpFaWY2ell1dk5ObXhBYWxwVm42N0hOQWlqODVzTE1TemlfbWg0VDJxQVZjeHRHeTlqUmNXeDE5dzRvQQ?oc=5,"Wed, 05 Nov 2025 18:53:59 GMT",
2025-11-06T01:27:27,Google News Reuters,Democrats bask in electoral victories a year after Trump's reelection - Reuters,https://news.google.com/rss/articles/CBMiuwFBVV95cUxPX2JXWm5idXhhc0VnMWFKdVlJRU9ZUDMtU3VaWmxaYkhVQWRyMHJ2MmJRblpzamU0VHJwX1BMSS0wazZFV2Y1UlMzUFMyYnd5Q3B4dnc5Q1c4RDM0Zk84dG1KVThUZ0E4SFNBelc5aE1TSnBrenoxX0luS1JPTllERUFhVERaT1lCWDEzdU5SMWptMW05dXR1S0hpRnIzVEJoMFhwVTBmWmJoMGRJZ2IzMnRDSW56eFlQUkxZ?oc=5,"Wed, 05 Nov 2025 23:07:54 GMT",
2025-11-06T01:27:27,Google News Reuters,German nurse given life sentence for murdering 10 patients - Reuters,https://news.google.com/rss/articles/CBMinAFBVV95cUxPRGlGTUlaVmdWTGROMnRCTHg0Njh0R0Fxa29kWC1ibWF6OC1ycGJqZDQ3THhIQXItR3M4WGJRRmY1YkI1cGVKRTNpTWJmUlBVRmlfdDlQSGZweWNDSTFqRkJjSEpQczNMZmhYeVdDWUpXU1FPR3VYM25LWHZwSk51YmFuWWNpUTJlaE5DLTE1MDNOTGFpRWpuSVdXYi0?oc=5,"Wed, 05 Nov 2025 16:19:13 GMT",
2025-11-06T01:27:27,Google News Reuters,Trump says he may be working on plan to denuclearize with Russia and China - Reuters,https://news.google.com/rss/articles/CBMisgFBVV95cUxPVkZDOFk5dlZhYktPNzdyejJIc3JHTGl5b3g4MHhNdnVUUkJLdFpIV1AtaENXTW80Uk1SVy1WSTYxWTBha193RHc3Q3NWTExXcEdYbVlNS2xrM3dPZHgwVkZueDQ3V2pzdzQ3SmE1NEN6MjJxWF9DMXM4c0g1TkV6YzE0RmpuSUVrSlNmcW1xNkVKaHFsdGpTd2FUOXRpdjJKakRBcmNDMllaUmJsRjVhT21n?oc=5,"Wed, 05 Nov 2025 19:49:39 GMT",
2025-11-06T01:27:27,Google News Reuters,Trading Day: US economic resilience lifts spirits - Reuters,https://news.google.com/rss/articles/CBMiigFBVV95cUxOaXdhS0F4QjBaQWl6QjJhcmJlMFdiWDZjNkRBaURzRVViUml3bnNBVnFSNHhqbnQzdHptLTNqcEV4RkFhMUxHWWc0TWVBZ2Z4UHJFMVVOZEdoeWk5VHBVTEFZYWtxT0ZTRU1lU3dEM3ZldkF5WEhDZXlrY283czdyYjhvdDZHbV92c2c?oc=5,"Wed, 05 Nov 2025 22:03:06 GMT",
2025-11-06T01:27:27,Google News Reuters,Mamdani victory fires up Europe's left against right-wing surge at home - Reuters,https://news.google.com/rss/articles/CBMitwFBVV95cUxPUXBtdnRGWHJITzBtX1hZNlZWRm96TEYySVV3b0wtdG44TkhMZGlQOUpFZUUtRmVreTMwcW5xS3JSc1lrZk1DTHVHb1lvVnp6c0RrZVdXSW50MUttb2pPM3Z4Sk0yV2RTUzgyNFNMd081bzZGZVZDd0ZESk9WZVZjUXJhOUcwdXU4elc4bkxobE1ObmVjcVIzUzN1TXdLZUhKR0dvNlA3azBrUXFBMDFoRkctVy1NWG8?oc=5,"Wed, 05 Nov 2025 17:24:10 GMT",
2025-11-06T01:27:27,Google News Reuters,"Pfizer plans on sweetening offer for obesity drugmaker Metsera, source says - Reuters",https://news.google.com/rss/articles/CBMinAFBVV95cUxNRFZ0WDZFd2UwYUVuTnp1WkdLMmRrbVRzTDQtb2E0MG9udlNSX0k3M0JVY0gtNkxWX0RDWnIwZVVEUVRzSWpoeW1uZXFsVzNHaFM0MzNfQ1o2VUpwaVB1N0RIRFMwM0RkcXZmS2ROdzlnNkJmTXlwcExfN2NiNl81M0oyY3B1WTZzOE9TZXZfWFNWWUFqN2dNTjNTVWk?oc=5,"Wed, 05 Nov 2025 22:32:02 GMT",
2025-11-06T01:27:27,Google News Reuters,EU sends warship to Somali coast after suspected pirate attack - sources - Reuters,https://news.google.com/rss/articles/CBMitwFBVV95cUxQQUhJeWRlYUpMNzU4QzhBbWhVU0E3U09VdkZIazdGZUhzOFpZNFFHbV83QzJDaVVjNlNnRjBwSGx2S2s4VW9veHhzWVNfT3kyNVY2VzV4VEVhb1JLV3pLMzM0S2ZnT09TNDR2RVJ4YXpIYXJ2Ry1CWTRqSXhmTldBOHp6Z0t4MVU0TExZNHJIY0FaZFhSQTZhY1dFeEx0SDI2WFc4OXZaanlPR2hBMmNxMmFzVzVKR1k?oc=5,"Wed, 05 Nov 2025 17:12:06 GMT",
2025-11-06T01:27:27,Google News Reuters,Starbucks workers union vote to authorize strike amid stalled talks - Reuters,https://news.google.com/rss/articles/CBMisgFBVV95cUxNTkRQMWlEU1NTbElISm5JZTh6cUE5UFl5TWxfLXhWSV9GQUNHVm14Z3Frd3dhMi1PdXVHQnlTMkNZYU9CRDc2NUNJVHNrQ1JSOWpoV2tJdzJ2MTJJS2tpZlhzX3ZlRFN2bjBUUThUdlVxcF8tTFVKQlJiZllPbjZUcWduVC1aSGl3ZkZUOEc5TkJGckNMR29ORmdjNDZtY0pPMmJkWEk5aTBOenJEY2JQQTRR?oc=5,"Wed, 05 Nov 2025 22:37:57 GMT",
2025-11-06T01:27:27,Google News Reuters,Motion Picture Association demands Meta drop PG-13 label from Instagram teen filters - Reuters,https://news.google.com/rss/articles/CBMi1AFBVV95cUxOUFh1X1FHV1FMWHpVOW1zQXJTTUllX2FNTllwQ0hlMERzdGIzTXBxTnRPdW5MS2ZlNG5OZ2FoM2RiRFF5a3hqR1N2NUlSazdlR09sa2E1cy12eDBFOS1aZ3d4NDF1VGlBVXR2cmZxeW0wT2RvTlZwTV9ZWFlKUXBkT3dVLXlHM3hGZlU1bXJoWjF3eU9PSV8tRlVvYTJORWdZcmlab0lZQ1Y4Yk9ZZmJDb3NMVWY1b3RsdUFGbFlVVlZHX0VkQ1pUbGhQX19CRGxzQnltNA?oc=5,"Wed, 05 Nov 2025 18:56:48 GMT",
2025-11-06T01:27:27,Google News Reuters,Israel receives body of another hostage as Palestinian deaths reported in Gaza - Reuters,https://news.google.com/rss/articles/CBMixgFBVV95cUxNMnVDdlNRM0NWNkV0VGVQVWtRZmZINS1kM2o3Zkt6S1RWZHJtSWFXRmdEVjM4OGd2dFFkRFQ5MHNPZG05R0VSSkVEMFoyeHhtZzRqd2RlMlNlWGhhSnBlRTlTVGJSN3MwSFRhYlh3d0dHM3JBb2FPbzJzYmhQN0QwUDBLMWhuQWRsb2tMdWxzdHQ4ZHB3X2Jwc2VZd0c1a29ReE5GZ25DTUdRU194UWFGTzFXM0tUbmNUcW5YeXFRMWZGaExFWmc?oc=5,"Wed, 05 Nov 2025 21:09:47 GMT",
2025-11-06T01:27:27,Google News Reuters,Germany offers to pay Afghans to drop relocation plans - Reuters,https://news.google.com/rss/articles/CBMipgFBVV95cUxPQjBRU3RmeXhocVJseEo1WHlhRzFCRkR2WHRTX0JINFpuQTJYRXBaT0h0RkpYQ0FYMXZzcVlnOHVHcFBnNURmSElFcjBKVl9MZEFSaV96SndtNVU5SGJQcTJaYzk1MU9sX0V4TW5nTW1yNktHVXNYRmJKaUFfVWlsZGRBcVBERFNIOXNSVTFTdTV6MFJIVEdHaDdGemNFY1NzdFBkdi1R?oc=5,"Wed, 05 Nov 2025 15:16:30 GMT",
2025-11-06T01:27:27,Google News Reuters,Senate Republicans brush off Trump's push to end filibuster - Reuters,https://news.google.com/rss/articles/CBMiuAFBVV95cUxQMTVIMmZERmVabXZqNjlKQUI0OEwyU2gzdEtRM1hDUEJKYWYzZ2NZaEdydUU4cngyOTB0YktiQVRYYmRPcFJRd3c4VHVUSno1MDlEMGdDVDNrQUFFWWpPVlN1SzhyRUJ5NzVNQ2JQeXFDUnZ5VUJVeHNmaFIzMWxQal9zVjNncEx4TDJkNWdSSVhmOXBnOFkwZm1hUU9KSHBiMmN5S0xKU0RDaVhlZnZoMG15Z2I4VmU0?oc=5,"Wed, 05 Nov 2025 22:09:00 GMT",
2025-11-06T01:27:27,Google News Reuters,Putin orders proposals on possible Russian nuclear test - Reuters,https://news.google.com/rss/articles/CBMingFBVV95cUxQMWtxX0xKbU45QWhvdzNUOWx2NTJDNXdzclZ6Mk5fLVFEQmRXZzM5RUxySnBKUFZhMG9BX2hYSHRLem9QUW8yems5WnlUdFk1cUh1Zm0tN2VpYVpzS1E4WDB0RlFGaEFNV1B4ZzNCWEtVVUNpV19JQ2ZHYm9NTzc2eHFaNnBiSTFBSzFHQkhCb01aTzNOSExIbTFTNmpDUQ?oc=5,"Wed, 05 Nov 2025 16:54:32 GMT",
2025-11-06T01:27:27,Google News Reuters,Investigators find 'black boxes' from UPS plane crash that killed at least 11 - Reuters,https://news.google.com/rss/articles/CBMirAFBVV95cUxNSnRHRldtdWxrZDZKUjA2VmM3ZGZmSEFncjVjSzFlTkxkTnMzOVVQQTlFYm5NemFmU1RyY0hqX3RrLVhvMDA2WW9WVzNZRkhhTjA3SThQRlNqUXIxajRld2wxUjdheVU0azhrS0lZQ0JTRGhuVHB0U2lFRWt5VzlhNXZpMWNrMlFoTjNuNXlQODN5WEdpaklUZDZpa2x6R0xVaG8yN1BDek9VM2U1?oc=5,"Wed, 05 Nov 2025 23:10:39 GMT",
2025-11-06T01:27:27,Google News Reuters,World Economic Forum chief warns of three possible 'bubbles' in global economy - Reuters,https://news.google.com/rss/articles/CBMivgFBVV95cUxPNjJhSGJTSGYteHRZRFctSHlBWlVOV05BVGdsVjlRdnRSTVhPWm55NjdHaWhFT3g2bW5rLVAwdE1aQ19TbjAycWJsOHdjRFVVWjhjaFlNYWpHUFlLWUgtLXdMNkJRa2lEUU1DcXNXUDdPVlNWd05zYklOYW9hRUxIRmxxWXg3WWpsNHpDUGlabXhody00ekhCZjhEdWZpMHlzY1o2Q0lveTh2d3lCY25SajgxaGhjdTdTQ291X1Rn?oc=5,"Wed, 05 Nov 2025 13:48:39 GMT",
2025-11-06T01:27:27,Google News Reuters,"Snap tops revenue estimate and unveils $400 million deal with Perplexity AI, shares jump - Reuters",https://news.google.com/rss/articles/CBMitAFBVV95cUxOV0lORXpfYkNPLVNHUE5xYzlLRDc4SF9pTHMyTTJkQzh0VHI5ZlRvb3R0R3F0ZnNZQjh1LWNWS2JmRmFGVGdpcXd2aXFfQWtPZzVQajZHb0ZRUlE4WG04S1c2eFlsa2RNdnFiNy1qVENpM0FTRUVXdlRDNG9PNHloQ3R5NlpOMGhJZVgtMjE2Q3hoT0NSU3JFdEtUdkc1VXVyTjE5cF9HRVlneWd1b2VDR19aYVo?oc=5,"Wed, 05 Nov 2025 23:16:22 GMT",
2025-11-06T01:27:27,Google News Reuters,"Exclusive: Poland in talks to import more LNG from US to supply Ukraine, Slovakia - Reuters",https://news.google.com/rss/articles/CBMiqwFBVV95cUxNcWdLWHBQdTlpZFI2SHNXaENHaTNwZDUzWEdVR2hBaWQwajdlLW5Ia1o5cWxHTjFLQVNTbHIydXp1c0pWTzRTdFZ6MEI2Q3VNZHFfNHF2T1B6dWhuWERqaUVLdmxyRjZQNHpTZlh1VzNxSk1mTjVXV2hFWDR0MFFHcUw4NkJObS1LZDJGdEI5NmdYQWF5Z2sxaVFaekh5RURWOWd1VjBiV1lzVUk?oc=5,"Wed, 05 Nov 2025 22:21:27 GMT",
2025-11-06T01:27:27,Google News Reuters,"Supreme Court tariff arguments, as they happened - Reuters",https://news.google.com/rss/articles/CBMisgFBVV95cUxOOWRKbk82a1ZVZWRTUUE4Q3FYSWN3bU5hN2JFaTRVQWRFaFNIQk1COEZmVW1TQzI1ejlOUUVsNVl6S1JPVGJ2SzZKa29QRFJnR05icjFTYXlNY0lTZ2o5RUhYME5ld1VHQXNXVHBNQWc3M2ZrcElfSUVQbE1lVF9USGRtLVlvUDREQUxEdlJ3OUpmMEItRkk5akM4RkxJakNLOF9OdHhjQXhXOUMyX3FmYThn?oc=5,"Wed, 05 Nov 2025 19:13:11 GMT",
2025-11-06T01:27:27,Google News Reuters,US services activity hits eight-month high; employment remains weak - Reuters,https://news.google.com/rss/articles/CBMikwFBVV95cUxNWUpuRFBreDJvLWNQU3B2alJoX0pWQzlLMTFBM2t1SVJmTHRkM3QwZnB0MEVTREhHWXl6dzZHWU44c0hDVDZKS2c5aDlCRnJTY3p5Mm5Rc1liSm9UUlM4MXBqRWRDWGhPTHBNaUdCRGRqWVdsOTFnQmJHSHVpZEdNMlA4YWRuaFNfa2xBZlk5QW80OGs?oc=5,"Wed, 05 Nov 2025 17:36:00 GMT",
2025-11-06T01:27:27,Google News Reuters,Vodacom settles 17-year legal dispute over call-back service - Reuters,https://news.google.com/rss/articles/CBMirgFBVV95cUxNQ1hKU0hoVkdjQkYxcl9OTW5ENk10Q2RwY1pzTDJvd3NmRm03OG5qOGVMVV92OE1jNlBPeUtvNnpHdTQ5M1ZyWFlDQ3pvakhseEhLOXE0a1ZXMk11WFpVdzlpajJQaDhubXhTVlFkY2w0QWE5MG9ZdnFEQTBSU1B4S2pMdUN1TW5RWHRrWHJtSlBBZVRjajBaOFo2UGdVeTZ5eTZHU29jTHdjYjEtd1E?oc=5,"Wed, 05 Nov 2025 16:40:59 GMT",
2025-11-06T01:27:27,Google News Reuters,Netflix institutes new viewer-based metric as ads reach 190 million viewers worldwide - Reuters,https://news.google.com/rss/articles/CBMiywFBVV95cUxNSXVqMS0zRmxOaTkyX0tKQUpRMGxKMVJqZmlna2FrQXprbzNXNGt6N2lvRl9XZnUyd1ZzSmdTNVdMN0V1UGRtZEtCMzNpYjI2eUUzOGhlWnZNUXVYVHZ2UEZTMnhDOXhZZkVhSUFrd2FrZUpOcnYyVUN2LUZ2QWhWdFpaTmJVZ1pKWXBQaFlVU0xvZFRiZ2QzOWVUbEpfNmFBX2pTRXU5S3lCWGE0Z2Y4Qi1NVEZIXzg0TFM4OEhnandBb19sdGNPSFVJVQ?oc=5,"Wed, 05 Nov 2025 18:34:24 GMT",
2025-11-06T01:27:27,Google News Reuters,From Pokrovsk defenders: drones alone can't hold embattled Ukrainian city - Reuters,https://news.google.com/rss/articles/CBMitgFBVV95cUxOZ2h1LXAyU3Z5X2hjcmpXbm10MzRCaUhEa1p1M2tlYUtFNmlzN2lfY2J2azhFTWc1YU1Cd19RYmdjMnJBcGJCYzB1alJ3Mi05NExtZ1o5dU9YWG1qeGJGQWU0R2R3ZmdBSmtsYWJtZnR0eTNQcVBPNmpNSkRPWG9QR094VWoxUTZaWDBuM292YzlOZXF1YTZpYVg4cS1jcm40RHpqenJQa1hfQVBzc051d0lLTHI3dw?oc=5,"Wed, 05 Nov 2025 14:04:03 GMT",
2025-11-06T01:27:27,Google News Reuters,"McDonald's value meals, offers drive sales beat as spending stays tight - Reuters",https://news.google.com/rss/articles/CBMirgFBVV95cUxOX0paV1gzMl9kVWxlQlQ3T2lGTjVlYzVldEdld1U0OU1QaGl5OEJxcUxaVXA4LTlQTzEwN0NpMld3VF9uYnE1N0h5VFF4NjBEcnlza3hwamgzSWczemtmWk1yaGNyTzJUdWxsNEd1ZEMyQzFlWnZSSFcwcS1jTERsU19Kb1FsRmJVMFNXa1FNWmhqSHFQWFA0d3gzR1cxUV9uc2ZNdVZ4b3JQLUJ5WWc?oc=5,"Wed, 05 Nov 2025 19:43:47 GMT",
2025-11-06T01:27:27,Google News Reuters,"Wall Street ends higher as solid data, strong earnings offset valuation concerns - Reuters",https://news.google.com/rss/articles/CBMingFBVV95cUxPelBwLUtmYnpGNG5DaGc2NEQzX09pMkFEcG85c1JCWHcwY0VGb0hSY0cwZ3FCN1l3dzVPaDlSVUs4VE5jTDJwSHhsUWdSbEdXckZQYnRQYUFUX1FZMkZvLUFuTXF4bjhUanhJUTRDcjY5V0t2OVRwNmctUi12WVNCemxTdkQ2dHRBY1BMOVYtVWp6ZzVOeTJGM0R1Qmpmdw?oc=5,"Thu, 06 Nov 2025 00:31:00 GMT",
2025-11-06T01:27:27,Google News Reuters,Tesla's German car sales more than halve in October as wider EV sales jump - Reuters,https://news.google.com/rss/articles/CBMitAFBVV95cUxPM2hnczAyN3UxTHk2SFc2alMxRThEc1RpUUhIdmljaTd1TF9BR3ZMSGZFY3BRcjR0LW8yUTVRQXlQZjgybEJOb3VDUmVTUTM1Z1hFUFBpZmRKaG4tSHplV3l6Z2dXSHRQQ2txUFBTV01Mejk5eWZPNUdwYU0yY3o0MTZiY1Z0Q1dQcUtqSnVxTnUyVXdWM3M4U01GWGpiWnRMQTZiM19DZjNLNlVGTnNkQmNkdms?oc=5,"Wed, 05 Nov 2025 12:31:53 GMT",
2025-11-06T01:27:27,Google News Reuters,"Arm Holdings 3rd-quarter forecast tops expectations, shares rise - Reuters",https://news.google.com/rss/articles/CBMisAFBVV95cUxOMEZqakhmUFFmWkdwQnNWSnhlaFFxRTZRYXFJTTZ0dFZWWm5kZkc5TG0tUGE4WmVveVlDTndOdVZIVkk4Z0VIUlViYTJmd2dVRlNXb0R6T1RWY3Bxc1FfRnZzX2M5S0I2WE1JOHNnVXFwQU5NZWFIdHVwVGdqSUNYS3BnZmxpM2ZIWmFDeHV0WGowWWJsTUNoM1dISGZzcTZNZHdOV051SFh5ZXhNbXBPMg?oc=5,"Wed, 05 Nov 2025 21:42:55 GMT",
2025-11-06T01:27:27,Google News Reuters,Exclusive: US FDA cleared pricey rare disease drug over reviewer objections - Reuters,https://news.google.com/rss/articles/CBMi0gFBVV95cUxPSGlISjJBNUItc3RIOHBxSTZoOGxreXNwWGlJQlh6VmlGYmctbi1yLW5FS1otRnpFY1lxTFRnWVJ5RVdJeXo3eFRlSm50NWtQbEZwZktxeEpQVmNKRjlrYlNBeWZNSFpKejk2RkdrN1RWM3NaTi13ZDVXcXlPTnowS3FZR2RSREZQdHg4WWtOYkd2WVZPalRZWE5lSHNxR09pTzFYX0oxSlpTWmtLdlRvNTZxNUE0ZWxVYmduT2EtMExwU0I0bEwzVkxwSjNzYlpleFE?oc=5,"Wed, 05 Nov 2025 18:54:19 GMT",
2025-11-06T01:27:27,Google News Reuters,FIFA launches annual Peace Prize with first to be awarded at World Cup draw - Reuters,https://news.google.com/rss/articles/CBMiuwFBVV95cUxOUjhpQ1dfR1RQSXJEa1g1MlhYTHBOcXd6TktieUctT3lvZnYzb0lYZXo1ZHVlMDViSFYweml4WEJlUDVNZmt5YTNCMEtGenFMWDZVSlRKRGtSWUY1NWpaSnQtNWNFWTNqY2h3aHBvLThLSEdLcUFWbXN5OVRXdVF6d01id3NjeENET1l2b1ltVEhqdzZ4VUtHd2twbGVwX21nRVJKSmRrbTc4X3cxNnk0ZWxaUW1VemV6WUY4?oc=5,"Wed, 05 Nov 2025 17:20:12 GMT",
2025-11-06T01:27:27,Google News Reuters,Morning Bid: Wall Street gets vertigo - Reuters,https://news.google.com/rss/articles/CBMiggFBVV95cUxPaDNqaHBMa240TkFtQTlYQ1dFaG5sa0Z4OUJiaEhTSmQ3aG9URWt6OEM1VTZyR3lvZWJ0c1R4R29DSU9ZbUNfZkhqMEcwVWJfT3NRWUhjX1VNdlJtcWRDX0x0d29IY0kwbEFFZTFHdmtFNV9VUnVWYUprU196ZmdSSlZB?oc=5,"Wed, 05 Nov 2025 11:44:48 GMT",
2025-11-06T01:27:27,Google News Reuters,Futuristic quantum computing stocks take speculators on roller-coaster ride - Reuters,https://news.google.com/rss/articles/CBMiwwFBVV95cUxQVzdGRWJqUElCeGM1cm5IZ1IySGRuam5yamMwMXpaNGxreTNhcUdmTThxRHNuUEtKVTB4UVFhakNlWHZWVDBYeUg4U3JEWTZaNGhUU0hlM1BvM3cyYWhJd054WTg4NHdCamVQci1lbHBUb0prRTlHc3MyYjlDV3lKa0g1Z0YyNndhVnQ4Tks5UGxla05uaWVFZy1ZS3lJRHJxOEpwQUo0S3JQS2lodW5DMlhVUURtYnI0Z1lVVFN4UUtveTA?oc=5,"Wed, 05 Nov 2025 11:10:55 GMT",
2025-11-06T01:27:27,Google News Reuters,France moves to suspend Shein over sex dolls and weapons on day Paris store opens - Reuters,https://news.google.com/rss/articles/CBMiuwFBVV95cUxNZkpFNWtuRVl2bC1qa2ZVd2d6b2lYWDZiakhVSWk2UU5mem5GSUVZdW1aaHBhaGdfVjN0TGh2Y0h4dlZjMGFpWFNLV3J2bzJ5ejJOUDlVZEpvNmdJa2drWGNWT1VIOXk1M3BZVlhpaEk4a1hWMWotWExCTlp4RW9maWRvaGhrbDctdXM5X2RsT2g1d1BzMHQ4NkZBSDRUbTlkV2FHQVE4UU12UU5OUmRiZVJ2SlFvRi1zZTRj?oc=5,"Wed, 05 Nov 2025 19:23:04 GMT",
2025-11-06T01:27:27,Google News Reuters,Tesla board to shareholders: Pay Musk or else - Reuters,https://news.google.com/rss/articles/CBMiuAFBVV95cUxPc1B4TmJlRkgxUGVrcUNucDFFMkhEdG92VHdxZW45UzI1cnZxZERyMXViRnBteVFhNEFQZ3QxeDBVZGwxQ3YzbWx6OTZKOG9kYnVoLUw3RFNGSWdpczhxNWQ1VzUxRTJodzBtZllYWXh3QVE1Uk55MXJhSTF1WExhaXVjWEoyRzV3Y1Z3eWVHMXEzcS0zOUowY0pDUTZLNk9KZjhXM29TOVBhR1BUa3paREx2VDFBOXpZ?oc=5,"Wed, 05 Nov 2025 20:32:55 GMT",
2025-11-06T01:27:27,Google News Reuters,Brazil's deadliest police raid puts Lula in a political bind - Reuters,https://news.google.com/rss/articles/CBMiqAFBVV95cUxPOV8xWnlzZ0JxZm41TlNBLWRpX3E5dnNkcFRDZFN2bnhGUDN0VXJJWVJJMnhucFdkcEY3c2JlNm5QVkoyMGFOVFVJeGhORGFGdEJZMHA2UnVGbnYxY3p1X0FxUGFUSFpyUl9iZW9mREtEYWdwNUtTdG5nSVhlWW1yZk5YbDlDSGJ6bjdTbVlXdTB6ZnU2ZEh0QXBMdnhjWkdQNmhxZnJhRFA?oc=5,"Wed, 05 Nov 2025 14:05:57 GMT",
2025-11-06T01:27:27,Google News Reuters,Ceres Power shares soar on China data centre power deal - Reuters,https://news.google.com/rss/articles/CBMipwFBVV95cUxQWFJPLUQtS0gwRFJ2aGlFODJYS1Y3SVpmcXgxOVJaZno5c3B0ekpUdmk1THh6cUtvanFFY3VSajgzQnE1d2xqckI0bjdiQTBfYjN0N2VkUzltZE8wdFN5ZS13NzcyZThGcWpJbm9Xb3JaMGxlLUlvTWo5d2JDZlhtbjV6LVBiSzF6WVdJY21kTGdwNWdid3NkTm1aWW80dWh0anhQWVdsSQ?oc=5,"Wed, 05 Nov 2025 12:56:25 GMT",
2025-11-06T01:27:27,Google News Reuters,"Driver rams into pedestrians in western France, five injured - Reuters",https://news.google.com/rss/articles/CBMiuAFBVV95cUxPci1mSVRYVWhjdmVMWUR0d0hvOW95SjBuSTRpVjBYYndBRnBqR2FxN2pmZDhQODQ0V28tVmVkSU5mT0lxR2xCdWR0TUxGeU1Nb1lRNWVaWHp1cVBrNTJIQzZOLVpVNGxTelhwYkFGWEREUjVCNXNIS0JrU05MSFNkY2JVVEZkT1k4UUlpUmdKclpCQ1llLUJiTk9NaHVPQzZENnNuVDRZbjFwbW1OZkdDemRTbVg1NzBs?oc=5,"Wed, 05 Nov 2025 21:20:16 GMT",
2025-11-06T01:27:27,Google News Reuters,"Toyota, Honda turn India into car production hub in pivot away from China - Reuters",https://news.google.com/rss/articles/CBMisgFBVV95cUxOYzh5VllXb1ZJTGxJdGN2SXk5SVlzMUdFcHRGbjRxUmZSYUNCODFtUWhOTUJlUEdBUGRFaWZrM1JFa2lRV2JYRlpXR2laOWZ0MnN2QzBFN1NTOGJGVlJrdV9jQ0xEeWZXeW1sdXhqWFFiNWYtZlJGaDZpaXlkS0E4Z0lQMHpkc1dKd3pjZktuX0ozOTduUVlUQU00bnU1MDNhTkFOdUQtSXllN3dkWlpNNTh3?oc=5,"Wed, 05 Nov 2025 10:20:47 GMT",
2025-11-06T01:27:27,Google News Reuters,Which party do Americans want to run Congress? - Reuters,https://news.google.com/rss/articles/CBMiiwFBVV95cUxPRlkxYlNEcVVGbzk1M3dBOEhseWxJZkJPTndNMFFWMlpWMHFyaWc1MmM2V3hPTkFYQnBVSkFhNnZWSS1LM2pQZUNrN2JsUE8yR3hRWEQ1OTVPWjVwVmtmWUFfUU1pbzlEYU1iaDU1QWR1WU1IYjY5LV9MazF5Y2N5YVhZTERoMmF0aVN3?oc=5,"Wed, 05 Nov 2025 11:00:00 GMT",
2025-11-06T01:27:27,Google News Reuters,"Exclusive: China bans foreign AI chips from state-funded data centres, sources say - Reuters",https://news.google.com/rss/articles/CBMiswFBVV95cUxQcWc5XzlMaE5pRmZ3V2x3NDhrT3MzMlV4NWxsdkVlejFZTk05eGtpbVU4VnpzbFVfRkMzYVZLNjF0UjIydU1keGRsX0dVd3JraUd0V18yLXFPbjhRVjh6N0NoWHBzQ0RaWThmSFZQalk0RnJkYTV2NXJNd1k0UEI2blgwU1dtRGtRWGxiakFvY1ZFNGVXTGwwd2EtZjJaNEE3cWwwREZmYVN3RlJVN3daR3hKcw?oc=5,"Wed, 05 Nov 2025 12:28:44 GMT",
2025-11-06T01:27:27,Google News Reuters,Russia and Ukraine say their forces are locked in fierce fighting in the ruins of Pokrovsk - Reuters,https://news.google.com/rss/articles/CBMixwFBVV95cUxPMjZvUTBvM2U3VmJiSnRKNVU5T0xPZ3poRVdleE9zQ2Vtbm5Vam9PbE1GMy1xclpaOGNCTVVuaTRFeHF6R1FZWFI5Tjh6dXVrZnJ6eFd1Mk1oWFpPRXNmTUhiSjF3UFo5MVFoZ1p1M0ZtQktmT1FFc213RW5GMjNISXBkR3E2c2E4alFVUHgweVFFR05LOGVwU0drSGhYdmhGWkU2ZVdmTmtacGpaMHdLS2xkRjJDazNlUEZNTS13RUJwWnlQMXNF?oc=5,"Wed, 05 Nov 2025 16:41:49 GMT",
2025-11-06T01:27:27,Google News Reuters,"Don't panic yet, investors say, as high-flying AI stocks tumble - Reuters",https://news.google.com/rss/articles/CBMijAFBVV95cUxPbmswNF9TNG1rNnZRYVdPWlhrR2hnaFJaX0Y5NXBTcF9aa1Y1dy1Zb1VnWHpabENMc1dndWhzVlV6RHJmLUR4eFJqdVVaaHBuUmpWblMzcFFqMTI4b3p3cFhqaHpHVFlfYm1TUzZFT0VoRnMwdWZXeDA3aHhpb3Y0SzluYk9xdWpEZHFKaw?oc=5,"Wed, 05 Nov 2025 15:38:47 GMT",
2025-11-06T01:27:27,Google News Reuters,Germany says 18 arrested after probe of online fraud involving payment providers - Reuters,https://news.google.com/rss/articles/CBMiwAFBVV95cUxQdVp6dXdma1hyQW02ZWFmUDRIcXJ1ZTJKWkI1RW5VTF9NZk56NHk3cGxuVXo3YzVlYk9Rc1AwVmRDWVJxc3JlbUNTY0ZZWkVLUzZ2bllXZGlYd09mQnpoY3pnT1d1SlpiQjdzMVhYWjVRbDV3UHJYQjFYdHJiMUhOUFE2bEg4dEdYMUd3ZDRSUVktaDlWb0VYTDVSRGozaERLakQwVmlVUVFiOFU3VW5RZG9vVDhNaGVRdzVmRzk5Rlo?oc=5,"Wed, 05 Nov 2025 14:05:43 GMT",
2025-11-06T01:27:27,Google News Reuters,Novo Nordisk strikes US Medicare price deal - Reuters,https://news.google.com/rss/articles/CBMi4gFBVV95cUxNMFFYWVprSXBUREs0Vk45N1kwTXFCWUh3QXdTNkczTWhpNE9HanBoYm9ralp4cEx2bmUwTGZWLWY4OXRuUjAtTFNvMFVhUlhlYnFCRm1nT3RtNE05ZC11a3pGZ1laV1hja01YLVFLc2VmbnZEVEYwSzhBb0o5WVREV25RVHNTR04zTlROUzRWS0tXd1BzbmxPTVN5eFgzSFhXeW1KNHpfTHBRRnZuVUZka19QT0FiZzdZU1Z5RjlJQW9SanZpbVk1bUducjluOHplaDB5LUFodm5SQjNXczZ6eDNR?oc=5,"Wed, 05 Nov 2025 14:43:44 GMT",
2025-11-06T01:27:27,Google News Reuters,Super Micro shares slip as delivery delays stall AI momentum - Reuters,https://news.google.com/rss/articles/CBMipAFBVV95cUxQakxFSkIzcGJuTUgwcHFpbThrdDdRcE05UVowN2pCNlRBX3lDSlVDMW84LTZSTGhfU0QwbWp0Rkh2WTB0WDlybHEtcmx6TDRWR0pxQ2FIUWNDSDRFMldUc0RCbDJMWTJzc2dVNEExU3NRSm1GWFlrM2dLU1cySzVLVFJDcks1UWZoUkFSVTFFdEdrYjNKX1U4RWFucTZ4MFRkSUZFOA?oc=5,"Wed, 05 Nov 2025 09:25:05 GMT",
2025-11-06T01:27:27,Google News Reuters,Magnum Ice Cream says Ben & Jerry's board chair not fit to serve - Reuters,https://news.google.com/rss/articles/CBMirgFBVV95cUxOcWNQTGpTQkZzUktYLXdGSG9JZ2hFcmw5MHE1SlJYeG02clNnaXp0d1M1OTRIcndfTzVneGthV2VHRjJ6MUFPRS1YZ25fdlRQbG1rT1M5Q0VSaWhhMDk5N2QyOGtJUnhrVlNENUl6V0dYZUdBUkRYZDdaTFZxRkhHYkNNRXNOTU1UdlBHa2F2Y3FBMkRCblFFTE13dmNsZGtaZjRFclY1SU1YTUtRV2c?oc=5,"Wed, 05 Nov 2025 20:29:42 GMT",
2025-11-06T01:27:27,Google News Reuters,Europe's Fairphone enters U.S. market tapping right-to-repair demand - Reuters,https://news.google.com/rss/articles/CBMixAFBVV95cUxPUUw0VGg4LTIxUFBmcE5YdUs1SEFkVGRVS3YyTWtOWnczSHdWUGlXRVpYRno3OHcweWFwZl9VSlVrdGN3XzVkV1R1TFMyeWktZ2JCSWNqaTRfRWgtR0NHRzh6QVRzU2pIejFSTmxIYUJWdXliS3p6RTlkYUFQNjgtdWVkVGMwcFEwcnN4X1Q0SXRXZk5vX3N4TE5FWFBTa0VMY0NlNGJFTGxNdnoyVEsydUY3Q05PcW0zZTVFN011aEJEclQt?oc=5,"Wed, 05 Nov 2025 07:24:00 GMT",
2025-11-06T01:27:27,Google News Reuters,Betting on misery: The dark side of Italy's gambling passion - Reuters,https://news.google.com/rss/articles/CBMilAFBVV95cUxOUWotV09SMFlXSG9wOHdHazd0U25GQ2xJLUg0Q3BHYkgxVlEzRUdXb3ZwNmdQbW5yOVBuakhfMmhxbFFmX0dJLS1UVWZmSm5jNllweURKWFlxenZ6dUJtUmJLVTZpbXl1cERoZmlqNHFLc1lkbzBqUlVaTk9nSVBXeFdFeWY1UDUzTUVDV0lJZTJ0VTRP?oc=5,"Wed, 05 Nov 2025 10:52:52 GMT",
2025-11-06T01:27:27,Google News Reuters,"Estonia FM urges China to join US, European pressure on Putin - Reuters",https://news.google.com/rss/articles/CBMiuAFBVV95cUxOOVNpN0t3WjZrVThxbDF3UzFBYlFDS1lsMEljTGVrOHVhSG9oejN0cXJ4enl2TmFmd28ycktsdjYtbVdJVXJxRVVnYVdudzFyR1hOZUFpWVctS09XT1lKUVcyTDB1Qmkxb3ZYTXNlNzNGVUNDcTNaeGRZWEFTbVJlM2JKNTl3MFRYZWlGRUVOYjRXUWxYcGprbkJEV0htZDFjT2VtX0dFVEtsMi1OQmVueWR1Uk1nQ3FB?oc=5,"Wed, 05 Nov 2025 12:49:26 GMT",
2025-11-06T01:27:27,Google News Reuters,Vietnam's push for 'chip-to-ship' conglomerates raises red flags - Reuters,https://news.google.com/rss/articles/CBMisgFBVV95cUxQN3c3WENpTlRKT2RHYnJWQTJzNmYxSF9kY3FhMEg2ZXJtc2g4RG1NLWNLcDBwZk0yQXJnMHpFNDVIQVhRU1R6OXkzUXd3bEJobjgxcXJLZUNxQ2JGY25NVjVFQndhVk53LVZxYkFONjBrMnQwOVg3NG1SQkhxSFhIY0kwRWRYMDJWZUE5anpHbDRBbmwtRGJaYkg3bFlHRUU3ckFMc3FTRkNvQ01NNVdrNVln?oc=5,"Wed, 05 Nov 2025 07:32:57 GMT",
2025-11-06T01:27:27,Google News Reuters,Mamdani to Trump: 'Turn the volume up' - Reuters,https://news.google.com/rss/articles/CBMifkFVX3lxTFB5ZmJFazBpdTJPSWNyN1Z4QkFWRzZjcERjbWcydWllSmo0UmN1VFY4dzBwOWVjUXZIdDBBV1VZT3pOZFpDakdRS2xSbjJ4R2tvTEV4QVM1TW01SGZRSmJDdmlmRVpsZ2VLLUp4dDF3cHkzT0g4a0szaXAzQkRYQQ?oc=5,"Wed, 05 Nov 2025 08:11:17 GMT",
2025-11-06T01:27:27,Google News Reuters,US Supreme Court casts doubt on legality of Trump's global tariffs - Reuters,https://news.google.com/rss/articles/CBMiqgFBVV95cUxPMlJBSTg2YXU4cXRqUjRYc3FRN0NtaFhiVS1HcnJsT1FDTzFHN25FeTVkdWU2X053VzJGenZTZEtqc21WLWFGd0FGa3hVb1VJZFVHZVpOMGI5SmZid3hXZ2VSWkVUdm5GQXpBcENha2hNS2ZvZjhUMzFOTDlLbnEyYjFmY2Frb2h3UF81WmtwZFloWVlIb3VGOXkyWm9tdmUzRTg5c2RqLS05Zw?oc=5,"Wed, 05 Nov 2025 22:15:31 GMT",
2025-11-06T01:27:27,Google News Reuters,Japan deploys troops to combat deadly wave of bear attacks - Reuters,https://news.google.com/rss/articles/CBMiqwFBVV95cUxQcmI4M0J6a2kzblNWdEJzM1NaaFF0Q3F2M0JMTWZFR2VJeG12UzY2UjJzbHhwTk1tdEpTYmhuVkU4TFc5bHRkMk1KUV9ZbThDMlVTcGFnZmlBZWhhdDVqWHZOSGtGaE1ZM2lJU29mTWRwY3I5aDFOZGwwWDVaQWIyUThCSHJ6OGZnVW51cEphWEdHYWd6UjVXMzhUYXFQUWJmaE5fWExnXzF4Q00?oc=5,"Wed, 05 Nov 2025 16:02:07 GMT",
2025-11-06T01:27:27,Google News Reuters,Novo Nordisk trims outlook as obesity drug maker loses ground to Eli Lilly - Reuters,https://news.google.com/rss/articles/CBMizAFBVV95cUxOa2ltbWNHWW9IdTFYOHVMem9FbU0xVng3aGxLclRnamNPbkxsdWVBMTVpM2hRODlDREZPSTlYOFkwY1pnNDFzaE5tZ0t0N2pnakYwcGZZOUJQR2dIQ3g4NmVCSzBNZTEzdXJvVzk2TVczdVdOTmFVWk5tZDlmczVGaGc5RHdaVUt0SHNKblJ2WkNzTzZobW0tczdjUGFPN2lpbFNiN1lzT3dKdGJNd0pob196UHBtY2RBaG1ycUFKZEg3aGhLSUVYeEY5em8?oc=5,"Wed, 05 Nov 2025 17:35:53 GMT",
2025-11-06T01:27:27,Google News Reuters,"Unprecedented volume of oil stored on ships due to Western sanctions, Gunvor CEO says - Reuters",https://news.google.com/rss/articles/CBMixgFBVV95cUxNemJObnhZVDlUVE1NeU85Qmo0bklIS0NSay1hQ09hVGVNclNZbHNGVGRRU1FsWENXN2xtVkd0LWNmV0t6UXN2RnFWeEh3aFhWcTlCUmxramwtOWp6WkJsUktDVmFnakxyVGtuaC04Q2RGNHpKMzVJRERlbmhaREZCa1Q5MHBPU2lOaG9ud3VqUFJaUHlkai1wNDhpdVl1ZTZDTGtheVFlbmI3WW9iTDdWdEwxLUpKN0dxbmxXcTVLM2VKWW9TdGc?oc=5,"Wed, 05 Nov 2025 07:54:20 GMT",
2025-11-06T01:27:27,Google News Reuters,Morning Bid: Pyrotechnics in stocks and US elections - Reuters,https://news.google.com/rss/articles/CBMif0FVX3lxTE80UThqVGlRUktLTnRpLUdhZ2tnVUhSM3dUa1ZlY0FUQ21hc0tCM29Ma1R6NjdNREM3ckc3enNwcS1qRm1FNUhQTWpJZzRKVHBwRzdJTWtodkJyV3RhY05zbWhjV3NPV3hDaTFXSjlZczJ4TTRsUjdZQzd3UHhWb2M?oc=5,"Wed, 05 Nov 2025 05:36:27 GMT",
2025-11-06T01:27:27,Google News Reuters,Google proposes app store reforms in settlement with ‘Fortnite’ maker Epic Games - Reuters,https://news.google.com/rss/articles/CBMi5gFBVV95cUxQaGJBSjQ5c0RDdkk3R0tObmRkT1BBRGVwMmVXRjgtOXVGS3ZnTXFTLWpZd0V4MDdrbFR1dnh3Qk9sbFk3dFM1ZVg0NUE3QWd5S2lYV0FGWmlWY3Y5aFE2TXhSVmhENVYta3hXVy11WTFNbkNTS0pfdnFoQ0hpOWJ6M3NwOXJucXpFSUdIekZkMmkxbEQyc1doQVRLMU1ldUxMaU1pMGFDelQ4RjgxU3dLOFFyZVR0dXg0VERTeVk3UFc0aDBSaVk2WXFwNTJHVVpqMWVPSEh0eHlUenBDZE4tY1JodWxSdw?oc=5,"Wed, 05 Nov 2025 18:05:44 GMT",
2025-11-06T01:27:27,Google News Reuters,"China rolls back, suspends retaliatory measures against some US entities - Reuters",https://news.google.com/rss/articles/CBMiuwFBVV95cUxOSVVZZkduS3BDVGJ4MVU4MFg3M0JHeG9XZG5PMkc0STZrcUtlY09sMVl4WEUxYmhSSG53YnVtT1BTYktXNWRpZUxQbXVUVDN1OUtkNlpQb3hveklONXRFV2J5VlN1WDNrNUNHTnFZRmVXMmphS0I3Q05aVXo0Ti1FLWdmdGJwM0NfNkhYejdMTHBtN2RrREE5Ulc1cEI0VkJibERrWGJwblc3UmhUOFBjMGE0eHRmNnhDQ1JZ?oc=5,"Wed, 05 Nov 2025 09:39:52 GMT",
2025-11-06T01:27:27,Google News Reuters,Beijing lifts some tariffs on US farm goods but soybeans stay costly - Reuters,https://news.google.com/rss/articles/CBMirAFBVV95cUxQRkMwQ3hHVkxCU3BDSnZfVEVDb08zd3Z1bzU5bWZiRnpaVHdHNjNlZnhHQnU2Z3NaWVhBNUZOT0prYkRISlo0S0VfUlR1LTh3OFVrX2F3MUpCNUFoVE1sVmc2V0UtdXJWT2FTRlV5WXZaUUxENUJwTUxoSnZkSndJT2g0V2VFVGxjUlhvRGJSRTBfOHQ1SzRlMEgzT0VKZjZJamFmeVBrMkM0ZHRq?oc=5,"Wed, 05 Nov 2025 23:17:32 GMT",
2025-11-06T01:27:27,Google News Reuters,Ukraine to rename the kopeck coin in another break with Russia - Reuters,https://news.google.com/rss/articles/CBMingFBVV95cUxQQlJETEZLRFM2SWltSUh3aEE3VExKNE1wTjhySmo4VzkycjhOS2hsVU1HaU5iX29nXzc0TnlWejZVczdsTE1KUVlfR1g2NmwzQUVvTlJudDgtRW91dlIwNS14ejRYTTBGM0ZvQUxSNUFYSWZieElTSFY0cm0xOFVjUmZuY0ZROUtyUF9xcm4zRXVTdTA2TGVRZ0wySEFKdw?oc=5,"Wed, 05 Nov 2025 12:15:16 GMT",
2025-11-06T01:27:27,Google News Reuters,Gold gains on risk aversion despite strong US payrolls data - Reuters,https://news.google.com/rss/articles/CBMisgFBVV95cUxNSEM4bTd4N281N2pBbGlIQ1ZoaUFaajA5bHZmWGF1MU53cTNfZW1vdTRfNE10TWtFTlc5am9OZzI3SlItMTFsT29raXRRMjNoUmRoSm9rS3VPXzA2Qkl2WjRTRGlRdkdKVjd5TG45ZTk3d3BGZTBwbVk2bEhmMWhHbXkzeGxuZWNTOEhiWFRkeWJzOVFGaTExQTl1b0pjMGFLNERXVnluWlRTSGVaejBTOUhR?oc=5,"Wed, 05 Nov 2025 20:15:07 GMT",
2025-11-06T01:27:27,Google News Reuters,Democrats' hopes for 2026 boosted by critical California vote - Reuters,https://news.google.com/rss/articles/CBMiowFBVV95cUxQNlRwUGdHYmJfQ0luWktaYjVXZEJ5UzRmWmJYbTUzLU9FUDI5ZXJiR25DMERkSndsTnRFcW1nREx0bXJPMlBnNVZSd1laRkViUVhhanV4ZTJGOEtOOW03eXFXc211UmRkZlhubU9yTFBGR05WRFFRWHNoWWxtZDRBMWVoRmJxVlhzZ0RtOGJhQnJ4RERXcEJxcnBsRGltU2VQWDJF?oc=5,"Wed, 05 Nov 2025 11:02:08 GMT",
2025-11-06T01:27:27,Google News Reuters,Five debt hotspots in the AI data centre boom - Reuters,https://news.google.com/rss/articles/CBMilgFBVV95cUxOMHRQT3JGeG5YUF9qNUJxZXJxMzJOM2t4NVBuLWVCN1Z0RV9jc3FycjJjWGtmQ0NvZy1UXzRqemp0NDZ5S2lYSlYyYU9ncjZSQlpVcURiU0tjQ3NBS0FaaVNNNjNlanFGSVpiVEJXSVg3Vm83ZHJFd2lacENWMXlOWTVzS1FNaU1KdXF1N2I5ckMyb3VVLWc?oc=5,"Wed, 05 Nov 2025 05:42:16 GMT",
2025-11-06T01:27:27,Google News Reuters,Takeaways from US election night 2025 - Reuters,https://news.google.com/rss/articles/CBMigwFBVV95cUxQX3lEVDlmaWwxVktnTjVlOHp1dXhKN1VqYmJRVVBmU2NqVHJVY1E4WHlpUk1qYXJBSDF0YkZPRGo5QldLUndPTzh2MFlid0xWNHVmemF2Y24tWkFtWnAtX3JMZ0tnNXUtWTFubkk1elhOLWVMdzFaanhnTko4QmJSVFZUQQ?oc=5,"Wed, 05 Nov 2025 04:23:00 GMT",
2025-11-06T01:27:27,Google News Reuters,EU agrees weakened climate target in final-hour deal for COP30 - Reuters,https://news.google.com/rss/articles/CBMiuAFBVV95cUxQc0pkVk9JZFdqUTlMTThnN05iSnZSUThKenFTNTBvTmRLRzh1LVJOVEpSRER4cERWNGJ2R240OER2ZFN5SUVvelZhUWpqcU0tZ21nZElfQ0p3c0QwUzBKWnQ5TGcwY1JhckdZUDgtVFpTaVp3amxwOE1JSUdNaG16cnJidmVRVHU5LUIwR2o1UzVlODhQSGV6eUZHQkxiTjZNU0lsZHhtYUw0R2ZsanBpRXhkUXFybkNH?oc=5,"Wed, 05 Nov 2025 17:47:43 GMT",
2025-11-06T01:27:27,Google News Reuters,America reacts to US election results - Reuters,https://news.google.com/rss/articles/CBMihgFBVV95cUxOaWZLSEcyTW5wYUtjaHlWdi1MQWlNYUFUcE5vcjU3RnhnMVZwOUNNa3daZ0g1V1oyWlJMMWpBNGdldGFNNTBLSE1URnNqeVkwSU5nbXhZMFh4N2NudEF6dmhtTVY2NWozcFpaOFM3SlFmV0lyR0tVOUJtSnNVeHVTdjVzT1M3Zw?oc=5,"Wed, 05 Nov 2025 04:45:11 GMT",
2025-11-06T01:27:27,Google News Reuters,"Wall Street bonuses expected to be highest in four years, consultancy says - Reuters",https://news.google.com/rss/articles/CBMixAFBVV95cUxNcTZHdjRpWFQxLVRyNGVkWDV2OXdob0tCcGNwWlh0WGRSMi1sbGhnMW1LMmlScUF0S1F0bi1QZkVXOFJDcWdsQ19JV1l1ejFtazdsSGJFNkdHX2JfbXFKRXU3U2s2Y21sT3BfMjlFeTh0enA1WEdjMFdPaXVWUmE4bGpreHNSYXJyVWJUWkJGTFJwTmFsempLbkU0bS11a0N1LUIyRlRsNGw1UVBubnVOUkg3MUhTelA0cEdSNXNHYXpNV0Zf?oc=5,"Wed, 05 Nov 2025 16:02:01 GMT",
2025-11-06T01:27:27,Google News Reuters,BofA raises return target as CEO's new plan aims to catch up with rivals - Reuters,https://news.google.com/rss/articles/CBMisAFBVV95cUxPUHVQSlNLTWtLbWpiajRxb1RTcVFLR0c1U2N0SEtnSHJUZ1ZoOGhfNENhSDRCQ3ZLeXcxbmk0cXFXNWVXR1VuTVRnU2U4MldNU21iVFpPU216TzJOT3NUNXBDSzZ2LWZOWUsycWNkTGljTzA1ZzI2Nlpja2RCdlpBeVk3TTdadUZNX19VM0JLUmVwUWo5YzNLWkJNV0RUWFJpVlROSi0xTzVFekVrX2ZqcQ?oc=5,"Wed, 05 Nov 2025 19:26:34 GMT",
2025-11-06T01:27:27,Google News Reuters,Russia's suspected 'hybrid war' puts European air defences to the test - Reuters,https://news.google.com/rss/articles/CBMiwAFBVV95cUxNeklLU0F2cTAwRVVYOXdFclEzVTBYOWNNWEg1d0NSdU9MNW45NFBXZWExRU4wbEJCbE1XNF8tV3NyNFpJaklDMGlCMklFTE9xUmJwSHZvTnU3UzNmUWJNdGFvenFsU1kzRU1hVGxrT3E5aG1neGdRSVVkTUxPVEdxSjg1eHlaMThIblJuNktuajJXTkR0YWk0cUVTUTFrY1NSaFpXTzlVazVuM0dHdzJyRFB2ak5NdlZrZzFLdGIyYWc?oc=5,"Wed, 05 Nov 2025 08:15:02 GMT",
2025-11-06T01:27:27,Google News Reuters,"Chinese economy to exceed $23.8 trillion by 2030, premier says - Reuters",https://news.google.com/rss/articles/CBMiwAFBVV95cUxOMUZ0QUN1TFFIdU5LVmVTdS02M1hXcTR1VUlzd1dfZ0U4RVJUcjFqOU1vVG9aYWw3LUFaN1BEZl93cldyM245eGpETV9vVjc2alU4YUczOThQdnVscUFvOUY1emVKSFBXcEdLcW9rVFQwcFBHX0xfa2F2ZENhNHVBSWRWcWI3Qy1ERGdTdHkzaVdMWTdTbkZ4OVBlZkg2OGpfRFI4RjVyb1NIZmpBZXN4dDBYM0JJcnktRUoxWGttTk8?oc=5,"Wed, 05 Nov 2025 10:47:21 GMT",
2025-11-06T01:27:27,Google News Reuters,China's Shenzhou-20 return mission delayed due to space debris impact - Reuters,https://news.google.com/rss/articles/CBMiwgFBVV95cUxNMzk3NGVSc3JwamJzYUt3VzJWVGp2d2NVallRcmp5QS1HTnpuTS13ZnNXMUZ4ZzNVWUxFZjVQNW1pQmphVlp0VUh5Ym1Pc2hlUENWMWRoU0FERnJUVDYzRU8zalVHZkxZeHRkNC00NVE2Q3FUejJrNW5JTndoaWZkTDZRNHFSdzF2TnFQNG0zZjMwWHppYndMSkFVTDRiT2N6T0VINDNXZW14eVZKY3NESlNwdHVaZzNOcElHNS1jZG12QQ?oc=5,"Wed, 05 Nov 2025 08:13:50 GMT",
2025-11-06T01:27:27,Google News Reuters,Oil settles down more than 1% at 2-week lows on fears of glut - Reuters,https://news.google.com/rss/articles/CBMivgFBVV95cUxNY3lRVm93bzB5MGE0RmRhTi00Q2k0SUJhNW15QTNrM1F5emphUTh2N2xYa1dyQmRjVEFOdmRpUXFQLThHbFdOSjl5c0Ywd2lvdDI4c1doZVpyYUt6X1l3SkRsd01TZ1dBUmtQZ0dGeUsxS3Zqd1hOZGo3QmtmVElDaHdXdUthdzFEV0F5YWh3VjFpMEF3NzAxVEgtcVZ0bUdIN00yZWp3YUlYOXBtNm16SkNYMW90ZXl5ZTdoZU5B?oc=5,"Wed, 05 Nov 2025 20:41:11 GMT",
2025-11-06T01:27:27,Google News Reuters,"Google's $32 billion deal for Wiz clears DOJ antitrust review, Wiz CEO tells WSJ - Reuters",https://news.google.com/rss/articles/CBMiugFBVV95cUxQYnAxYWdkVFg3b2l5TW5KUGRQRGxibFVzNktNUU9nNWZ5bi1LU1JqSFE5NFZYLW8wNnFPT0l2T2t2bnVFdUZLTEVrTnNZaXFXSk03dTBkX3VXWTRndHBCVk53eE5BZ092dndYMVNxTXlPcGROanNrR0EwdzlUS3NySHVnUEE5bllJNWFoSFZWRlUzVFNmRVpvUWJZZHhDU3FJS29Oamx2cnR1M0xoUXJXemwyQ0NUWkpNUWc?oc=5,"Wed, 05 Nov 2025 20:30:25 GMT",
2025-11-06T01:27:27,Google News Reuters,Instant view: Global markets shaken by steep selloff as AI rally pauses - Reuters,https://news.google.com/rss/articles/CBMilAFBVV95cUxPZTVvd0NjVmNZZjQ2bXVfbmRzSW5MaDhxUWNjOUZFVVZHbTMzN25lSGFicGdBN3k0NEdoc3h3Y2UyQ0Y4MnV4OC10c2pYRVhHRU55VnhHeGRtZjdzTDI0UEJSa3hoeUNiTlNzMThjNnFJX3YyN3o3eGxwaWFFUW9oYmJyR2ZqaXhjOUd5S1UzV2tVeFhX?oc=5,"Wed, 05 Nov 2025 10:46:30 GMT",
2025-11-06T01:27:27,Google News Reuters,Stocks climb as tech shares rebound; Treasury yields jump - Reuters,https://news.google.com/rss/articles/CBMigwFBVV95cUxPbTRicnBENll2YTBrV2dyOFNSdTUyRFN3eXZYN0FGYnVvS0hwS2RsNzFiN19FLUJIYk10WnpiMlJKd1VYR2lueENYMVhXczM3S0RrM1ozM1N1R3g3Q19Oa0FRdC16dTJNWWxOeTNtVmFvNS1TRG5Odnk1eVNSTkpmaVhqQQ?oc=5,"Wed, 05 Nov 2025 20:29:34 GMT",
2025-11-06T01:27:27,Google News Reuters,"Exclusive: Nissan to cut Rogue production in Japan over Nexperia fallout, source says - Reuters",https://news.google.com/rss/articles/CBMizgFBVV95cUxQYVktbGNYX25BaHU2WHV0LUxDOE1xV1J2WTZ0TXZsZ1prQW5wWnBsRWNSYjE5eDhwQkR4bzQzbV9YSS1KNmFhUGFReDk3VEhzWGljUUNRcmZGX1J0S1R4OENRX1R2Z3lBVWE3b3NfRUljVE5VbTlaSTlqODZiOEZ6Mi1vWWxuejVBb2JwbE9FRno0VUtwX2o0NjZoMlRjUFp4MXRDc1JrNEctT0VhQ3ExMnd0WHFHekJVS1M1aEFwN3AtdFpDSllEVnExbV9jQQ?oc=5,"Wed, 05 Nov 2025 03:39:31 GMT",
2025-11-06T01:27:27,Google News Reuters,Philippines begins cleanup after Typhoon Kalmaegi leaves at least 85 dead - Reuters,https://news.google.com/rss/articles/CBMivgFBVV95cUxOQV9scXI0RWdFenJOdkVMMGFJOFg2eU9wa0Myb3JOTm0wclNweVNWeEZYTTlSNW9IOG5yV1FKd3R0Q3NoTFVuSmNoWkNjU3VIREpoakZwWFJPSGdsY0liVWhoMlo2VEtydWlsTGtTaGVGMDN0b2x0Rm5zMzJZWmUwUGF4eHVucmVyRmRxRnlXbm8ydGREMVJORG8zMTJpZlk5Qk5lVTdKUzZ6T3ZmMldyMlFhekVQbmh0MElteUlB?oc=5,"Wed, 05 Nov 2025 12:56:11 GMT",
2025-11-06T01:27:27,Google News Reuters,Qualcomm forecasts solid quarter but smaller Samsung business hits shares - Reuters,https://news.google.com/rss/articles/CBMivAFBVV95cUxONVZBTS10YVZPOW14d3kxeHNLN3daM1BkZHpoekNoQjlEQUlRMkN4TFEzdTU4aWxxekxwRGVSZThnZTNNTm9fdG5pY2hLYnI0TVlsQWRKUk5iTklCOUpsaFlPLW12YXRpSklYZld0c2lNS2ZSMHdhcnQ5TW1mNnVhRzlvbDlkMFFQclZmVzMyc19SaTQ3RGZvSkI5SnZwTlFzMDlsTFppRzl5OVM4OVFSaWhZOUkwdWREcUtfVQ?oc=5,"Wed, 05 Nov 2025 23:52:19 GMT",
2025-11-06T01:27:27,Google News Reuters,Taiwan says China has added conditions to its attendance at APEC summit - Reuters,https://news.google.com/rss/articles/CBMiswFBVV95cUxNck5uZW4ybWs5NTEyNmZ4QXNyYzZoU05rWUZFMDV6UmpxQ29pT0k0RmdxMDJ0SmI2dWZYdHNMZGNyYUlBVDZLejNKZUF6amp4ZTExQTUtZWtHUGZ4UkdVdndxeHhxUlQ3V2hpZzNMTmNjNFNKS2ZEUUhjNEl6WEd6eWNIc3lYY0ZRQm1uakFSa01uanU4TGoyQ2xMdmQ1cFpaSUVsN2hKMTNLVEVFNDFoQTVEWQ?oc=5,"Wed, 05 Nov 2025 03:38:15 GMT",
2025-11-06T01:27:27,Google News Reuters,Honda bets on hybrids with lighter platform for next-generation models - Reuters,https://news.google.com/rss/articles/CBMiyAFBVV95cUxQRmFDWUVKMnUyZEdmcmJJN2taNWZyUldNTUExSVBpSS1GUEZLMTAyM1h5cG5uZjVNNF9icTF1RnA3ZTFLcWFfdWtMWUh5eUtyRlJtbUJETnExYWtIMFJGZFpseXFmVHFLc2Yxeklwcm4zbWp1Mk9qNmNCYmZIbjhDeHRwX0NzeHJOTXZrSUJSZ1lqTGx1OFZ2S2pVSTE4QlNxLU1LOGRsRWp2YVNFTDV2bEd4WnhtU1pvdlh2Qkp5Q0s3aFE4NGMwbg?oc=5,"Wed, 05 Nov 2025 15:06:46 GMT",
2025-11-06T01:27:27,Google News Reuters,Volkswagen to develop chip for China smart cars with Horizon Robotics - Reuters,https://news.google.com/rss/articles/CBMiwAFBVV95cUxNaWtDUlpqT2oxcU1CMDJFdkVFUWdOc0p2OHVrc1BweGlqMDdJYW9fMl9MeE1rbldydWVjTDBUaU1VX2o5bE43eFBweUFvdVZtdENlVGFlNENWUnE5ZHBaSkFUY3FGN3BjZFcyTGhMUmJNaG1ZLXQ2QndsbHMxenYtVndKTkVEZTVnM3czZXFJdWg5NUVkUEgzTU5IUS1FNVJTOG9BeEVtZEdkNnpIc3A0M0o3emI0bHFWLUxpYVhVZ3U?oc=5,"Wed, 05 Nov 2025 08:56:15 GMT",
2025-11-06T01:27:27,Google News Reuters,"US may ask UN to mandate international force in Gaza for two years, document shows - Reuters",https://news.google.com/rss/articles/CBMixAFBVV95cUxPZWhGV3BIRjNlaDJfWEQ0SXAxUTBhbUZIV2NERlpVLV9UY3F4YW5rV0V5NzY5RjB1dWRLTlZLUVEydlNWc3JzZ2YxSk8wSnRWZmNjdUdsQmZSUnFZMWI5RDVyRjJRZzdzQ244a0NYcEY3UGh6NnZVMm5qMnRpZGNyNHczT2RWdFByTjNaUTJjNHNyTC1FRlYzVmxmNU91Zkl3dWpWeHF1YXp4bWdmZ25XTDR5YS1CQWVNbm1RbVJlYk16bW4y?oc=5,"Wed, 05 Nov 2025 00:07:00 GMT",
2025-11-06T01:27:27,Google News Reuters,"At least seven dead after UPS plane crashes in fireball on takeoff from Louisville, Kentucky - Reuters",https://news.google.com/rss/articles/CBMitAFBVV95cUxNMFU4VXJ6T0l6VGRhalUwY3hYc1I1VDdfcmYtMjIwZGdCNHdBNTV2YWhZRl9hNDdZSTVfS3FKZUFQZDBaN3FrLVEySFM0MTRBSkdtdG1jVEhmUnA1X09QcmloUm84Yy1oWEY4cWxINGdiOGxOYzlzaGVHY285S2lXSVVPcnVzTjBLQU11V1dmTzhzek44TjVpOE1qWFllSnpWemIyaVV5eE5GaEIzSlhTQTZHanM?oc=5,"Wed, 05 Nov 2025 13:20:24 GMT",
2025-11-06T01:27:27,Google News Reuters,Dollar holds near five-month highs as data supports - Reuters,https://news.google.com/rss/articles/CBMiuwFBVV95cUxPbkxROFA2cUVCOW9DUldOZWRqSU5LZ1Y1Y21GalhtR2FCZEljVmQtZmFUSllTbVoydzM5WDJpR0xBQzQ0SkRyYXRCdlItYmVqb09WTHU4eUZ4MXZqNU0wbG9hNXNNckNNZGxlekM2UWtiLTFkMVhYNUl4YVlkSG0wT2pLWmt2UThNV1JxMVd1M1dEVUdENGs1OXpOQ0lkZUVxMTl5MTBGdVZ1bjFqV2hqWnlwakttMlRGaDcw?oc=5,"Wed, 05 Nov 2025 21:06:36 GMT",
2025-11-06T01:27:27,Google News Reuters,Trump re-nominates Musk ally and private astronaut Jared Isaacman as NASA chief - Reuters,https://news.google.com/rss/articles/CBMipwFBVV95cUxQZXNyOE15djFIRTg2enhVcm01MVlabUxjU0trU3lUY2I4MXR2UXVVTUREUmstQS0yV3F5Y0Zzbng1TFpqbWtXOHpaOTFqMk5jaDNkaWREdE5wN3l5YXRlSXhUN2JoSDg5ckw4eDdBNjYtcmVvZjNyemtqclRHS2tVREoybXE2YUFRQ3ZIeWFTVFVUUmRKd1RZYzFsMHkxcW5kWUxCOHlsUQ?oc=5,"Wed, 05 Nov 2025 02:20:33 GMT",
2025-11-06T01:27:27,Google News Reuters,US elections as they happened: Decisive sweep for Democrats as Mamdani wins and California backs redistricting - Reuters,https://news.google.com/rss/articles/CBMisgFBVV95cUxNV01hR2JqQktQN1lhRXlFZUZGV0xBdjFZVEdPRlN2V3BtRkszZHZ5enc3Rm5FcTdKVl9pVkRjUWp1OElURl9RbzlNRUJ2dWVyS2xfYzdmQmxyRlB1UWxZQlAzNUpRbzRrRGltbGxiVW1HR3gyNkltUmZuWTZTZnJqbHc3eHpTdzRsZnNpZVpDTVRnNWhZc3JoR1VJSHZCZXZBcEdRTFhBT2Y3ejBWRWNCdG5B?oc=5,"Tue, 04 Nov 2025 21:21:25 GMT",
2025-11-06T01:27:27,Google News Reuters,Republican lawmakers lash out at Pentagon for keeping them in the dark - Reuters,https://news.google.com/rss/articles/CBMirgFBVV95cUxQRjR3YTU0bi1WcG5Yd3JsMjE4QUhiUUpGRUtTYTJheGVRdWRfQ200SjBKbkNyRXFfTTFTYTgtSktBdWdjZjBBTzRxeHVvT1prZnI4SXdNaTJRLTV2SnIxellwTDkyc0RTZ3A5RWxKVmN5MEs3dVFxZ2Z5VWl3akpTVVdHT0NhWkhkYVRydFBRUllmRnFfTHI2SFRWMkQxQm1pUmotSHBUdVo3dVRzM0E?oc=5,"Tue, 04 Nov 2025 21:30:45 GMT",
2025-11-06T01:27:27,Google News Reuters,US House lawmakers probe Delta Air Lines on use of AI in ticket pricing - Reuters,https://news.google.com/rss/articles/CBMiqwFBVV95cUxONXE1Vm9zdFY3SkVybHd5YThJdmZ1RXZUNXluSXU5VUJ5Z0pFLXRqLUpjTjI3R1hvbE85VDljSjBHOXJPOUVxRGdhdUFWX0pZNnVfN3RjSnRnTTUxQkdONUV5VHl4MEVWMXJFVlJ2WlVXbHh6YmlmN21heW52eG85cUFMRkFjMXkwdmpNR1NfNHNyOGN3WFR3WTNhOWtRdURFWmRqU29QWGZUTUk?oc=5,"Wed, 05 Nov 2025 18:55:33 GMT",
2025-11-06T01:27:27,Google News Reuters,"Exclusive: Saudi Arabia's request to buy F-35 jets clears key Pentagon hurdle, sources say - Reuters",https://news.google.com/rss/articles/CBMi0wFBVV95cUxQajJsVFpTMjJSR3RfZGt2Qm5kc041Mm4yNlRwa0Mwbzg0T0tneGw4U3VzVGVsWF9LRC0yNjVZSzlsdXRua2hWRnplTm1jcE9QRUd1cnE2YjExZGpKd282ejl4WmNiUjVwcXlJVkU4MVRMNUE0dGNZZXBDY1ZCUXFkOV9SOEUtTGY2cnhvMThOR2hiX19kUUdEZ0VIRVlQNHZxVDNYOHNuN3ZDX3pGUHZQQUdIRnNRN0xwQkczZ3VPN2R0RE1tVTJqOVZ3aG1Md3NWQmZZ?oc=5,"Tue, 04 Nov 2025 20:55:20 GMT",
2025-11-06T01:27:27,Google News Reuters,US Senate confirms Trump's newest conservative judge pick to 9th Circuit - Reuters,https://news.google.com/rss/articles/CBMivgFBVV95cUxNcjkwWE5sbjQ3Tl9weHVPUWV4N2wwU1VpN05heDZzR0R4enE4ekVhU1lZWkVLdGtiQUxzRlYxSXp1UW9CTjRHYzdONHpEZ2MtcUl6MHMxME5yaXlsQzl1WVZNQVRqYWN1ZEFMZWJJenNMWUg1aUkyRUs3emZ5SDN2Q1dJQkw3Z2c0dmtZS3FGTFNCclFxM19SZGg0c1RsRTlwV2diWnQtSEprX2luVjdZQXh2SlFfcWFtY0k4S2V3?oc=5,"Wed, 05 Nov 2025 18:30:07 GMT",
2025-11-06T01:27:27,Google News Reuters,"Jamaica sees 30% GDP hit from Hurricane Melissa, at least 75 dead in Caribbean - Reuters",https://news.google.com/rss/articles/CBMirAFBVV95cUxNQ0lueTZvRkh2ZDIwVVYzVmp0TFVTZlEydWtjQmJjcVRkT05yUTQ0dEN4X3RHZnJFaUdSeTVTOXg5NjBOMUxScjU0ME9CNnJZS0pWenhOaXB6OFhXWGxBemRUTjR3UzhmLUNwSUlUTkhyTFJvYVpRck5tdkpGLXgyakgwNjZjMWhVdmdaeUhCT2haeWtoZHRaVzNUMTZHU0V6emxUUVlrUkJyTGdw?oc=5,"Wed, 05 Nov 2025 03:15:00 GMT",
2025-11-06T01:27:27,Google News Reuters,"Brussels, Liege airports closed for hours due to drones - Reuters",https://news.google.com/rss/articles/CBMimwFBVV95cUxNMExQRnZmTHBsUmFDR25YQlAtMmVRZ1F1c2ZmdFV4eUh2NTRRb1JWVmZ5ZFQ3d3RadURKaVJCUklJM1RzUXJaR09PUmFqYWwwaFFwd1dFUlFmanZyNFkxY1B3QjJCaTJkM3dZUEl2MjRhUnhFUUxpVFVheEVFclp1M2p0TUhzZWJEUlU1dzdWZG5wQzN1X09nX3NZbw?oc=5,"Wed, 05 Nov 2025 02:05:00 GMT",
2025-11-06T01:27:27,Google News Reuters,Automakers urge US to extend North America free trade deal - Reuters,https://news.google.com/rss/articles/CBMiugFBVV95cUxOaTlpSnBoWnZUUnkyWTlUS0RmYVNRRm1YcndKeEx3U2RkdnRGeE5ITkt4TkJCZVllcEFrT0NXX3dlZjFMTUUwYXdCOTQ4Tm9YOFhtMVhFR2NudkRJQXBRTFNRcHFqN0pHakdZV3cyQVBMSFhqMk1UT2FWSDB6bW03cDdiZGlZMjZMM2JfS1JRNGw3eHRNeGtsVmwya0tPN3pSbGtfSnN1Szc4cDRkWVhKSFhpWUhyelJkRlE?oc=5,"Wed, 05 Nov 2025 06:24:26 GMT",
2025-11-06T01:27:27,Google News Reuters,Amazon sues Perplexity over 'agentic' shopping tool - Reuters,https://news.google.com/rss/articles/CBMiygFBVV95cUxQZTlmSWZ5R0JEcE9PUjA1TVhEdjJCbEQwQ2dVeGdjRG94WkwxNERMbzJ0eGFfQ0M3NTh3RFhLVUZzaHZMZk9jS25hc0FLVnJSc21TWnppTmdud3k2SVNKdDFncUo3TUVKWUlPbERYN2diOHBXYkJpcWlYR2NZWUpzTi1oRjR2MGZRY1lHMXMydE9lX0VXWnp5RzlldnQtN2FJTjZkRkZ2bEhib1R6bzJHaThpdTdLdnRsWUtRblkwMW5rc2gzOERPa2tR?oc=5,"Wed, 05 Nov 2025 07:21:00 GMT",
2025-11-06T01:27:27,Google News Reuters,IBM to cut thousands of jobs in fourth quarter amid software focus - Reuters,https://news.google.com/rss/articles/CBMixgFBVV95cUxNYTVDdU1fMFhFTXhwRVZEV1d4QVNHYnVTQ182MjhKczVUZ3NUSmtPaEhjTDk0aS1uUzZ3aTRIWlU5Qy05S2VxSGtaME5iaS1hakJvcnY5NG5WdUJFZ0Q2Vk9aRmJ1b1hNWVo4V3lwZFp6TW1mbGdBMTVwZVlDdGJTQXdSMGtWZkstNEg1Qi1lX09IYVEta3pwYjdZb1hvWGo0SExXUG9uMnVTYVFaaDZnTVA0ei04RDluRVBnYkYweWxfS3dlUFE?oc=5,"Tue, 04 Nov 2025 20:01:30 GMT",
2025-11-06T01:27:28,Google News WSJ,Exclusive | Pfizer Preps Improved Offer in Metsera Bidding War - The Wall Street Journal,https://news.google.com/rss/articles/CBMingNBVV95cUxOVjNPT0NxaVU4RnFFa1I4RDBsNHg0U3V5YWJBbTBhWXpKMmk0SXRWaUtlR1pNRmpnelltX0JFbDg1Rmhkb0VQRzVBai1MYTdWbjNOSnk2ZXlPQThRTTh5bzdoRGdjNm8tbG9oY2taZ3pyN3pHRHZfekN6WXViZ24yOVhzczVaTWVhWHB5VUludkU4cnNSYzBoeFgtbmZpQ09wOXd6TDBWNGtuaGVqd1dxLUN0WVdCdlNRSEFwS2xNU2ZDT2VkdEotMEdRZzBSZHdubDBZRmU3VWxhWWY3Z1RVSmY5VTd1SmFxOHh3VS1xTXNpaDljbnVaSzJjckFBcWhvYTFEaXUtZWMzaXRoMWstaTQxa05vbHdzTGl2MW5kd2VYSkJmZHllQTNVS2hQYmpfNkJYNzZBaVJkS0lOYUptM29JLWVVWUIwZU9xMkR1QkE3b3JkdnloeTA0SGJxaUhySUxuN2lYSkR0QVlGcDFJMlJBNGF0bTFfV0lQNWtKN0JaV2I5eXczc2k1N1RNOWVmS0ktUF9NdVFZWHM2YkE?oc=5,"Wed, 05 Nov 2025 22:44:00 GMT",
2025-11-06T01:27:28,Google News WSJ,Qualcomm Swings to Fourth-Quarter Loss On Tax Charge; Revenue Rises - The Wall Street Journal,https://news.google.com/rss/articles/CBMiuANBVV95cUxNQW5NYnRBbzRWaldhMDRfQ1ZWSFZjVlJmWHdfeUFTWDFWWHBLRWRNcHlrTUUwdDczRWJyQ2I4X09kQUsxUXBNYTJHdXN0MU9MQWh0XzZ0N2VoNGFzcEpFeUVZX1FLdHBWRjNaNU9CYmg5c2pfbVVaQ2ZUMy1hUmFVandxLW5faXpNU1hkZGlYRnF4YkVhTU84c3lqeGxsakNtZjZ0ajQ1Q2NVbXQwakNZVGh6SEFobjJoZno3RjBEaFpWM1RXSWJYbmF1eEtTOWJZNldTRmx6ZFBVOFd6dUhENEg1eWNPQXB3LTE2RE5mdzRHSzdXc25RQWlRaTJzZ25VVDJKZ2NuYkd2aG9NRTdiRDctR0s4NFZ4WTZIeElMOWVnYjVUNkhYTUJLRzNjcndjd2tETF9ZN2lzVzM4OWllQXRtdUdYZ0lTRG1Hd3RMejFCV3R2cHc4TGZ1MEVpdXNFZ3BWTko4NFFKajZhczR5cGlqUkF3NkxJRU1FRW5vQU1TaU9DVjVDQ1ZIamZKd2J2U0FsRHhCMzFkeVozdHpLQTdHcHJKOTVkREliNVV0VHhwVDR2bUQwcA?oc=5,"Wed, 05 Nov 2025 21:46:00 GMT",
2025-11-06T01:27:28,Google News WSJ,Exclusive | The Next Big Quantum Computer Has Arrived - The Wall Street Journal,https://news.google.com/rss/articles/CBMiiwNBVV95cUxQWTlOWmNNaFp1OFBSNkxvTklXdzJlV251aGpDV2o2bnVVOEoxaDZWVm1sZVZsbXFYMHViNVJCSXcwdmI5ejF4ZTBwcFdWVF9RTlp1SERnbDdjTWxsSnJTbHhfeGpoLWsxeDBOanVhZmNadi1LR2Y1VVRhVHd0SUNYLUNrS0F5b2NibVNISkhYVGRENE1ubHQzbEIxc1hWTEUtRFlLTGdCMzlNUWlCLXdaeVh6NmtIRFZVM0phcG52SG1ES1ZmU25SSVExdnE5SFdiQV8zNXpFQkVsVUhmNUprSkNFeTVVNzRteC0xNjJkclZFamJfdFFvOU9Ha3hhdFEyYmFmNWtfYkdfdUttRVo1clA2WlB6bDIxWUd3TThRYlk0SkYwU25LbE5kQU5Ca0xWSHdRdkF4MTdCLWl6ZkhTd0UwSmxYTVlfUTBsdFpIV05NNE5RUFRZbU0zdWJPLTNKTEtMak12cUxDcVdCY2NRVkVtTmtFRWROX3EtaVFUUThweWRmZmZSYkVqWQ?oc=5,"Wed, 05 Nov 2025 22:02:00 GMT",
2025-11-06T01:27:28,Google News WSJ,"Exclusive | OpenAI Isn’t Yet Working Toward an IPO, CFO Says - The Wall Street Journal",https://news.google.com/rss/articles/CBMikANBVV95cUxQbk1nOUVHM2QwVDZzandTZDh4YlJSLTlBRWc4M3N3dGZkMnYtdERETTNQRTY2M2xiY2hwN0l4TkM3dk5Fc05keG02czVQU2Jnb2hSWnBWVFE5azA2MkQwelF4cTdZWFNaRlZfZXlwTS1FWTByRFVGV0ZwVDN6TGs5ZmFnaWl1dWt4LVIyRnhySE40MEptT2FBbGxOWnM5T2htMmhSLUg5M3hpbVkwMTNheU00MlJzcEVqZG9wT0FvR2xJOEZldUw3dE9YNU5ObDZEMUFTaE1mLVNpVnUwRDZsWXg3eUJSUUpldEtlY2tHX0Z1bk01aEY4OG8xM0x2ZWZtd1FlSnBkTlhtM3BnZExjOFJmOEVXY0hqRlZFR05ZT05TTWRueGpWdWRnLWxoZFNvTEhVdnJKSlR6QnhFcDN0a0VkbTBBN1BUYzVJTVprWnpJQ19jNkU5ZlJzbjBMYXE2a2NpcHJsaUZ4SldaRWhZVGdubC02UU03ZmlmN3F2MHQyNnVzTlFnUDJxVmM5Q01L?oc=5,"Wed, 05 Nov 2025 20:42:00 GMT",
2025-11-06T01:27:28,Google News WSJ,Snap Shares Soar on $400 Million Perplexity AI Deal - The Wall Street Journal,https://news.google.com/rss/articles/CBMijgNBVV95cUxNam5Ldk5mQTFJbDBjS0pqbEdwVWI1bTNXWEZCRDBjczdGMUlQdU1WcENoTUQ3M1J6TlZLZFFaTi1ZUzl3c211bFhZX1BjVkJDMjU4TVJsbnM3SXp0UnROWmIxV29jTjJlaV9YLXh2dFY2QmR3MHFWS3ZUZW1HQzFsUWVybDlkSzFqOFY1cmQwREF3X3VkWnZjcWtxdWhzamxlbGVaWnlkWEhBV2pKakJXMzlRNWlnLXZWRFcxQlNpTFgzQ1Nhc2VhVU8ydnJGbmdRWm1vaFpzbnA2ZER1UHhNRlR2ZF9SQ2hvZXZEUW00bHNxeFNTclNTcnJlN3FHVGZhWFByRjZaY0FsUndmdUdoWjhHaS11VUtjOGFpZkFsQ0QxQnhydWpsWWo5dmE5QkE0VDBjck52b2tlbEZZb3FHcmg1QV9rNWtfTUZnUTFDaG9GMTdGQVk4Vkw0aTc2X0F1Sy1IaUdqQUZJSmw1ZmZPM3lCVUp2d194Q3BLS0lWaS1yTVZ6VmlxMkxIRGdCdw?oc=5,"Wed, 05 Nov 2025 22:30:00 GMT",
2025-11-06T01:27:28,Google News WSJ,Robinhood Bets Big on Prediction Markets - The Wall Street Journal,https://news.google.com/rss/articles/CBMinwNBVV95cUxQSmMwQUF2YlJJa0Z5Sk1uUHpOZEcxY0w0SkE2T0Y0UjlXTEY1NTg3eGRvSXZUZFR6eDFFcVNIa3JXNmQ3YUtUZ01UR19uSzJGek8zV3ozQTNweUdJaHdtOVdCRUNZWWtqVUNKT0J6S05sUktKTzRnOEZfQkFuNlhMc09ZbW1OVlNqNFk2RjdZdjk3ZU9QcGtNaHhHdU5sQmZ1TmFaY3N3ZEVaTnMzZUlJZEpsVi1oYlUxaks1LVRGbXp3Z1RBMTFmdjBwRy1FbFEzYWEtclMzbWUyM3hISk03dFlRaERoU0pia1pEaWIwWFpaTE8zSjZjWU4yVnpWNmpmMk1rOFdFQjRWTDYyd1ZEZVBJakZPYl9yRVJNdFJMdUhYUjFwMTR5TkcwY0VHdmp6WV9mVUhQbUkxLUk2cTJlZ1hoYUlCSk5JZXYzMWtvQVEyVndNdHR0aUozbHVHMnJlOU5sUzZZU0xkV0VNRDIxbEVENFZHQXJOeGZzWGtQcDJHdEw3N29PWGlHalFSTjhob1lwZWZocEE0dnBIS0hn?oc=5,"Wed, 05 Nov 2025 21:56:00 GMT",
2025-11-06T01:27:28,Google News WSJ,Opinion | Under My Hat in Mamdani’s New York - The Wall Street Journal,https://news.google.com/rss/articles/CBMi_wJBVV95cUxNUmItdVJqc3RqSm05YjNiZ3habnM3UENUR3l6cWxyVUpyN0NPMzVGNS1GMXItY1RyMlFYRnczc1NZbFhFSmFmVjViSE1HSkEwTEVCTGllb3EzR21vaFBVMUtTOUVaUWk2SkFYUGdpb1RrazdDVnZjQlVJYmxUa2FYNXM5WVBSRW9WLW85YWZyVTNnNHpUWkRkdXZKNTB5SHQtOVBLRTAxRXBQU1ptWWwzT25OcEh5emxZTFFmdUNaUlcyc2w4RFJGSzliVlBncWlwLXcwQWVuTHI1WFp0aHhPd0ZXOHBEUFdxODJBeXpuNmFPbDlSWEFEX1ZEcmNJaWJzYXk1bF9Na0wybnVfOU0wV3AxNk9Ja0NqU24xNEdjdnhOVVBvOG5TQW9ZTGVsMFJFMTVpQXM0a1ZLT2E3TmxWUHJWVXNGX29Cd0lZNFVhQ3M2UVl4X255UFhtQ1U3XzJhSEdXNjYwTXhBbTBDcklGT0lDQ1ppbEhkdUx5REdIZw?oc=5,"Wed, 05 Nov 2025 18:52:00 GMT",
2025-11-06T01:27:28,Google News WSJ,Opinion | The Lessons of Ukraine’s Drone Warfare - The Wall Street Journal,https://news.google.com/rss/articles/CBMihANBVV95cUxORGE4Qm9Zd2xpZ3p5a1hPS3RCMlo4RUFrNW9HWmdwRFE5RXBqWFl2SlBUT1VyLUFrQWpuR1RHekxHMTZuNzJlZ2paT0RZcWgzd3ZkUmRtYTNrREVYUk44X0pzTnh2Y25CTmx6aVd0MlVTdE9OSmxkN25pdWlpQUQ2Q0tMVFcyTzNCRXpOdkUtS2JaVk0tX2JLVkZ3VWVVV3lONmc0V3dOdUs3eDVKcXFTVGlpUnlDajk5X19yOEFNcnRXS2xSYkZ4TGI0NVFxMkNZbk5BUTJEMUJlMm5sQWdUMXh6TmY3RExKQ1U2c1ppQ1hXTHRsZ1l4cE5ZSW9hQUp1Z1lJc2Jlc3pWaTByMk93TXRldFVCVVNlbTNQMVJxdmFURV9aeFI0YkdndEFlclhwZkVNRHNWeEdEV2pkYmRITlc0NjdwLW9xRGhPUHFSeF9ISFlkdlE5ZFJOTXlfVE5xelRVTk51UHM3YWhONEFEYmRSQlFGMnEwNTQtMGRlNUdoY1BK?oc=5,"Wed, 05 Nov 2025 21:29:00 GMT",
2025-11-06T01:27:28,Google News WSJ,Trump’s Chances of Winning Tariff Case Drop on Polymarket - The Wall Street Journal,https://news.google.com/rss/articles/CBMiiwRBVV95cUxPMTktc1E2REFtbk5iTmJUU2xHX0lqRzNjcHN2M0ZuWnVSVVI4SnB4d0d6b3o1YVo1dzlRenRNUmdZd3ctNDBUWVpxWTBiaWgyZDFFMEZhNm9EV20wUmNZSHVvUEpQR21uZEQ4S3RYbG9GY0gyN2p3WHJrdHJ6ZU1fQVpQbEZqU2JlSkJoejE0QzhzbDNqNkt2SW01WDN0SGR1N244bmJuZ2ROeUNVX2hQVU8yTjRMVlBHZk0zU041ZGRZNGxDRHd6NDZrbFlVT0JkWDA3VFlrUkZILUt2QzBhOERkYUdVYkl4ZENEbVhxdDE1WGVwdUFmTnM4dWJXT2hrR3BiX3VGTW5ncWJrS3JSRUxBTTNwb2RxNVh5ODRfb1hickVJM0Q1RzNXay1xQ1BuX3dhLXl3d2hHaTlpTU5fSzJyN0lwWUZOTi14WjNmOUZfWXNENGw3WkIzRXdzQXRpUmNhTURFQTY2Szllb3lTRG5XWnRuT0lIRHBkekRYZHctTC0xbE1VTW11aEZObFlFM1NKRVNBMUE1eW54YkVDOENQdjdZeHY3T2drZ0pKejhnX0F5eWhHaWh4ekFnX3ZlU0ctNlI2ejJZal9kLVlHTHRqb0hvMktUZlpncndaYjVwa3pzeW9tbEpRMndvekxiUU9fM1FYY0p0VzVNTGJEN0VZVDhmUXQ5LTFz?oc=5,"Wed, 05 Nov 2025 08:43:00 GMT",
2025-11-06T01:27:28,Google News WSJ,Palantir’s ‘Meritocracy Fellowship’ - The Wall Street Journal,https://news.google.com/rss/articles/CBMiiwNBVV95cUxQRGxIVTlBdWVLc0pzZTRlRWtiVmpPUzhJMHhWM1BIR2Q5VmRSVVE1Q19CNDVFajFrWXBqS0VKNzk3WmlsLWVZRmZRNkdTeHJMNks1eTlXck15U2Nwc2JUMTdwR2JIS0cxNlVTTG5XQmlNYVJmMXB5Y3ZZV0hRTFNzNDF2azdDS2M0UzZuc01EQ09uM1JfLWRGUkhHNWF5R25nMFpSU1JkYVNKdENpTTJGbGViMUNMWDh4QlNIMUJJSklxd2VEUTJYcjM3X18ta2txc1NieTlCdW83RGRqTi1ET25aeVJnUEhIQWpPWFhEYURCSlFnckhqV21QRUNrYWNKSFVvMFhJajNiY0dvT2o0bzQxdTk1WWtZeFU0d3ctOXBQSnlIZXZ0YlF0V0U2X1A0NURvWkFlcnhZMTczS1NTWnk2ak9tYUxGeldLcXVZR1lpSlZaQTFxcHgtd01OSzJGR2NQeldFRTV5djlWbjZDQ01QOVdoYzYxY3V2cW9MZW1STnFORUxGTjBiUQ?oc=5,"Wed, 05 Nov 2025 15:20:00 GMT",
2025-11-06T01:27:28,Google News WSJ,Supreme Court Appears Skeptical of Trump's Tariffs — Live Updates - The Wall Street Journal,https://news.google.com/rss/articles/CBMikANBVV95cUxOVjNUTGNjZFlqR282Q0Y2THRjYXhwbkVha0xiSmlTcXZ3MDNZUmg1QXRyNHRLVXNaMkZJNklGd3A5M1B5Wjctel9xdTJYTGdadEQ3WVZyQTJLRGpDMWlydG40OURVSmVhXzBCYUFiNHF3MjB0RjVFNmZ0cFFFVzBTa3RqY0hseUdsbU9fdGQycDhaU1FsRHhzZ1BnR056WGlrUHlVdExoTy1ET0FQU1JPUE1tS1drQUFhS3pfOHFibmtFQVk1Nm5ESHJvR0hKSHdzUzVfdC0zbmpTRGVRQXpHM3BuakFYS1J6NWxJLTZfVE5HOTlfV0hkSWl4TXlEejc1S2ZMZi1KNFJweXloQWNoLVFWOGhCWnhrdGRJc2hoOURGVVptakhsRG1RRnRndlZ6a2luMmUxSDFFRzJweEY3M0ZWeXlWSjhnb3BqOEd5UjlCb1RmVHpuYjhFLWhpN0x3bVVmcHI2RmlmQXlidHlCRFBtNzBMUjVlSllBSTF5TmNGbXVwSm5RcmVwUGd5elQt?oc=5,"Wed, 05 Nov 2025 23:47:00 GMT",
2025-11-06T01:27:28,Google News WSJ,CoreWeave CEO Plays Down Concerns About AI-Spending Bubble - The Wall Street Journal,https://news.google.com/rss/articles/CBMioANBVV95cUxQRnZOaEhVYnVvWlN1UktQRmZ0WU5ucWxNSHR2NmstWDNJbV9uRVktaHd0OHBlRnFQTkllSkxUMjJ5T0EtTW1uZjZuMlROd2pGbnEwaWptWkh4ZV9hNW9uSzVlVnpPU193Zkx4M2YzT1pUbHp5a3RlLUlaMkxXSXlpMXhia3FkRlUzTDJkSVFSTGd6Z0VQSnZxRjNaSDRKM0ppY0ZBMTgtREZ4UWowblVpdGhzOEZCZnV3MENtVU9NZmtuWGpDSUNnRXV4Yjg4NzlkclhTaE1BbG44MG9WeVRIckFmMzJBYnU1Z0hwdjhUYVcydGd2TjdqN0V1X1VYZjFKNElzN1N4RWtfS0xDS2luV0JoeUVSWUNFR24wN3h0RnhXYU5DVjRodkktLWdOUnN1ckV5V3U1V0lEUFk4SjFvaGcwcGZ1SUdrcklxSEhSbWgwcWZNTi1XU1ZkNFFwdWFLQjE5NUpsM2xxeXRDZW12dmFzVU81ZlNKYjE0OWxJMHduSmpaQS0yOGRTZWx6NVhzbWdGckQwRHZlaWU3OVM1TA?oc=5,"Wed, 05 Nov 2025 22:28:00 GMT",
2025-11-06T01:27:28,Google News WSJ,UPS Plane That Crashed Was 34 Years Old—and Repaired in September - The Wall Street Journal,https://news.google.com/rss/articles/CBMitgNBVV95cUxQeHJ4czVqX0tmVmpqTzlKVzNFaWlBU2d0eGN5Z0JYYzhQNlRCc3NacmhJYmhDWDVhUnhhdGVyWFBFV0tpV292RV9tZEdweDY4SDdXNGNDNnhWM0xQSVpTVjZnVlJkU01Kcy1jMDdPSVYyZjlROUd2dnI5TXJDcFkzTHJGdGtMemlUQmhidWt0ajBxcGF6aWJBbE9YSnJFRGE3OVZNQ3hZWlNmQnFfVTFFUGtFV29sblFZeWxrOFdRcWppRXY4YzR5ZFItZ1Q2azI5LTdWZVluTk1QSDlSRnF3YUJoSEExOHZrWEtVdFJFSExyUVFWd0dBS2hRQ05Vam1yMFhucmE4TzJCSG91a3lNcW1uMF9qdi13OGJjU1Zyc3J1NjU0SWhxTk9wWGx5ZC1uckVVQVlxcHhNNEFRM1RwZUhxNHR3R2R3ekc0ZUhRWkpCanBld3JuYTJYc19ObUVmWllpY3JuVmkzdjlFWTRUc3UzTlRpWFNUM1FEVk5wQ2JZcEk0bWZvMzBYNVJrLTI5Ym9DY3VBbHpSZ2ZWMkVCZElFU19BTjBJMnBSZU40QVJFNWF4SGc?oc=5,"Thu, 06 Nov 2025 00:10:00 GMT",
2025-11-06T01:27:28,Google News WSJ,Exclusive | Motion Picture Trade Group Pans Instagram’s Use of ‘PG-13’ With Cease and Desist - The Wall Street Journal,https://news.google.com/rss/articles/CBMiwwNBVV95cUxQejN0ZDdPckhoOUdWcXo0RlFGOUZHQXh5OW05dXZhM0RRbUotNVVlVnlJN0o0N3IwMTdiM3Z4Xy1MQ1RySUtWcnRkc1AwcUtzTjFkdmNRd0JhWU1iQW5oM1o1VTdjREx2M09XYk5YVVNGWUtmbjZBLTNld0E1M3Y0WnY5WTRDY1RJTGI3eFFfcm1TNUpMWWF3ckh5T1FMU0kyQTBUZlN1a3lWNWtwSTFsZ0RteFprRUE4Q2Y1NFpOQlVNUFdldHVFX0QzS1M0bVpIN1FUUUJLZlJLazQtOHhTYmN0QjVxZHl3OVZQYTdqWkhRUl9LVGo4a2lOaVFsY0JkdWNlOHRBZWFQRkdXY01PRG14ZFRERmR1VzhjVk9MQ01qaDVrQWR4VldIZ0N2bjRSTTR1QTRKWjlNY05UWUtxbWM2dFloWTg5QkZ0NU1BTFE1N2tFRElWLU10azlNM0Iyc1RRY1V5ajl6LXdXUGtOalJOQ2pPdGNSSTdzVmNzVGVuajJVaHRRcjU4MHB1eUFQWFFHd1NGTWlSemVuOW5oaW02M0lGT0dpT2lMMmg0YmtwQUxEamJiM2VyLS1UMmFjc2JB?oc=5,"Wed, 05 Nov 2025 13:00:00 GMT",
2025-11-06T01:27:28,Google News WSJ,Hamas Returns Last Dead American-Israeli Hostage to Israel - The Wall Street Journal,https://news.google.com/rss/articles/CBMirgNBVV95cUxNd3ZnRG4zdXBRNmVyMGJGOWtYcW90UGJ5ZFpMM3l0em1YVjZwbkNEUGQ4VTgzTlVaUEU1NGd5VWZOeXVWOTNLNzUxamx4X1dwRVN0RjFiUDlTTjJSMUFYbUQxQmpld2oyelFldDJPVTdSSlNlNi12aTZYRkgwRDlzRXl0Y3FvcXV5ZHBWdzBFUlN3M1J6ZEtmSDU0WFAyNlFoanUtb2JJVm1SYTlMSmtScGNsNHNMU18xN2dhak1uaEdocV8xaERXZm9yaHNYZUpxbmRUY1pNaU9GNHhJOVFHWUI1UzJtdk9WTkhFZmFJeXlrUG5YRnAzYjJnMllMNWpIejNFOExSRHllRjhCUloybGFsWS1VR3hqZWtCSHEzV0JRa21yVkpKeDRWWHNYNjNLQVpVdXZRcFFhSmFFa2Q0LWVvVG96bnEwWUlBeXRNMGRHaTZEcUtXYkcwVFlqRTdPSEdWYmdYb2NZYWhJMUxqdFZ2UlB3ZGNlM2ltbjhPeDV4SDNZUFNKZkE3SWo3VUlkY283LU5rcEtBTFg4V05pYlhoSzRVYU5obTRNaFZB?oc=5,"Wed, 05 Nov 2025 09:31:00 GMT",
2025-11-06T01:27:28,Google News WSJ,A Justice-by-Justice Breakdown on Trump’s Tariffs - The Wall Street Journal,https://news.google.com/rss/articles/CBMingNBVV95cUxQZmY0NklOTm5IbFJGN1lSLVY3Z1JjVFJPZFRkX0dkZFFUc25aSHFtMVo3WlUyMDAyMDc5RHVUeVZTejdZTWswVlNoc0kxZ25RTkZFbTZ0ODBXbEJLSDBmdFBCdlFZU1o2Yk5nck03eTdsdWdGZ3ZvVlNkNmxxZ19Fd04tTllTN3I3M2h1dG1Cb3VOdjNCemtYSW1QYmtlZ2FfSERiQXAtbHVoUUNSOWFqSm85WklLT1E3WEJDYjNiS21nd1U0V010WnRnWHppNFJILWZ4MFRHOFRLaW9FbkRSc29hQ3c4bENHS3p6UDRBZVMyRE1VUW0zWUc3eHFVWUZaSDYxVXV2RzdhaTlORjdjbTNTa0plMjRVNlZyaUEyMXNiRTAyQ2c2ejZFOFVzQ2lKZ0p5Y0hjOWNyd21rUTNESHJyWUcyTU1rY2dmS19aNG9OUjBYWWtyRkluT0V0TERsR0FDSDk2Z1U4a0R1RVZEb041M2stX2NaUXpsZmVKeU51UnZUM0xyWEZIRkZUMlVDZ2FSTFp1NThPSmtiWEE?oc=5,"Thu, 06 Nov 2025 00:48:00 GMT",
2025-11-06T01:27:28,Google News WSJ,Humana Cuts Earnings Outlook as Medical Costs Surge - The Wall Street Journal,https://news.google.com/rss/articles/CBMipANBVV95cUxOSkNmMXRnSnI0ZE1BbUw1SkRwSk1NaXdvUDRBcEdvMXdXU2RIOHpqdnNGSGtwR2J1NkZkYThjSWlTX1c4bTNfajFrZnVEY3VNUWlnNHNqblJpam9aQ2pGZG9RSnVpUUZ5WVJIbmlwbTF5U001Rmd6NkMtQjloWDlMUVJpdEdkRDZ6eXBuUnVERHZlZzB6ak8wdEtGT1AxYjY2OGdRMzVISHAweFNCWjRfZ3NUdTBTNGQwWGpTLVFtNHpVaFpaalFuUXAxQzdqdTVFeGRBbHdWVlNsbFh1RTEtVmJwbC1iLV91MFpfc29hd3ZHUUpLSWpHMmRKbUkySUdMT2lGZ0NlRUpUMkFRa3FpWDE2MFV3X0xKZG5FQjhQVVFHYVVTNU9VakxvYThOaU4tSG9tTjN2Vmh6UEJtQXR2WE92Qm5OTTRDUnh0cFZmY1k3TTNndG5RVjZ2MnVQQTBDV2V3bmRtQ195S2hVZjBqNjJZcW52RWhuUWI1MkZSRHIxanRyZXpkM2FxdDRVeDNZcjBMTXBkSHFncGtQYU9oXzYwdUk?oc=5,"Wed, 05 Nov 2025 12:02:00 GMT",
2025-11-06T01:27:28,Google News WSJ,GXO Eyes Expansion as Tariffs Bolster Demand for Foreign Trade Zones - The Wall Street Journal,https://news.google.com/rss/articles/CBMirwNBVV95cUxOcC03alItbEM0R2haZ1BBaHFYWDU3TUpZQmdocXlFeHd6UmFId1FLS2VUTFowd0p2RWMtM1VycElLWDdEaVpjRzVTUzRPX0RRZTlfclVMX2FUTHhaNnEyUU5za0pQM014bXB0ZEY2Yi1jcllOS0tSTW1kZEttNlJFUEFuTTlwVzJhUUM5VTdYZ2VCMXoxSzVFMndxYnB0dk1PenNzR3Q1MDJVVmJpT3FDVmFTNFhldm5XNllHQVZFZUJtMG9jQlI3VFR0X1FNUTNONGRUODVQZUduY0d2em5yWlA1Sm5HSE94VTFGOXZJeEtCcnJucDBYR2NNN3J6Y2hBcUM5bnNMRHUwZmkzRFdSaFJjSjZZVXdOUGgxOWRhWVdOemhWcFI4MXZoNzJ1WnYtLWdVVVJNbURCbV80VmJRUHh6d2ljbXRUWWtwY3p3WVdMRnFZZ2ZQeXB4SnU2aXVKRVRDc3AyQTFWX01kc1M4a0otOUQ5eXlXSDZSUVFLY0pSbXU1ZHdvY1U1UGpmR3dEbDJQdDRvNzVDbF9Bd0tKdVRFdHhtNWszRzJsLUw3cw?oc=5,"Wed, 05 Nov 2025 21:41:00 GMT",
2025-11-06T01:27:28,Google News WSJ,XPeng Gears Up to Launch Robotaxis Next Year - WSJ - The Wall Street Journal,https://news.google.com/rss/articles/CBMilwNBVV95cUxOWml2VGVIaUd4N2pSejVmRG1NbXhTUWdBcVc4UHNlVE81aVpyckxHM2h3clZDRUJ6eGJYa1Q2ai1hanF6MEVUTm5BRjB1S1VRMFF6aEFsWWRFZHp6a1hXZTZCZS16bjRNWTV0UnlGNU84NnJENFFqRkJ4QTVRSUxaU0VlUmFaRW81dHp4WGJpWWY4bGZOLWpmUnlzLXdENU5hMVRLM2dvQi1JUFA0MlZUTzRCZVNXOE9WcDZnbXBKUm5KVjVFQU9aRnBrWVJLM1ZaN2xRWmNyM3J1N3p4S3FXT2lWdTZKdlNCc2tCTUpfcmdkanZhNEZWNWNXckd4dWdEdmZKYUxHV0xwM1k0MG10dDBqVGVualR6aXJOdFJxaVhCcTRYT1o3bTBLS1UzRmQ2TjFnQW1sSlJKYWJONnBZTzJUNnNvZFVLZ05WMzVjeU9vWGw0SVoyODd2SVQwS3MxUlBRU01XLWtNMzNib0hxNWVkdm9NaURMOWhTVWJJZ1lQd3JBWkJ5ckVZcnNBM0pfVE9SZk1DWQ?oc=5,"Wed, 05 Nov 2025 09:04:00 GMT",
2025-11-06T01:27:28,Google News WSJ,Democrats Dent Trump’s Coalition With Three Big Election Victories - The Wall Street Journal,https://news.google.com/rss/articles/CBMiuANBVV95cUxQMDFvcUlyWlBqSF93dnFpUUNueXU3MkpxSDJkSzctdlNTWUpuZzR3VnRaNzltNEtnX0pnQmpSUDFrZ0lVcktrTVFJN0JkRFlrME54eFNDcndoTUFwVnMxcHdCMk80QldNTWdrUjRpVVQ1c1FvZDEzRDA4ZmlwM2lCR1RwZVZ5c3VqbmY2Qy1ydUkxd3JBXzROcDNkQTdXdEVqMVNwSWFjYVV4WWhDOGpUdVQzWVRjTU9VME1wWmYyOTI5OXhZdzlpelFPRV9zd0FLVGpIRGRxME1EVDRHdi02TFpab1hITXdHamxFSFdMeWRzdWlUWGtwOE5NVlR6Z3JwVkVMWmdJX3ZzdHNQTE1KcjBlRzlUZGtVRWZzakFrMXVJX2w1MF85Rzc1YUdDOUlJQ1V0TGxOTDZTeE9ybm8wNnM3UG43aXQzUDVrWTRVcXFscDBpM2VLZVZnOXJ5TVM3VFJiUXN0d1E2RnBlM0ZCSFhCNU15TEEyWUpzYXd0S0lfMk1PN3ItVXp4ZmFybjN0Y0FuTUNadGFlaDNnaHBxczFvXzZ4VF9uMHdDUElnOWJGSU1UUEEtYg?oc=5,"Wed, 05 Nov 2025 06:49:00 GMT",
2025-11-06T01:27:28,Google News WSJ,Opinion | Free the Air-Traffic Controllers - The Wall Street Journal,https://news.google.com/rss/articles/CBMilgNBVV95cUxQUkh5NjBVT1lYS3hic1BCMld0YjdrcXlwZzZSUmVFTk4yQ0wtTTZIU1czWHhhZ2lybWlwSkZSZGROeEx2Y0JiQ3ZfOGtVa3BwcTQxUUdWeEtxcmZuZ1R3VEFoMWxwdGs1Q3hLQVg3MGVUVEpBZVN3akxQSXBZd28zcDYtZmNiUlJIT3FTdXRPQVhUXzFIM2prbzBVMnFnN1Nzby1ONnRQY2dMX3ZfcWk0eEFYTlg5Yl9sUHpGTHR2QXZQQ2xNd21ZdG14T29vVTllNWVLTTlGTVBsS1dHT19EdWI5NTJaOHhZYW1Bb2lZaDQ5UEFwcFJOb0NwTzA1ZXVnbm1MenNMZXZIbnNHSG9FbnFnNHlhRUNzNTZkSy1Fd0s2YjdLMkhDOGtIajg3SHhOSG50eDc1SC1yWjBIQkI0RlhsQ0VrM0VXYmtqRE1iZ3NOU1Q1aVJtZXhfNURHa2xZOXZuaEdtQ2VqRm5jalBqcnJFWjJWbm1STzY0U0hwcnRnVnFjQzlsQ0RGRjlYMkVQV0xPZk9n?oc=5,"Wed, 05 Nov 2025 22:59:00 GMT",
2025-11-06T01:27:28,Google News WSJ,The Economics Behind Zohran Mamdani’s Biggest Plans - WSJ - The Wall Street Journal,https://news.google.com/rss/articles/CBMilgNBVV95cUxOaXBHZ0FoNDJLSXdlaWFVdTNQRWw0M2NReHpaUHJ1VFlkTU5KcWpxdTRmMlNlemNvdkNGX0VpbzFsWEZ3S2VpekJQTEdiUEZPanBlRFU1UzNlZnJKUXhaY3R2UnJ6ODZyTTNreXdkaUVUU0xOSGxRQ3RkZDRmbmhscVlkWElCamcwMUxsdnpDR09WM3p0ajZpaVFCcVVhLWZXRW9ScFJJR2E1ZXpnSUtkRlUyVXE5UjZ1SWhtRG41RG5Ic2VIeF9DREoyQ1dqSHV4OUpoNlM2a2lDMnNJUERFdGxUTHlrYUV3bDRLcEI5R19ONWcxaWRKN2FMU2h2S1dldGFCSTZIdXpJdVNZU0lwNE0tT3NNRW1aYTdEeHB0dVV4ZjFQS0k0azFXRUwtdVNPOXNwc0xQWHdwaDlGLWMzY1RzeDIzMkNjU0w5TU51Qi1rU2gybkhsaDMtNktta19kMXFTQ2MtalY0YmdkakpoZVZPRlhPMUhILU1ZUHZsRFoxOFh3bDd6N0t0UDNKZUNFZ3l5Uk5n?oc=5,"Wed, 05 Nov 2025 17:21:00 GMT",
2025-11-06T01:27:28,Google News WSJ,Starbucks Baristas Authorize Strike as Contract Talks Remain Stalled - The Wall Street Journal,https://news.google.com/rss/articles/CBMiyANBVV95cUxPNFpETVdId0o5YlQyWERIZlNKTVctV08wRWRmS005ZUVHdW5WRXI0cHNROG1ib1lPQlVPVkpjVDBSeURSX281ZVBHeHFHUzhfTFc3eWNVblc5WUZuQTlXcHBqT3k2N08wZmVrVkx2Ny1nNGt2b0phMTJGOGN3SVFqNkdLcTAzV1hIa3R0dmV6TDRkWEdUOFZXSFhLRzk0dktSV0hMQnVyMmxLRkJlUGw3aDQtQ3I3aUtZY0FtYXFpSnpsb2N1R3RsTG1FOTlfZW1NVU1SQ24wbGpObmdqdS02OXFUSi14OW84Y1NWaVZzMFJXSU9fU1BRdkxZbzdnaTgwcVhHeERGQnBrMkVQMmtlM09MZmJUcllIa1k0SC1GdGVWNHEyX3VRVGFtOHFYdTNzX216eGs1dFM2YnVJMkk5ZmhKWXo4TmxfZHhPd0ZaVEp1Z0lnQWxSSWpkalU3SmNzT3pQUmVyd3RRaU1yNTdGZTV1azNwOFY4Q3NSV3RWd0ZKMDFkZXpDU3F5X3JrbnllTkhZb3V3clFRcUQ1eVlFaGdvb29ubXRyUElmWGJlU2ROQzM1UlhkS1JXb0RsMmo3WVpWalRrelc?oc=5,"Wed, 05 Nov 2025 19:56:00 GMT",
2025-11-06T01:27:28,Google News WSJ,Opinion | Kevin Roberts’s Useful Blunder - The Wall Street Journal,https://news.google.com/rss/articles/CBMi-gJBVV95cUxPMGFNdHNiS1NqZHVSTXlSb25FUnhsSU44Vll4MElENG94NVcwTXdwYnBoRUV0d1dnaVdYZC1BMWJUWGVkRGN4YWZ2X0RRNm1oYXR0NGsta3dTQUZjcnlxSHVLWC1mUnhqaDh6YWtrakQ5WXBmYnpGb09JVXdFS3p2UnNMNm1mdXhBVXVUTGI3aE4xUkJiekJGS1Z3ZEk4VDQ3cTlERmlLOGN4blhVOW91YWd4VWtRaDBWekI0LWU0WDFNVzhiR0RHQ2Z1eHMxQ2R6QUJGVlJja0xIMk9HbFpra25LbGs1ZGk1THVYcXViZUl3TmNHZ1BZRS15X1Z2QXdXNzRVTUdNRnEtWmU3djlZcV84TGljVXh0dnlRN1hNdGllOExreVdvaXNfOV9TQ01mYWdUVGhSa01JMi1hMjk0VWVmN0FmNEhvT3BSdUFJdUphemY0NDJMSTRjeUxhX2hXR2tNaWw3V0FQb2ZWcWRNbHhGamFQMDVBbmc?oc=5,"Wed, 05 Nov 2025 22:02:00 GMT",
2025-11-06T01:27:28,Google News WSJ,Half a Century of Andrew Cuomo’s New York Comes to an End - WSJ - The Wall Street Journal,https://news.google.com/rss/articles/CBMirANBVV95cUxOZDBXd2U4Ni15VTltWlhHczY1b2RjYVRKMElwazM4X0p5ZmlEU0N1SlNsTzZWbEw3Z21kenQwM1RMYlZJUm9FY1hnVThWR3NyY0hCR09vNk9fUzk0TFBueEhlUWlTZF9BZVZ4UkxkNWZrZWF3cU1oRm05c0EtU0xkVVoxZkxFT0F3dDd3RXB2MWV1THpEdWdlM3p3VzU1MTQxdlhXaXlaZzRqTzRXaEVRLXB1b2JQRXJGSG5tVkZxeUVtalNPVlBucm9neldnSGp3TFNKdDR4T3ZSMnBySFROWDVuOE91UWN0RWtKQTVRRE9QU2NzZ2pTUklHOHpBTXJ6MF8yNHpsRVJBaVJSa29jc2xLdTJtek1lelVfSEswNFBidWRzZHZOSi1RZTRJSk1wLXQwcDNTT1l2MEYtS0NzX3FXZG1kRDhXZzZIYWtpM0hLdFRNR01BeUdEakUwUnFMc2VoSDYtd2VGbkY2akpnWTJybldseTFZUDhJSjFNOTRjaVZ2TmM3ZWlPSTQzWUFWaC1yXzVpMkcyRC0zNXVfa05iRkNocl9CWFZYRA?oc=5,"Wed, 05 Nov 2025 04:42:00 GMT",
2025-11-06T01:27:28,Google News WSJ,"How China’s Chokehold on Drugs, Chips and More Threatens the U.S. - WSJ - The Wall Street Journal",https://news.google.com/rss/articles/CBMiqwNBVV95cUxONTVNLXB4MUp4UmlNVHZ0R3ZSNk43RmpPeUZPelFWcU1jS2dhdEFUbm5EdU9MblV3ZFM2Uy1XUDRIaThOeGNfMEhFTlhUcnZWdUZLc0tXR252dEV1ek1qZXR2SzJkVHMyb3RDNVltSmNCUlU4OEVIdFNYM09WZlVaTnIzZXpnT3hhWWFlc0JaTjV5TFE3RGF1X29UVzZhTUZMWERxbURNREY0LUZPcFpZc0tNQnZ1TjBoTFBLcE1jbTFWTndsd0tBemxvdFd4MHVoQlhCd1N1YXgtSEV2NnJ4LUc5bHlIUzYtU2x2MmFpSE1TTUlLblY3enFQSkVKRVBFcjdBVzRNZW5nX3o4SHVOQ0g1NFVpMTRWOGQtV3VDVEZkRVg1S0RHamZfNnNTaXNHYnFrbFZoOERJZmw5RDRQMm1tQ1BsSEhSUHJ5czFTcXIzdmgtMUJZTXlIV0QzODB3aWdnTGFaR25NaXZFZFIzWHBSWlFjM2pZaEFPM1Y5UkxtSmM3VkxwZW51ZDR5RWw5S2VQSFpRM1JCdk9yMUpac2FOQ2dad0xkeFE0?oc=5,"Wed, 05 Nov 2025 04:00:00 GMT",
2025-11-06T01:27:28,Google News WSJ,Exclusive | Trader Jeff Yass Is Giving $100 Million to ‘Anti-Woke’ University of Austin - WSJ - The Wall Street Journal,https://news.google.com/rss/articles/CBMiwANBVV95cUxQWW01Y0FIRWF5WndWMVVPR3hWUTBIaFlTTmVSTkdBbkdobndHNUVVazdUbzhRUV9HUHgyd1pxVEZWMUY0eVVRaHZjbXNrazN3VlJLdWItX3hKc0hwbzBPYWFGVGVvbmROM3RDX2NEbzF0bXhtYUdUYkM1Slk2TVpBc3hyVVZ2bXRsdm15eHVMVnJzWGlFM0E5VUhJS0dlUTdZRlNScVIzaDhrQkt3bDVXaHJEWUQ1TTU0VVVocVpUVlVSYTY5dnpIVFUwbFFtTGZSeERZUVFLMWtsSXlmaXJlWWNwSjNhNHQzcUNvSTBlQnlhWGNZQ3BRR0xjV0JZQkU5N1FVaGlxaXZzMjhSSWNfbEdpM05MTUpUdzFHX1RVbGNLS1B6WVFoZklpQm1wNURlUVdkRnhDaFJ4VVZEek9uSG5hdmVWR3pncnRuWmpyTDVLSXVFbzlOdXRMUXhTbDh3SkVpSUhUY0wxZk1GV0E3S3Z4dGI5RVdaenFfQ01ybkVHUWtLNGFsNHI5V01TSHV0OC1zekMzUmJiMWlPU1pxV0doRTliX1k2UnF6WDktZGFBeFBhQk96T3RjVHRxNnJH?oc=5,"Wed, 05 Nov 2025 10:30:00 GMT",
2025-11-06T01:27:28,Google News WSJ,Wall Street Couldn’t Stop Mayor Mamdani. Now It Has to Work With Him. - The Wall Street Journal,https://news.google.com/rss/articles/CBMivgNBVV95cUxNcjNPYzUwbnNfYThIYnVjcnRqbC1oZDBndHhmeDYza1EtUHMyb2V5a1dDNDFrTnJKaEJJdW9pQnJmc01DbzFaVUc5VWVIRVBNMjZvQXN6ZW03XzJZWFZtX1dCV19XUlFxd0p0VVVOS3lJTHdvOVhKVTUySEF4MFgydC1CZG5IZXVZeVdibHd0S1MtN3ZYTGtmaU1jR3JQaENxVk5rUGw1ZER6dVJZbU10TmtxR0tLZGJEQ1E4SnFDZjVteWxYMmVGTjN3SktBWV9hZG9WTGNXNlEwdkcxMmplVmFGVjlCblowZ1pHeWxENFNPOFBqazEteU9kUHZBT3YyZlUyMFQzMnVuaDFpZlVScjJEaVpwRW9JYVRNRkY1ZUVRTDB4am5mSGVGbUg1dmlwSmJKLWd6dll5eEFoYlJkencxYWtFZUJ1VEQ5TDBSZGtHM2I1aElmeVRMSVFuSEp4ZGFSdWpPTk9jdGd5STBPR084bzQwWFRtcGRhQmdueFhxX1dyWVpQUG1CaVdfa1plZkVHMUI3UFYxb09ZRVh2WElTaTNSXzUzQ0RWVURGelVxMWhQZjNNbERSODhYZw?oc=5,"Wed, 05 Nov 2025 05:03:00 GMT",
2025-11-06T01:27:28,Google News WSJ,Five Takeaways From a Good Night for Democrats - The Wall Street Journal,https://news.google.com/rss/articles/CBMinwNBVV95cUxOZi1udmgwZDZXNHFBNDduNExBWHdRU3Q4UVV5X3lfZ2wzMjd3TFU0emVjS3c4Y19lWEFrQmxVZUxrTlpWdWN2ZWxsa1JzVEwtb2FtYldNaUtsdmEtaWpaSXNSbjRzOWlhelY3OWZxRnFFQTFQNm1Vc0VFZ3UzMU55ZmNrWlVpdk1hVEIyeHZ6NkFzVWRHdmFtZ3ZFVUdyQllTWExidHhRUEJIX2xfMUlVQmU5N3ZYdHRqVGVicDBtMVdRTkIwbEQ1OWNWcmM0ZHgzaWpwRmh1bjEySzh4azFuazRzYXMxR0d1dTd6R19QUk1tMTRxUlVyYU02Um5XVTZWWmIwZktvUnNTN2QtdF8xMjBCWng0SHRNclM4V05keTNzb2VqYTJFSXlCQmdqc1liU3ZpeXdOT0dlelJXeUJFRG45NDFILWJoMzdacGZfMWtLTkxIWEd5ellQd2ZJTjd6T00xSkxmcXJjeU43ZVVGVkVuNmstNG5xOEw3MjljWnVIdEh1MHZaZ1paTHhBVVpjaVNRMURZN0VpTVhKU2Zn?oc=5,"Wed, 05 Nov 2025 06:34:00 GMT",
2025-11-06T01:27:28,Google News WSJ,U.S. Markets Stabilize After Tech Rout - WSJ - The Wall Street Journal,https://news.google.com/rss/articles/CBMiugNBVV95cUxORlRDb0tSNjhmcUZZOUFQeTdJd1NRN3hEREVuTzIzc2pBbXZLZG12dXY4MHg4NVZtWlgzdUtla09KOXlrSW5GYTNmalJCczhhclRUNlN5bTQ2RGFYX0ljUUphZDkwVUlqY082XzlMVGdoVHVVMm5POGwtNmsyYkN2MFQ4aDBseTdKRkVtYzBEV040NG5hRzRaSlFCeFFBNTM1cnlIUFdLSDBKRkVWNGJ5c2s2NldydVNUMEpiYVdCOTVDQlp4cXkybnV0X0V0RGpTMV9zYWdoNVd0UF9oNWNlZGZOVkdYUmlqM29NVkRINVRVWElkRlluUG9UdHJJRk9KNW1TNHlNbU11LUFNeGNmU25HZmFEM3EzTm1aMWNGYmFjYVVWb0pha2VQT2oySW40cnh0MHZCUHA5cXBlV0RIVm9ZMF9tZHEwTWFiQTNCRl9HS0NlYW1jeWhpNTVrWmo1WWxPZ2xadWUtUW93UW1DR1ZjTXVPX0R2Z2doT04tZDhCZlpZREJRNUtnb1F0TEx2b2E1WlJWUG9TeFFHY004TExaakNDQVZERnBkOWFaSkt4Y0NyY21wR1Bn?oc=5,"Wed, 05 Nov 2025 21:33:00 GMT",
2025-11-06T01:27:28,Google News WSJ,Russia’s New War Grifters—‘Black Widows’ Duping Soldiers Into Marriage - The Wall Street Journal,https://news.google.com/rss/articles/CBMitwNBVV95cUxNRnBWekZhZU1OLUVPcVFLUGI5MEdYZ2wtWmF2XzFKVTQxSExyS3ltUTBCa2s1YWVIbnB4QjhnUkUwMDY1MUxaM3p6YmkxcFdfZkZiMmJNTVdhbTBiaVFoa1NyYUhyTVZFTlNGeFZjMlk2Y2ZxSXFsQXZLc3M5WGh5UU1HSUpGVVBzX242YWlEdWJpSllpb0RGRVBCMWM5Q2pnZDdNYnpyQTk2czhjVGkyaE91bGxHendlMFoyaHhFNUVtaWp4bmoyN3h3YjFIOHpsMzN4bFR4a2lvWEk0bFc4dnZoNlVfS09wTURBRlNIYXBRVmJfY2s2dGpQLWgza0ZvQVVRS094TExyeUpfVmFBMnpuSG42b1N0dndFX3FyRDlIcFZIUWNRYThOQU04dEM3eWs5S3VqdUVBUGl2Sm1yRFEyQ3E0Qk9Ia1BvWnNsVTI1VjBHYkp5YjRObzU5c2JjN2M0bTVQZzZ0c3Axak8zakZaaUkwYWlabURhNmJLUkY4MEhQVkVTdHJJaUZpd0lkVEI4WGNiaW9WNmpHXzZnbHlyUWVzMV9UYVkwWkJDS0J3NkJ5b3R3?oc=5,"Wed, 05 Nov 2025 04:00:00 GMT",
2025-11-06T01:27:28,Google News WSJ,Zohran Mamdani Wins NYC Mayor’s Race - The Wall Street Journal,https://news.google.com/rss/articles/CBMiuANBVV95cUxPZUVSWmxVaTh2TmdSRHI1WHI4MXFGLTZNTXN5NWhoOUV2NEhvWTFjbS10MEgxeXlJYnh1Y0JUSmJmeUZDTEpFNjI3c2ZBM0xPWGNZZDR4OV9aUTZYSy1XdnZJYVE3QUp0VUhMNEZ0aEJMZkNWNjRUOEZkT0lYbGg0TUplUXpRUkZheEdqR2FwTHYxcTJ3cWFINzN3QjB4RmxJMmFDZHpxWnRSekUtQ3JJRjc4Uk5MTW5nelY3QmJpbjVnYnItNWs4Q3ZLcHlpN1JSVnVVV2VMTTl2QV9FaVo3bjVyejMwbkxSakhjc0tCQWRhZ2loQnRNaUlXN3FWSlVJaTJvV0ZDZ1BLNmxrQU1zblBoY3p4UDJyQ3dTTlRoSjJtdmM2MHhwZ3dpWFVoWWlnNVdYSTV2OXI3eVJKdWtzcWxzWDRFbjhMZFYwb1pDckp1NWs3OG1uWHBELXZyS2NiTzRQeVZ6T1hZMUYtRnVEaXhKUTcwWE44VGlOSUo0TWNGWGpSOWpyQ2xFbWFsbDR6dVlaQ0RTMWRodzFoa2dDbWhESVpFb1A4bVNma2Ixb2VBTGM5SkozVQ?oc=5,"Tue, 04 Nov 2025 17:37:00 GMT",
2025-11-06T01:27:28,Google News WSJ,BMW Says Demand Building for New Class of Cars as China Issues Linger - WSJ - The Wall Street Journal,https://news.google.com/rss/articles/CBMivwNBVV95cUxNamtrQ29DcDIzdzN0QWt0NnVyM2hpRkNvM21ORzdsd3RTeTFCaVRTMjBieE5TVHY2WGZPdkwtVERVdjNudDlqWGFWSFBiV0llTGxvazdocG1JQUtuek9ObzB4WWF6VVVrWlFsNzNyZjdaVlk2aTIwS2l0SkJBNzdZNFVZYmJpVm1ObmdVQ2c5Qm1MWTVaQUN5Ujg3S1hYelptbU5nNzcwOHRrWnliVVF1R1pBYmtWdmYwMzY0NG1ETEUydlZsdElaZmdkc05DenlFelVqa0czZkxiQ29uWS1ISFJkdjdKd3Jtbm5KMUxnbTNBc01peDFaNEJFNkFwNnJ4RlFWbE4wbHZqZnd3Rk9helhvZU9qb3gwSXBSSVdLWGRNdUxwSWVyYU5qYkZwQ0VaUDMtU2lRUVcwQUI1bHhTSV9kTTFVRTJaamsyVjlNVTVSb1JTYXB5ZzI2X3VsQVkwdHJOdnhveXZ1SzZuLW03TEpxLUhiampPNFBnQ0lZOTVQc0dxSUx6VkxSM0M4aWZtMTFKdjVSb0g2V3N0bjZIQ1VxT1hkZnRIWFRCbmhPUzdRbU9ySHF0S185eWE5Q1U?oc=5,"Wed, 05 Nov 2025 07:08:00 GMT",
2025-11-06T01:27:28,Google News WSJ,Palantir’s Market Value Skyrocketed. See How Its Revenue Is Still Catching Up. - The Wall Street Journal,https://news.google.com/rss/articles/CBMikgNBVV95cUxQdGFkRXZmUUNrRHRNN2tfSGtlYWt2QmNhRXBxMjdLV0FBbW9hZGVSaXdFTTZVMzVVYUpHTFVEc25HQVMtTDB1VWNVMDFUZXNEN01nNnB5M3g4UVpJVTc4Xy1sZVpwNUx5UnozbzgxSE1Gc04tWnVPcVZvMV9SeG9CbmdMbG14YWNCS0cwQngtc01wcGlvV1ROWS1WcHFwUDhUZmNGQzdneGI2OUFMRzEtNl9PYk42dTlOQmNpU0NlcWlRZjgtUmpSMWdoWHNiZ3RvbWNSN2FIMXQ2Z1M5aEpTWUZvU3NlRm1JLTZEYmtBeEo4THpDanZyYTU1dHBBU0ZHMjNhbG1Fc1lFY1FmRndpZjM4QTJnemFUQzNIVjV5RzFpU2Iyd0szS0JrSEc2eUhsS3lMY0M4M0tKSF96dXpNU2Y3SldLcUdnNXdHZDlKU1JMakNCM1daS2ZWVkJ5blplYTdQNlh4bGdfZmtYYmpCZGhIOE1mRnBkZ1NvMWw1TUFMb0o0MG9LS3NRMHVKU3A5OHc?oc=5,"Wed, 05 Nov 2025 03:03:00 GMT",
2025-11-06T01:27:28,Google News WSJ,The Voters Who Propelled Mamdani to Victory - The Wall Street Journal,https://news.google.com/rss/articles/CBMimwNBVV95cUxOb3YwNkNCcXcyTDJkXzlBNXFwdUhyTzRIWGJRbEcxRVFCd3NjTHc4SkdYOExDeHhBZUxFazNuVk1FMjdaaTdKR00yT0U4ZXgyYk5DaFp3VUwwOGpRSEIxU3NSc2liU1Nod0JJbTlCeW8wWE9TQmJVWG1rcFlLaDdJNnk0OVdWZ3ZWMkUydkp2MTcwWGcyRVE1a2dxWE5DM041YkkwQlJKOE0tWFlaLUdTcDBSRk1URV9aNFN6SjJQRW14Y2NBYUFDUUJmRXlOZGlYYUtrUmFScldtdFQybzZuQUpTc2hYUnRBMXMtc2RUdHNxRE5CSG1QNWpZeXg3S1BVc2pOMFd6X3FyNnV1QXJOaExqWWxnYk5oN25VbVU0ZmdxdjZyT1dVUzdJZDVwZjRyWXp2RXZyNElRc182eVZaTnZ3NEoxangxTm5zS0NEc1F3RGVkeVBWVFdDd2t5TDJhaXpTXzVZN3I4ZW91MkY0c3o5a2c2blRYNUM5VDYtemxIaHpTN20ycEVWbnF2eHp2VG9lRjFQT24xY2s?oc=5,"Wed, 05 Nov 2025 20:10:00 GMT",
2025-11-06T01:27:28,Google News WSJ,How New York Developers Scored a Victory on Election Night - The Wall Street Journal,https://news.google.com/rss/articles/CBMiogNBVV95cUxNdFotcW5kd0Y5WHhQUXpCZnpkeDRnQTYxb0pIQm5JOFhLMXBPUVFhSGlPNmsxeGQwTE83ejMzTUU3TUJyWTV4bXVKb3U2TVFiNlk2NzRfQVEycVNGUVZSWmRMcmpqNFJnSzFkbFk4WjhqelZ4cjd2OUYyZkk5R2JwT1k3eVh1SFhFR1IxbUNONFZYSUc0aUZMY2NLUGFVYm1ZLVVQOWFIay1XSkZLdGQ0T19IV0F5d2VpR1djRmRLX1pUZzZzdzQyNkdTTmtsSWg3UkIxcmJKRzRDSEl3RnV3SFBFcFRXZGR5NFhjU1hUVk43OUJYSjhnelQ2N0Jsd3JURThnc3NzQTJMZXBvOTFaUzVyLWVoM0ZSSDVCUkpXdHhPcVNDS25EY0V4TDFXb1RROE1IQ090TzFaYlVtSnRvN3d4amlQcFlGYUZ3RTJRUUhsVDdQd1RxWFFSWDdqdktLMUxQRTB0aXNyN3hvZl9UOXZndXA2dnpZSUMyTlJLTmszZnE0QktBTWphMjFnV0NpZkJhdHE0WFZBRTBxRE5oWk53?oc=5,"Wed, 05 Nov 2025 16:26:00 GMT",
2025-11-06T01:27:28,Google News WSJ,Opinion | Democrats Start Their Comeback - The Wall Street Journal,https://news.google.com/rss/articles/CBMiswNBVV95cUxQbzVucW1xMnBaemVyQlJRQThCQUY4OEdhbVdWNDV3anNNMEhUT3VvbVB5MTZSMkJOTnY4OW1ha1RQeUVqMUFGR0Z2eW1HUVBxRFZ2VGhoSDZ4T0o4X1dXN1R1a0ZvU2RDa3cxcXpVam1wZlRVTDhNWTJTYW41UjlPbmZMaFpobUlzS3FlNVBjY21uaU9Sa1JLMHI5c3RWd2VyV0FodXc4LTE4WkpPcGtRVUpld2NiNUdtVlJjb0NFdHdzcDNYT2ZfcnlOaDJNX25ERzZXYVA4bk9pSkFMWHNwTFduMGFkNjREZDEtVFhZTXR1cTFyb3pvRDVaNUlSSTROT01aeVRtVl9hMkM1OXlDWm5PeUwzSWQzbzBINUNaRHZWeWhRbHVJMWpMV0ZxVDV2UWxnUUFwb3VqQUNFTnFlVWJMWURFd25DQ29CdlU1XzZTbzR1cVdQNUdwbUp0cTIxSGUxWFFfRzZPSDBNZ1dXYW1pLTV1VVpGalhTcXBhT2RRQkRsOHl1VHFVV1Y4QXlaSUlIVU1XN0d0bDR0Y1p2c190aTl4ekFabGRkOFV1TXRQNzQ?oc=5,"Wed, 05 Nov 2025 14:55:00 GMT",
2025-11-06T01:27:28,Google News WSJ,Opinion | Operation Warp Speed Aimed at Covid and Hit Cancer - The Wall Street Journal,https://news.google.com/rss/articles/CBMilgNBVV95cUxOeFRDSGpYbzExLUpSZ1V6ZnFiRGduQ0tEelp0V1dhVmZfYkpqU3pySlMxWkk5VHVMQ2prWTdxRVc0bHc4UW4zZjZJRTZfWGd1VFhlZi1wQ29wQUtTZy1Eb2FvazZId2JfMUhaaXFzRVVKUkxRX1lCbTcxWWVhbDVjc04xeEhmck8xZ1RlcG9LTUxOWkoxWW1Hcmx1NVRtM25EZy01T2VSa1I5SmhwMXdZZmhQRXVBdkNlTTN4ekpxSDVJUmpvTlB2UlYyQW14YTR5NUtfeGZod3ltZEpCUTRWSEhHT0MzNXhDM3JBTlJDOF9BVEJKVk9lbnI1djJycTRDNDVodlpub3hycjhETE5VYm01ZGtKV3liTDNZalZsaWVmZTRZb3FlQzdaemNXUEZSQ2QwbHhHTmRxU2k4NnBTRktoOElKNEpkcVZJakdzdUJkZF9WNjVlSzBtRXdtcTBOa0pqTl9FNHVJQWdGalBhVjhob1FQZFVtVzUxN3dRRDdLR1hIQ3preXUxc0c3dV90bzY0LVJn?oc=5,"Wed, 05 Nov 2025 12:54:15 GMT",
2025-11-06T01:27:28,Google News WSJ,Opinion | Zohran Mamdani Captures New York - The Wall Street Journal,https://news.google.com/rss/articles/CBMikwNBVV95cUxOcjg3dEZiaFUwcnpYR2x0b1EwY21VLV9sTmVGT2JnY1hKVmo3dGNzSWVuQ21vR0EtdFNrVUVXUUNZM3BBQ2tRRzdNVlpjY0diNmNzdThMMGxRZGhESldNQWhweFNWNmZRdHM3Tm8td3hxR1hVNGxZc0pIZnA2NG13X0wxWThJMEJjT3JHNUZsdGZ1cTlEc1RFc1BVY1pRMEo0ZDNPUUY4M2ttaWFSUHByc2VvLUQtSnZOSHI5LS1RV1pQdFNNQ2l2TWpsLUVuOElFRjQ4a092T21sNWxMcW9TS3ZyenlxdDlDZWJrR3RpMURyNENpTFNvMkQwMjhOdEotb0tIMjRYaHpNMkhHdVBVWmphOTJqRnppcEdya0lpX2I4ZzRPbkZGSXpxV2lONjRMVzRCWFBtQjU0MzVadDZEYTV1QzRoTWdQNEhpUnl5VG9UM0o2LXBkMUlFM284NlZwQWM3dk9lNUtQT1M5dDV1ZVJ6QTUyRXRxWnEzX3ZwamxHdW1NTTBBZlUxVlM1Zm9SVmRZ?oc=5,"Wed, 05 Nov 2025 22:42:00 GMT",
2025-11-06T01:27:28,Google News WSJ,"France to Suspend Shein Sales After Finding Childlike Sex Dolls, Weapons - The Wall Street Journal",https://news.google.com/rss/articles/CBMirwNBVV95cUxOTUhqUjRFbk5IeUZlT29vMWoxb0NYcVlqMl9yU244VGZEcGxUZVYzUUVQS3BMZEcteWxCdk81MHY0WUdPRXpZYmNaUks5S3R6ZGVJUXY1bWVnN1FOcE5hUHJmSHlaSm9XTEVBeGxQV25yOTVTRjNPTFdhcXJOTVhWTGJ5aTdLTURRcktheDJaMjVuSFZscTJ2c1M2NEJHOHZJUktUcEgtamZuQlJZQm9UcFV6anFPdWVRMzdJbHRMSkdGWVhWS28yaHNsUGdxQlBoeTBnNXkxR1o3X0RuckN1aWNZSzNFRFBJU1JhVm9MVG9FT2d0U2FMZWg1YUV3QkVnempXekFTZlFtOVZvSENXSXJib0NGdlJTSkdtTEljdnU4Smk2TlBGWm82U0F0TGpLM25ERzM1N1A0aTkyWlNmTEt4R1JGajFNX0JuMDRsd051NWtnekprWlE2Nko1MmhQMTJmdzRlb2NHMTFPdjJ2aFUyVy1TS0xxUlBuTlFpM3hjNUo0WFo3Nm0wa24zYnVxYWZwUlFmV0gweGxHS0xsa1dFS0pIcGhKX3ZtcEJXWQ?oc=5,"Wed, 05 Nov 2025 18:39:00 GMT",
2025-11-06T01:27:28,Google News WSJ,The Grand Egyptian Museum’s Astonishing Arrival - The Wall Street Journal,https://news.google.com/rss/articles/CBMiowNBVV95cUxQZThlR2YyOW02LVN5WW53UG1uSVZkWnM1MldWckdYSnVwVDRneThrY3V1enV6Q3ZHOUVjeTJnbXNuMEJoRkhkRGtOVEY4b0tsMW1zUTlwZTZGRnVDaGtVR2xOanl5Uy11ZHhzcUgzSVFoNWFTekxtQXJoUGt6NjVIZXVFV09lOVlORVozU2Fyd0FHT29ETkRYZmV6UmpjUFY3RWppakhFT25oXzVwd09peUQwNGNhNkEzU0R5SlFBMEpmWTBkYUktSzFRR1VEeG5lRDZ2aUdDdzY1eV9vcFhEcnpuNjByN1JyVkVHbnRIbC00TWtlQkYyWXVPOFp2LXdiZ1dIVno3N3dyRXdSMmJTODlVblA4S3hiMU40NWtxM1RMLXR1aWVVSjJLMkJkbGVILW9NM0xIbjg0UkRnclExQno0d2k1MVZrUTQ2Z29nbE9DQ0M5bnZZdWpHUVlEUS1nN2twT1YxMTJaM0VzckhFZEV6RWNYWmRtdUlySXZFb3p1a0Vtc0ZhRENvV0xoc3FBT0RwMFdULVF2X3ZDUjkxcWZQbw?oc=5,"Wed, 05 Nov 2025 22:06:00 GMT",
2025-11-06T01:27:28,Google News WSJ,Opinion | Notable & Quotable: Tucker Carlson on Pat Buchanan - The Wall Street Journal,https://news.google.com/rss/articles/CBMikgNBVV95cUxNZnZLX0k2U05GdUZiYmtKV3VsT191a3lBUE93d3l1a2lSSnlDcloyRjF6cE1TZ2JYTGJ1LXM1eHNNOHJXekMzbDlQWkEwVlE2eVJBWjQ1REg5OGRTanNYNHJIdlNuMXpoRWhpUGRpeHp1M3RDem9WbTdOYlZOWXFJMlllVHVZRV83SWtEYjBOUkI4TzgxVEt6NV90U2tnLUdYZlNRYlZGT0p5cWxUemZyQ0haMWNiN19oMFZfNXdqTW1Dbkt4LThpNEFYNENoQjd0QmRwaFdSR1VKNXlScG9PREJWQV9oUHpPaUJRZGlRd0ZxN1FfYXI0dDRMS0xfcXFVWVg5T3RjN3kxU1JlRXFkR0YtcW55M0ExSG5TNFozbVVKLWRjSWVrejMtYnk3OHhoZF9zd3J0OVBNX2hvUUxqaFkwZzlGaXpreGt4UGdxUTNrdnZidWMxR1JTMGdoNDIzd1ozWEZBWDQ4cW01NmdZdGdNbjNJenJqeVIzZzBmbHVVcG9famV3dkZjd0dsWW5JUkE?oc=5,"Wed, 05 Nov 2025 19:54:16 GMT",
2025-11-06T01:27:28,Google News WSJ,Ozempic Maker Novo Nordisk Lowers Growth Outlook - The Wall Street Journal,https://news.google.com/rss/articles/CBMivANBVV95cUxQXzlpVVhoRm9XMXZFOEFuOEhDVDNHUlczTWxaVWtVbHJCYnZ4SlpTLUNwbkIxR2xUSVh4SkE2T2RJTHVzbDJCeXA5VUFTd0FWd1hma0FKaXE1U3N2cXRyRF84WWdDQmFQMXNBZjZIVTRkNnVXRl8wOUx6bGtUaFEwRldXUjRZZHJmb0U2ekhVandqbjItWlpxRFFaeXhmcUswd25XNVFrNkJuYlFzNC1naW5RZ3dRQWtWVU10UWJYYW9LaWNBRC15VUJOaWM0cW8yczl1eXZVWEViLXExZElhMmYtbGp0NHJEUlkwdl9DTGRWOVhWQWxhbTM5ZFQ4UXFUNkdfUHJabDNWd0FzTnN3Q2ZHTWJiZXRqMEEtSlpKcHRuRXg5NG1DdVlvNEl6U3Q1XzRycndhUEVHYVFIa1NlZlA4UnBncDBqMllNOVZQbWJBU2d5Yi05a04xUUtQemh5TEVTX21mdFM5RGw5b2lFRGJxMW5MYnBCZ3psSVhEbUhzdVFuclpHV21tU0ljUTB1Qjh0M3ZQdkR4ZmFheHJORGdmT2U3dXFfemlWRVhuRXljaEtNdFBEMVdLc2k?oc=5,"Wed, 05 Nov 2025 15:43:00 GMT",
2025-11-06T01:27:28,Google News WSJ,"Death Toll in UPS Cargo-Plane Crash Climbs to 11, Workers Still Missing - WSJ - The Wall Street Journal",https://news.google.com/rss/articles/CBMiggNBVV95cUxQdEE2Xzk5dm9aMmVmSlBzSklvQ19DMmhEenItcW1zM1pvWlVCTUFCa3FkSjZkbjRYUE01M3Z6dThJTll1RTR5aXhkVmJidzJfc08wN3FzUjN4bWozdGFCX2hLNmpwMkxCUTQ1eVRyM1N3NldyblkyN1VzeklOWE5ZcW82VEthTndtY09sUW9VVllHM0dDQWhQN3ZxYkowdVh6U3ZpMkRxMlhKQzk4SlFWYnh2TTRjQ2tkM1hBXzdDZXJwbkZOS2NxZUpIMWxXNF9EVDdHelFfTXhBX0tNU1RpRUZTaGM0UWg0czgtUUpLS0NSdWdSN2FQMEhqejh1cEEyYkdSMTlsLWVKSHhfNWtSME8wWWlVXzlPRlg4aHVURWxTalo1RmppdkJaam4yVDNCVXJLWDBoWlRVMWZab19IRkNlWVFzNzhZOHhfZU1MUWRlNDZpSnR5enhoeXBTQlN4bUtScFYxTG1KQWxNbS1ReTRZOG5EQl9ZandZeHJrOUlpdw?oc=5,"Wed, 05 Nov 2025 21:27:00 GMT",
2025-11-06T01:27:28,Google News WSJ,Opinion | A Taiwan Test for Trump? His Hands Are Tied - The Wall Street Journal,https://news.google.com/rss/articles/CBMioANBVV95cUxNOXhUQVY0QmNFS3ZDSEF3Q1NzYUlrNWMzc1VVZTExaXg0dTJpb0tUTzl2UFlqTkV5WUplanFvSGtmR1hBM1dvSzYxSGtXeG9vQ1RPQkdNYXVzLUJmUDZPTV93Uzl1bHBRa1lFSnFTVDMxZ1lJX1I5ZEVHTnBsWXhDbFRsVmNUUkJ0bm1zazhlYjFFWHBKUHQyZmtmbE5oZUQ0MHVHWXdxM1FrdUwySjZxTEh3ZmRhVGFFVW1kNzJIZ2tBT2JnQnoxMW9aRE43SUtLS0RhSENRci03VlNpaTMwY3BIb1VWM1VQUEhzRDF0STN3eWlaT2tZMnppSDM0b3RzRW94MTg2V0dCY19waGJVVTZFbk8ybDdlMDBRbkUwaWJaV0RKMEZLZ1RTbHlVZ0FlOGlxSk1lU3ZabmRUNWxNbFRUMklrdTNPLXkyVHFYRjQwSVVKRk1nY1dXNE9xa1FCMXZpMXVldDMtXzlGWG9URUQ0cFJKM05hNHpsRDZhWHVUNU9UZmVxM01PdGt6UnJ1SlUwQzgyb2NCSjFEdjVlYg?oc=5,"Wed, 05 Nov 2025 22:30:35 GMT",
2025-11-06T01:27:28,Google News WSJ,IBM to Lay Off Thousands of Employees Before End of Year - WSJ - The Wall Street Journal,https://news.google.com/rss/articles/CBMinwNBVV95cUxNUGpzWjZfS1JZU3F3WjZqTnNaUjNtNnR1NFMteFhja29IZ2FaWVZuMk9lM05ERThhMUVBdVpReFJ0SVA2MlFLVTRrZDRHbmRzUWpoM3lxRWNCM0pxMXJIazUtNzl1S3lyZmFwemtjS0NKME1FaVh5SXNOZFVxejYtZVQ5TElkR2x1REJUSGFzTEpiNkhQM3o4RnI2TDEzb0Fmc1A0el9jS25JRENRVE1rbGZyUXAySnh2Mk1CUjhPZlA2d2VDVTZZcEt6bER2dXU2YVpCdHNJR2tGT0FoNU5hYnp4X09tamhwZ0VPTHFLVW11R1dZUzZxZy1sUTUxYkJoODkwdVUzOTNEMmZlNS01SXNmZklPekNXUE5yWi1ncGF1eDNTclM3WTJMZVpVNEpmRGlhR25vd2tiZ2FBckV1MUlvR0lIdjY1eVJSOG1RU29BNnVDZEpPWWt6YURoYnFWZ1l6bTNocWNIUVExZEEyYkJXLWEwQ2pWcnQtTUg4T3h2dnRUcDM4aGNFTkN2ZjhteXBBUGdROFp2bTBYQmJv?oc=5,"Tue, 04 Nov 2025 22:18:00 GMT",
2025-11-06T01:27:28,Google News WSJ,Tesla Is Obsessed With Musk’s Pay Package. Musk Is Obsessed With AI. - WSJ - The Wall Street Journal,https://news.google.com/rss/articles/CBMi8wJBVV95cUxQbUgySkw4ZERtQ2R3UFhtV2F6WW1yN29NMzQ3Yml3cFk2XzZCMmlnUkVCbklzeko0Z0FZcl9fT25lTWpNOGthZnNnclJYd25SS3VvcVl0Z3gtYXptRVVkSWhqSUJXSHpxSWN5TUVuVWhwT3I5TFlFMExUenRWaUd0TVFuMlhFZkhGVVhMNWhZNC16SmUzOVJDRnc1UDRjdWdYbHVaTFVjeEtGV1NETGk4Wm1fbXA0NWxvQ2g5ZzA0cmluaV9TR3JYdVhndVlxSDJEUUp2T0l1dGplZFFoc21GOVBxSmk5ZnEzZ21lZG5QdWF1LTJqSWJ2VGlhWmNYMkJfVFdmTnVKZnJ3WjRLNm45amVlcmg4OHQ3Smxld3RjUzZpWm13NkVXWF9QRmlxenZ1NThXa2pYQkR3Q1NNU0R2ZXJnU28yaFpIS3hfdHp0dVVSanpscGtsSTM4Um1uSldRLWJ4b0J1SWxGZUlsSnowcVlGZw?oc=5,"Wed, 05 Nov 2025 00:00:00 GMT",
2025-11-06T01:27:28,Google News WSJ,Super Micro Raises Revenue Outlook as Order Book Expands - WSJ - The Wall Street Journal,https://news.google.com/rss/articles/CBMiqwNBVV95cUxNTV9rUUxFemUtT0JQV0pjNThENVZlSDByQ0ctNHNiSFlUMXNUVUlTVFM0WThwbVJqNy1EV1ExSVJQWWhHZFVRNFVkWWoyR2k0WGNpeVg4ZXMzWndOV2VOUTQwUXJKNHpkVDNMSnk3ZEZWb00tSWNFRjBvbXp5MGZ4Nm5jLUZIUjZIZmVyRjdKV3VGZnY1Y2ZTYnhncy1RVkpGYzJVTWhLNDdWWnJIcWVOckFrRkl6M04xdkFzVEZpWWtaS19JTEtlX0lhQkxOeWYzTzUycERlT1RiaWxrN0taSEM3T2JZUkJvQVB6alRqN09FWHhzTnBXTTJLSUtLc2x4UzdnZG54T1VVYk5FWmJ5NXNraEItdnRyWVFWdUdrdUNxeWNfeUNlcXpGcFBtUkNBRGNKR1BMSDExbXQ0UkM3aFlhSzM3VGt0c3FpdjMwd2JYaGRzVTRfTkxlSXhxV2lVdEtyNUJZcmRtSnEyVm00UlMzREtsSmtBTlB0XzE5V1lTX05fcWhSTUhyUmtiRFE4SWJ3SHFXWlJxZmxoYXRHekRPM0xqWGhzcl84?oc=5,"Tue, 04 Nov 2025 22:02:00 GMT",
2025-11-06T01:27:28,Google News WSJ,Sequoia Capital Leader Exits in VC Shake-Up - The Wall Street Journal,https://news.google.com/rss/articles/CBMinwNBVV95cUxOYV9ncXlURERmRjFpYnlGS2hSdUtUNVhlcGZ3eWR4R3F1aUZDaDNrQU94dXZzNWg3LUZPQ0EtdjEyMEp4UGllU1p6ckQ0OXJSdmQ4Ni1UQm5ZMkpXQkQwREozVExVOFN5QjkyRmdQMkJrcWtkOHpqVzU1eUJVb3g5Z3Jtc3AxbzNOLUdtM0F5THctNURQNnkwT2twVzZ0V2dKbk04c0pRcldmR3FzVU9SX2p2bGxZNHNraHhMdlRQbHc4b1gxV3RDUzdZbC1Obko4RV9VRWY3anB1YmRmZW1wZlVvN3FOZy1FTzltWWFBWHlMTldEUFlZRmc5bnVvV0JSYklsYWVpbGVDdFhsMWR6T21Ec08xUFZnYXRXODlyQU1sOVE3cVRESExLV3oyeUlDdEx2ZkpYT2lLdlpZdUNoS29jQl9YMkJqTmVQWTBPX0EtSmIzZW5PbGM4S2RyNG4zYTQxVGRxZkNZWUhlRG1Pdi0zbURadzZ4RFplQlVzeWRFUHNVVW9rYkgySlJmQTk4dDNwR0VQaGZpUUZ6ZWlr?oc=5,"Tue, 04 Nov 2025 21:36:00 GMT",
2025-11-06T01:27:28,Google News WSJ,Trump Negotiating Deal With Ozempic Maker to Sell Some Weight-Loss Drugs for $149 - WSJ - The Wall Street Journal,https://news.google.com/rss/articles/CBMixgNBVV95cUxOOE55ckd4V01mMDVVUnpkbzNZT2N1TW5ma2d1Uk5jOHpMVm5iWDVtdTlvdmZHM3RlUG10TlBKVURCSUxsX0FuUHZQcXlZRWRjeWhVT1REVEhoT1ViOHJnUjdLYVRPN1hlRUlVN1FQVjdQN1dibTFBZVlCN3g1dmg4NVZHOHBnR2VCNTR6a0l5TVRIeGliVFZZUEVSX1BzNHZsNUdYaXpjaU00OUJFNUFvYjFxc1c4VzRYVmJ0OUdIUTZkdEhQXzJxMjhJcmlDbG9WZ21zSS1HbzYyVGFHdU1uV3Z1aHJkRVhQXzZNSjFTSEx6YWZhZzFRWm9CV1N1di11dG1IV0RPc3pHNzF4N0M3NFdfd3lDYTRrdFNMNG9SU1JGSlllaUwtcEhfWDl6Z21iT0t0ZW1ZOE1iVDRQWWlYLXVVV0o2Ni1qU0ZNeUdra2x4dTNSYkVjX051Yk55NllzMl95ZnAyNXdFa2lORzVNNDVmdjZJaS1NNWQwN2hubjE4MlRKdEpVcWhvaWphT0JjUVZVYVdaSjJaUTFEaVNpU3hpNmRWbVowSG0zTTA1bDRhODlkbnEwWkpNM0VScnBrTnJZWlhB?oc=5,"Tue, 04 Nov 2025 23:27:00 GMT",
2025-11-06T01:27:28,Google News WSJ,Election Day 2025: Zohran Mamdani Takes NYC as Democrats Win Key Races - The Wall Street Journal,https://news.google.com/rss/articles/CBMi5AJBVV95cUxQV0JIZGN6MS01enVrYXFVUlQ4QTVyZE15WmowdHFUTnV4cUxJNHZiaU9sa0k0T2dLUlROYk9uSTJPc3dmdXdvU1hLTnc1U0hLV0xWNFpaSE5oSUVkRHJsZXVicVplR25pcnFJVjh3Q3pnaDEwMTBlcnFoYXV4N2tUc1M3SDEtMXhzdEJEc01naUJuTnU4SE9zR1BVZmVEcG53MXg2MGtwb2dOLWRUS1BzcVpPSnNheDFFRW51UFlTRUJXdFhfRU5mc1QyZ0VibTBGMVZfbmtldGdXRGVPeGNuU3JNUm53TXN6cTBUM0RZcVhuS3lQTUVwQ3JZdF9IOG5qazBlSFE4Q0NZRHVlNGhqZThQSy1WZTBEaGJFV3lBSDFpM1FEWkNyMi16ZWMyWGtsSUdrZmtxQ1JKSU4yMHg4b2Z5LWxSOFpkeDlleFI4Q3RFT3ZjaXloTFJXNEtvRnBMcjU2RA?oc=5,"Wed, 05 Nov 2025 17:22:00 GMT",
2025-11-06T01:27:28,Google News WSJ,"Rivian Third-Quarter Revenue Rises 78% on Higher Vehicle Deliveries, Pricing - The Wall Street Journal",https://news.google.com/rss/articles/CBMivwNBVV95cUxQa0szWHR1b3RVQVowYldUV0NPVDV3T3VFU2FMVmVacGpVMVExSkNQemVqM3JZeFBlcXA4UUpKcjhJcHVzLWphTWtjNFJ6WTYzWkpUYzRQcFl2cWFSQ19Bd2V6UklIcUhCSnBkSEl5ejV2ZWQ0U01zX25QYjExcEhUZjc1R2ZCeWxNdXRLdFItZDRUbldieGxXN1ZHUlpPMHBJaUY5MUtRMWNHeGV0dFNDRnliV2xXdktVMVNDTVhYamcxem5UUVVDTldEQTRTNlVHay1BSm9raVNObDV1OVZ5RVI0MWR1ZDJicWZRRk5IVXFTUk9qcF82cmxOVEpKQ3F4UU1xZmZYTVFxcTZZdy1NcnBJWVZhcjdpXzhtY25Bbk85RUo1ZExHUWxZcGZjT1FOQzZoU2xMaE1mcXFxRExWNm1wZXZNRWVaTW5Oc2VyUURxQ3lqOXZSZ0UwaVBaOTJmd1dHNE1YTVEtcjNqdlh2NXdsYml3RU1iV2t5M3l0Y2dNek9xN1RQUWpnWTVxM3J2WHdmV1FIdnhKQUhDcmoyTjh5S0RXekxIQ2ZLejc2QzBKUy1NZGp5QkdJV28zbTg?oc=5,"Tue, 04 Nov 2025 21:14:00 GMT",
2025-11-06T01:27:28,Google News WSJ,Opinion | A Dose of Reality at Harvard - The Wall Street Journal,https://news.google.com/rss/articles/CBMikwNBVV95cUxOVTBlc3JMeFFiaVpYeHVodGQtaVBqMkw2bFBFTGlkMWl3M0lLS3VjSkY2eDZERHlkSlM1LVYzT05TSktMQnllT2NZVkJOb1Z5OUZjMERKckFDSll4dzJEQk1rampUanh1YXZDX2JJSnFxSVlsRUhVQU9ZcmoyZTlhSzNKTmpwRTFJNWcxbGttYVVQbzF5VVlUOThaYzFDSW1HUndRc0lrTjVpc3NPQVBWYmhGNmRKOXlmenNsVG90WWZVa1FPTkVCZy1SRUplRUVJNllYNjFPZ0ZYakl2cVk1ZDFfNTdDbHVhc3phbE5FUUxRLUpmMTBGZWpCbFdDZW1jTWhieXkyTkQ2RVhiRHMybkwxYnlXREN0NUt5SFRsZlhEUkZsbC05ckNTYTkzM3RvRENYdWFReW0zRFd3eGhmZzBLNXFNRF9qaTNvSXg2dVZKZDFmSTFueUFRQ3BraGdVSFQzc1dveWRxaDMzUDlhU0FQV0xucVlOazdMc1VKaWlxMFp5a0hTczRGUzFzcm1iMzkw?oc=5,"Wed, 05 Nov 2025 19:36:43 GMT",
2025-11-06T01:27:28,Google News WSJ,Opinion | Ben Shapiro: The GOP Mustn’t Give the ‘Groypers’ an Inch - The Wall Street Journal,https://news.google.com/rss/articles/CBMiugNBVV95cUxOcThUQXItSkFqVnBETk9KOXU0SllGTFRmVTZHdU55dkYtWi10ZHlrb0hLWGVjd3hjTXZjcVlwSFNQdDZBbmhBR3F6OVhqQ3RvOVpqeHVEZnFQbVF4YUtPNzJZYXBLWDdURVZHc21TQ09zdE9pMXdUYi1OeTBfU0syWHdVd2VKQnItanBodU9UV2FUSkE5eGt1b0ltTHZsRER0VVROM0t4UTdDaF9tS2g0QncyWmd1dG9qRnJIeWhVaHdwczRXcTA0RGgzOEJaUzVyY0JyamdjcktFSW9ueDNTaUF5MEM4Ynh1WENDX0NsYXBnS2FlOFF6UVpjeS1Oem1WdzhVVVBjRUMzWmNxTDl2aDJOTGItam5FM0pnT0I5T3JkQ19lbkNkUVkxTUN1dGpBM3cyaVZLVnNrQkFzNlB1TXRaa24zekJTLVBtbWxTc09vcUdLSmZVSFJlVEdpOGtpem5oNG9ESjhYU3VjUTBVbmNPcnhtWURkemNtcEhMVUxzMFF5cFNGbUVVU1NQdlNXa1lINTREYlJEa2k1VmY0T01pc2gtTDU4a0FpLXN4RHJ6eDRWTEFYbURn?oc=5,"Wed, 05 Nov 2025 19:22:36 GMT",
2025-11-06T01:27:28,Google News WSJ,Opinion | Madrid Didn’t Get the Memo - The Wall Street Journal,https://news.google.com/rss/articles/CBMimgNBVV95cUxNV0JGbWRSNkxTWXpoaktuZHNVVnVZWlFfWnVZZ3Y5UHJSd0JUUEFhVnhHTHd4TzBIVTdvTDJUbXZHbm9nTS03MDYzRmw4OTVueVZuLTVzRXFWMm96bm91M1JKZUpNVFhxcVFCRnJMajVXc0hGOHdEbkFFNDFEd2hadklsVGZCYm1IX3lnVF9xajZBeWtoMVBpMXpROUxjRlpScURRWHFGOU53MF92QTdSeG9acVZXNEV6Qlp0TG04SlRWMkUyRDdsb09rM2JKLTJZUUNhaDNySEpUdkZjTkpvUnJDcU1kZUx5UlNzSldxNTN6Tk83UUpXTXJJaWZJTVZhREtlSGNlOWFpYUdiQUI4dWh3ZXk2VnZleDdJbGtnQVA4OEN1dldNcEdScXc3OFhfNzFaV19HR1NOak0zeXppU3g5Zy1pZXdBdEhmX1o4akwzSDVlcmNCRUdwWkNDMDU5Z2NaNU5FckxDaUU2eWtBYzM4d2RHS0kxLVNraFFONGwtZ21BVUtpYzlFYjhneTdidURibTN4Y240QQ?oc=5,"Wed, 05 Nov 2025 18:01:00 GMT",
2025-11-06T01:27:28,Google News WSJ,Trump Administration Will Comply With Court Order on SNAP Funds - The Wall Street Journal,https://news.google.com/rss/articles/CBMipgNBVV95cUxOUC1aX3dvSEk0cVppYXJ3UHVKaE55UjhCQl9NclFsbU5RQ2pKNzhrb01lQmZPM0JrcVZtX0J3S28ySHd4cUp0Ynh6dGFPZmMtY1RGT1ZnQUYzZHI3eEVJak9vRXV6YnJBa0RqejVuUFloeThUSnp5R0lvcUxxeEllRE5oVGlUVk15T2VKWTFoR0pUYkYtS05RWVh1a2tNelNFeXFoSnFQOHdpaGVEX1lzTnpIdnBqcjVpTUE0dEJUclFXRXhxN0ZXVk1ib05IMzIyUy1hSmx0YU9GWDdxNHVrTm5mdW1kWTFjZ0MyYjNKbFZxa1Zqd0MzNURGTy1LZUJhWlNSRTA5T3F0MkNEb184UzN4ZVA3Z1dFMGpqUXQxWlpEUG1vMHZQTm0wWlVJODFQa0tvLWpGbU52S3p4eDdJN214bTJ3T056czFqODBSVy1QaHd0Wk5yTHV1Z2RvNF8yWHFVa2xJSmpaRkpRYnF6ajFQTHdoTmZSbm1PT21yMjFzMGNtckJiTFJUUTRHYW9iX0dKVEFEdEkwSW1DRzZMMzliWHZwQQ?oc=5,"Tue, 04 Nov 2025 19:43:00 GMT",
2025-11-06T01:27:28,Google News WSJ,"Opinion | I Love Trump, Say New York Dems - The Wall Street Journal",https://news.google.com/rss/articles/CBMi-wJBVV95cUxNay1KZFlyU1EyeXd2TUlzUGFrYnBCMkVjRWFQM01YVXh5Tksxa2FtT2hfTHZNUTBxYU9peWVGcTNERlBZbFZJeWhMd3dCblhoX1pjdlNnaGJsYzdpSFFCdW5DcDZNYTU5LTB5MkZoUy1zYklfaGt5N1AzZFhPaE9DVWV1OVYzSHFzN1k4NmhIejl0dEsteXN2WEViejBjeVlWLWUybFl0VW9QaEY4dzJjZWlRYjRwc2w0bWZNVzc4ZFk1Z1N4YVUxWUhWZDAxOXVnSUgwaFBjbFpReGo2NjdoaVc1RmZBamF6NkkwRnlXYUFvNWQwNjBacWxRZGpJZmdQb3JmZXI5SS04ZnltMXUxVFRFa2ZWSjRhaURiZjBROXVIZXVxczlMWklPZl95N0owNzQwTTRSS0tkWE05UjBPSnhBLVU3TjU3WmRDNnhLbFZkYnhKZm0yMU9LQV9jMmhaYld0SHBNZkUwbmVtSWNhekhVSzRRanZJMFhF?oc=5,"Tue, 04 Nov 2025 22:06:00 GMT",
2025-11-06T01:27:28,Google News WSJ,"Pfizer, Novo Nordisk Escalate Bidding War for Weight-Loss Drug Startup Metsera - WSJ - The Wall Street Journal",https://news.google.com/rss/articles/CBMijwNBVV95cUxOYjhrQU1HRHJvdEplRC1NYkpTZVhKcUtONi1SNHl3V19nQ1ZWTTlxQVJhX2N5ak03SWxjaFRHd0RDVWJxT0tYRUR4ZzNkSGdYWkk4Q3BtSlhaVFIzUWlwNUxTMnZHMlhZT1ljSW5aTndzc1lTWmhfNUxUQWxyNzNMN2VYeUtUVkxqcjBGXzlCMlloQWJSUkFvWm5PVV9FdW5Nb21iQmtJdzhsby1Jc2hKUXVldThlN25DWFlaWU5zNEljNWVpb0hTakFXY2Njb2lETGs0ZUJVWDZmOFdGaWpHNXdsX1NTQ2dFNDlxUGoxaW4tSUZ0UFhEelo2NVE1TjIzNXVJb0owdjIyS0FHMnVMclRMNnhVQW9qbVZ6WUZXNVMtZUxSSDlTa1RtbGszMmlfTkU3R1lqdGdMY2FlY092cVJxa2syZTFxc3hZOVJXbURCQ19hWDRMVG1oemFRdVczOWI2TlVpTDFlZ25SSXY5OU5udE5hSk9SM3NRRlRweWJBTTVVeUZyNEtXUFlHdTA?oc=5,"Tue, 04 Nov 2025 22:10:00 GMT",
2025-11-06T01:27:28,Google News WSJ,Norwegian Cruise Line Says Family Bookings Hurt Pricing Mix - The Wall Street Journal,https://news.google.com/rss/articles/CBMirwNBVV95cUxNMlZfbmJzX0h6enkzSzlGbGlkVFowTTZEcmZKZ1JJWjdqa045WmUzZDJQaFl1Y0poZXRSSGJrVXFmYk9ZR3NzeEJ4UHFEYnZILW0yeDJQUktyU3g2VWNldWd4dFlUa2p6VTFsS2NqQ1NMdUVOaTRSYTFtZFo4dTh0M2c0NnJNMDhSYktkaUVveXlhTFVLQUgxZF9LcTNBV3plU2JqZEhVQ0RsWG9TVGhMNlV1Rm9SUVpOdktSbGcyckM3a0RwMzRLMGNKOUV6V0VnUGFmMW13THhiSG4zSW1URmtRNXVDTXhaY3RxM2Nka3B4OUFpNXRtYkVKM29ZT0J6aGhWU2FKd3VGbXBSVlpEdXRmWlJ2OUFHVk1LSVd5MG1sQS1XNkxwQ2pnODFIV3FfaUp5WnhxRlczcmc5OF9UcUNnQ3ZyWWZoQk1lcHlqNmRIWnVjbE80RVZhcTlqWDI4Ul9KcG1Ibmo0WTMteW9KdXFCNDN4WFQ1WTI5QncxS2VmejFSeUJtQXVkVnVlTG1qbFZzbDR3dWpEUm9LRllrMGZKUW1HVjlCY3pWOU5MWQ?oc=5,"Tue, 04 Nov 2025 19:15:00 GMT",
2025-11-06T01:27:28,Google News WSJ,Hormel Foods to Cut 250 Jobs in Restructuring - WSJ - The Wall Street Journal,https://news.google.com/rss/articles/CBMikANBVV95cUxPZkJub0JRRmJyTHhobDRLYmVib21LQ19ILUh0WVRqTWMtZk02WTdPWkREZTd6eDJ5akRhZ2RleW9oQldDc1Vaa0VYNDJYUE1HSFVJb3Q4bk9uLTRJNHRYZ3VHUlJfd21zNGdiWjFkSlItdVhVemM5dEZjLUpyd0NvTkp1emRrbXVSQ29PSEJlRWFCb0dtbG1fRC12c3pJWGdnaVE4TUdWck1uVjItRGZidFdQVGtNVjJZdkJTSF9aQ2hGbnR3T1pRSU12NkJCVFo4SG1zUjlPNTN0R09XYkdmLWw2d3FRblpJOGFIU1htSUtMeUhPM1RPNUZlMlpIVHBrZGNnVXhkR24wdHNaYmJuNFNIVFFPY1preE5hM0ZPMVREOWJOYlJCYV9KNFVkdU04WVotckgxS1l1dHpSd3ZpRE9DUXJfUkViUV95S093Qm14cFRmcjd1Z1ZoTWxvT0E2c09nbF9GVTYwM0E3NG1Db294WUtFZUM0VnE1aDNLd2ZRNURTbEFKQ3VEMmRRbzA3?oc=5,"Tue, 04 Nov 2025 14:07:00 GMT",
2025-11-06T01:27:28,Google News WSJ,One Caribbean Leader Is Going All-Out for Trump Against Venezuela - The Wall Street Journal,https://news.google.com/rss/articles/CBMiswNBVV95cUxNZWJpRmlmVFZmOWxZSm1VV2doUHYwWDVwNXloMzBsR19IM3hMMWZtcWJFdzlJS1h0cVpNc0NRVllNaUY3LXB2dzI5U3pZQWlJejF0WEdFa2VodFFjRGxfUURLbmZXaGItalM5RkQ4Um1EOFJqbGltem5TX183bjRJSjJXWVdsczZ6aEx4WmFib2Ntc1RfT0dPYTd0bGJuRzRNT1pUWDg4M0RKRk1Ub1ZMY0pCckxYbmtoYkZlb3EwYVloTmlRekpTUjIxVkJRZWl1V1JSVGxlZGFFb1ZnLWpDTm56ell6SVRkbm05X3RrYXpxS2FsWkZMRm1YbE11Zl9tTUhiVHNKcWxpckR6Y3htaXdReFFKMWxEcW53cUZ2Qld1UFRkdlJFTERpamZmeUNfalBBaWNLbzV2dlpiX1ZuTFljc0hEQlhsYjBpRjlUUUs2Z1U0cUZid3VoVVE2aU9icVFqSktrOFF5a1FHbHM4NW92S0ZUUEY4TzF6ODVhaWpDeThfN084MFdiMDdRSG1YTkU1Mm05Z1d1Y2ROWFNBRmVYaTRELVM2SDNvMTl3UzhVckU?oc=5,"Tue, 04 Nov 2025 17:00:00 GMT",
2025-11-06T01:27:28,Google News WSJ,"Dick Cheney, Powerful Former Vice President Who Served Four Republican Presidents, Dies at 84 - The Wall Street Journal",https://news.google.com/rss/articles/CBMixgNBVV95cUxOWDJMY2F1RW11ZWtRRTMwZXNWUHdPLXZUVlpzdXBVOXZNSnIzRkZzOV9iaV9IaXZOV0FwekpBM3JJdzhKSDI0d085X0NoV2Z1M1RkZWY4LWtPMElOWThFR1ZQRFJBal8tM2NYejhvSXg3V0d4YkRQQzB1VkJQLUZPWjRITzNyTWFGRzh1dlpqWk4wa0lwWnBBTFAyZDNqSnlfTWg3Q2xIQW5iUFNsX2FuZTQwT3U2WWhnMDdiVUpkT2x2SmE0dXNGaEVaYnhRUjBPUlpLMDJXYlFxT0NaNzQ3eVNBLS1uLVJycUFVNC10TDVEUkQzNlNNcThoVm1WaktQdnlpeTBrZ0E0MEs3VUVQcnNjMG5yRkZJTUVKNVVjSWRDVGxLSGFFOUhRN2dOV0s2WVUwYTFLMGpJb2NZVmNmNXZHcXZQdW9rNjh2aWVZZkRwQlcyalpUQjAzQVlPSnBZTXV5SGFidHN2RkwxWGVJQ3EtWVdUM05kbTVzMEtZOFVWU1BKeGl3MGtxMnNFWlM0MW9ETUc2MlBuMjdkOW9COWJqS3lVZTRJM3ZZM253b2hPajRGZmVMamZxS3ptdUtJSGhZM0JR?oc=5,"Tue, 04 Nov 2025 11:52:00 GMT",
2025-11-06T01:27:28,Google News WSJ,"AI’s Power Rush Lifts Smaller, Pricier Equipment Makers - WSJ - The Wall Street Journal",https://news.google.com/rss/articles/CBMiqgNBVV95cUxQMF82SVE3bTRsb2RKb0wyMTFQMzI0NDh4bWxHclM4Y2owUnRqaHl1cUxWSnZUZFJEQWQ2SERYQjVHRWEtTjF4Mm0tNHZ6dHpnSkg1dU9hOUYwUlBRMmlZZ0JlOFFOUXk4dF8wQmVNbWVINmRFRkNQeGlneFhzeU1wUlkyam5iMk9COEE2UVZjaHZSNWdLbzlJeU50STJiNEFlRUt2aHFTd2pWLU5OMlVvcjZaRGI0NDBhUEx1emNLV1Fyd0d1V2gtel8zVjRGakJSWENKSW4tRHYxcHhCVlh0NFVQQVdnZ1paN0syWURCNmpyNzdQczNjTkVFTmItOXNIa0E3bzN4M2VVUHZ3eEZDTW1yT2x2UUtuTFdDeUk1Y3pOV1I0b3JmYU5KQ2VFbGVORzF6NmdJWDg5X2tGem90Z3VmdzRPV3lGV01ydV9MMHp1dGJPcklQejlxR0JXMHV5cEl4RTNsX2liTFRjU0VmMGF0WElmcnJFZWYzaEpYai1vS3ZzX3lpWEp4QldrdmpDYmU2bUtZSEt6M2d4SjFxWktsZjNDNDFITEE?oc=5,"Wed, 05 Nov 2025 10:30:00 GMT",
2025-11-06T01:27:28,Google News WSJ,"First Brands Sues Founder, Accusing Him of Lavish Spending at Company’s Expense - The Wall Street Journal",https://news.google.com/rss/articles/CBMirANBVV95cUxOam5XZmp1SE1ZWWwySGcxVGFHbnYtVTJjUGxaeGEta2l2UHBuMGc4WnhVWFJ4WWRtUG5KSmRrdHRreFdRRlpoZGNESUw4dGh6emV6UUo5RV90ZXV0R0hwWWwxNWo4TmpxRTdJTEtyUlVqWGFxYkZ5cFBGUlBzbzJSTzYzZ1NvQmRiejZIam5FUDhMQUhkSlctb0VOLWJ4MTdxXzBpMEg5SjRCcE41ZjVCZW1LUkljcGJNemlFazBFMy1kYVRPMUdfVlVxaV9jTFlwRmlrSnZaZmFBSklqRFFmOGtBRXFwRXlmWFRwLWdCd1E1cUtpY2RmWVNXTGpRdEdHcUJGV0Q1SkI5dUpXRUt5OHp3WjBJT2REcU1tN3lWRllYX3NJNVhadGVwQWQtVGRyUWRRMHkzTjUxODhQYm1ReEZzdXJXX1l1VmUza0VrMFR3Q3VfQ00xTkhhVDJ6dUwzS1M5RkRwVXMxT1htYzZCcVhNand2ZndHb05EcllOSmpBaVp2bGg3M1lodFQzWU1lTnVxWjNoR2pXSmt5UVk2MlFBaGtrb2F2d3dtTA?oc=5,"Wed, 05 Nov 2025 00:37:00 GMT",
2025-11-06T01:27:28,Google News WSJ,"Nvidia, Deutsche Telekom to Build AI Factory in Europe Under $1.15 Billion Partnership - WSJ - The Wall Street Journal",https://news.google.com/rss/articles/CBMiwwNBVV95cUxNRXc2TG5Qc19jWnV3cmpNZTBRZW14aXBMS3RDZWtCZWI2TWthZmY2SHA2Vk5NMWJuRXBnZHk0eVF1eS0zSmVJWFhaNDUxbGhOdDg1YnQ4ZFVaalR2aUxJbU9pS3FsUjhPTWpSbHV6dWlyejZkNnJjbXUtVWc4dlp1STRTMzcwZ3d3d0VRZ2hrZGVoMVpsdTJtTXlzS2NGQmlZai1wb2JvSG5senV4SFVNWk8yd0Zud3UzQk5zbTlJcDJlWXNiOXNWRW9VTThIYTB1aVJiRWJqUUZqZE15UjVMSXc0ZWRqTHFpWHNmRnIydDdxZV9sdDhCSHNoQWVhSGZlX3N4TndqdlJ3Q1k2bmNMZ1duMjJrV1RucE1PYmowTDRnZUxHRkQ3RlVCMjRjUklBU1NIbGtYUmpMNmt3Z2NZS1BaTVFaMzVzTS1idUJObGdGeDNXRWFfVVdncl9uS3BwWHlQejRmRGstMVZnaEZ6Y2ZPMHEwaXdaMWt1c2ZpOVVMWG16X0p1eERhLWxXdXFQbmdRUmxybHlSZGtzNHpONzdRQU9mc1RvbnE1NDk4ZDdHTDlOT2xOQ3hsYU9ERi1qeFlV?oc=5,"Tue, 04 Nov 2025 15:35:00 GMT",
2025-11-06T01:27:28,Google News WSJ,This Famous Method of Valuing Stocks Is Pointing Toward Some Rough Years Ahead - WSJ - The Wall Street Journal,https://news.google.com/rss/articles/CBMiyANBVV95cUxPSGdndDlhSG5ic1Y4UUxsbXJ3eGZlcWFiUXpFV0xITEczMEkzUGhTcVRwM3M5Z0VGWllvRlg1V3lBUzF2aUVpejIyX1lRa3lGMVBzUXRPZ0w4Q2ZsQlk0TUE4WkdybG9nOWhrR3RVMTFyYWRINW5zQ2tLMkViejZ3S0twSUQyYkJZbTRPTjFkbHZrdU1aZUlORUs4UzRhYWlUbmpsYnZVY3J1b3RSZkhMWGFHazk4Znh5WExCaVNMa0JXZmJ1VUxUVFc5T3R5NHBXT0JDVEt4ajMtel9mclN5M2xRaXBwNXhnRzVybmNMTjZpYWFVV19tQlRBandYeEh6TkFiVVZjZThqSktYcHphcXVHLWlnU2oxQzI2dHg3UEM4TFN2TC0zMGlPUS03ZW1KWUNsVTg0QmF1dm1IdWdqUmpqNDVwei1Fb0ZKS3Y0aHB4RWpqOHZKdlVDaU9wWnBfRUpmSjRXc1V0NG9STFJPNDRJNWtWVmJudGoyc3JIRHpQUlJpMUFBWFFzVjN1Zld5TzhwX2M1Y25uMW5NS1BucWRFcklaTTJSd003T1puNHEtbXN5eHRjZldXNzdtbE44QVRoal9Fb00?oc=5,"Tue, 04 Nov 2025 12:00:00 GMT",
2025-11-06T01:27:28,Google News WSJ,Yum Brands Explores Sale of Pizza Hut - The Wall Street Journal,https://news.google.com/rss/articles/CBMilgNBVV95cUxPcHRtYXJqSGVpY21NREU1WmFRdVB3YU9tX1ZhT1JZdzVwd3FGajRmYnh5VDIwY28tNG1nVmNCdHk0OV81NDEyNjU2dFFpMnFKSXpFNXlreTRrNDhUOFRNYkVHM3NlX0x2eGdZVXYwblZYX21ON3VjaWtIRlJQdW1OMVJMRnVuVGNjOTRzcjlZYjNNQk10eUctNXJlQ3RIWkpYelFOUjNJZFo3VEJSZmU4aTB0X2xhT0JtbW4yMk9TUHpwWEExTkx5a2pMRmN4QjdhbDNsYTBfTDVTb0J1RWNzaFFPb2c2OGpTZzJORVlVbWpEWVF6cVNoWDBFd0I5aHBPSTRjRlZQd0ZaS3N0Rm14VjBxUUhvM0pkUmt0NWh2Mk5KYnFuYlZQa0QtZ2g2SEVhVm5hSWJWTDl4bHJUTVFuamx5eUlmU3J6eFBSZkpSMlJXRzNrM1FldHNYUDc3QjFvWG8xNVBUTzFpUkRrOXhwbXBIRmE0UlU4OTlGbzVELUFNUHVzR0lPdTZZeVFoaldXdFluaUhn?oc=5,"Tue, 04 Nov 2025 22:26:00 GMT",
2025-11-06T01:27:28,Google News WSJ,Louis C.K. Doesn’t Need Everyone to Like Him - The Wall Street Journal,https://news.google.com/rss/articles/CBMimgNBVV95cUxQWkRJYUNPOS1lN1gyLWRZYnZTSGZORlVpTFBMeVBEbnJmcHJUWE1nVHZ1V2hNMHhMSm5pM2pVbDl3WUVrN3BZUVNQWnc3Y3ZDR3pZdWtDWjU2V2hWY3hUaTFNQ25vaXJ3b2JaZl84aThJOWNZVG1NTmFSNGpENUpaeDBuRjdocXlITEpxTnZvN21YVjB5TVktMnp0dWZnUThJYU5qZ3dTSHVtMnNYLVJ3cmtST2U1VFNWYjYxclBzNlRIdmhWb3dhN0c5YjQ4Mk54dmRqTkNvTVRVSTZsQ1dHOGpNWUd6Rk44RjNkWkluNm9yZ2NlV1hCNnZmb0JmUnk4S2YtS292UzB3WmR0WHFla19zaUxOR09nazBrdzJuNV8wc0FJSmRfQ0E5V2swNjZJVG9CYnE2QnJ2ams0OWl5eHhDaVY1T3VwTFRxLU13M1Y3YjQ2ZlVabFl6NDZDU0xZamFaNGVJX2QycVE1VFhGZVlyc0RkQjJBbWtoYUVjREpBU0tveTh2MW9wWkJyOG9wZFlwRzladnQwUQ?oc=5,"Tue, 04 Nov 2025 10:30:00 GMT",
2025-11-06T01:27:28,Google News WSJ,"Stellantis’s Chrysler Recalls 320,000 Hybrid Jeeps Over Battery Fire Risk - The Wall Street Journal",https://news.google.com/rss/articles/CBMivANBVV95cUxQdFhVWnk4QzFuZ0RReXVtMDEwQlpfNGx3eHBNMGtYYzZ6SC1rVGhoTmVWT0oyV0dmT0Rfbkg2WlVIMW9jVU9DSHpKMVRXUzhXZjYxSUJxVjlhSWtCMUx0cGRkSzFmTEJwS2VoRjZmRDFBVzVKbE85WndIbkMwLXg3M3ZQTGVLX0hUdGw3dk5FaDNtUm5KRFJ3Q2RBZDhxUjZBZ2hSODY1VHBNa1N0ZUw0dVFMNEdvTkRvSkpXNmV0dS0zWmQxZGdYZHVjbHRubVh0bEU4TkFGYUJ1UkR5MWNTdnNHNXVqc09NUXhWTW5GOTVZQVNyMmtFSXFUZG5rU1lnU3hfQ01QazdQcllNcVJFSzNiNzU2ZTBQSHpBaXJzZGg5M2FPVHFCRFRFc1k3WnZTdFZQOVp4SjA2TDI0QnRCemlBdC1UVEJ1eUVHeHlBdGRnUDJYMDRJd2JZLUhCeEJWcy01eGhlLWlDdUJiRWRTcEpYaDZ0LVRpeFZRemhFVFhHcXV5NUJiMm9SYlJPdHFkbmY2WHpaazdjQm4xSzhVY0NQUG1LMk95QjVFYUlEZk5nZzJrcXVobGlFTy0?oc=5,"Tue, 04 Nov 2025 12:06:00 GMT",
2025-11-06T01:27:28,Google News WSJ,"India’s ChrysCapital Closes Record $2.2 Billion Fund, Eyes More Deals - The Wall Street Journal",https://news.google.com/rss/articles/CBMirANBVV95cUxPMnAyMDdCZEk1ZGwtSXlyczRxeWwxWERZUjBILXU3N28yMWF2dFdkcXRJa1pMMnVOR3VvZ1NGQks1X08tRDgzbkFuTHJSNDJmSGxZaGpEeFhOalJrVC16R3dFVmo5YXhrb2g4cmE2U0h2YzgzaVFWR0oyaWpsZkdOZFJNdlNLSWt0bkJROW9yVnE4VlB5Zy1nRWpVRzR0bGhia01KcXU5N3B1LU5rLWs0ellNNnBERTEwUzhiOGlFalpZeE81Q2t4ekpURlphN2x1X2ZuMWRXNlRjdUlDamhSZll0Y2tWWk9JZGlELWVnYTNlNEhvb203REEyNHJTUUdVS2NOLVhyckUzai1hdUMzVnRRQ1Yxd19YRG9zOEFtZERtX21pMTdOcG5MRENadDZxNVF4NHFMZzRwUFJzdWNyeVNJMHNFbHNobktqMlpWc285MU0xZUotSXBqR0dBdXI0VUhnZGcybFoxbkNPbHV2YnYwS1Y2aXZxZV9aeFlEVnlqdjIzY04tVXh1ZzJuN09iSE5FcFliZ3hYeGlfQTVTbDBPNkZ6UFFMZFJ6cg?oc=5,"Tue, 04 Nov 2025 23:26:00 GMT",
2025-11-06T01:27:28,Google News WSJ,Michael Burry Returns With Two Big Shorts: Palantir and Nvidia - The Wall Street Journal,https://news.google.com/rss/articles/CBMiggRBVV95cUxNQUZOeldVeGVMS0pfMHk2M0ktVnZNTnFiQk9qWEtsVE1sbGN5amVJZ2djODlscGZibkxocWVfaUtQaWthSmRJOFlDalJFM2prbVpHVjlZTmExVFZRRkFULXo0WlllSVZhZXl4b3NzX3ZDNl83VjNxQ3Z0bmFzcnc2alBCTzZWNFloVGFfWEs4dmlGRzlWRTlIVzRaT25mR0lkRi1CbW03SGR2TXh4MnB1MmdZYllvNlVoc3NUcVNvUWp1bTNSNXVsb3BuaGZfcVdneVo2YTVTWUp0cUs2cVV2VmVkQk12bmhYT0Zpd0t4YzQ3SkRLVmtEOG05WktBN3I2MGdBcUUtejdyc3lkRXRhRmRCdUhxLVl3cDUxbjdGTldsbUZhd25ULV9ZVDBDQmZLZ2Y4QXhKNWxpSTRzZ213eUdidzVJdXJidlhfQWNhekJQakw3RHJjWjlWWU5WUmxLUEh5YlVRU3ZBU1hfTmx2ZTJsTFM3d1d2UFB1UmVyZ3VFNUo4NGcxVW9GbnYwdUJVTkg3VTNfYWFOWTU3eDJ1X1JQNmpSU0FjSEtCNVNRc1dBWjE1c1hKa25GSzBaRzdOcTdpQlZVdGRzVmV6VjNabTlXaEM4TFpOSTEzSmdTVGpLQ3Z6dDZYb095Q0dYSlNLMFd4TjhyWG5vcE93ODVIbS1n?oc=5,"Tue, 04 Nov 2025 09:10:00 GMT",
2025-11-06T01:27:28,Google News WSJ,Molson Coors Leans on Affordable Beers as Industry Weakness Persists - The Wall Street Journal,https://news.google.com/rss/articles/CBMitANBVV95cUxOV2x6VDl2TkZSeEFRUUhJWmtneENfX1RnSFFDVXhXRC1hODRxVG1BUGtYcVBRUEV4RHBGTzI4dWtOS3VKcjNtLUVkMS1SRzBpM3BiWHpnSHRITmVKcjFZSGxZOHI5Ty1jZUVWR08xOEE5TWlwNmlLVDFsbFpXbHlTSk5aWHdlSWFZZGw5clVzSVR0R016ZUh6Y1hjcWkzaWFodlc5Zkhrb3V6Q2RGYjkzZmNoemk1RGhNR1V5Z2JnakQyQmJLYkltM3BVbERiZG5kbHo1MU42cS1Hbzc0ZnZTVHRvZWM1OGtGRkszdGtqS1lVZWZSSFAwSWpRM3pkTFFNblp2M1d5SGo3UTY3UWg5U0dDNFIyZG1uUjhOX1UyaG1nNVg1Ql8wSGxfZ3NBcTByRWdFLTlkeWN5ZHFRM25sX1hpZTh1WXVCeUtwWUd2TVJpLUY0T192TlNMeWctOEFhT2M5SWxrOWh0ZlVYOWtjSllXSlg2VXVVcFoybHJLRVRKdUhGRVdJa0JRU3NkZmJWc2ZURThJaEJvZlN1M2NNZ3FXcERPSDJlNW9nSUVwWFlWSVZO?oc=5,"Tue, 04 Nov 2025 19:58:00 GMT",
2025-11-06T01:27:28,Google News WSJ,What’s at Stake as Trump’s Tariffs Go Before the Supreme Court - The Wall Street Journal,https://news.google.com/rss/articles/CBMirgNBVV95cUxPX3ZCeHNVZ3VlTEZJbGExNl9vNjFGT1dETXp6WU9Rc2s1MTFWTm53NUlmZUdPb0x1bVNOQzh5bTNyeG5BSVFldEJROVhOYWpCdF81VVlUV1hod0wzTW1mQXRGVEVyNUVadGZ5YlRndnR3bHNxVzlRaWowSWxYU2RrMlFvaWdPQ3BjaTNSZUFBV041bUF1V2FlX2pmVzh3YlJ5aHRRbnR2MC1USGc2bXdmdk9KVjNGNnowTk9hZmxUaTFfdlBBS3pXYkM5b0RNb1p0THZnOUZSWnVsUmkxeXhpdkd1RWdyTTcwRjdFNkNWSXVaRWFKYTZWRnZQVWJBRkNYclZNTEhVSzRkOHZqU29VMlNhZnVkTUtmR3hEdWlSQlFnMFVFU2lDdE1ILVJEUEg1TGFqYkZoUklVR1FfQ25tWG92NlZhNkJKdWVaWHI1WHdHUGFCYU81LXItVkw3QXUwci11OG8xR3FWVWZDUnByNGw0NDZGdVhwcFBoNHVSTlNJcFdLeW01TGg2bDlXRTJiQ2RpX3FWYm9QSVZKWDJXXzU3SkVLUHlZNlZFYWFR?oc=5,"Tue, 04 Nov 2025 10:00:00 GMT",
2025-11-06T01:27:28,Google News WSJ,Major Tesla Investor Rejects Elon Musk’s $1 Trillion Pay Deal - The Wall Street Journal,https://news.google.com/rss/articles/CBMiqwNBVV95cUxQRGJjdXN0Xzh5ZUlwanpHcG1FRmdPTjd0VWE3cF9oUk53NElWcFdaWmd6bXhEb3YtN21faTFTbUkzME9wSEkyMmtUUEFycnEwaEtBT0RacGN1RXk1VzVKZ3NJM1NUYWVuNUJJNHNwVTNlMnY0UUtFNURrYkNsX1VUNnZfUkxfTmQ2X0FiWnVuOWYzZnBrYVo0dzl3Q0Q2SnpEbmUxaUswN3I4QlVaNlpLU2l6R0oyVTV3SFppRjgwY29oNkt5Q0oyUU5BWEVtdndNdXhjU3Z0dGtjQ1hSYXh2dThZQUpIeTZDREhUX3hDcVlLeld2WWJ6WlhUa3NnNzgtcHBzRU1BQkIxX0hpdkNZdl9MU3F3R2Q5bld0OTdJQ0pCZXNNamdzZVUzcEtJY0RiUU5pYWt2R0lTYTBsRENWdFh5cDctRnEzdGg4anJFd2VOSm9uZzVxLXluTHVxSDBROUdXWTduT0wyVVJCRHpmcWh2X3M3WGRnYmxnNFNrQzBMMm5CaGh3WGxWVGdBMTJkSzhaTEJWNWxuekdYTHF3NUhjOW5jZkxSenBj?oc=5,"Tue, 04 Nov 2025 22:40:00 GMT",
2025-11-06T01:27:28,Google News WSJ,Cava Cuts Outlook as Younger Customers Come Under Pressure - The Wall Street Journal,https://news.google.com/rss/articles/CBMixwNBVV95cUxQOW1KWkVGNUgtdXk4MXJvT1hnbXVpdzJFanNORDRySzYwcS1RUXQyMmpXRUQtaFZINmluMnFhZVFoTjlqVERiRS1hcldCT1Ywc3AtUzBXUHJ5MjVIVWZraHVKSjhNSkdCampxT2dDNVE3NlRQNVFCQ2w1aF9Kcm5za0t4U2UzR2dWVmsxUTdFMTdodlhiUXZnT0tRVklXYTM1TTU2ZnNObUtwbEF4T3V0NXN3aVlnbU9mSUo4YmlWN0I4YzFPbDBjVmlmQndYa0N3S3RnNmZUZ1N1b2lNaXR3czlHTzBscVdoNUJiVENmbUx6TV9DYzdPWnVDanctdUdQbVFiOEh6X043Q01rd1UwQjhTNHdIMVhUaGY4Xzk2X1Z1bHhKRklqYnE5bmdIcl80QXAyWF9mTGVWR3J4RUt1UnFZSTFDMlBhVW1iMVI5UWdmeUpjVHpITUxhMnp4LUFGdDFlZHo0TkU2V0VFU3pQUjRGX2cwZEk4MkM0aWpHdW8xVFc1Zml4bGU1RHRCWjdCMkpsX3pQd2htVVV4SlpZM2NSNUJ3QllqNGI5SS1vMklVVTQyaktoY1dkZTdHX1VLSFBpR2Fvcw?oc=5,"Wed, 05 Nov 2025 00:43:00 GMT",
2025-11-06T01:27:28,Google News WSJ,Major Investor in Victoria’s Secret Seeks Board Shake-Up - The Wall Street Journal,https://news.google.com/rss/articles/CBMipwNBVV95cUxOamc5eVo1WnBBRXhUdFBGYy1yOTlzdVBCeWxMNTMxSms3UXlteEtCT2g2OFlYYUN0QXJRb25jM3ByMXdNVDNNeFJvQzhIMGU2aDBMUVhXbm9ROVZtTjRaUW1lOTVQZXdwd1V5dkVTVDRWb1IydGJ4RjlsLUVabkRRQmh6aEdHa2VxWl9RSWNGcnNPeHFuak9iWFpDczBGZVdvV3ZYOHBFRDVScFRCSi1NZUVVZUJzVkpSZlhtckR3RTBHS3J4U1BkTmlfNTlmWTVuRUFWSWlUQW85QndvdnFsc2sxQTIwTy1RNFpQVjRwTFlIQTBUczIxaDAycjlkd2pUdklWVUplenNiZnhjUGJTMFZPTEROWXlRbVltSnJwM3lZNXZIUHJwNUlWUEJPTHczb2h3TVNnRl9vM3pFYmM0OE5TRHJ4cm1Nd0NOeXRQN3lLMU9STDhBQ3pYZmhvZnJNWUEwZ1hxX0NpWFd2MVQyZ1BfMHNvMW5lTVpTVno0TUNEUDFmQWhpUUVuMzBFTnRvT1NBLXdvVGwtSUszbXNrRWpJd0ZHY0k?oc=5,"Tue, 04 Nov 2025 20:14:00 GMT",
2025-11-06T01:27:28,Google News WSJ,Opinion | Dick Cheney Made the Most of the Vice Presidency - The Wall Street Journal,https://news.google.com/rss/articles/CBMikwNBVV95cUxPUnVsdWs3LWRqN1JVVi1haHhkNTBzX0xQZ3gzNExwTVh3Y3lWRkN4TFVkS2J0c2lqRUxjMlZaNWJmYml1cUJ0RnpsTnFyclBrc1ZzTGxkbG10LTF5bjNtTzl4aE82MWJDU3B0QUt2dmEzS3VURGxzd1BzQ2pqdzlwRXlMamVBSkM5UFl4dlpvT2hSN2tIbzdUbU5KdWdQM1hUcGVNdjg0SmtpaFBIVDQ1OTZ4LU51UUd2UE1wcU1md2R1SHVfdHJzUzRMN1RxX1pvSDNtNW1LbElVSFBxdW1QZjZ5emNYelkxUFo0ekYwYnpYN3dwaHRCWFRncTlNWWlRbzRfazNIXzFwdXdVM0t2bk9adnlIVzBlVWlzS2RMTzRtczBqRFlMbXJ2d09tZXdHSlpQbjRZb2NubHNYd3VFb29oVWtOR3hYUTJZdS0tZUVjejAwX1lsa3FkbXVrOWN2WDRTR0tfZThyTFhyWkR6UDZMbGFpUmxlYkp4N01kMnVyZUV5dkc3UFoxamYzYWRqN0RR?oc=5,"Tue, 04 Nov 2025 19:39:00 GMT",
2025-11-06T01:27:28,Google News WSJ,"What Happened When Small-Town America Became Data Center, U.S.A. - WSJ - The Wall Street Journal",https://news.google.com/rss/articles/CBMipgNBVV95cUxPeHJQMXdjbGVBOEF4ei1QOGlBZFA0cGs0VXZxWXRIcXpEV3ZqWkNySWtfX1hhWWZoX1plUGR6VGxaRkI5Zl93NXNrbVo4TG55Skk2b2dIOWxobzBFQW9OWUpJdldCcGJVYmVSUGZCQloyWVdpRkFPTzdCWDdRQVplbnRBdTIxaTNMSDJQOXpIZzM4QjV1UGdtS2J6Z3c2WjJuQlZnWHlYcE9YbURLRVpKbUcwb0pDemNoVGJuSUVZV0F0VUhrVGlhN2dTTjgwS3BScDdpVFV4VFZJV1o4bG5RMzFaV2ltN0ZpZ3VsU2FfN1p3ZHp3SW9qUml4elRSNWFKZmpKaE52enQ4Rmk4cGc1ZXpRNjIybzNBUlE4Z0RPXzYxTVRtRTEyWkx1NUtrczNSVFExRnplWXY5OEtuS2RBYm5aNEc3WExhVy1JWWd4NkE4ZVFQNVNNbnVSWUZ2TGwtTjAxZUZLVENQVW1oNE5FRDIzbHpqclphcUVsMlVCb3A5YXBMeUdYUlZ3a0xCMl9BZTVzRndLNmNxeTRiQnQ2dDFCRGlCQQ?oc=5,"Tue, 04 Nov 2025 02:00:00 GMT",
2025-11-06T01:27:28,Google News WSJ,"Shopify Revenue Tops Views, Guides to Strong Holiday Quarter - The Wall Street Journal",https://news.google.com/rss/articles/CBMiqwNBVV95cUxNaGhURGhyMGJkR3VZM1Q4dDN0eGE3U0JiUENicHdpVVBlWXZsSm55VWVINlh6RHY5emRGR2hsN1pYZ1NTamh3UGNHdGV0bnM3QjZIb243MTAyYVh3TjN5UkRtZk5EWXFhYnJuNDQtZkh0NW5tUFJSTlFxUXN4R2ZTUWxzQlNBa2pGVHJnbk1lWkRoQmg2SWZtYjVmaXBGTXpFVFZWU3ZzRjVjR3pXSmlmcDVXUGxzNHZhWnVSbVlGOFBWWEhVcHhCNEdCX19nMC01S2JoYWxEYk9Ma1VJcUhucE51TVczVnVGUHFDdWxxTnJ1Y0JUR1dQN3hJOFJWSTlONU9fUV9PempnbmtReHRFQ010QjJxbTlZVlpQRUl2amFfRXRCZHVvb0Rodmd1d1BvaTYxSlYwOHNhOUdKdXhLWk12ZVd1SW5sTkNQcmp6OGlqLUpXY3lmaFgzaklMUmpENTRaSm11U2RnOTNnZF9vNU1jUUVkdW1uNzRYdHZCdnozZmY0Zl9wenNVWThfYmtQVFRndThzTEVILS1SN1pOUHkwc0xtNWNrSkow?oc=5,"Tue, 04 Nov 2025 16:44:00 GMT",
2025-11-06T01:27:28,Google News WSJ,"Air Canada Demand Rebounds From Strike as Premium, International Travel Surge - The Wall Street Journal",https://news.google.com/rss/articles/CBMixgNBVV95cUxNMnBlYlFmV3pTVGtLLXdILUw2ZXFKck1GYnhCRmFTMFNTUGxxMWRDZFZUb19IbVJaUUVWRktIbzdjRDZ0QThBSmszX1lnZUczNUg5YjZZY3Y4OU41cW81UlVGYVp3cVI1S3JUYnlWMjZWMFJvV25fRVZxYlhobFNuOTJfa2RDREJXZGxPRkJ2cXVyXzNvbXNWVDVFVWx2YjQ3VF9EUmNfRGY1UVdsVUZoRDd5aVYwZkQwQ3FRYkdabXpnQS1OZFJPXzhvTDNZUk5aVnBFcGhkLVNqWEdfMlVLZ25oendmR3RZVHFZWUdXQUhKNUxyaUhxVWx4dmR0MUpua0RyVkk1dzRfQTh1RzAyemhLejFfWVlfaUJTVGRYQ1l4N1I2MWJxOC1IRWhPZmlHY0o4ZnZ0QVpMYkpqRlN3XzFtQzItQ2lmd0tRZHUzdjZyT0lKa1l4SkxGUnFMQkVjR1F4WWliU2N4ZHBWVU51RXo0TE8zTlhLQ3VVOGZNbGE0RjE2Uy1VV01jVHJMcmRrcmRQUTc1QW9fMmpZb2piNUNWZ01TeWRjLWJGWVpkNkFvLWwxV0tfUDUtOHlGc0JBb1c1RnF3?oc=5,"Wed, 05 Nov 2025 17:12:00 GMT",
2025-11-06T01:27:28,Google News WSJ,Pfizer Profit Falls Amid Lower Covid-19 Drug Demand - The Wall Street Journal,https://news.google.com/rss/articles/CBMipANBVV95cUxPMmJOcWVsNnVoQXBMWVAzTmpXdG1FbWVMOGZ3V1RrY0NLcnJLaGJGU3hoTzRWdTB4aHpVRG1BYnlaMjBIVlFnZkxXZk41S3RiNkwtM1JCQTBzM1BhSXNsdU4yenhmSVNqQWF6Q3c1QThVQ0FxYUZjT0RQRFo0Y0dDYTBwaXREMG1zSUhIemxuZktYbDlwQUk3M3ZTNmN5NXJZVU5RbFFQQTgyZjEyNjZBdnVQWF9yZl80QVRJSFNsVHVlZGhZYUhqaU9kbmY2dnBWSmlEdmtRQ3E4elZrWWk3SVhaWHhJVF9OSnVpR1Y0ejhjRDY5Q1JiTjBWeFBhclo3cWJaSkM2SFRNczlzUjZNQTBYeXF0STRPVnRORTgwUlFYeFNJRmJwY0t0NnNfbW5iTUVkOHV2N3g0dzVZdGthZl9xU2dyN19nT2tjUGZVb0xNR3RkNDh5LU15NDlFZUZQeU5sSXRCTUMxTU5GXzRraWNNQlZZRDhMMWpsSE1pUmZsbDctMjhjODRTRzNXTDZXcFNGZGxzSXllQW1KbjlqcUhlZDk?oc=5,"Tue, 04 Nov 2025 18:11:00 GMT",
2025-11-06T01:27:28,Google News WSJ,U.S. Services-Sector Activity Accelerates at Fastest Pace Since February - The Wall Street Journal,https://news.google.com/rss/articles/CBMisgNBVV95cUxPX0N4a0NoaVQ0TWVBTndrWkN5dVA0NENQMTlhdGY5aktrRmFFcExwTWNVdWdEWjhxV3lRSHBCa1hHOF9QVV9McmtmSk9GZFlLRVlFTXZKNkRTb2JRRnRRWXctLUdSbWV6YkpPZFp6R0FpRDBkQ19GdFIwd09HM2paazRjQnF2QTdXZ3F1ME1YeGNEX2Y1THNkUmxLRWxSWUtFdnZOLS1oc2RsN0hNa3NaR2E5c1czcHdZQ0h4N0NiejFFU0ZPWHJDeFlob0lycENfZFBZNURqeHhyNVBNS204R2dPazV2OEFneDFxWE51aEtVdWtqQ09WZF8xR3E4QlZWdHVNZWFqTUl5SjFWQi1IWk5VNmFuZ3FoeURtN3h0d3N4SjNGQkw2WGVGS0ItS3BNYUo0NDJRNjNhY1FjamRBdVE1NHdvMmV6dzVYaERuWDJPWGIwMVd2a0oyS0NkT2pFZFhfSjFoeGR6NjlfWDhkcmt0NHl5c2FMaUk5Yi1pX3RxazJvelVPN1pMNUQ2c2hvMFdISWdwbnVWVzZlMjZ3SnY4U2xLU3JFbkpia1JVeXRPQQ?oc=5,"Wed, 05 Nov 2025 15:53:00 GMT",
2025-11-06T01:27:28,Google News WSJ,The CEO Behind Kimberly-Clark’s $40 Billion Gamble on Tylenol Maker - WSJ - The Wall Street Journal,https://news.google.com/rss/articles/CBMiqwNBVV95cUxNbUJjTzZZMDJ2alZDMU5iXzMwblVId1JoUUEtNEtYaV9sVEFsYll0Q1gzV3loLVNTd3VOelBsV0NXaHdsNTNoWGRmM21xSlFlNFQ0R1NCazl1ZVoxbjdjRlRIQWh2amRva2Jlay16UnNQR1Rwa0s0OWhMZTFQVngydnZLdmFteHNKMkxKR3p1UUhjUWRUcXFhOXI0ZXh2Y1M5RkxOOEszRkk2YjZTUGMzeGxjYjRiLUtaVGZOeHk0dWFYVzE2Ri03QksydzBkSjdoRWZfbkhrSUl3blFGallUUjlNSEhhRm1qUjFldWROREJEekpNSl9tajREdnFUdUhDUUNBUnFGQk92eUd1MGlybG40MDBMOWJsOVBTcGFSYkVXUDFNVUhucUVjY1p5aGNMekRndmYwRjF3NmhweG5kV041dVNGR0g4WEd2bzJwZ3hRSmVEVGRKOUhDaE1TNHI5WGU3T3VpcGF2OS1IaERIUUY4Zi1qd0YwZnBoTTBVenk1Ymp4Qk5nSExnY081bWoyZGRSaUpmeERwWmVjMV91WHBDcTFlRXF4NXpF?oc=5,"Tue, 04 Nov 2025 03:00:00 GMT",
2025-11-06T01:27:28,Google News WSJ,Archer Daniels Midland Cuts Outlook on Margin Pressure - The Wall Street Journal,https://news.google.com/rss/articles/CBMiqANBVV95cUxPZXZpSzZCT2JSUDZCdEpUV0tUTFNqYUNXT0dhUjVTWnp3RVRwT0VFZ2FQX1NHYThqVTNLQUJxSWF5S3JLWGx0OHN4blVYZnd1Wk5kcXJLUVBaeUhUUzRfdXdjcFlzazFLdjJQRDlKZTVFZk1rSXhUSnJZOEs0SXduSnRkNzFGZElINDktX1VqVTBjc0U4WGJZMUxfRVNFMEtreHUtY3lFbV9YMS11TjFjZDZwWkxVMkN2dWtWekdzamwxUTlUWVZpYzM2OElxNFdiQnlfVm5Sb0txZ29EYU1qQXJid0l2U1M3QnJ4eGdKd1U5S3FPQjBHRVpIaXpBb3NqUEJIQ0FfMGtIQU1DVXBIdTFwSC1Ma0taQzJQOERUWVFqaElhZUVUN3VEZFZvMVFoWTAxODZ4ZlNGdXAycEpGdWZrX0NETG9LV3lPZDZHcnhQTmxQQkx3MTE5TTBaZUFDQVcwcjFQTUhhR2tzbHA5Wk14REQ5SzhxNXlZc1Rldnh2eVhJVFkyVTlyQXBua04xMFFvNjZpc3FfUGVhWldOWU16MUgyRkwz?oc=5,"Tue, 04 Nov 2025 18:45:00 GMT",
2025-11-06T01:27:28,Google News WSJ,Opinion | Trump’s New World Order - The Wall Street Journal,https://news.google.com/rss/articles/CBMi8AJBVV95cUxPdkl5ZnBPVmdJajRvRURUdE9UZXZrb0VwWk9JdVc4V2lXbGxlT1JxRjY1UEtuMTdUbFJXSm5SNTZoX0ZKbVNBQzN6QWlTazdNLUd0VWl3Y2k0ZjJ4Mnk3UHIySThfZE56VlpRMDZGUGF5NE1SdU5ob1hGZEZwWU13cUhhY1dKYm1qb2lkNldjUW1iVGMyd0d1cUc2b1ZsaW5PdmRiYUFudHk2LV9EVm5QWmM3MlF0eFJGTDZCbldfaW9DbGR2NG8yRDJXY3FSbS0waFVtcFBxLUhvRDFKb0VIcHl4Wmg5SEh3Mzg1c0dkc0RCNGhuYW1PMkdKUjk5SUpHRHJJZHUzUnVZcXJveXViamxFMDRybDVEWU5CMENrRGIyX0FNSXhnRnM5NXBpZHo4MkZ5ZDRueG56Y0hhc0ZHVndLVGx5Q1lzWENmUVdTSG5nc2lXTkxQeVZZN1NKS1ExZk9VLW5fc1FkLXhhRE1UVQ?oc=5,"Mon, 03 Nov 2025 21:59:00 GMT",
2025-11-06T01:27:28,Google News WSJ,Opinion | The Tariff King and the Supreme Court - The Wall Street Journal,https://news.google.com/rss/articles/CBMijwNBVV95cUxNRGIxeHJBY3FJQzkxcDFuNzl2VDV5ZENsTm5yTzhic08zQ2dreWJpQnp1Zlk0RnBDUFdXeDhyVHpRYXNUV29NSGhBRDFpcTZQaG9GcU9TOHRidWE1dXJvclp5SGF2LWtKVXBUeU8zbVlhNnRxOFgyemZBdUFOUmxBMEpUX0kyaGhjSjVQTk4yZWQ2QTl6a3NVWnM3YktaUmJoTlp3Vm1aNnplZVJWTlpwb3JIQ2h6VUJJYmVqYXlyX0ZZU3l5YVBfRm1TNmNiM2NnbmlZV2ZwdmZwZElvTkJ4dVM1X1VKZWpOT1hhOXhYckNkQjh6elVWTVZZUVJzRUhvSkRfVUtGdFV0Q1Y4cVpWbmZVOWR1elBYX05LclhYYW5kVHBVN25FV2R0bjVGV1lwQTFYOTlfb1N0RVhieF9aNHZ3TE1sb01tVGd6Q01GR1g1Zzd5MzdaZmVGXzRTSFlxa01XbUM3X0FIc1pmMjZKMnBOQUNGZ1pVVnhldVFDd096X0RWRUttVFc5UVNJYkU?oc=5,"Mon, 03 Nov 2025 22:50:00 GMT",
2025-11-06T01:27:28,Google News WSJ,Exclusive | Anthropic Lands Cognizant as Enterprise AI Customer - The Wall Street Journal,https://news.google.com/rss/articles/CBMimANBVV95cUxQMVRDNGpBWnJSUXl2Tm85NlZyenE3T1I5WDNSeV9KZ0daQi1RUllJVUE3bVRTZGNtVXRMODAxM3AtZmRVNElzS3JuY2RKR1Y4N2hUbmRjRm1GNGNFTk9Zb2RjbTdTRVpOU25wYnJnN3J4TzAyckZTRkNTSjFQQjFLSTNOSlljZ014ZE5hNWxxTGdYRXctV0NqOTNtZkhmWFZEOGJINDNJdFBLTGw1NnFKaGwzNFludmNONkRpMHBHOTZfdHJ6VGpuTEwyOG5tZ0hIVjVhV0ZVbXBuRDFJblBNMFlQeHZJTFk0T3I4a0d2ZHRoNEZHWF9BNE5JWGNRY3NvRkhmQXVmd2gyV0FIcW9XaEw2VTlXclVHTDk0RlI2dl9seTdzOWp1TzBRUGJjaDRqWExCZ2xTZzZhTFVmNTBKWE9PRU5XTXZBU0hKRWkwclQwZDB3a2tnZWk5dWdXdzU5bkRsSkcyTDBPTl9ZRkFzTG5FZkRJVHVITFpSOGFvaXYzS21UQXdjQ0JOOWplWnhUY2d3X2R2cm4?oc=5,"Mon, 03 Nov 2025 22:48:00 GMT",
2025-11-06T01:27:28,Google News WSJ,Palantir Revenue Climbs to Another Record as Defense Work Booms - The Wall Street Journal,https://news.google.com/rss/articles/CBMigANBVV95cUxQUDFMNDN5dXNLN1VELUNsSkt2ZFZoX01oUG5oVUQxMXNZU0pyX0ZfNHpVbEU2V2hlalpSX1dyQTRvLTNZMVg4RUxaTWlqR1FfOEFZQ1JxQ0ptS1dLUjliTW5VNV9CR0oyYnJ5Tkw4dW9OdVJWU1Y0MUdVa2FGbzk3RkU4dGxUU2gycm4wMlBqYnNUbHBnTEVPT3h0blhNdWhaVC1pMmtCbWxKWVl0NWhjVmZiazlOYUJpWU5ZdTRJLVY3Y2xQamVmZTlBSjlNTlpSMVBHMXRkVmZSdjBXOUtDVkhhSlpDMGthT0tuV2tNVjJaZVdWUHBWcUxBQTBfVGpfLUd6NE1xUmNTVHdxSGNzUDhJMnFzVWNLTmtIZk1XYVc2SnlONjZZeHE1TEIzS3VXeGZzbU9sTURxZDZtVDNCNVZyU19wR0lTMWRWTmdtU1hvY0NNWVZvby1UTE1pZVVwdW02WXo3ZF9DN1RRbEllTk82S0FzNGxqRnotVmk5TGI?oc=5,"Mon, 03 Nov 2025 23:58:00 GMT",
2025-11-06T01:27:28,Google News WSJ,Spotify Gains Subscribers as App Offering Expands - The Wall Street Journal,https://news.google.com/rss/articles/CBMikANBVV95cUxNM09DWHFlNkZRc3pIR2syWGEwQVhHaTk4ZUdYbDhzeU14MVlGa05OcmxGQXQ4UE5ReXV6ckpYd21JNXhaZVNMMDJFVUV2MFpHd0FUeUFKOVBhdXBTUUM3YzRZZWE4ZDllNFF1RjNvT1FsNXl3TmNsSnNQRk5lYklESFVrY3Y5c24zbXpSZHRpZlBRSnN2RWNIUFVlU2lLeGo0dl9oOGhoMVMxRlo1eHNGSTV0eUVVSUVMWmU1ZXNEY2NQZ2JEa2hfRGRkenJFVVpaQ3RWS2k1ejJvamQ4RnljQ2ROMlJHbXUydFRlTnBlaG10OV9ZV2Q3aTJua1dQR3RsSWI2VUJsSUZQMnJFYnpnQnBtaUk3SGI4WklWQVJhNGVJLTlLSjZLVG5nZmFuMjI4NTl1WWprSk1tZXFKdURudlFrVGR6cTc4N1JSWFpoZk14NkdsT3ItQm5pMHdUeF9YU2hfQTZJUWtqVXFsNWNiaXpPSTZlZlR5M3JYakJnQUZMcFIwRVFGQUFHM1k4MUc3?oc=5,"Tue, 04 Nov 2025 11:00:00 GMT",
2025-11-06T01:27:28,Google News WSJ,"Gold Slips Below $4,000/oz as Analysts Call Downturn ‘Correction’ - The Wall Street Journal",https://news.google.com/rss/articles/CBMivANBVV95cUxObVFxZ0tUa0pFd3U5OUYwd3labjczMzZFdDdYUWV0OXM3YTlCaUZ0UEVDOTQzalRQanplMS1EbWNfcnA4Y0RtcUcyd19RUTBDN2J5ZF9OZk1JMGVtZlNydWpzVmkyM0hvc0J1Ymd3MjlZcFFIMkUydzNCd3JGRkl1bGkzV1JqaU1wVHIxTXVMNEVzTko3aDd3SHYzZ0ZrdXFoMU1ubHVVZ1FjVmVvc0szemRCR04yNW43NXNybmVOTVNmWUR4NHcwUDJ0cm4xOC1odTNlMnVjUml1Y1p2d1haUDUtRFJ5b0pybjZ5am1YREJ5V0pYMVFjcWdMeVM2ci1maUhrTUxNUWU2M2VJWU1YWWdFVk1vWlA4cXBLTnc3a2tlb2E0SXhxbXV2ZTRNbnM3ODM0a3k1TjVWVzYxS2tuVVFIc3dFRnpIYmduUmk4OFhZaWJmSl9RdzFDQUo5eXc0SXRVU1MxMzY5QjZabk4wWEtuNjVmNUZaaWNuQkxtMzlFalM0TTlSSWdBcUY5Wm5Pdy1KV041R2hIaTRtVWE4Y2N1Nzh0SGN4dzRDUUlDdHNUVDBXZ0c4WklUbm0?oc=5,"Tue, 04 Nov 2025 19:40:00 GMT",
2025-11-06T01:27:28,Google News WSJ,Opinion | Taking Hostages Turned Out to Be Hamas’s Undoing - The Wall Street Journal,https://news.google.com/rss/articles/CBMikgNBVV95cUxQaUtoN2FmeGIyOXlZX1ZhNHA4XzV1bmFaTEZFR3VxYVFTbDdFNjlBUGg4V0RIdVh3SllRSlBJZHhJbHVHczUyWkxldWZfbEk4T0RjWk9BS040a1lNMF9qYkhudU02NmRJV2RxM1h5SVFKMk1qaUJWZ3k2WU9ZMTFFSzBpNm9YM2IwOWhPWEptMHYxU0llTXBVTDJnMHZKLUVFUjBDSUc1NkNuc0pPd3lNRDY0cG5SNHFjSmg0TWxNekF1ZGtQNlh5ZDYxb3BoQjlDN2dla0loNnlpTTY2TnhLWlZ4T194ZUJBWlNWdTJmTGlab1c0aWc5TW16Tkpxdk5qYW5JamlUczdYdHYzVThKU2tSVzJSRjJHbGNOajJ2TGdCTGI2Q1RWWnFKWWdONzlBS1FyNnZTU005MnhsOEFDLURxaGFHN3pIMHd2Z0kxOVdObHFBbkdtRElRbHhEV296eU1aY2dzQzNPLWJNTkFsNU5KdHVjbm5KV19aaVh6dExWR2pKLVVQZ2tjVUw4c0tpdVE?oc=5,"Mon, 03 Nov 2025 20:57:00 GMT",
2025-11-06T01:27:28,Google News WSJ,Exclusive | Trump Officials Torpedoed Nvidia’s Push to Export AI Chips to China - WSJ - The Wall Street Journal,https://news.google.com/rss/articles/CBMiggNBVV95cUxNaEZPbHMwczVkeEtKX1doSXZjaUJmcFVQSk80N05RN2ctcEk0UDhkaVphZWVlRk1BNEpMMmRlQklHSUQ4N3Rka3d2Q2ZrZHhyU19jNW5yMFcwRnJzdjJuQnFiOGQtLURYY014Vkw4eUhaTDc5ZzNBMHBLVXZEMU5kNjJ2bFh6dG52SURvU3NwR3QyTGZGN1VkcUdfOFY0eDlEQXh2cVBFdktCN0xGel9WLTZVSHJJMHVCNHk5bDR3ZExWUGFUMGhLeWVraFU4Vk1oWGw4U0lJUEc5NTZ2WjdYMFI1eWc1ZzZ2a0laLWtNVHdyZThVYURJZDY5bE01NFktU1hLdEZmdUZDdGJhR250OW5sMnU3RjJENTNqSEJYZkwwVkJmblZ6SWZ5N2M4MGFMd0NLc2lRdDBaWVFReGJldVdESUh3a2VFdFVqZUNtZGJWcFg4UExjc0tDemxqS2dJSUhmTjNVM2JkQ2gxMmJWNVR6aXdOOXljT05XUTdEYTZzdw?oc=5,"Mon, 03 Nov 2025 19:27:00 GMT",
2025-11-06T01:27:28,Google News WSJ,Opinion | The Microchip Era Is About to End - The Wall Street Journal,https://news.google.com/rss/articles/CBMi_wJBVV95cUxNc3QxZnlsNUQ4OGVCNFJlRFZPd0JqN0ptOXpPenpNNVhpcUlKLTdtTS00UVIwZXA0UUJQaVU5c0hjSjVfcTg5M3FOeXRHYjRQRG5GaXlKeDU5dng0cUxtNVJWV3d6dnpDYW90cnM5QXBLcHhGWHF4UURtZGRFdFVqRlZ6LXBsZXNPLXAzV2J2em5DaGpaY3dLQXdwdzFDbktWOGhTb0dpdGRSaG9RQ1dRYldSYW9JcDRPR3BWZjR0NnhtOFFwZkprMV83aXBZNlhSMUhFN1VFclRNRzZWaTAycVRNcDM3Z241LURMZ0VfT0UyVWNXQWliWDdFZFZZaU56akRxc2lWR1BWSWRabG5EU3JlNk5ZZW42WmIyWEdOdnJpNVU3M0I4S0o3SjRmUmZydDN2d0cwWFRlS3VGU3ZNTTd1WHJkTlBYNlZ1NVR3VFJJTmVpTG1IMEp6MGY4Yl9VX3FoYU5UYTdBM2xVc3lyQ0c2QzRqZ2MzZ0JNWTVJQQ?oc=5,"Mon, 03 Nov 2025 18:34:00 GMT",
2025-11-06T01:27:28,Google News WSJ,Rare-Earth Magnet Startups Seal $1.4 Billion Deal With Trump Administration - The Wall Street Journal,https://news.google.com/rss/articles/CBMitwNBVV95cUxQeHZWSEZRRVFqU2k4dmswTUJ1X0pOZDdhc1dOU1dBODJ6Zkpndm5FbEFpSTZoMUlHbW5zMTFxYTNRYmpPZC11dUQ4cDFjUzhKb1luTWFwc3ZZRjBvaVRVRXhEemw4UnJ4bGpjTlpQWEJxWV9rTUZqZU5MNExoZnpOUnp6RW9YOWR6bzBsMUl4amtYYS11OFp1U3I2VlVETWZ2cHFRelNqNWpldDhzSEg2Vy1VZlp6REZBZ25GamVUUDNReW9xWFhwUmpzenBGOU1PWWJGZE1WYUlqTnIyakNFUUttbEpHSWlGaFFXWV9DUEFVQ05tSDZCZGNXT2M2Z3VWU3ZWb2F3djYxWnBKZElXYzF2X0dfVDkyY3NManpKQkt2TEdCSTZaMFIxb0dvWjRDRV9iNkhkN09ONTFWcVFSU1BHMld0OWNWLTVPS2V5QVF5V25kTWRIUU1OaGV0NzJ5QWNCajJjb2s2R0JfNFowUVdHZGlCSnlUZGRwTG4teGNPajBGRngzcS1rXy16T3NDcnNEN1VFZF9WTllrNTdoV0FnZEhUOS1PZGhWckRUdEdEV2V3SzJB?oc=5,"Mon, 03 Nov 2025 19:32:00 GMT",
2025-11-06T01:27:28,Google News WSJ,She Designed Taylor Swift’s Engagement Ring. Business is Booming. - WSJ - The Wall Street Journal,https://news.google.com/rss/articles/CBMisANBVV95cUxQMVdvMnhuOGNHeVBldGwzUnpvVndMVFFpYjNhb0t0dXdyYTJHWTRYR1lTWS13UEVBVGFBSUlVdVp1TktYdC0zd1JsV2Q0OFpmWXNzeG9pZ0x3dFJuWTlsc2VJdzViNDdzR0lISlJxdUFXLXJfMEhIMHNKYS15MUJmM3ozaWQ1UloxOUdXaV90c2VjSUxKNTh2cnAtZ1lhNno1c2xreGoySm5Za3pfTmlCanpTbS0xOVBQSUR4RjRFdGN0R29XMmJCWnk4VllUeVh2TEs0bTg4REZjeHVmWklGaWVLd2ROTFBROERzd3lodkJsQXIzX3BPRkJobTJVMnFxRG1WWDllTGxiMFlrNTlRdFlEbEZ6Rl9NZnVvLXJ0YjQyRElpQzZySW9uZ19CSGxjMUtUYUQzTDhXNEZnSTVOYTkweEhCWkVYWlQybGR2UGEtQzhmTnFUdTlfMWlBUjVfUDhxOHBoQVlHeXdmU3NUWFBJc280dUVYTWg0V25jcXBPblExaHpSMUxNU0xuVnpSQ1NvMmw5STR6MDZYMjhGWTN4cURneUU4NDdiMEpLNTQ?oc=5,"Mon, 03 Nov 2025 17:20:00 GMT",
2025-11-06T01:27:28,Google News WSJ,"Sex Dolls, Boycotts, Protests: Furor in France as Shein Opens Paris Store - WSJ - The Wall Street Journal",https://news.google.com/rss/articles/CBMiuwNBVV95cUxNNXpUX213OUh1VHkyZElQcjdrS1ZqSzU1ak16S2hqTkxORVd0UFdLbUpZU0hWU0hBcG5OUHBURC1TcGVaYmxUN0ZNMUx1MUFYSFJDTkF3ZEVLVmdoNUotQmJMMkVGcnRKUlhXaTk4WDBqSjA0UGFMRUZkbVB1eFJtTVdPSGFoVVo2UEtwTURJcWRzeTVEbGMtT3JvRlFUTFVsQUc5Q01MSDBCTXF5cTNSMWZnMVpfSy15YTlTb1pVU3AySHZiemxLcXJwQWJtSW51bk5nUi01dzVqdEFGaUx2RnNYUXZ4Y2JWMDByZFg2OGVSWFRxQjNTR2x3TDM1endoZVRBTHRmNmd5eUp1V3FGWjZIMlFBaGJUQ3lkRnFBS29CY0Nrdklfbnl2VTVxbFVUanI2OWZrMGRLOHFKUjc4emtPd2ZuZEZfMUliRDR1a1Q1TGF1ZzFQMEFFTWhlNVh1U0Zjc0RET0lnMHNYcDhEZENzYjRSYXFuVGNNVkZzRFF5YlVLSHlBX0phanMzSVhVWFFWRi14dWE3ekt6OFptb0piRjlrX3Z3Q2lWLWpQOEpFMGJwRmFLVGw1Zw?oc=5,"Tue, 04 Nov 2025 11:01:00 GMT",
2025-11-06T01:27:28,Google News WSJ,The Billionaire Trader Who Swooped In on Russia’s Overseas Oil Empire - The Wall Street Journal,https://news.google.com/rss/articles/CBMivgNBVV95cUxOS2RVNnoxVy1NZ0EydXBVb21ua3VBTldvUURGVEJoUUJMUE53MzJ0YWtwLWs2TnBfUXQ1ZVJpdUo4Ri1GNGZzLUJ4RG5tWDRfY25aN2FxS2QzdUZaY2tySVYzVnNYLUZ1SHdfYkdlX19JZktNNGlDeHozc3dCWllVbHR4QTFMS1RTcG56WHN2SndRZDJLeUw5UlByUDF2VDl3V1FicE95Sk9GUWlEM0xyTHBQckJHdlJjY2VpWmJHVVo1SklvN1pXOU5yODVnb2dGVFltTGd5Rk5RWnVJZWxqVmJWSFBPbFlPV1RsU0s4aGJIdzU5Y3htMlpxOUJtN0ZqSjlCS2VuV2t5ZHM3RkVFbnNtWm5YUjlLUDhnZlBQcl90c1hZUmladDYzVjBTeTJTMlRhd3FrLWZ6TzFzS2kwUFptS0NYWkhxMTgteVFqa3hxR014SEFtOG1LaFN2WjRiT1pEdnp3Zzc2YmlObnNUb3B5LUZOWW5GUFJoSDNZV194bFJNanA0WTgzSk1wV3ZSS1RxU3dsZGhsYUg3Y0w0d0FTbDZzQUlVOVZrVThsM0pia0xtT0pHeDNuTFpydw?oc=5,"Mon, 03 Nov 2025 17:00:00 GMT",
2025-11-06T01:27:28,Google News WSJ,Ferrari Confirms Guidance as Deliveries Top Estimates - The Wall Street Journal,https://news.google.com/rss/articles/CBMipwNBVV95cUxQYkhnOFJNZXRSdGowREdFUHVkdHhMSVgySHh2enNtRG5BMERnVTBzRDdkRjRjazdKdUszXzJiS2JVcENZU2NHNWEzaF9OcEJRaG5UdjhRLTAtRXlnZTV1N2xFSEFFSWdTWGNpSVEtYkFJSFg4clg2YVJ4ZDBkcVZqekdXclRpTEEwbmIyaDc1WUlEMHBWYzI1S3E2YWxmOUJvSjB3djFLZnc3UmZJVXpseWphVU5fZ0pqbkYwbklrZDlKRy1DUmZybE1IMTE1c2o2dFp5cUtkMEpqaWxreWp5aXZjNEx3N3VPTDBVQVZjSldKVHBvb2pBbG05YkVnYzRnMU5faVpwdHkzRG9uZWpoalNHUkx0SXFBdFFnNVhmc3ZJb1JETU5vYlNoTV90TThhNzJSRnV0NThwR3kxTGhlQjJoUVNxQ3I3OExGdjA2V2VjYjVIck80cjN0M3pWWGVBdkhJeVFIVjdhVlZBc3VXNmdGN0xKTlVfWUFVOENwZkRPTlhURmdvMGowSkdISlVrcFk2eXFSYUtSLUw3X1lDUUtPQ194bWs?oc=5,"Tue, 04 Nov 2025 13:15:00 GMT",
2025-11-06T01:27:28,Google News WSJ,U.S. to Pay Partial SNAP Benefits for November During Shutdown - The Wall Street Journal,https://news.google.com/rss/articles/CBMingNBVV95cUxPYVVCRnFxUF9zNlJNbWM5TXUxb0NpMmsybG1RSWhiYjNXN1ctNnhzbTFJZ2F3b1ZMYXZVUW9nN2VGNnN4cHo5Qy1CMThGdDh4YXB1LUVGazE1OExvbW5XTElSanlUWHZITml4aElicEZyWEJwN1gxcVNKWDNCXzA5b096bUdGRnYzWHZHYjQ3cV9rSW9CaGU4Y0JVM2dsdjRZODFjQk0zZk04cS1DXzBtYWdtOXRMNnFlRDU2Qm50TlFnZUhEWWlRUUVQdWd1WHo2N0lQcXcwTDJueFZYZEdjdkw2UXhNaWZFQzhYT1RuVXJ5WW8wcXp1T3FEZmUyNzhycXh6cklFREFnRF85aDJkaGx2VWoyeUhfYlhQWFVIS0g2aUVUTEpjZ0E2OTVvTHphQk41UmhfUmlZM2d5eTY4ckhUWGR0Rnd1Z3Vfbzl0eWFGMUtvQ0ZfbnBlTW11b3dIak1TOU4tU19UT0pYSnZuM0h2ZTlPODdFTU5ZOWFwZnA2Z2swY3NhczAyMFhJdXdhOGZFY2ZtQnNWTk0yV2c?oc=5,"Mon, 03 Nov 2025 20:07:00 GMT",
2025-11-06T01:27:28,Google News WSJ,Owens Corning Swings to a Loss Amid Weak Demand Trends - The Wall Street Journal,https://news.google.com/rss/articles/CBMiqANBVV95cUxNLWkzQ2hNWEVVU1lTeVpyWURLQXVqcl91TmxOVFRsc1lXc3QwX21EWVA3bUd2S3J4TThfbjNBMUFaal9CWnA3MVVJLWtnUmFXNUt4djUxbUVaYzBGTnRWeW5RZW51LTgzR0ZSd1kxRnBjSHozTnhtNVIwN3pZVmJ2bFZLQ0JXRjNWWnhKbENWOVVxVlJpbnhWTm1vWlhXeXFpNTBIeGRTRmU5QUwzS2V4NmoxVFlHbmU5VzJjckttLWVpT0wtTnhDMDJMTEVnbVJCWUg4Wm8tMDN1NHN0MlNPQlBfYXVvVERnWWJPR25QQWxWbDJnRUxZemRFSnlNYlV2bk52QzF4WnNVak5UYi1hQTFnLVRCVHpqRTlIYVB2QWtNRThzS2J1bm51T2M2SlhnNzBBbDNVckYtZlAzbC1PRWtnVFNhWm92dzJDSEJCeVVyMmQxZ1A3NlJoLXVlQ2d5R2hFVkw0VTlCTl9vRTI3SkFjVmZCelpIUEFERnlZekJ4bGFMa1NjLVk4c0lPamx1MWQwbVc1QUduSUVfV3ZIUllsd2drLTAt?oc=5,"Wed, 05 Nov 2025 11:50:00 GMT",
2025-11-06T01:27:29,Google News FT,Nvidia’s Jensen Huang says China ‘will win’ AI race with US - Financial Times,https://news.google.com/rss/articles/CBMicEFVX3lxTE1EM3lXSkFqMUcxcEpVMTQ2NXByY0Fzd1dXMXB5SjBzSF9HdnF2STA3bjRUT25vVDU4ckFPbS1LcmlZVktvUGh6dzJpcEY1MWlGRXFwa0N1YUxsREJoNE9meEhfRkhFWnZoQ0tTNGZmR0M?oc=5,"Wed, 05 Nov 2025 21:00:04 GMT",
2025-11-06T01:27:29,Google News FT,Zohran Mamdani wins Wall Street’s cautious backing after New York victory - Financial Times,https://news.google.com/rss/articles/CBMicEFVX3lxTE1uMWE1TEM5NjBEaXZmcVpqMzJYTncyc1pZZktrNFpwMFVDSXVKOG43TVJHaExEZTZBMFgycFhPaWxWaS1odFQxWUd3ckpCSHRTaGJGODY2RkV3NDZlRE5iLVZ0Y2h1RGhTMzRRVFI4OWM?oc=5,"Wed, 05 Nov 2025 05:31:13 GMT",
2025-11-06T01:27:29,Google News FT,McDonald’s bucks dining industry downturn with cost-conscious pitch - Financial Times,https://news.google.com/rss/articles/CBMicEFVX3lxTE16N3g3bS1JRlJtUWxybWdNVnY4ZzA4QTlIbGZWSlNoV0hsNGFNVEFSNURPN19sQ1N4ZFV4X19zcXU1MW1HUUoyQ29fWktJelZCalhVSGc3aFlzTHJDNlZhcGxaS1pmMGtDWlVSMjJpZkw?oc=5,"Wed, 05 Nov 2025 12:00:02 GMT",
2025-11-06T01:27:29,Google News FT,Novo Nordisk loses more ground in obesity market - Financial Times,https://news.google.com/rss/articles/CBMicEFVX3lxTE5XbUZvNUZVQ1BrcHdMeXhITmwwaU9sWEdyUjJxcGpSS1pIaENjaDVJZHpQckN1ajAxSEVjQTlJMGtkU0lNUjFXb2hzN2tCMEJmR3owYU1FcUd6Qm94a1UyQ3pvOEpkUzlEV1RzQm5TamQ?oc=5,"Wed, 05 Nov 2025 07:09:48 GMT",
2025-11-06T01:27:29,Google News FT,Deutsche Bank explores hedges for data centre exposure as AI lending booms - Financial Times,https://news.google.com/rss/articles/CBMicEFVX3lxTFBRVWJZU2lhaG8wOERXQkNidnNKenNIWVMtQU9EN3p3cF9Jd1dHUjNnNVIyYmxSckhIOU1xMVpYeEhYVG5nMi04OUhQWUdwVDFtcG1zOExPVzdTYVpnWm94RUYzdko3MVEtN0U1LWJxd1Y?oc=5,"Wed, 05 Nov 2025 05:00:26 GMT",
2025-11-06T01:27:29,Google News FT,US and European stocks recover after tech-driven sell-off - Financial Times,https://news.google.com/rss/articles/CBMicEFVX3lxTE1TbjZGVWJGYkkweHpYd2NabmdQTXE4d1YwT1JKYmx2NXlOT295ZEYwelk2UVdqQnVjcTBDVUl2LU9IOUhvTU1yZG15ZXZxMmlsVTJmNUN3QVZwdV9saVc0WXBkYzE1OVl4RGZ5Vm9YQmM?oc=5,"Wed, 05 Nov 2025 02:27:26 GMT",
2025-11-06T01:27:29,Google News FT,Democrats’ electoral sweep deals blow to Trump - Financial Times,https://news.google.com/rss/articles/CBMicEFVX3lxTE9nR3JDX2EyTGJ5eFEzWWk5M1pYOUdUZFNQWjRDRWxYeGtLQ0dzODZQSVpSeHVjVXBKOWtrWU5qdnVpd1V0d0NIdkN4WjdGZTBQOXNKMnUycnRYWFc4Uk1HUjQzVGhtZWZDRG9lMnVhOF8?oc=5,"Wed, 05 Nov 2025 05:28:36 GMT",
2025-11-06T01:27:29,Google News FT,Blackstone’s alternative narratives - Financial Times,https://news.google.com/rss/articles/CBMicEFVX3lxTFBjVXVmdWpfU0t6R1gya0dBSTEyTWFRYmFsYnFfSjJ6WkRVLTBXY19KaldwNlZoME9nRG9CNEx6RnVuRVgzQ3p2VS1SeHhiVEZJT2dfVFRNdno4Yk9oQVBaZ2ducUhQSVhndDY5aFFPY3A?oc=5,"Wed, 05 Nov 2025 06:00:03 GMT",
2025-11-06T01:27:29,Google News FT,Low approval and sticky inflation: A year of Donald Trump in charts - Financial Times,https://news.google.com/rss/articles/CBMicEFVX3lxTE5oRUFPV1pzMWp5M1BpV3JwRENYV3ZabXhMeGJrOWdweGhUU2cxMnVKa1l1VFlNODRIMG1oTWdxT3JWa1RmZGllcUdiQjNiUmpMcm1JaTFNRGlXamhtVFdVZ3ZPSEFUeXRlcHRONzZsMnc?oc=5,"Wed, 05 Nov 2025 05:01:02 GMT",
2025-11-06T01:27:29,Google News FT,Norway suspends $2.1tn oil fund’s ethics rules to avoid selling Big Tech stakes - Financial Times,https://news.google.com/rss/articles/CBMicEFVX3lxTFBZemxxdmttdEhlNTM1LUsya2laSmRiSkNPUzUwSWpOQUx1T0hXNjg4NlF2SVpzQmhjZGFmUW11QlotTHB2eGpZOFlXbm1YRHRJYlkyNE5jck83aTFaaGNoTXc3c2did3JhOGlPWEFNZ0I?oc=5,"Tue, 04 Nov 2025 21:00:09 GMT",
2025-11-06T01:27:29,Google News FT,Will higher defence spending boost the European economy? - Financial Times,https://news.google.com/rss/articles/CBMicEFVX3lxTFBUN1ZOVEk2bEVXbkQwYXBkd09idnluOEhpbHV4dE5CNmpOa0tDdlQxRjE4VnhPcXBJY1AwSjc4eEZoTk1MWVVfYm5OUXlQYlAxWUZNdTZReWNiRmY5V1ZjRzREN05tWmtiSy1JZG1YeG4?oc=5,"Wed, 05 Nov 2025 05:00:14 GMT",
2025-11-06T01:27:29,Google News FT,Sam Bankman-Fried’s lawyer says FTX founder’s trial was ‘fundamentally unfair’ - Financial Times,https://news.google.com/rss/articles/CBMicEFVX3lxTFB1b3pQUENWM2lYUWpxV0RGWi1PVVNkRURPaUw0dExxUHNkbUVENlp4S3gwdnpVQ09LY3B0Wl9mT3lmLWU3TTlpUnNxcGVFT3E2NEFTSHpPWmEwaUx1dTVyWUx2YmtDNWJpYWVtcVZrN1U?oc=5,"Tue, 04 Nov 2025 18:01:20 GMT",
2025-11-06T01:27:29,Google News FT,Citadel Securities and Fortress take stakes in Ripple at $40bn valuation - Financial Times,https://news.google.com/rss/articles/CBMicEFVX3lxTE9EZ2xhYjUxdkxUQzY0dFgzZHo0c0FLZy1IVVZ2dVVJZW5Ib0F1QjBQTGVIRTdnaTg3S2FObXFURjQxWTBmX1BrYnVlYTJkYXp3TFdxeWJ4V1FONl9oLTdIUnp0VlJYOE1Gc1J1QnJMMFI?oc=5,"Wed, 05 Nov 2025 14:00:01 GMT",
2025-11-06T01:27:29,Google News FT,Chinese EV maker plans to use solid-state batteries in humanoid robots - Financial Times,https://news.google.com/rss/articles/CBMicEFVX3lxTE1PRDdUUjF2dnFDbzdIU1hHUjRfOTNIWXlfdVJhSzNmcm9wVVZrd0NaNzdubVVXQVpQOXN3dVdIWHBhbWRFRVZfYzBPVUhQZ1ZERHhpZWVsZGFJOS12WlRELTdfa0wtMU0wSnB5T3NPWG8?oc=5,"Wed, 05 Nov 2025 14:46:20 GMT",
2025-11-06T01:27:29,Google News FT,US regional elections — as it happened: Virginia and New Jersey governor wins give Democrats confidence boost - Financial Times,https://news.google.com/rss/articles/CBMicEFVX3lxTFBtYS1kYWJXSWt3ZnQ1ZWttUTNPVHlpa2MzVTVjNG53NHlWZll0YVNRTENlbnJHeXk2eXJhRmthMl9LSnBBRkpBTlVpQi1rOFRjNTJyQkJ0VHladnZjRGVlaXNTcGRGLWo1MERqRE1jUms?oc=5,"Wed, 05 Nov 2025 05:31:46 GMT",
2025-11-06T01:27:29,Google News FT,Unilever says Ben & Jerry’s chair no longer suitable for board role - Financial Times,https://news.google.com/rss/articles/CBMicEFVX3lxTE9hLWNkd1RxbkNYbzN5a3JlNUFhSlJnaHcxZHNiLTI3YmRULXdHbHROelVZTGJrV2xoX0gyTTlPMmxXNlhXTWJZdlVZa0RmNW5ESlZOT3hlN19PbjdzUmctVlpqUUJxQWItVnRzZHNXQTc?oc=5,"Wed, 05 Nov 2025 12:07:06 GMT",
2025-11-06T01:27:29,Google News FT,How many ‘bragawatts’ have the hyperscalers announced so far? - Financial Times,https://news.google.com/rss/articles/CBMicEFVX3lxTE9lZlI5SExlcmd0bU9EUWdHOU9sSWFsakZtMTVOR0pXbEJpUW1vWmVQeXdJbVAzOXhQRF9VUHNxT1pNcVp6Qk5ZNXJXODZNZ2NwZUthYmFWVG5JMGZHUTdFdWxMMlp1ODZJQmVVTDVSTG0?oc=5,"Tue, 04 Nov 2025 09:11:40 GMT",
2025-11-06T01:27:29,Google News FT,Private equity investor body sounds alarm over rush of retail money - Financial Times,https://news.google.com/rss/articles/CBMicEFVX3lxTE1nSmJfSzJBLVFFZnBTVVRZSEMzQlJidVlIaUE5RkhJQmFGR3ZGSy1uVTRoVHNVVjJ4Tzk2STluSXJuUWVqbzU3MzIxTlRZNU1LeF9Od2VNOVZXbTNTa2JOZXpLbnd2aGtTNm5VdktITW4?oc=5,"Tue, 04 Nov 2025 05:00:43 GMT",
2025-11-06T01:27:29,Google News FT,Uber profit falls short after $479mn legal charge despite strong growth - Financial Times,https://news.google.com/rss/articles/CBMicEFVX3lxTE9mVk1ZM1NhU3FhNU5kNy11aWRtQ2trWUg4UUZuTFlkMmpZT0lENng5bGFYLTJ2ZzBOS2hYckRsMnZLRHhXUnJwVFV5a3A0UnMtNU15bnAyaWxSNU9QR1A0Uzlabnk4WWFiTExGeG5wQkc?oc=5,"Tue, 04 Nov 2025 11:55:06 GMT",
2025-11-06T01:27:29,Google News FT,Norway’s oil fund to vote against Elon Musk’s $1tn pay deal at Tesla - Financial Times,https://news.google.com/rss/articles/CBMicEFVX3lxTFBxY1hyUFhOSWoteHlPeVAtVDZnak1tT2Q3YlBjazlZV3BCRG9DT3hCTE9PTTFGOWpyaktvNTJMUHlXbmlmeXpNVWVPdHhTdXVJcWZkallxOEhXMnM3TXgycldmVEd5YU5rN1NUWktla20?oc=5,"Tue, 04 Nov 2025 07:52:30 GMT",
2025-11-06T01:27:29,Google News FT,UBS chair warns of ‘looming systemic risk’ from private credit ratings - Financial Times,https://news.google.com/rss/articles/CBMicEFVX3lxTE5MeS1TRUFWTHdBMzI5V19Gc0x3VXNBUlRITl82XzB4SGlWb2JGT0RnVFhJNDRZVGJVRmxQZURESlI5OFlyY2JOLUNLMmZvUkxnQTkzZGNiNDVrdmdzSHJvM3Vvd0gzUV92aWRqdG9jb2Q?oc=5,"Tue, 04 Nov 2025 06:04:59 GMT",
2025-11-06T01:27:29,Google News FT,The dark side of Japanese convenience stores - Financial Times,https://news.google.com/rss/articles/CBMicEFVX3lxTFBfTXoyUHBZai10M1ZndE12UlBBZk9EUDNWQXpyZ1cwSUw3MkJ3V09wdDE0dnhzeWdpMmxJOE5YbzhyQmFBTlRWZDNCMjQ0ZHVQNlBFUmp6LXltZFVaYWFaTmRxa1lzTFlVMnh5V3Rpdy0?oc=5,"Tue, 04 Nov 2025 03:17:56 GMT",
2025-11-06T01:27:29,Google News FT,US stocks slide as investors fret over high valuations for AI companies - Financial Times,https://news.google.com/rss/articles/CBMicEFVX3lxTFA0VWlMNGRJdXVsVkJUZk1QN1FCWEtkNkIwWVMxNS10cUFRUWpYYnh6X3d6Y25WWGk5ak1vME9qUWoyNEU0WEN2SGY1NzZ1Y2NFQUd1czdmbzBudmRDQkJ5ZzJMdjA1VTgtYk9HUm9taGc?oc=5,"Tue, 04 Nov 2025 20:44:11 GMT",
2025-11-06T01:27:29,Google News FT,China offers tech giants cheap power to boost domestic AI chips - Financial Times,https://news.google.com/rss/articles/CBMicEFVX3lxTE01RzhtNkhnTF9pX08tQTdJY3luT2h6YVNfelp6YVdMQ1Vtel81RGQ3NDl5NnNpZlpuTGpLMFptTzdiLU1Cd0oxdWJXOXczaFd6dGV4YUk4SXRNUWdiSmZwOVNMRm9RZU9Nem9lVUloUFY?oc=5,"Tue, 04 Nov 2025 01:15:23 GMT",
2025-11-06T01:27:29,Google News FT,EU moves to prevent ‘Trojan horses’ from joining bloc - Financial Times,https://news.google.com/rss/articles/CBMicEFVX3lxTE8tN2FmYlZHWG5xRzA2UmgySmFPUE80akRnM0pqY3V5Uzl6eHM5eXNzWVhxRk05bFVla2FyWGZFcVBycEhLNW1Zc1NETm1BY2xWcjlacmJaQUU5MXNuRnFUTEMzMFg5V2l5cW9RV0JJS3g?oc=5,"Tue, 04 Nov 2025 08:15:05 GMT",
2025-11-06T01:27:29,Google News FT,‘Climate breakdown’: UN says world is heading for 2.8C temperature rise - Financial Times,https://news.google.com/rss/articles/CBMicEFVX3lxTE16ZENybnlRUmdudEpfVEdlbHRqcnNjQV9XS0YxT1FKVlhXV1hfTVNvZWJaYzFtQjl3b05Ca1Vlc25WTzQ3aU5KM05xQmNNTGJaNEtLUzZWcko0SnQ2R0pBZ2dHNk5WeHJrMGNUMklQWV8?oc=5,"Tue, 04 Nov 2025 14:00:07 GMT",
2025-11-06T01:27:29,Google News FT,Charles Schwab close to deal for private share exchange Forge Global - Financial Times,https://news.google.com/rss/articles/CBMicEFVX3lxTE9nakFkdWVHa0kwNFNxOTVjOGl5LTZobUp1Y2k3cUpEVnBKUmxmdkJOd05CM0Z2bjJ0cDVWQVVGQV90X3lmQzVNNUo1QmtpdkpNblFGQTdua2ZNazhENHB5SVJGcFFkdEZMX1E0OUlOR3g?oc=5,"Wed, 05 Nov 2025 23:08:06 GMT",
2025-11-06T01:27:29,Google News FT,The State of AI: is China about to win the race? - Financial Times,https://news.google.com/rss/articles/CBMicEFVX3lxTE5RLXlzUjNVeWdra3NGN2RURDZwUWFmWFBHRXJTd1JweTFSVEswdFZITlhxbU13RlVxN0RDUDNYVGh1YUhnLUY1R0dvQUFiYjVxVmR4am1wSTlKZjhELTFhek1XcUR3SXVXSG9ld3lodEQ?oc=5,"Mon, 03 Nov 2025 17:00:11 GMT",
2025-11-06T01:27:29,Google News FT,Rachel Reeves set to spare UK banks from Budget tax raid - Financial Times,https://news.google.com/rss/articles/CBMicEFVX3lxTE96NkJZQ282MHdERnN5a01hMllVeFVpdzM0RmlVWlpZZWd1YjVWNGR0Z3BSTWttX2tJXzEyX1FUMGNNck9adXIyYWFGejZOUWtTR2F1ZWQzQm84Wjc1QURBTUxqY3VVS0pIeW11SXZPUm8?oc=5,"Wed, 05 Nov 2025 19:42:08 GMT",
2025-11-06T01:27:29,Google News FT,ECB’s digital euro plan hits resistance from banks and EU lawmakers - Financial Times,https://news.google.com/rss/articles/CBMicEFVX3lxTE5QRzZrdWxkb19hdm1OWG5oc2c2aDV4dzRyUHpHMmN3Qy1lMVNYdmZ6TlpGaEM5cFNnb0l0dDNDUVUtbW1PVGN4UExsOVoyLUoxeFNjT0xCMjhkN0p0bloybzVacW9ab2lEME8tZHlJZEE?oc=5,"Wed, 05 Nov 2025 05:00:26 GMT",
2025-11-06T01:27:29,Google News FT,Eighteen arrested in connection with alleged global online fraud network - Financial Times,https://news.google.com/rss/articles/CBMicEFVX3lxTE1xS1Z5c09UNlJjOThtU2dQS0QwSzQ0ZjJTNjZEdE5QNFB0Y19jeFg4UC1ORFdWVzZIUjZraUptWk5EZlB6MkQ5ZDI2elRGcU56Z01WSU94WGNkMUpyUDlJdVJOZVF2d1MzMTFoU2RsUkY?oc=5,"Wed, 05 Nov 2025 09:40:30 GMT",
2025-11-06T01:27:29,Google News FT,Indonesia’s China-backed bullet train derailed by mounting debt - Financial Times,https://news.google.com/rss/articles/CBMicEFVX3lxTE9ocFRib0ZnRjNSY1J4eDRNZURjYndvRjFkbmdBOHhRaGYzOEJQYndQZ3BjOTZmWG1pdWhPLTZZQ3BMM2ZKVTBvS0o4SXNadW9vdnpTSy1GbjRxaDlobTRBRW11RnVIMm5CUkVORjllcVE?oc=5,"Mon, 03 Nov 2025 01:39:17 GMT",
2025-11-06T01:27:29,Google News FT,Mamdani and the new challenge for nation states - Financial Times,https://news.google.com/rss/articles/CBMicEFVX3lxTFA4YmU2c0JyLTEyb3JhQUJ5SUNlUHFHWE0xZ1pySEZ3NjQ2OTduMjM4MnVaUHhjdXJsSkc4bEtTTk5mOUVybi1uNHZpOUVSVXllaHE1MHJjb1czZkZUWmdqbnZvaUxJS21HbVlka2d5RU4?oc=5,"Wed, 05 Nov 2025 11:51:55 GMT",
2025-11-06T01:27:29,Google News FT,"Iran must ‘seriously improve’ nuclear co-operation, watchdog says - Financial Times",https://news.google.com/rss/articles/CBMicEFVX3lxTE5YM1J5TjRJS2UyR2thSFZTN2hGNGQ2aDZoYk9WUm5BUkN2eEVRWTd3MXpmMm5vQm9YMWhLNDBXelJJczVqZlhGREtCQV80NFc2M3FXcms5c0hTcE9HUEdSM2lnUEpwZ283bVRGWjE0cFA?oc=5,"Wed, 05 Nov 2025 05:00:26 GMT",
2025-11-06T01:27:29,Google News FT,Russia adds jet engines to Soviet-era ‘dumb bombs’ - Financial Times,https://news.google.com/rss/articles/CBMicEFVX3lxTE1DbjlVX0hfYjlaQUhLYzF2V3pBVThPVGpuQlZ2Z3NHUDBVMnJ6bmI4eDdpM1MzTGhqc0IzbDZOdXhjZ1dBdGpqMDlFLWpMaVlob0hOTlUzdmdYSmJkZDJWNDMwYUYxZ2NSMndRM0pLT2Q?oc=5,"Wed, 05 Nov 2025 05:00:14 GMT",
2025-11-06T01:27:29,Google News FT,Reeves looks at cutting household energy bills by up to £200 per year - Financial Times,https://news.google.com/rss/articles/CBMicEFVX3lxTE0tTjJaWWZaOFNITk9PS2ZheE5RTlptQU5iWkd0cXBXYW1naS0xS0pIRGwyQXM2NTVjRTN5Qy1pdS1Ld21oUnJZVTZxaDRWR3RfVGZrUWhOLTR1dy1EZzNzcjBMS2c3V2Vkb2hLSk16a2I?oc=5,"Wed, 05 Nov 2025 15:43:12 GMT",
2025-11-06T01:27:29,Google News FT,VW starts developing AI chip in bid to claw back China sales - Financial Times,https://news.google.com/rss/articles/CBMicEFVX3lxTE13Wkc0aG5TWHBhWDBSQ2tLdkZ2d2R1ZWhqeFNfeTA1WGlIUWg4MVdXbUVkdnRrSXJqdDdaSURxcVk1eVVaT1h0aWZ5TmFUaTJ4M2RUaENqRjBXZUtoMGhaZmFfQTBkNWlrTzJibXhJdEc?oc=5,"Wed, 05 Nov 2025 06:30:56 GMT",
2025-11-06T01:27:29,Google News FT,The new hot job in AI: forward-deployed engineers - Financial Times,https://news.google.com/rss/articles/CBMicEFVX3lxTE5GTkMyd0FybXJhRTktV2hBeXdMSlVCcGpVMk1vY3ZsVEczcmdja2xWVnF6NmlfUTF0TU1zdTF3SlN4NkxrVFFQLTZSVWdzVkRCakN6TXB3WTJDTmtrcDZXSU1TR2NOSnhBX1YycU9JSEw?oc=5,"Sun, 02 Nov 2025 05:00:33 GMT",
2025-11-06T01:27:29,Google News FT,FT Research Insights ranking 2025: the top business schools - Financial Times,https://news.google.com/rss/articles/CBMicEFVX3lxTFBmQkdKemI5UzBNelVqaXNCbmRDMEJzWlJyeXM5QTB0NnZpZHYyQlVCMEV0Sm1FdjFpWHBPVHA0NDlhZmxGQ2laZjNLdWRoSExyMGp6Ni1HNVdqYzFBemVPRmRlVHFpZC1OUk85RTBxb2I?oc=5,"Sun, 02 Nov 2025 04:30:41 GMT",
2025-11-06T01:27:29,Google News FT,Are you wealthy? - Financial Times,https://news.google.com/rss/articles/CBMicEFVX3lxTFBMa1RCdE5pcDRBV2taNVNRTW12OVV0ZzQ4bkZ6eHcybnNqVHpzNU1LbEt5WWdoS1Y3Y2NFV0VpQ1BHVFpKSXRZTW1qYV9KYlJIWDF6NnpRQkhtTzlVVDdZSXBnYm5HUmpEaHRjUWtzZmQ?oc=5,"Wed, 05 Nov 2025 05:00:26 GMT",
2025-11-06T01:27:29,Google News FT,Why the bond market still relies on voice - Financial Times,https://news.google.com/rss/articles/CBMicEFVX3lxTE1BNXNjUFlpRmREN24xQ1k1QWpxdlo0OGVvdkZ4NXlCdjRpMU1SMUZGalRZR0N2OHM1dWs0cDhmZnB1QzFpVmNwdFhzaWdUQjE1V1ktT0g5SFhtMkpFZE1FZGd1MFFEaGNYdWs0ODVWamE?oc=5,"Wed, 05 Nov 2025 05:00:14 GMT",
2025-11-06T01:27:29,Google News FT,RIP junk rally? - Financial Times,https://news.google.com/rss/articles/CBMicEFVX3lxTE1RQlg4dDE0WWhocjRIWTEzVjdUX3h3N1NXeTdQX0JGTkhwdnNDcUVSckp6Z3VsaDFERmhWUU5HT3ktRVl3eUQ2NTdUYzlXU0dFSU5xNzN2eWZCWHRkRnN4Ykw5RVhON1hlaFVDekwyekc?oc=5,"Wed, 05 Nov 2025 06:30:03 GMT",
2025-11-06T01:27:29,Google News FT,Berkshire Hathaway offloads $6.1bn of stock - Financial Times,https://news.google.com/rss/articles/CBMicEFVX3lxTE1QaG9wZ2lEOEZ4RTVsWXEwQXh4anFhTnM3OU1OOGhnd1NnME1fQS12MmhhUDBwdk5od2hmWmlpM3RlMTZjTUJzaF9Zakx6THlwalBMZmJBRHNsSHkxbnFDY2Z0b0dLOEFMWVZMM2xfRkk?oc=5,"Sat, 01 Nov 2025 13:08:02 GMT",
2025-11-06T01:27:29,Google News FT,Putin signals Russia may start nuclear weapons tests in response to Trump - Financial Times,https://news.google.com/rss/articles/CBMicEFVX3lxTE1RU1lWelZSRkFIQ0RoTU1sWVp2LVhvTzdVTnJ2RTZrTEl2NDFIWUxiYm1wdXl4eElMMy1OWlFMNVY2SVF6MkZscHhvaFgyVDdjZnQwbE9PbGdIMGZ6UWJ6X2kwMUdjTm01VEFUNlBJNi0?oc=5,"Wed, 05 Nov 2025 22:22:44 GMT",
2025-11-06T01:27:29,Google News FT,The $17bn nuclear start-up without any revenue - Financial Times,https://news.google.com/rss/articles/CBMicEFVX3lxTFA0b2YyWE5qQUdVenA1WUFCODZaTUlCTUJqZVJBeVA5cGlhei1EVmlEZTlQanZXZ0RaMU9GanFPd2RTbF9rdFA3YURYYzRlLXVaT1d6WW9oUTlLTkFHOXFqeVJSbGp1N1F6TGlQWHQ4X2k?oc=5,"Wed, 05 Nov 2025 05:00:00 GMT",
2025-11-06T01:27:29,Google News FT,Venezuela intensifies crackdown as Trump threatens land strikes - Financial Times,https://news.google.com/rss/articles/CBMicEFVX3lxTE9FcmFEMi1sWWJuVzVOaDZWcnBWN0J2Tk1MUHc2M0t5cmg5Nll3MlRqUmZrandBdURmSU4yeUhOdWVuYkJtZm04eWhGU0VRYjJPZlVxQVRMRkpmeWppa2NHa0l4Y0l3RF9DVVlmS1RiQjc?oc=5,"Wed, 05 Nov 2025 13:28:01 GMT",
2025-11-06T01:27:29,Google News FT,AI to power new fight against scam callers - Financial Times,https://news.google.com/rss/articles/CBMicEFVX3lxTFBraFJvWWoyYUhRdFltQUxTSFBOYWxlTXQ5ZENzZVg0bUJXMl9RXzFlcDhUVnVRVjRRUEcwNFlrekV2Rm1TcE9sV0QwcFZKN2pCaWsyVmJtT05qQUlKSDBYOGR1N1NHT3RVR2l1ZDdCcWc?oc=5,"Wed, 05 Nov 2025 00:01:00 GMT",
2025-11-06T01:27:29,Google News FT,Bond markets are winning the Budget stand-off - Financial Times,https://news.google.com/rss/articles/CBMicEFVX3lxTE9GQ0JLaFYwUUx2aE1KWWxxYTQ0cmE0YXdkUl9nYnN2Z0tpcUFYb29oX05pbzRzSlhuOFVnU3dDQWxCaGFXTmM1dEpmNW1PV1l0cURLSmdjX014bWU4QzNmN3JMNnYtU0FhS2dQMkVTNVI?oc=5,"Wed, 05 Nov 2025 05:00:50 GMT",
2025-11-06T01:27:29,Google News FT,"China ‘made a real mistake’ by ‘firing shots’ on rare earths, says Scott Bessent - Financial Times",https://news.google.com/rss/articles/CBMicEFVX3lxTE00ampCMi1teXd5amdrQ1ZGR1A2N0pVN1BfSFdqQTNRMnF2MGVXQ0xmMVE3OGRaRTQzT1kxSVNuWnVjM3JleVR1SUs1c1lfQ3k1RzE0dFhLQmFCVTdyQm1JaVNmN3FnWTVudUh1TjRWR0o?oc=5,"Fri, 31 Oct 2025 16:00:29 GMT",
2025-11-06T01:27:29,Google News FT,Drone start-up backed by Peter Thiel crashed and burned in armed forces trials - Financial Times,https://news.google.com/rss/articles/CBMicEFVX3lxTE15eFdnaGtaMVcydTRlZUQ0dW8wSWZVQVJqckI1Y1M5UEpweGpSRG5XMnNrQkdjNmFzOEg4SWdrcmR1d3RacVZodFdTYXVCOHlGeTlCd1FUVTdoY3JhbHdSQXdXRlJ6NE9ibEl4eVJrVy0?oc=5,"Fri, 31 Oct 2025 09:47:16 GMT",
2025-11-06T01:27:29,Google News FT,Palantir shares slide after Michael Burry reveals bet against stock - Financial Times,https://news.google.com/rss/articles/CBMicEFVX3lxTE1FRGpNcE53RzRYMmVJMTRNdnBsNDk2bDMyU3JDYmJaZThNRGVmbGZEZ2hxWFVzWjJlRkk5d0RRYzgtcDd6a3Y0SGF5QnJfZlh2WFMwenlzbVRRNS1FOTNnOVhLa1pZOWs2NUs3N0k2WWU?oc=5,"Mon, 03 Nov 2025 21:35:18 GMT",
2025-11-06T01:27:29,Google News FT,FirstFT: Zohran Mamdani wins on ‘blowout’ night for Democrats - Financial Times,https://news.google.com/rss/articles/CBMicEFVX3lxTE5CdFhsV3VCY3VKN0p2c2tySTBfN016cGU2TFZKdHdzNHpRTGtvVnVmUnZtSnFPQlhCVWlCbHFUOG5FczN5Rm56Nk16aVpoSFNBRmpraWgyOFc2YWRtdy1IejRCU1hwc05NeGZBWERKMnk?oc=5,"Wed, 05 Nov 2025 10:55:16 GMT",
2025-11-06T01:27:29,Google News FT,France says it will ban Shein in row over sex dolls and weapons - Financial Times,https://news.google.com/rss/articles/CBMicEFVX3lxTE5hYnVyWnFjeG16NmRpSkZpUmVfT3dZbGpoMExHQ3JqNWZZOV9ienpPajJocGV5T09vdHpPVlg5UGF6U2pWcDgwWDFWaWtVVXk0U1ZyM0p2UWNaSUNwUjVWN0xacThPTjNuZ3Jsa241MmQ?oc=5,"Wed, 05 Nov 2025 14:11:16 GMT",
2025-11-06T01:27:29,Google News FT,US pushes for wider global dollar adoption - Financial Times,https://news.google.com/rss/articles/CBMicEFVX3lxTE1WekozWWdMYVVGNWM2LWZKQnFIYVdIU3E5WUh2N2dDVVF0ODliaUpqbWtVaUtraE5QMlFiTFhuSXhlMkpWYno1bDBCVTR1MmY2WVphWFctSzN2YmZqMnNYQ0lTUlcwN0x3bk1LVGtPZ0Q?oc=5,"Sun, 02 Nov 2025 05:00:34 GMT",
2025-11-06T01:27:29,Google News FT,Meta readies $25bn bond sale as soaring AI costs trigger stock sell-off - Financial Times,https://news.google.com/rss/articles/CBMicEFVX3lxTE1DbFV5MjhncXliTVJLemdZdjVNYkZnRGFpQjZiR01OaDc2cFl6aTMwaGRnN3ZUZml2RFotTnRXUUNicHg5Qy0yLXV3S2w3Um5CQWRFbHo4QWRsQ3lmMHJmMnhVcXd5Q095ZmppVE8wVHI?oc=5,"Thu, 30 Oct 2025 16:07:48 GMT",
2025-11-06T01:27:29,Google News FT,Donald Trump-Vladimir Putin Budapest summit axed following Moscow memo - Financial Times,https://news.google.com/rss/articles/CBMicEFVX3lxTE5lMWN6WnV3YVNXZ2NXSFdycFhUNHlWaFZwYnRBdFR3WVRYc1g3VndNVHU1Rmc3bDlwMVFJN25ld1hlcVlvTmFndDJQYjdBMzlWVHBiX3ZBWjc1YXM4aHZObTRjeEkwN3kxaktwT21lSGo?oc=5,"Fri, 31 Oct 2025 05:00:35 GMT",
2025-11-06T01:27:29,Google News FT,Trump’s ‘retributive diplomacy’ hangs over UN climate summit in Brazil - Financial Times,https://news.google.com/rss/articles/CBMicEFVX3lxTE9yV3pNUGJodWhXQTdpMks3MDkxRzdFZDlDN2NiWW96S3hSTEY2c3Z1UlRPNnZsNGtFVWU4SmdVeU9lUzJ5VTVkMDZaQ2c2bk5CY2hreUpNQklpUWZnSWRaeHlFUDNEMEFRMzBKU1BBcVU?oc=5,"Wed, 05 Nov 2025 05:00:14 GMT",
2025-11-06T01:27:29,Google News FT,The Democrats find reasons for cheer - Financial Times,https://news.google.com/rss/articles/CBMicEFVX3lxTE9EN0ZXZDNDVUVHV3o0b0dYSFhwTFluZ1c4TnZMUllWcmlnMlR5NS1wMmd6a1JWZUhLU0tOLU5vR1g3Y015WlJCb21TNy13U3RIaGFMTVNkVDVtR0hJNUttX1hIcE81V21UeWJ3UUlDdGk?oc=5,"Wed, 05 Nov 2025 14:10:32 GMT",
2025-11-06T01:27:29,Google News FT,‘Do not trust your eyes’: AI generates surge in expense fraud - Financial Times,https://news.google.com/rss/articles/CBMicEFVX3lxTE9NMG5haVhoOEVTYm5maV8wUnJDNjhVUS1Zc0VaNDB2RTRPMk1jYkdLdG8wOFB1NGxGZFdhZktXZGpRNHFQTXgtMFZKVGkzb1VpRW1mZVRoR3h5TnM4Y2hoNGN1LVpIbGcyVjZ5Qm1wWUg?oc=5,"Sat, 25 Oct 2025 07:00:00 GMT",
2025-11-06T01:27:29,Google News FT,OpenAI strikes $38bn computing deal with Amazon - Financial Times,https://news.google.com/rss/articles/CBMicEFVX3lxTE5zVWRzNVE1eDFYR25LUnhhQVdVVlFoM3o0QUdMT0tFeVBtY0RYT3RZcTNocU85ZE15X2dXZ0Z2UWh3TDVfZGNWY2JzNlVWYmhYVnlQald6eWNYWlY2RUNXNmtNZjJfUEF0c3AtekNXcWk?oc=5,"Mon, 03 Nov 2025 14:07:50 GMT",
2025-11-06T01:27:29,Google News FT,Thomas Piketty: ‘The left has been a victim of its own success’ - Financial Times,https://news.google.com/rss/articles/CBMicEFVX3lxTE5DT2JQeWx0TEktNTVCWlQwZ0hQMEpJTGdrSHpkaVF6TGd6d2hDTmpONjU1ZnN0RjFDTDVuQmdaanJvUGtGS3ZwYVkxLU43Q0RtLUUydVNQaUw2VXNuYm8wcGw3WENCbFlBVlp5cnh0WGM?oc=5,"Wed, 05 Nov 2025 05:00:14 GMT",
2025-11-06T01:27:29,Google News FT,In defence of COP - Financial Times,https://news.google.com/rss/articles/CBMicEFVX3lxTFBKQkY1dnpPVkFIS3RGaWZqY1JQZEVwcTV0NlFxbjRlLUNRdHAtSHBhUDF4ZS1uQkEtNHoxUjJka29oM2d1ZmhTdW52eTZ3MHBTSUFDMHlydXlKdTNHQWJoZE9MbnRxSlkzX0FxN0Q2eUQ?oc=5,"Wed, 05 Nov 2025 22:30:05 GMT",
2025-11-06T01:27:29,Google News FT,Nvidia becomes world’s first $5tn company - Financial Times,https://news.google.com/rss/articles/CBMicEFVX3lxTE1lRF9pNmlTMnJ5Wm1hd2JZT2tkTmp1aFl0dEd1dDF3ZURBN3JBTktrN0VWcHEyQ01hMktabEtjRUJRdFI3b2U5R1dlSHVpaWYwdHBaZnBXZWFHWndvbG5rWlFXZFJXVXZFbU45RkFFUkE?oc=5,"Wed, 29 Oct 2025 10:47:05 GMT",
2025-11-06T01:27:29,Google News FT,Who will be Donald Trump’s next Federal Reserve chair — and what will they do? - Financial Times,https://news.google.com/rss/articles/CBMicEFVX3lxTFBNaEgxRVRBUDMtei1rUmF5bDdJVmdWd2hISkNxWTdFOFp1d0JJVjBBb0pLcFNlZFBCUEd2d21yM2ZzWEg2eXJ5bEZYZ2cyT2o5NEl5T2ltaVgtdGR4a2FGQ3c5YmlFb25sTFQzclVwZHY?oc=5,"Wed, 29 Oct 2025 05:00:29 GMT",
2025-11-06T01:27:29,Google News FT,Saab ready to open plant in Ukraine for Gripen fighter jets - Financial Times,https://news.google.com/rss/articles/CBMicEFVX3lxTFBIUGp5b2cwcWFBbTZycVpqY2dqUThLQm9nSXFobmp0RDY4dTllQ202WjJHcEo2Y2tKWjZZOFVnM0NPdGQ3VXlXd21UWk1LTUtpcUVhaVFxNF9zMzNDZElKdmtOQXBsS0ZkNmNxREZQTzk?oc=5,"Sun, 26 Oct 2025 07:00:00 GMT",
2025-11-06T01:27:29,Google News FT,The new nuclear arms race - Financial Times,https://news.google.com/rss/articles/CBMicEFVX3lxTE5OU1JYTlhzRkV3dFhvRVlCV3hjVDY0Vjc3YmRuTFFTZ1FGLWhwSVhoSkQyZTFBUG9MdjFQaFBfVnFBNHFpME9ITVljY0hSRWJnUTVYYUVNdkZ1MVlaTlRxUEFTN0Ftb2RvR0N4RTFFci0?oc=5,"Tue, 04 Nov 2025 18:32:12 GMT",
2025-11-06T01:27:29,Google News FT,US allows Microsoft to ship Nvidia AI chips to use in UAE for first time - Financial Times,https://news.google.com/rss/articles/CBMicEFVX3lxTFA5S25jSGNCeGhSRFVWNnptVVdkNjU4V1ZDWWE3M1lzR0Y4TTB2a3RkdnhveVNRalVManBhTEc3VHhFejV1WEVGdFFabFRoSXZpeUY2Uy1CM2RtYzd6STE2VjQtWmlZTGFETThsbEhCSUM?oc=5,"Mon, 03 Nov 2025 12:00:06 GMT",
2025-11-06T01:27:29,Google News FT,Chatbots pose a risk to democracy - Financial Times,https://news.google.com/rss/articles/CBMicEFVX3lxTFBwaGpiNHQxc0FTQXdhSVpxUEpYbFBCVlFMSXF4OHJYNlNxNHZlWF9pOEhDLVp6TWRnRS1LSTBjZ3JscnRES1MxM3lIT3c2NlE5VWVtenZSV2NBUDhKSXpHQ1FtcVRqMGR6U3JEU2VDaFc?oc=5,"Wed, 05 Nov 2025 12:30:01 GMT",
2025-11-06T01:27:29,Google News FT,What GPU pricing can tell us about how the AI bubble will pop - Financial Times,https://news.google.com/rss/articles/CBMicEFVX3lxTE5ON1c1dEh2UHhwT2trUWRDcUJZRy12VVlHdWJMRVU3aUh2UU02dlJaODNYMldTaUtFYWNlWjhqemh0M1owWE50eUJmWV9mV1ZpaHZ1TXZ4UGV6azE1QXV2WkM1eFc3RUp2WHRBdHdGaTk?oc=5,"Thu, 16 Oct 2025 07:00:00 GMT",
2025-11-06T01:27:29,Google News FT,Businesses press Supreme Court to strike down Donald Trump’s emergency tariff power - Financial Times,https://news.google.com/rss/articles/CBMicEFVX3lxTE11MS1KcHJQRFFVRm0xNmd4X3ZNcDZ6VnlXQ3N3RE9iRWF4dEY3Z192eE9SX0NBRTNTQmN4M3V5MnVQSXVDb3phV2FZRUo4T3RkNk9mekRlakpGX01NSmt2OXFPSnlZOS14Sl9BR25xcEY?oc=5,"Mon, 03 Nov 2025 05:00:29 GMT",
2025-11-06T01:27:29,Google News FT,FTAV’s further reading - Financial Times,https://news.google.com/rss/articles/CBMicEFVX3lxTE9FNFRYTUNzcGVlR2FIZnRJRHFySDN5UkdPLVpZeXlVTmNkWWNwWjIwSHlkcGtHNHRkUVFIa0xpZmRuc2VRQXdyaWUyS0hKRHJRMzg4TWxYYkFVWUctNk9CQkNYUy1fMDFyc1JfNXFjcEQ?oc=5,"Wed, 05 Nov 2025 06:35:03 GMT",
2025-11-06T01:27:29,Google News FT,Gerhard Schröder refuses to be Germany’s scapegoat - Financial Times,https://news.google.com/rss/articles/CBMicEFVX3lxTFA1NGRRMnRaY3N3QmtHQV9WU3BZdjNqcmNyT21EY3hVR0VwSUFzWHBxZUdSVC1QeGRlalUtR3d4aDVzVTUwVmUxYm84Ui1ScDVfdGRzX3djc2lfbktPMk5kT3YyZTJWRTV6bUN3VlJBdHY?oc=5,"Wed, 05 Nov 2025 15:57:50 GMT",
2025-11-06T01:27:29,Google News FT,OpenAI’s computing deals top $1tn - Financial Times,https://news.google.com/rss/articles/CBMicEFVX3lxTE5hdXhWZWdVR2RaYzNDa0R0Y3hVamxsUGhDbkxtWmMyelhvb2QxRTBSZmRvc201dGRuVjE1Y3VCRlo0S1JfaGZHanRqekpmZHlBT1ItNWVXVjRabTBtenZ0VjFtUHFvdDFPUTc1ZjlxVTc?oc=5,"Mon, 06 Oct 2025 07:00:00 GMT",
2025-11-06T01:27:29,Google News FT,Musk’s $1tn bonus tests investors’ willingness to live without him - Financial Times,https://news.google.com/rss/articles/CBMicEFVX3lxTE8tSUtGckQ5X3ZWemRZZERzM19Fc2p3LXJiWkw4TUJrb1VtVW5LZnp2Q25JVVFRdWJHMjVrclVRSXhnUjVUWnhxLWRmYWJUZkFHSjJLbk5SZU5QS2N2bWszenNqUHVZY0VNb3JhQzRsMGM?oc=5,"Wed, 05 Nov 2025 18:24:58 GMT",
2025-11-06T01:27:29,Google News FT,There is only one winner in the Pfizer Novo Nordisk showdown - Financial Times,https://news.google.com/rss/articles/CBMicEFVX3lxTFBLQW41VjlsamllQ1pEeXdpS2FpNnhYMmpmUS0tckJNZ1lOQkpqbUhqTkdQaVpMblZINUtTVXJhTmtvbVpVUXhRbG5Pb1lOWlpZN1BkdkV0b0tXSU9FV1NSUzFpOHR4V1AzSVRvU3pGa0w?oc=5,"Wed, 05 Nov 2025 18:44:05 GMT",
2025-11-06T01:27:29,Google News FT,Transcript: AI bubble worries spread to Asia - Financial Times,https://news.google.com/rss/articles/CBMicEFVX3lxTE1FcWhsTkhVOXJTN21GM09iRlJOQk1nTU5XeUg4aFN5RHVTNmxsd2p5Zl8wZlhsSkpuWF82X3p6NjhYWU5sNXl1dlVQNDNudTVqMkdLQ016WGhBYnVUSjdpNXBzX2Z0NmlyUnNrbnVkbzE?oc=5,"Wed, 05 Nov 2025 05:50:22 GMT",
2025-11-06T01:27:29,Google News FT,The future of work is still human - Financial Times,https://news.google.com/rss/articles/CBMicEFVX3lxTE1YNlNwWnphcmVDbmlrREhwbnhOQ0V6emRCYzRORE9RbDNWOEx6czB0eFBhRlBnM2U5ZnZkSnlSenVjYUJ6cVMyd2pFZ1ZqSEVNMXJaR0dONmVianc2X2xjWW5DTjlEbGNyaEZ1V0J4YVI?oc=5,"Wed, 05 Nov 2025 17:15:03 GMT",
2025-11-06T01:27:29,Google News FT,Jardines’ stodgy image could be harder to shift than its assets - Financial Times,https://news.google.com/rss/articles/CBMicEFVX3lxTFAzbW1HRGstWVBiVVZyeFdSWlVBb3VLbm1WVFJIZ0N5aEdpVVcwRVBfcUMxSnZsTVRaSGxRS1dNdGpzUW9hVElTY3lZWWJmUEI3S2JOdkZ0M1lkOVJYcHk4YUQwSXI3eWU4WFREbksybkk?oc=5,"Wed, 05 Nov 2025 23:00:05 GMT",
2025-11-06T01:27:29,Google News FT,Primark spin-off puts a gilded financial theory to the test - Financial Times,https://news.google.com/rss/articles/CBMicEFVX3lxTE1zOTRFRGRmbVJic3V3MFdnY0h3ZWYzbVU3T3cycnByWGZXZFdiRk96a3BsMENHeml5X0dRcm9ITTZ2ZGVfdU94NVl0TFB5LTlfdG5EM2Vva1dvNnhRRXB4T2dDNFFrSjRDaVc4WjJvV3Y?oc=5,"Wed, 05 Nov 2025 05:00:33 GMT",
2025-11-06T01:27:29,Google News FT,Fifa to award new ‘peace prize’ in Washington next month - Financial Times,https://news.google.com/rss/articles/CBMicEFVX3lxTE5sOVBmbmNkNTAteHBOelRxX3lVaXNaNGFoUWxWV2hZVDdqZUQ0U200UjVwSHRDdEY3STRYU25ZMWhFazlTSjdCZGhwNkpVNjJiVVBidld0Y1ZDYzdUeVM1Y0xkeE43X0xzYmFraGhpalE?oc=5,"Wed, 05 Nov 2025 20:08:31 GMT",
2025-11-06T01:27:29,Google News FT,Covid raises risk of rare heart issue in children more than vaccination - Financial Times,https://news.google.com/rss/articles/CBMicEFVX3lxTE9uVTQyS1I2a2gxYnk4Rm5HN1JNOWlvOS1JUkp0YjZ0d0VBVlI3Vm9HWlJMZFZBNF8ySG1uVWlMbWVvdS0wdjJqZnJ4MFJsMzFjZGpTOHl0MkJQbmZVQkJfa1dfc2VYWG1CNzVmalVxdUs?oc=5,"Wed, 05 Nov 2025 05:00:33 GMT",
2025-11-06T01:27:29,Google News FT,Bank of Canada to slash 10% of jobs as Mark Carney targets public sector - Financial Times,https://news.google.com/rss/articles/CBMicEFVX3lxTE00clBHcEo4RE1mbUE3aEhMWGpnc3VaTE4yMVpSaWRuSGVET1JnS0pQNWQza01Lc01mNkFwYVNzMGdkcS1KR1I5czdmTVRaRkYyQmhBTTlhUDQyeEJKaW8tR2hUWWsxV0lRbWJ4N3pZdTY?oc=5,"Wed, 05 Nov 2025 20:45:24 GMT",
2025-11-06T01:27:29,Google News FT,DoorDash shares slide over heavy spending on tech upgrades - Financial Times,https://news.google.com/rss/articles/CBMicEFVX3lxTE1JWFY0Y2NKRFR1SG1lcE1PS0g5czdvc25mWW5TdUpIQXI0Yk9QTm1jV3Y3U3dxdUNfdDRybmptMlhWVDVOQWxNQS1FUm1SUkswMVlmakEzM1VLMlZYTjBOM0pjdE1oWW5LakNhUXZ4S24?oc=5,"Wed, 05 Nov 2025 22:11:29 GMT",
2025-11-06T01:27:29,Google News FT,Snap shares jump after $400mn deal with AI start-up Perplexity - Financial Times,https://news.google.com/rss/articles/CBMicEFVX3lxTE9FaUZaTXM4cUpjdWlwU2dtdGs2WWtNT0FDQTdRbnQ0RnBYSlhGMnE5VmpyVHA2QnpUUDJSdzhhdDhNUXA2enFpbmdYTXZZSGI1eS1iQnE4YWxjbnM5TFhLbFZ1OXl6U1FfeDhHcVZ1LTc?oc=5,"Wed, 05 Nov 2025 22:53:54 GMT",
2025-11-06T01:27:29,Google News FT,Erdoğan says Turkey has entered ‘new juncture’ in Kurdish peace process - Financial Times,https://news.google.com/rss/articles/CBMicEFVX3lxTFBQQ3hNdjJpX2paa29hOVNuTnZXU0loTXJhMVBDVjdkWjMxM2g2ODkzd005TGZ0UVF6ZTVGWFFQa3ZobWhHMW5nUFNLSDAtWVFRbngwYWN2VlJIVUpJS0xJUWRCUVUwM1F6Q1dNV3gyNVQ?oc=5,"Wed, 05 Nov 2025 16:14:34 GMT",
2025-11-06T01:27:29,Google News FT,JPMorgan discloses US inquiry into alleged debanking practices - Financial Times,https://news.google.com/rss/articles/CBMicEFVX3lxTE9WQTAxMXhCeXg2ckVRT1FxNEJxX3hsRVY1Q3JBX0pNWm9UT3JoTmwzSGg0Wl9TRk0xSk94Q0Y4cXhES1VZMC01Q2pQaDdVSUdwV1RHdXdvSXpZSFlZenNocEp5WFJUYW8ySjl4QVRTTkw?oc=5,"Tue, 04 Nov 2025 23:15:21 GMT",
2025-11-06T01:27:29,Google News FT,"UK must pay more for drugs or pharma companies will quit country, US envoy says - Financial Times",https://news.google.com/rss/articles/CBMicEFVX3lxTFBscVVCS3dia3E2S3ZiYjFVd3NWcUlEUmtSbTdnZHJzUGMtVnd4Y3pvcThCQk9sblJWSUt3ejlwRHdVcUVVdDU5NjZWT2szd215MVpmYkRXaHo1ZWtvYjJUSGNXbHVYaU9rOUJ3Q1ZWYS0?oc=5,"Wed, 05 Nov 2025 18:52:51 GMT",
2025-11-06T01:27:29,Google News FT,China’s green bond market races ahead of global peers - Financial Times,https://news.google.com/rss/articles/CBMicEFVX3lxTE15MHdvQVA4ajZSSTdpc0xuV2pqMnJYc0lmSDhYT1lKMXdlU3E3MjM5eDZYZjRJaVBGdWl4a2FnVHk2Vk9mSkhaWVdqbUtpNjNXTTdqQVdLSkF1SmdyWUFnZkc4a0hFd2tVQWFfNnZGMC0?oc=5,"Wed, 05 Nov 2025 05:00:14 GMT",
2025-11-06T01:27:29,Google News FT,EU pushes to cut time of cross-border train trips by up to 8 hours - Financial Times,https://news.google.com/rss/articles/CBMicEFVX3lxTFA1YkY4eThzZUNualRDS0haMGdsa0VXbEtJTHZPRmdDZlI5UFZuenY1NG85WTRXanZoaHpRR1pkcXpUN3hkczA0aTVlajhsUVE1dU9ldE1PWnJiM3VUOGhTVGtfeUVjUWtiMDdCU29lT1o?oc=5,"Wed, 05 Nov 2025 12:36:33 GMT",
2025-11-06T01:27:29,Google News FT,A tide of fabricated research risks scientific integrity - Financial Times,https://news.google.com/rss/articles/CBMicEFVX3lxTFA0ZV9YRUIwZ2dfbEtnY3pXWlRXSUpMcEFWbmxXbm52THZZQVdidHJyYzdlTGJPT0pHQkZvRzZRcFBiNjljZElXUkdqVTJMbjdNMkFGOG9icVZYYllTOHd6RGFJclM1ejNEMDZ3TlI2N1M?oc=5,"Wed, 05 Nov 2025 17:06:12 GMT",
2025-11-06T01:27:29,Google News FT,Profit rise and buyback boost shares in Europe’s largest wind turbine maker - Financial Times,https://news.google.com/rss/articles/CBMicEFVX3lxTE02RTVQNWIzME9TNE51b1NsZ3VURVlYTlZPbDVFMDQxaVE3LTZUOEotVTlRUjdfc25ZRmotQUlnTWFEcHltS0xuNS13QzZZTy1VQ0ZoZHFaVHNhTWxOWldZM2JHUjhTWUFNSTdacUhELXk?oc=5,"Wed, 05 Nov 2025 13:15:35 GMT",
2025-11-06T01:27:29,Google News FT,Supreme Court appears sceptical of legal basis for Trump tariffs - Financial Times,https://news.google.com/rss/articles/CBMicEFVX3lxTE5RVk90N1hPalJNQVZMRmM1ZWhiUkplWVhXNkRENjY4Y1lod3JtSktCbDBvNlVPeWV3aWRtSFo4Vkh5U3VvWW5jaGgzdUZpRmlYMUowWERQTkhZWmxrYWVELXN6TmdsSkVzMk8taGRxOGQ?oc=5,"Wed, 05 Nov 2025 19:38:05 GMT",
2025-11-06T01:27:29,Google News FT,David Harewood stars in an Othello that thrills but lacks coherence — review - Financial Times,https://news.google.com/rss/articles/CBMicEFVX3lxTE90cWstT3lJelVJRVBCai1CRzNaVHM0bFJXNThLSzFLRTR1WTdJa3lKb0VjWHhPd3lNTGV1Qjd5WVBqaWJpbFFIbmRSNWJPOUttTjZBT0NFbGlTY3JQV2ZXU3Q0bTd2MjVNSkdQVjUtZGs?oc=5,"Wed, 05 Nov 2025 12:00:02 GMT",
2025-11-06T01:27:29,Google News FT,Tips for resisting the anti-science lurch - Financial Times,https://news.google.com/rss/articles/CBMicEFVX3lxTE9TRjdjOHpXZU1jUVhRLUI2eDVGS2JVNml0V09mSXBzYURvQmlfSjJHWXNvOE1vckhpejBTVjhHcFJwQVZXUkJPYVJrV0Q4Wlduc0I3MGhwVWQyNWZiQVNjTGh2aE5zSm11QjN0d2xxNjU?oc=5,"Wed, 05 Nov 2025 05:00:26 GMT",
2025-11-06T01:27:29,Google News FT,EU countries weaken 2040 climate plan in eleventh-hour deal - Financial Times,https://news.google.com/rss/articles/CBMicEFVX3lxTFB0cGNhWHBzbkdZQ3FOMFBTNENnbUZYTmhESVE1TVZ0eHROM1dlaGh4eXpKb2NkOVhsakZWUXBzQWl1R3g5dnotTVlxSW92RlFMVEFhU1FvTHB2YWpzYW1mMFI4aWJmNEtOd0NQbG9ZRVU?oc=5,"Wed, 05 Nov 2025 09:07:23 GMT",
2025-11-06T01:27:29,Google News FT,US private sector snaps two-month streak of job losses in October - Financial Times,https://news.google.com/rss/articles/CBMicEFVX3lxTE5HZnZiaVVEYkJnYTdqMmhXeWpRZTlFSmR5UzA1ZmVXa0pCZUJ5YllLdS1tYVdBbVVWM0EyUmxMdkNVOUtDMlRObkx1dDhEcXdZMmlOcllOZTNJOTJhUlRuN090eTJsVHJFS3FDTUFXbFg?oc=5,"Wed, 05 Nov 2025 13:15:44 GMT",
2025-11-06T01:27:29,Google News FT,Narendra Modi’s BJP heads into tough election in India’s poorest state - Financial Times,https://news.google.com/rss/articles/CBMicEFVX3lxTE5FeWJZYkxNRDJnWk1vcEtNOURJSVJmOUo0V0hTdG5YdnItNlhwTVJxRjdfZERYX2Y2T2thd09hOGFvVlZQYXFlcm1XaFgxSmNOemlsSk41YklpZU40VGtfRl9kRlcyZzkwV2g1RmFfaTc?oc=5,"Wed, 05 Nov 2025 04:18:51 GMT",
2025-11-06T01:27:29,Google News FT,Palantir is nuts. When’s the crash? - Financial Times,https://news.google.com/rss/articles/CBMicEFVX3lxTFAzdnVGR2tMUTNwb2NIWHRqOHBuaUI1a2JJdDIzN1NfM3lFdXFlX1hRQ19ldUhJNENfYk92OTF0eU9lc25DMlNnR3ByV0V6UDVEQ05Mc2V1Sl84TUlweEpRZjZGSmhSOUdtQWp1QXZiVXk?oc=5,"Thu, 05 Jun 2025 07:00:00 GMT",
2025-11-06T01:27:29,Google News FT,The global boom in solar — with or without the US - Financial Times,https://news.google.com/rss/articles/CBMihAFBVV95cUxQVGgyTEtteG00V3owNFR0QThuVWNXUW9xa0JoVWdwcmw1aXFJUlNTMW5GOGs0U3hRRmVRdm54cjJDSjNJTWdpSnlOVlBpN3poYk9CSS1CM3dqTXhKcWgxX3lZYkprOXBPS2hnRkUyb3h0cmtMUVRSNW1VMlBBOUxDemUtVmM?oc=5,"Tue, 28 Oct 2025 07:00:00 GMT",
2025-11-06T01:27:29,Google News FT,US and China agree one-year trade truce after Donald Trump-Xi Jinping talks - Financial Times,https://news.google.com/rss/articles/CBMihAFBVV95cUxQeXFRRnBtR2lpSkVHaUtYMkNwenlVcWFKU3ljenA4ZDRiMjhPX1NRVUVSNHdmZzh6cHhlZUptY1ZLLXpSSlJSN21Fc3RlbkUza2ttdjRJNExPR0NFTTB0cUtCdDRQOHlkYTNjbTl6azktZ2N3dzZra01XSF81Z0hNaHhUTHg?oc=5,"Thu, 30 Oct 2025 12:12:30 GMT",
