timestamp,source,title,link,published,content
2025-11-15T01:25:26,MarketWatch Top,Only one analyst has a sell rating on Nvidia — and he says ‘it feels fantastic’,https://www.marketwatch.com/story/only-one-analyst-has-a-sell-rating-on-nvidia-and-he-says-it-feels-fantastic-c4a887fb?mod=mw_rss_topstories,"Fri, 14 Nov 2025 23:26:00 GMT",
2025-11-15T01:25:26,MarketWatch Top,"‘Santa Flaws Rally’ has legs so don’t sell stocks yet, advises Bank of America strategist",https://www.marketwatch.com/story/santa-flaws-rally-has-legs-so-dont-sell-stocks-yet-advises-bank-of-america-strategist-f79f67be?mod=mw_rss_topstories,"Fri, 14 Nov 2025 23:25:00 GMT",
2025-11-15T01:25:26,MarketWatch Top,These dividend stocks are good bets for risk-averse investors — even during a bear market,https://www.marketwatch.com/story/these-dividend-stocks-are-good-bets-for-risk-averse-investors-even-during-a-bear-market-f338a0c7?mod=mw_rss_topstories,"Fri, 14 Nov 2025 23:11:00 GMT",
2025-11-15T01:25:26,MarketWatch Top,"Gold is holding above $4,000 for reasons that could drive it to $5,000",https://www.marketwatch.com/story/gold-is-holding-above-4-000-for-reasons-that-could-drive-it-to-5-000-7ea08755?mod=mw_rss_topstories,"Fri, 14 Nov 2025 23:09:00 GMT",
2025-11-15T01:25:26,MarketWatch Top,"Think robotics stocks are overhyped? In fact, they’re just taking off.",https://www.marketwatch.com/story/think-robotics-stocks-are-overhyped-in-fact-theyre-just-taking-off-e8d070b7?mod=mw_rss_topstories,"Fri, 14 Nov 2025 23:09:00 GMT",
2025-11-15T01:25:26,MarketWatch Top,Soros fund goes for this legacy automaker — and sells off Tesla and Rivian stakes,https://www.marketwatch.com/story/soross-fund-goes-for-this-legacy-automaker-and-sells-off-tesla-and-rivian-stakes-bd53a05b?mod=mw_rss_topstories,"Fri, 14 Nov 2025 22:57:00 GMT",
2025-11-15T01:25:26,MarketWatch Top,Google Gemini’s investment advice is much more conservative than a human adviser — here’s what that could cost you,https://www.marketwatch.com/story/if-you-take-investing-advice-from-ai-it-could-cost-you-thousands-heres-why-b1f5397f?mod=mw_rss_topstories,"Fri, 14 Nov 2025 22:55:00 GMT",
2025-11-15T01:25:26,MarketWatch Top,Elon Musk now says xAI is delaying its Grok 5 launch until next year,https://www.marketwatch.com/story/elon-musk-now-says-xai-is-delaying-the-grok-5-launch-till-next-year-b9f43a81?mod=mw_rss_topstories,"Fri, 14 Nov 2025 22:50:00 GMT",
2025-11-15T01:25:26,MarketWatch Top,Steph Curry likely made $300 million with Under Armour. Can his next move match Roger Federer’s post-Nike success?,https://www.marketwatch.com/story/steph-curry-likely-made-300-million-with-under-armour-can-his-next-step-match-roger-federers-post-nike-success-8d8fc9cf?mod=mw_rss_topstories,"Fri, 14 Nov 2025 22:48:00 GMT",
2025-11-15T01:25:26,MarketWatch Top,"‘I’m a big fan of DIY investing’: I’m 64 and moving to the U.S. I have $2.6 million, but no Social Security. Will I be OK?",https://www.marketwatch.com/story/im-a-big-fan-of-diy-investing-im-64-and-moving-to-the-u-s-i-have-2-6-million-but-no-social-security-will-i-be-ok-75afd5d9?mod=mw_rss_topstories,"Fri, 14 Nov 2025 22:46:00 GMT",
2025-11-15T01:25:26,CNBC Top News,"Trump cuts tariffs on goods like coffee, bananas and beef in bid to slash consumer prices",https://www.cnbc.com/2025/11/14/trump-cuts-tariffs-goods-prices.html,"Fri, 14 Nov 2025 22:59:30 GMT",
2025-11-15T01:25:26,CNBC Top News,The question everyone in AI is asking: How long before a GPU depreciates?,https://www.cnbc.com/2025/11/14/ai-gpu-depreciation-coreweave-nvidia-michael-burry.html,"Fri, 14 Nov 2025 16:19:35 GMT",
2025-11-15T01:25:26,CNBC Top News,"Google and Disney reach deal to restore ESPN, ABC to YouTube TV",https://www.cnbc.com/2025/11/14/google-disney-reach-deal-to-restore-espn-abc-others-to-youtube-tv.html,"Sat, 15 Nov 2025 01:24:39 GMT",
2025-11-15T01:25:26,CNBC Top News,Warren Buffett's Berkshire Hathaway reveals new position in Alphabet,https://www.cnbc.com/2025/11/14/warren-buffetts-berkshire-hathaway-reveals-new-position-in-alphabet.html,"Fri, 14 Nov 2025 22:02:28 GMT",
2025-11-15T01:25:26,CNBC Top News,Data centers are concentrated in these states. Here's what's happening to electricity prices,https://www.cnbc.com/2025/11/14/data-centers-are-concentrated-in-these-states-heres-whats-happening-to-electricity-prices-.html,"Fri, 14 Nov 2025 21:50:05 GMT",
2025-11-15T01:25:26,CNBC Top News,Walmart shares are up 312% during outgoing CEO Doug McMillon's tenure. Here's how that compares to its rivals,https://www.cnbc.com/2025/11/14/walmart-doug-mcmillon-stock-performance-target-amazon-costco.html,"Fri, 14 Nov 2025 20:51:57 GMT",
2025-11-15T01:25:26,CNBC Top News,September jobs report will be out Thursday as first data since shutdown starts to trickle out,https://www.cnbc.com/2025/11/14/heres-where-things-stand-on-when-the-government-will-start-releasing-key-economic-reports.html,"Fri, 14 Nov 2025 20:38:25 GMT",
2025-11-15T01:25:26,CNBC Top News,"Fewer burritos, more bargains: Consumers flash holiday warning signs",https://www.cnbc.com/2025/11/14/fewer-burritos-more-bargains-consumers-flash-holiday-warning-signs.html,"Fri, 14 Nov 2025 16:09:21 GMT",
2025-11-15T01:25:26,CNBC Top News,"AI to impact 89% of jobs next year, CNBC survey of HR leaders finds",https://www.cnbc.com/2025/11/14/ai-to-impact-89percent-of-jobs-next-year-cnbc-survey-finds.html,"Fri, 14 Nov 2025 21:30:39 GMT",
2025-11-15T01:25:26,CNBC Top News,Woman pleads guilty to lying about astronaut wife accessing bank account from Space Station,https://www.cnbc.com/2025/11/14/space-station-nasa-guilty-wife-bank-account.html,"Fri, 14 Nov 2025 21:37:33 GMT",
2025-11-15T01:25:26,CNBC Top News,"Trump to ask DOJ to probe Jeffrey Epstein involvement with Clinton, JPMorgan, Summers",https://www.cnbc.com/2025/11/14/trump-doj-jeffrey-epstein-clinton-jpmorgan-summers.html,"Sat, 15 Nov 2025 00:28:31 GMT",
2025-11-15T01:25:26,CNBC Top News,"No one leaving New York City because of Mamdani, say two top real estate CEOs",https://www.cnbc.com/2025/11/14/new-york-city-mayor-zohran-mamdani-real-estate-ceos.html,"Fri, 14 Nov 2025 23:11:46 GMT",
2025-11-15T01:25:26,CNBC Top News,JPMorgan Chase wins fight with fintech firms over fees to access customer data,https://www.cnbc.com/2025/11/14/jpmorgan-chase-fintech-fees.html,"Fri, 14 Nov 2025 19:15:38 GMT",
2025-11-15T01:25:26,CNBC Top News,Trump tariffs are helping drive U.S. beef prices to new highs,https://www.cnbc.com/2025/11/13/trump-tariffs-high-beef-prices.html,"Fri, 14 Nov 2025 03:16:08 GMT",
2025-11-15T01:25:26,CNBC Top News,Investor Ron Baron says the tech selloff is an opportunity and he's never selling personal Tesla stake,https://www.cnbc.com/2025/11/14/investor-ron-baron-says-the-tech-selloff-is-an-opportunity-and-hes-never-selling-personal-tesla-stake.html,"Fri, 14 Nov 2025 14:22:03 GMT",
2025-11-15T01:25:26,CNBC Top News,"Reading into insider buying at Starbucks — plus, what's driving the market rebound",https://www.cnbc.com/2025/11/14/reading-into-insider-buying-at-starbucks-plus-whats-driving-the-market-rebound.html,"Fri, 14 Nov 2025 19:40:14 GMT",
2025-11-15T01:25:26,CNBC Top News,"Bitcoin falls below $95,000 amid tech sell-off, bounces off lows on Friday",https://www.cnbc.com/2025/11/14/bitcoin-falls-below-95000-as-four-day-rout-picks-up-steam-.html,"Fri, 14 Nov 2025 17:52:10 GMT",
2025-11-15T01:25:26,CNBC Top News,StubHub stock plummets 21% after company withholds fourth-quarter guidance,https://www.cnbc.com/2025/11/14/stubhub-stock-concert-tickets.html,"Fri, 14 Nov 2025 21:29:34 GMT",
2025-11-15T01:25:26,CNBC Top News,3 ways near-retirees can close a retirement savings gap,https://www.cnbc.com/2025/11/14/baby-boomers-retirement-gap.html,"Fri, 14 Nov 2025 20:11:49 GMT",
2025-11-15T01:25:26,CNBC Top News,Founder Eric Gillespie fired from Govini board after child sex solicitation arrest,https://www.cnbc.com/2025/11/14/govini-eric-gillespie-child-sex-sting-defense.html,"Fri, 14 Nov 2025 19:55:04 GMT",
2025-11-15T01:25:26,CNBC Top News,Modi’s victory in a key farm state may tip the balance on India-U.S. trade deal,https://www.cnbc.com/2025/11/14/modis-victory-in-bihar-may-tip-the-balance-on-india-us-trade-deal.html,"Fri, 14 Nov 2025 11:50:15 GMT",
2025-11-15T01:25:26,CNBC Top News,"Under Armour splits with Steph Curry, leaving NBA legend free to find a new business partner",https://www.cnbc.com/2025/11/13/under-armour-splits-with-steph-curry.html,"Fri, 14 Nov 2025 11:24:26 GMT",
2025-11-15T01:25:26,CNBC Top News,"After a job loss, don't forget to manage your 401(k) — it's 'one of your biggest assets,' CFP says",https://www.cnbc.com/2025/11/14/401k-layoff.html,"Fri, 14 Nov 2025 16:06:33 GMT",
2025-11-15T01:25:26,CNBC Top News,"Hot tech stock ETFs, from AI to quantum computing, have made investors lots of money. Is it time to sell?",https://www.cnbc.com/2025/11/14/tech-stock-etfs-investors-market-gains-buy-sell.html,"Fri, 14 Nov 2025 16:29:06 GMT",
2025-11-15T01:25:26,CNBC Top News,"AI isn't a bubble but rather an opportunity, JPMorgan's Erdoes says",https://www.cnbc.com/2025/11/13/ai-isnt-a-bubble-but-rather-an-opportunity-jpmorgans-erdoes-says.html,"Fri, 14 Nov 2025 14:11:42 GMT",
2025-11-15T01:25:26,CNBC Top News,Billionaire families opt for buying sports teams over collecting art and cars,https://www.cnbc.com/2025/11/14/collecting-sports-teams-art-cars.html,"Fri, 14 Nov 2025 13:14:10 GMT",
2025-11-15T01:25:26,CNBC Top News,"The top 10 U.S. cities for Gen Z workers, according to new report—6 are in the Midwest",https://www.cnbc.com/2025/11/14/the-top-10-us-cities-for-gen-z-workers-according-to-new-report.html,"Fri, 14 Nov 2025 14:05:01 GMT",
2025-11-15T01:25:26,CNBC Top News,Goldman Sachs stands by top lawyer Kathy Ruemmler after her emails with Jeffrey Epstein exposed,https://www.cnbc.com/2025/11/13/goldman-sachs-jeffrey-epstein-emails-ruemmler.html,"Fri, 14 Nov 2025 14:07:22 GMT",
2025-11-15T01:25:26,CNBC Top News,D.R. Horton is tapping a startup’s AI zoning tool to build more homes,https://www.cnbc.com/2025/11/14/dr-horton-taps-prophetic-ai-to-build-more-homes.html,"Fri, 14 Nov 2025 16:32:22 GMT",
2025-11-15T01:25:26,CNBC Top News,StubHub stock tanks 20% as CEO says it is not giving guidance for current quarter,https://www.cnbc.com/2025/11/13/stubhub-stub-q3-earnings-report-2025.html,"Fri, 14 Nov 2025 13:49:08 GMT",
2025-11-15T01:25:26,Investing.com All News,Form 144 CS Disco For: 14 November,https://uk.investing.com/news/filings/form-144-cs-disco-for-14-november-93CH-4373854,2025-11-15 00:50:09,
2025-11-15T01:25:26,Investing.com All News,Form 13G Ares Dynamic Credit Allocation Fund For: 14 November,https://uk.investing.com/news/filings/form-13g-ares-dynamic-credit-allocation-fund-for-14-november-93CH-4373851,2025-11-15 00:48:12,
2025-11-15T01:25:26,Investing.com All News,Form 13G Community Health Systems For: 14 November,https://uk.investing.com/news/filings/form-13g-community-health-systems-for-14-november-93CH-4373852,2025-11-15 00:48:11,
2025-11-15T01:25:26,Investing.com All News,Form 13G CION Ares Diversified Credit Fund For: 14 November,https://uk.investing.com/news/filings/form-13g-cion-ares-diversified-credit-fund-for-14-november-93CH-4373848,2025-11-15 00:48:11,
2025-11-15T01:25:26,Investing.com All News,Form 13G FS Credit Opportunities Corp. For: 14 November,https://uk.investing.com/news/filings/form-13g-fs-credit-opportunities-corp-for-14-november-93CH-4373850,2025-11-15 00:48:10,
2025-11-15T01:25:26,Investing.com All News,Form 13G FS Credit Opportunities Corp. For: 14 November,https://uk.investing.com/news/filings/form-13g-fs-credit-opportunities-corp-for-14-november-93CH-4373847,2025-11-15 00:48:10,
2025-11-15T01:25:26,Investing.com All News,Form 13G Grace Therapeutics For: 14 November,https://uk.investing.com/news/filings/form-13g-grace-therapeutics-for-14-november-93CH-4373853,2025-11-15 00:48:09,
2025-11-15T01:25:26,Investing.com All News,Form 13G Community Health Systems For: 14 November,https://uk.investing.com/news/filings/form-13g-community-health-systems-for-14-november-93CH-4373849,2025-11-15 00:48:08,
2025-11-15T01:25:26,Investing.com All News,Sylebra Capital sold $589k in Impinj shares,https://uk.investing.com/news/insider-trading-news/sylebra-capital-sold-589k-in-impinj-shares-93CH-4373846,2025-11-15 00:40:10,
2025-11-15T01:25:26,Investing.com All News,Public Service Company of New Mexico declares quarterly dividend,https://uk.investing.com/news/company-news/public-service-company-of-new-mexico-declares-quarterly-dividend-93CH-4373844,2025-11-15 00:38:08,
2025-11-15T01:25:27,Investing.com Bond News,US Rates Are Bracing for Volatility,https://uk.investing.com/analysis/us-rates-are-bracing-for-volatility-200620168,"Nov 13, 2025 08:21 GMT",
2025-11-15T01:25:27,Investing.com Bond News,Rates Outlook: Increasing Confidence About Bank of England Easing,https://uk.investing.com/analysis/rates-outlook-increasing-confidence-about-bank-of-england-easing-200620133,"Nov 12, 2025 09:01 GMT",
2025-11-15T01:25:27,Investing.com Bond News,The Bond Market Is Having a Very Good Year,https://uk.investing.com/analysis/the-bond-market-is-having-a-very-good-year-200620108,"Nov 11, 2025 12:21 GMT",
2025-11-15T01:25:27,Investing.com Bond News,Rates Outlook: Bumpy! But Back to Where We Started,https://uk.investing.com/analysis/rates-outlook-bumpy-but-back-to-where-we-started-200620034,"Nov 07, 2025 07:04 GMT",
2025-11-15T01:25:27,Investing.com Bond News,Why the Dip in UK Yields May Have Run Its Course,https://uk.investing.com/analysis/why-the-dip-in-uk-yields-may-have-run-its-course-200620018,"Nov 06, 2025 12:46 GMT",
2025-11-15T01:25:27,Investing.com Bond News,The Drama Is in the Plumbing,https://uk.investing.com/analysis/the-drama-is-in-the-plumbing-200619964,"Nov 05, 2025 04:25 GMT",
2025-11-15T01:25:27,Investing.com Bond News,Rates Outlook: Volatility Calms - We’ll Take It,https://uk.investing.com/analysis/rates-outlook-volatility-calms--well-take-it-200619937,"Nov 04, 2025 04:26 GMT",
2025-11-15T01:25:27,Investing.com Bond News,"EUR Swap Curve Wants to Steepen, but Faces Resistance",https://uk.investing.com/analysis/eur-swap-curve-wants-to-steepen-but-faces-resistance-200619855,"Oct 31, 2025 05:00 GMT",
2025-11-15T01:25:27,Investing.com Bond News,Fed and ECB in a Good Place,https://uk.investing.com/analysis/fed-and-ecb-in-a-good-place-200619812,"Oct 30, 2025 07:02 GMT",
2025-11-15T01:25:27,Investing.com Bond News,Focus on Quantitative Tightening Tweaks From the Fed,https://uk.investing.com/analysis/focus-on-quantitative-tightening-tweaks-from-the-fed-200619781,"Oct 29, 2025 06:04 GMT",
2025-11-15T01:25:27,Google News Reuters,"Trump cuts tariffs on beef, coffee and other foods as inflation concerns mount - Reuters",https://news.google.com/rss/articles/CBMisgFBVV95cUxOY0RHejV6TW1wMlNKOThWWnpWbEdUeHk3T2tNVUJ3d0NvcGpPSGNldmkyRUxPMWdaN25VS1E3RG5ockJpeFBLQ1J3bmY3Mmpvc1gxczFYNkhuaFhsV0Znc1JpWnJFRWdIMW5adW9JOWFQV1pxYkNFWGlCVE9xcDFQelVZbkpUM29IbEZVM29UUUR6cHhiLTRvZDd3dXlKSlhrd29zYVF4TWhIaVFGY3FIa1FR?oc=5,"Fri, 14 Nov 2025 23:47:22 GMT",
2025-11-15T01:25:27,Google News Reuters,"Berkshire reveals new $4.3 billion Alphabet stake, sells more Apple - Reuters",https://news.google.com/rss/articles/CBMitAFBVV95cUxQaVRNU0JLeXN6RENTc2lwaVBhT281bkJvakN2RW42TGRjMjZSVG9OTlAtT2k4WlFoLXdMWHloSzB0RENUWUt2Ylkxck1IM0NXdkVJM3V6N0xnWXpjeDdnd1NkM1FFdVlVR0d0cExsNUxYWFBOVldxUFh5Mi1kcVpQbU1zR1JSV1V2UDVMWHdOVkVHYWEzLXZWYlR5SFNQeGdsN0ktdWRYNjdpdHlPRjZFaEdsUjQ?oc=5,"Fri, 14 Nov 2025 23:21:24 GMT",
2025-11-15T01:25:27,Google News Reuters,Google plans $40 billion Texas data center investment amid AI boom - Reuters,https://news.google.com/rss/articles/CBMitgFBVV95cUxOQ1E2bXMwQ3oyY0tOU0tPV3hWclZvZVlpWTVhbzB3ZXgzWXdOWmdhVkNqRjFtdzEtZjIzUmR3aDVBcFE2WUhYaS1TdG5lVTJIWmt4UTRtU3AyM1RvVnVDMGI5NlEtSFF4QVhyYXMzX3g2U0hobGw0TV9oNnJxZkx5R3NtNXlJLW5NQ3FoOEJoUnB5T1hoNkJEc2s3RGNUb3hMX25TM0tGX211NWpNTDhlYWc3dlpZdw?oc=5,"Fri, 14 Nov 2025 22:48:08 GMT",
2025-11-15T01:25:27,Google News Reuters,"Seven killed, 27 injured in explosion at police station in India's Kashmir, NDTV reports - Reuters",https://news.google.com/rss/articles/CBMitAFBVV95cUxOMTBXWlRFZlBHZGtVNTIxVHRCclpRbkRNQnp0cHRHUFpiOEhCdi1COV9qOXdBcWliQUw4N2VKR0VPNFFydjJsX2QyVGFZY244Z1VEV0xadnZ1bjhKVm4zZTN6VUpaN3ExaXk1d09uVnJ2OG5pTDdRVTVFNzVmMGoxZVJuajlFYmJwUDBKZUt6Q3B0NFFDS1QxbWxIR1hyT3F1TzhNcmRHSWxhaGJhUldCUWdjajQ?oc=5,"Fri, 14 Nov 2025 23:04:03 GMT",
2025-11-15T01:25:27,Google News Reuters,"White House says Alibaba is helping Chinese military target US, FT reports - Reuters",https://news.google.com/rss/articles/CBMivgFBVV95cUxOLVFZYlJqbmQxNDBCdlROcHBCVkZHYVk5aUFYTmR1VzNhNFFJR1hqWEdTWmstRkpBa3FTNFBFb29Jc3RXQUt4Vk0xMGVRYVlnY3RqYzFqaXNYZllKbDVrNFlwMGVNWTVQQ2xpaVd2M25VZ3RXYTM0WnNHbjF5QmNBdVZBQjRESHp2dVhOMF94YTB4TUx5Ykw4MWFyc3NkemVQaGVoTzRtOWdTcUNGSHcxUGtwc0FWUXVSOUhEZTRR?oc=5,"Fri, 14 Nov 2025 22:48:43 GMT",
2025-11-15T01:25:27,Google News Reuters,Oracle bonds sell off as AI investment fuels investor concerns - Reuters,https://news.google.com/rss/articles/CBMipwFBVV95cUxPSDNuZGYtUm1Ed1hQdlQ2c0NtUGhxRkxENTk5RmZkS0gtZTNDQ2dkUHJwdFBsTHZYR3hHS2xlU2lTU1lFVXR0c2l3UV9meFhsQ2k4VTRKRDQtTGpFeVRfUkdSam9OUWl2SXhMdTFPN1NFTzhmaTB1VXc2Q1puT3FEVzJMYlBBa2ppNzdlRmRVcVd1bU10bjR6Q1h3RUxBYVNzNGRuY3JRMA?oc=5,"Fri, 14 Nov 2025 22:23:04 GMT",
2025-11-15T01:25:27,Google News Reuters,Tiger Global slashes Meta stake by 63% - Reuters,https://news.google.com/rss/articles/CBMilAFBVV95cUxQNlJiUWkwVE1KckVDbTJ1Q3VnaUFpU0ZhY1N5OHJneFhGMkpfcEFXbmFrSnhleWdaT29UbF9abmZpNzM5YXBzcW5zZEhIMkJtRmdCQWU5U3p1WGg5WXpRNjVxNkJiYlFGRHRKQTcyUklvWlZnTTg0UDBvSHYwTkY5anFVMmFwTElwU3IwZlR1RE93aWJv?oc=5,"Fri, 14 Nov 2025 20:12:27 GMT",
2025-11-15T01:25:27,Google News Reuters,Nearly two dozen arrested as faith leaders protest outside Chicago-area ICE facility - Reuters,https://news.google.com/rss/articles/CBMiwwFBVV95cUxPSG1CSGRlYi1IOExTZVpUSERYRXdnbVVqWFg1TWFPNmxFS3U3RnplcUY0djdKY2ktSzVWZzgwXzBJVHQtd2VVZTBoR3FrVXZqTDNGanVkUF9ja0s2bm05SFhDcFdiUUt6R3BWTkt5d1lHMnRabEh1RWt6WFc4MjFmVHdiXzBLczZ1Q2t5WUlzRW5BenFJRFVtel9kSk0xVUNZUWZNeGJjZDFLa0U4NlNuMi1NWXFJSmZqcXpxQU9rS3EtNUk?oc=5,"Fri, 14 Nov 2025 22:13:18 GMT",
2025-11-15T01:25:27,Google News Reuters,"At Trump's urging, US Justice Department to probe Epstein ties with Democrats - Reuters",https://news.google.com/rss/articles/CBMiwAFBVV95cUxOOThQaGZLS2wwbnlxNEFVaDVSdW5lbGFGbGlxdmx4aTdzWGp1djBUWmJnUllqcVRjZ3NKUDlENFhDb2JyWW1QM01Ib0dQNVJaVEs0dFNJd1Q2d211NWk2d1pXVmdlZDlKWC1YTnVDcWFDdVZTeGZqY2g0cV9Vb3k1bnlJa1VndzMyQjBMU0o1VWJvWE5mTjNjWDlvWWtlM05KbkQ3TW4xeG1uZG9MSlhwNllYTXRwbVBhQWhrOElrUUc?oc=5,"Fri, 14 Nov 2025 23:51:12 GMT",
2025-11-15T01:25:27,Google News Reuters,New prosecutor takes helm in Georgia criminal case against Trump - Reuters,https://news.google.com/rss/articles/CBMitAFBVV95cUxQVzE0d2dMRHVTUHZfOTBwNkxPRVN3dHRLaENOZXE5ZHJXc25ReTVPem9zSDc2M19KM05ueV8xZE10RFFfeTVCR1JKUzdDMV9KVUpYTUtYMm92MjhOOUNKcmFGdjRMTTJPMmlveldZa21TaFl1UjFlZDJwVUVyRlFKTld2dTN5Z2U1dXNQanI5T1VIREVWTjh1bW50X0ZmYThSc0V0US1weDV5TlkzOFZ3WDRBTng?oc=5,"Fri, 14 Nov 2025 17:11:36 GMT",
2025-11-15T01:25:27,Google News Reuters,US trade tribunal to consider new Apple Watch import ban - Reuters,https://news.google.com/rss/articles/CBMiqgFBVV95cUxQcFZhT1BSYWduWFlIQUtsNENBTXZXbDMzcDYzTTFSc21EQTgwN2daYzVMeVRFUWNsSkRsYkhCRUJhd0JkQnNYaWpNYjllYnlvTTN2dFg4dE53YUE3VE0tV3ZRVGpnZFFKN3AtVVlpRy10SXp0MXVsMDNqLW1EaVJjV1ZBdXZfNmM5SXJJM0pfSzBVMUc1aUptSFJ1UlBWVmhlcHZUQWdybmd1QQ?oc=5,"Fri, 14 Nov 2025 19:55:53 GMT",
2025-11-15T01:25:27,Google News Reuters,"Several people killed as bus crashes into stop in Stockholm, police say - Reuters",https://news.google.com/rss/articles/CBMitwFBVV95cUxNckNuLTR4Zl9JdFQ5WnhIa1ppZGFjZlFHQzQ5Wm1QSHlZZ054aGdadDBKQVVQUDJJUDBRMVVrb0o1a1NDaXBUNVJYeHZPY3BkZUlFUG9JVlBHQVIyRWlacG9ZdXRieXhTd0FMLVZJRXFuem5oZTJ0S3RVQnNJZ0t6c3RwQWQ1YmZ1cE1mLVFWWjFISVZ2aGV3WlhTb1ROakk1Wm11NE1jR0dsSUpSbm9RNVV3TlhHdUE?oc=5,"Fri, 14 Nov 2025 17:14:22 GMT",
2025-11-15T01:25:27,Google News Reuters,Exclusive: A new rare earth crisis is brewing as yttrium shortages spread - Reuters,https://news.google.com/rss/articles/CBMivAFBVV95cUxONFZETWZmcG1YQlByQnNxNjlhTGxQWktsTU5sYUhsWWt6OWZzY3NmaldZbDF4ck9vOVNqZ05YQWl4aF9oZlhKakVkalZReXo4UklMYWxFNEJESEFlVE9LVGVLNFNiZkRBdFFocGl1NDI3YzZTa1U0aWtObzNXaG5sTi12a0ZsVXJkZVNNZG11amZfZWtmaUhoUFc1cWQzQlpBQThFRWlKZ0RaSmgzdmVXQ1NoV1JwbE44TU5MbA?oc=5,"Fri, 14 Nov 2025 15:06:15 GMT",
2025-11-15T01:25:27,Google News Reuters,US drops Biden plan to require passenger compensation for delayed flights - Reuters,https://news.google.com/rss/articles/CBMirAFBVV95cUxNVTdfM3lFalJNNWplbnZDNGIwQ2ZGV3ZiZmJJQXlUb0tHM2xtbjlOaEtVeml5bHpVdUIyanlmUTFEN1lpRG83TWlVRG5Ld2FfSE5fNUMyYTB2bEhRNjlaVGxYdFRvM0JNLTA5M3VDNVg0cHBMZXJGRTZnaE4xa181R0kzc1p2TmNNTXJOQ3M2TjcyOTBmQll4bTBYVHl5M2hpckRuYm1tejItOGlB?oc=5,"Fri, 14 Nov 2025 18:14:46 GMT",
2025-11-15T01:25:27,Google News Reuters,"Exclusive: Russia plans to make up to 120,000 glide bombs this year, Ukrainian intelligence says - Reuters",https://news.google.com/rss/articles/CBMi1wFBVV95cUxOaGV1NzlVaHRnLXRsR1o1WDFoaFJ1QzBQVVI5WERpUUU2azYzU0FqYVRiNE54bmdGSGN3UThYYTNzRmVVMXVjM05ob09FRUZpLWRtaHBPeVBmT3RQUmZtSF90U1I0bmxRY2JJSzY1UWRGbEF4eXZ0cVo1TExmdEU2MGVncE5Rcmx1Z3U1YkZ5YnVXNnBjRHY3RUJHbjh4dEtwbHNhaGU1MzRSQjBYQ3FtdVZCSG1ZUHVwR1hEU0NkWVl1bHptVGhrcmlENXk1MW1sNnpuU3Fycw?oc=5,"Fri, 14 Nov 2025 14:51:59 GMT",
2025-11-15T01:25:27,Google News Reuters,Paris police shoot and wound man with knife at Montparnasse station - Reuters,https://news.google.com/rss/articles/CBMivAFBVV95cUxOUXlOZVB1TXBDX2pRV3NlMmYwNTdfQnRvOWFiaXN5c0U2NXp1V0I5VFdaWXhzaUxReW5fa0pxS1I5dU8tak1RSGpQeU5iNUowM2JhUXFsY2JqNVN3S2ZGNzRTV2lQeVdMdVB0UDhCZDBhcnJwRWRROWhxR1RuMGRlTW9GQVlnUUNiVTh4Rl9sWGhsMWVSN1AxUVBfQTdLYWRYaUxjNUxuZXBqODBGMjctVW1pZ3hJZzBLNWQ2Mw?oc=5,"Fri, 14 Nov 2025 21:44:12 GMT",
2025-11-15T01:25:27,Google News Reuters,"Exclusive: Saudi Aramco to sign US LNG agreements during crown prince's visit to Washington, sources say - Reuters",https://news.google.com/rss/articles/CBMiwwFBVV95cUxPbkJYb3pseF9ZcnpDcWVKaTBadzY5Z1pHVUJYTWFIWHo0bnZBT2N1N0ZZZE9oQzJibU9RdlY4cVk4OFRsYjdUc2NpdTZ5TG5pbGIzSHl0OFVXRkFqVDduOTFLbkF4VkR4c3dUdHRsbUZHanIyeEY1dDZINlpIOHF0R2hXRFA2a3pZV1NaVVNGanktZzhLQ3hwRHFMVWhfc3k2ZndGYmpMUFVnV0JoX0tHY1VicjBJTnlGVFB1UmNBc0Zmd2M?oc=5,"Fri, 14 Nov 2025 14:56:59 GMT",
2025-11-15T01:25:27,Google News Reuters,Italy's Salvini says aid to Ukraine may fuel corruption - Reuters,https://news.google.com/rss/articles/CBMitAFBVV95cUxOSU1TQVE2WTJqWHlyQ2dUb2lkZnlrQ1gyNEJKSEZzbkpjMTc1Nm1sNF9sckRlVTFkTm1CUXdBU01lWjB5ZVJqcWZtY0lDU3dubTF1NzlWaVNvYjNtWDk0UUk4ZC1CRnFkdUJBeVIwUEpCeVk0eDUyc3psZXB0eExOR0dVQUdmS2daZmlTVnpFamZ2ODRvYkNxUmRUcGoyakt0cVRKU09wcnNtNDFMVE1kUVlIWEc?oc=5,"Fri, 14 Nov 2025 15:45:47 GMT",
2025-11-15T01:25:27,Google News Reuters,"Walmart CEO McMillon to retire after a decade, insider Furner named successor - Reuters",https://news.google.com/rss/articles/CBMi2gFBVV95cUxOaUtvb2RYcEVJVjdjN2pkTFZ3a2lZTEttR1RONUlvZVBLSTQ0UmMzczNpcnhLbklaQkdKa2NQUjZsQjI2YzhRczlSR2ZTUzNSQ0RBdjBCOEdBOUZhd2NSdnMwQ1g2YS0yVEFyYVAxTG9FYjBlR1gxMXVuQU91eFQ3V1pxb3ltZlVzM05qeDQ3aG9mOEZrZFlrcWdwTjd2SmRUVFJNSThyeEE4NHhBelphR05XVXpwQm5WeGo0R2I2MzNHb29xd1BwZGxCbHE5YXdkU2czaEM2X0RhZw?oc=5,"Fri, 14 Nov 2025 21:29:28 GMT",
2025-11-15T01:25:27,Google News Reuters,"Russia's Saratov oil refinery stopped on November 11 after drone attacks, sources say - Reuters",https://news.google.com/rss/articles/CBMizAFBVV95cUxNRTdIVFhrYTNpT2NuT01odDZiNGNfTXE2VXRYX0lMaUYydGxZRmhjSjhIRW1WbkpsQmlERFNRanpRZkhMLVItd3REYTdydTVKbFNqdG9WY3hFM1NuR0FqRFRsLXFiMURud3ZYcVZPVFNMb0t3ZnQ1Rm9zcVhBdTR3UE5tQ1FNVjk4cnZ1N0lMWmhzY1U0a2lPQjc1RXF5RnVwNkI5SjR2am1IQVU2Si1SNW5maDg0VFRDTlIyRk14Wm1GVTQ4dTRuS1l1X0U?oc=5,"Fri, 14 Nov 2025 14:31:40 GMT",
2025-11-15T01:25:27,Google News Reuters,"India's Maruti Suzuki to recall 39,506 units of Grand Vitara - Reuters",https://news.google.com/rss/articles/CBMiogFBVV95cUxOMThpUUFjVjB5LWtYOHlJR3QwMDBnZ2ptOFg4ZWZ2UWJKS0Q2dlZneFE0eGU1Nk9JMjdkWlViZGJubXQwQ25vOW82OXlVWmhROFdSSXpKcnptWTlSelM5SkwtV0NLM0xHcGxZa1Nub004eGM1RnpaVkIzNHhjQU9GZ1N1VmZHWlpnRnZ5d1BsQl9odjJEMDBTckhmeFM3NzR0d3c?oc=5,"Fri, 14 Nov 2025 14:31:06 GMT",
2025-11-15T01:25:27,Google News Reuters,"EU considers training 3,000 Palestinian police officers from Gaza - Reuters",https://news.google.com/rss/articles/CBMiowFBVV95cUxNVEhvd0d3QUt0MThNbmRUcFVJVGRrTVpuenJZbGVJM0tUc2ZKSVhGVElqR3dZUVhLM3pyNE9wRU9YVFlUR1pfWURnSUhtcmhPY3dnQ2c1cTViNV9Ka1JjVmNmekY2bFI0U0R5M01IMVpTSEc0RDV5a24zanRHOHpMdFAwQ0dVTGM2dnN0ODRjWEFKb2xpZEk3THEzN2thUFUtRjBz?oc=5,"Fri, 14 Nov 2025 12:14:09 GMT",
2025-11-15T01:25:27,Google News Reuters,Swiss government: US tariffs will be reduced to 15% - Reuters,https://news.google.com/rss/articles/CBMilgFBVV95cUxON2R0T1NqRGd6OUlpVFZvYWh0b1RpUUdGTXd6b2xkYUZkQS1oYjAzQWxWdE9ZdmpKTHI1VTVLUFkwWDYzajJpNlp3bmdtdWJSWE1tM0xraUxLR0p3MG9Ha0E5c056bkhPeEJMVWJPVU5NdDBpdUdrRFhXc3BoQlM3bjRzUDh6UGcwd0xMenVtU0tiU0dZSFE?oc=5,"Fri, 14 Nov 2025 14:22:20 GMT",
2025-11-15T01:25:27,Google News Reuters,"Just 29% of Americans support US military killing drug suspects, Reuters/Ipsos poll finds - Reuters",https://news.google.com/rss/articles/CBMivwFBVV95cUxNOWk0ZWNtMHFNRkdqY0dtSXB1TWEyOFRVN0R2RzhLaXVVY0tzVGpoZi1GTVNfbUJmdTJXeXEyMURVbFVLUVNpd1BTZkFWOHdaY0VpdzB3VXJYUGpaLXV4THRXVF8ycV9xRzN1bDEwaWZlcDRsRU9hbU8tM2FKUmU4bFNQVWo1R1JqV1ZsZkY3Q0JuWTJvV0M1cnlXTEMzV2tmTGh6cE8yRlhVelktVnF2V1ZVX0pmNThENW9IZThKYw?oc=5,"Fri, 14 Nov 2025 16:58:46 GMT",
2025-11-15T01:25:27,Google News Reuters,Azerbaijan protests to Russia over missile damage to its Kyiv embassy - Reuters,https://news.google.com/rss/articles/CBMivAFBVV95cUxPNjhibGFHMm5QNGZfTkVERkd3M1JXeWU1bFZ6U3E1WUQzNzM5MXp0QWF5T0NPOGNBOUxrVTdha1VSRTRtUjJ0YjA2ajNEME9uNW1LZ0c4a1NtS0RpRHNlQW5zdm5lYU9HSkZrTU5LN2c5amhZWGN6WnZLaDlIOGtpVTFuX1pqWThNMGdWR3BieUVrODVTSFZGREtHTHBoTFZVMnBJclJWZmlqRUhBM2hxSXhULXRUU2NrNFBtTg?oc=5,"Fri, 14 Nov 2025 15:13:11 GMT",
2025-11-15T01:25:27,Google News Reuters,Wall Street ends mixed; traders look to Nvidia report - Reuters,https://news.google.com/rss/articles/CBMipAFBVV95cUxQYVJZcFdVeU5rZVgyM0xUZ0FWemtTNGRGbTZ4M1U1RkRZQzZ1NzJNOGxYdU11ZUFEeTBKYTBHVmhtRlBSZDBGSTd3U1h5TjJHM3JXakdRYVRKSEtUUlhVWVQ4TDQtS3N1cUVVNWJtWHRlNUYybU1hN1A5YzhTX3lIUWg0RHVMMll4SjFKSm9kTG1xOTdVM0RFbUIzbWg3UzF3VWhuMw?oc=5,"Fri, 14 Nov 2025 23:40:09 GMT",
2025-11-15T01:25:27,Google News Reuters,Bitcoin sinks to six-month low as risk-off sentiment persists - Reuters,https://news.google.com/rss/articles/CBMirgFBVV95cUxQWUhkRzRoT0FyUWFINDgyM2NUcHVqZlJ6SUJsVXB2NjcxcXhJQ0VZS09iLTFfRC1oa2R0Rkl2VHRSWWg4VVpWNnZoRzFKeFFiNkl4ZnRNNzR3bjZZSFZkRW5oTkJxeEVlWExhVEVPNFE2aDl1bHJ4QUpDV3l6Z1A3Z2dMQVYzaHI5LTBVMnZRT09SNnhNOWNHR1puY1g1cDRCSVVDbWtGOUxMdGYwVkE?oc=5,"Fri, 14 Nov 2025 19:17:57 GMT",
2025-11-15T01:25:27,Google News Reuters,"Weapons makers have 'conned' US military into buying expensive equipment, Army Secretary says - Reuters",https://news.google.com/rss/articles/CBMi1AFBVV95cUxPWmZEcHI3ZUs4R1JTRGEzUUVnNnNaY0JKaHRsM2NGYVRQNHhyWTFtc2MwWFBCbE5uZk9MX3o2QTIxSEtMUHI3d25qeFFkd1poM2tKVkRkdHJ0T1ZfbXRzcGhQNERGSDdKeHlyN0RvSzhVQzlBbFZSb0wwajIxR1BaekRLWWUtYXhxVlNDUnZUa1Q1S25tNDVrRVo0SXpZU2Z1N09rR2NlVndSV1RWREZ6N3l4dnc1S2ZXVkpEeXBXOERWeEZfUHZFbXh3WWl3d0FSeUxaSQ?oc=5,"Fri, 14 Nov 2025 11:45:30 GMT",
2025-11-15T01:25:27,Google News Reuters,Focus: Standard Lithium gets boost from Washington in Arkansas lithium race - Reuters,https://news.google.com/rss/articles/CBMisgFBVV95cUxPS0JfMTNOYkMtNmdpbWdrbzlKeDE3aDRjWWRKcW1SY1BmaUVEZE51UVVhbnlxMjBjU2xYQVJfWFJFckdqbkVxNjUwaEpfaFU1Qkw1RXZxR19Qb1pnTGp5ZWQtT2xmZ3QzbXIyU2NmUGdRSExscEl0YmRjNlJoT0Y0TzJFandNOGtZamlTdHRUcVJQV0k3ZGNhTWFIRk9JZVA3R3JQYUl3aFBaR3lVaXVpYXln?oc=5,"Fri, 14 Nov 2025 22:08:39 GMT",
2025-11-15T01:25:27,Google News Reuters,"Global investors pull back, cautious over tech valuations and US labour - Reuters",https://news.google.com/rss/articles/CBMiggFBVV95cUxQVk5ZaXlUNU1VUVZxTlpvUWliMUJXTFRxV2U1bHR4Uk90VkNFLTRwTnVGLXl4emdRZ2RKTFVtMW1UQ1JyV25ZQTI0WXVudFpobGMxNEEzLVROaWxpYTRtbDFIc1U3WFZ5cW5XSnJDZVh3d3dBdUxyTDREcjNSaGgySnVn?oc=5,"Fri, 14 Nov 2025 12:12:53 GMT",
2025-11-15T01:25:27,Google News Reuters,"Switzerland wins US tariff rate cut to 15%, pledges $200 billion in US investments - Reuters",https://news.google.com/rss/articles/CBMirAFBVV95cUxOcnUwYWlVc3J2M0UyejVTTVRsSmFYZmZ1dm1QZ2Q5RmRua1ZqZ1VmVW1sQ2VCUm5jdHcwcURZc09sV2FDdlMzOWZmWHpOem90ZUM1VDNrTmNxbEJIYTY1VEVpSndCS1NsZW9WajdkUE1lWHg5UDFCVVlRSEpkTm10YkplWU4zbmhjTTY4NGZOTm5oTkhGTnRxUFl1RFhicUJpai1ILXB6dVZpeFgz?oc=5,"Fri, 14 Nov 2025 21:03:52 GMT",
2025-11-15T01:25:27,Google News Reuters,"Google must pay German price comparison platform 465 mln euros in damages, court says - Reuters",https://news.google.com/rss/articles/CBMiyAFBVV95cUxOTFg4S2MtRlNZYzN3d2lkMXZTQnB6NnltaVdJMERSU01wWVZEQm5wRlc5NjdZTmdBVzRkV1FEa0V1cU1acVdqT1RaUWpZUklsWTNUUVhwYUtUNmtsb0tTT0RJYUV4d0VnNGV1VkRFX29CczRlZEc2NlZhNVI1ajQ5bE40UnhBZmQ0emhsb0ZZYWpnaHNJU1hjUnd5SGJNSU4yaFJ4bkp4NDBDM2NpV0pIR3dpNk9IdFlRWWVjSXdwMTBxbFFrYmNhQg?oc=5,"Fri, 14 Nov 2025 18:52:10 GMT",
2025-11-15T01:25:27,Google News Reuters,Toy makers rush into ‘blind box’ trend for holidays following Labubu craze - Reuters,https://news.google.com/rss/articles/CBMiyAFBVV95cUxNMElDN1JwNDFBczFzemt6cUx5YjhHS0hBa3Z2MHpjUmdEcXQ4bmhuNHBXODJ5Zi1DanQzNVg0Ty1Vb2ljSFlTcTBHRElpb0wzVHlpQWVSYXhvS0RaLWtTV3VnSTd1NzduekM4VThZREFiWURnVFlSbFJOSERyOXc1LUFDQnppaW0tN3RlTFhXVWYwYU5TUy1kYzNWLTZNU2t2Q3dBM1lUTl9Lamk4OWlUdXBTR2dZWmhZd0tLX2V5UnBOVWlXTEptXw?oc=5,"Fri, 14 Nov 2025 11:57:51 GMT",
2025-11-15T01:25:27,Google News Reuters,Russia says North Korean troops play key role in de-mining its Kursk region - Reuters,https://news.google.com/rss/articles/CBMi0AFBVV95cUxOUWxkM3pSMFZ3QjlrZTlZNUpuYlJuT1owR1VmNGVhaVI2NGdnbjMzSkRYZVZyNzlLWGtxcU5GTVBDUF9yekJERGg0YjhwbEkyM19XdU1hbWowRkREQ3hkRVZNaWVGZFRWbThIYmQ2U2RjWmMxOUR1RjczV1FHRE13QVdfUlA3MXlEaE5NM1RYVWJaY3VWZ3FDclRFWnNDVjZBbHdLOHJvZjR1ZHpobDhaQTdhR1J1dEE2RHhsMmhCTkZDWURmNTdzVXlxSGR6c2Y1?oc=5,"Fri, 14 Nov 2025 22:06:36 GMT",
2025-11-15T01:25:27,Google News Reuters,"BHP liable for 2015 Brazil dam collapse, UK court rules in mammoth lawsuit - Reuters",https://news.google.com/rss/articles/CBMirAFBVV95cUxOc3lsVUFfN04tLWVoR3U2RlZ0QnlWQUdINEpCR01HMXp5M2E3bDZqMmZqUUd0VUtvSzJDdlQtTnRRMmV0S1FsRXYzaGxySllDcXVwQnJ2b2J3S21rNzZaM0dTUnRJdzRwN2JRLVdmUFRDMkRfX3ItZUFrUUdFQ2Q0SmNzMG9MWWxJUmM2QzZ6MDc5MXRzbmZzeER4WDVKdGFxdF9BMDZmX1RfdUdq?oc=5,"Fri, 14 Nov 2025 16:37:13 GMT",
2025-11-15T01:25:27,Google News Reuters,"Russia's Black Sea port of Novorossiysk suspends oil exports after Ukrainian drone attack, sources say - Reuters",https://news.google.com/rss/articles/CBMiygFBVV95cUxQa2hFWXBQc0x2R3JrRllTb0hsSXpDMGUtQnVQWnVnTkNZOUlSSjhXaU5FWXRBRVB6UHpFOThtU0p4QXI4TnVoUUlvcHpRd2JGWTBiN2hDak9wc0kzZGhtWld3Und5Znl0enU2eGhPOWJ2Z2Rhc29vTUhfeFBGRGpBT1FMMEV5OGhjbGpwZnpUOGszRXpYc1dDWjZ3SUJZUWR0OUdkVlJXVTJITVlrU3hoaHhsblkzbTFBMWVZbFhzZUNaRlYxeHFiT1hR?oc=5,"Fri, 14 Nov 2025 09:26:01 GMT",
2025-11-15T01:25:27,Google News Reuters,"Exclusive: Samsung hikes memory chip prices by up to 60% as shortage worsens, sources say - Reuters",https://news.google.com/rss/articles/CBMiugFBVV95cUxQaE8xQ0VKOTJ4a1VyOW1ITHk2X0N0WmUwQVhUbUx1Wm5PY2ZTbGhOT2k0azZRdnpDR0hQV3FvMmhtak83RmhtNnB0YnczZUtRdl8yT0NhT1VHemU2cWFYeklBWVVTUVhFeDZKZUp3R2w0a0tFV2c4dDFmLXFpUUNJSldpYUF6YkdGbFl2cjB1TUFWUWtBZ3VqYV92Q1lJUGNIT2xhZkp5Rzljc2JLUENJREZ4bGxfanhrZHc?oc=5,"Fri, 14 Nov 2025 08:55:39 GMT",
2025-11-15T01:25:27,Google News Reuters,FAA halves flight cuts to 3% as airlines push for end - Reuters,https://news.google.com/rss/articles/CBMi1AFBVV95cUxPVDV0Rm9rZkdXRTdSbkIzZFNfem93RWVMMXlUcjRCbmZBX2UtRXFOTGpNS0UzWnVRaHpBUU9oMHJWekF2MXU0TTg1ZTlmM01tQ3lPWnNDNGV4c3lKaFhqTUM1cHpiRDFQYktzWTNJcldpM25xNHpWWlo5SXJZRGktOGRFbXZwTnZyZTRSdndGdTh2dExiMWVFeGl0Z0xUWHAtMjJlUFZ4c2lkUmN0OWVjWk9nekl5Z2t4YVROdEZBaWU1Wnl1cGhFbDVNSUh6Z2piVFdERQ?oc=5,"Fri, 14 Nov 2025 22:11:50 GMT",
2025-11-15T01:25:27,Google News Reuters,Wall St Week Ahead: Skittish tech stock investors turn to Nvidia results for next cues - Reuters,https://news.google.com/rss/articles/CBMiwAFBVV95cUxNVmlzdFFsQzhWQ084VzVwbWlxcGNIeGhKalg4MlZmaTFhREdaZ3k1YVFKSXFTXzduWC0yQXgyeXBOQXpjNmwtR1M1NndSQU9VeUxpTUxsdXM3dlhDbnBvbjh4V1AyQzg4WmZWSG9UNEFrRXNucmh2NnROT21HXy1zVENtbzJWWVRSdG8zdmxyRnh2RlFPdFI2UklQdklram80S2NhWFhLN3J0Q1hsUWVmak9FT2pyVWF3eXpDMmVBMWM?oc=5,"Fri, 14 Nov 2025 21:32:17 GMT",
2025-11-15T01:25:27,Google News Reuters,"Morning Bid: Buy the Rumor, Sell the News - Reuters",https://news.google.com/rss/articles/CBMiggFBVV95cUxOWmt1UHR2NVVzbzM4Rk9idFdxdHRSWm10bXpFV3FjUkxPS1J5Ukx0VDNNRUFjTVo4YUtoU3E5Sk9yaGdqWU4xVzVYRV9BUjllTHR2TlVhQ3A4N3huSlRpd05zOVdOZ3hPUHN0OHZjZmxPU3NxTkNiVThSQU1HVG5rQS1R?oc=5,"Fri, 14 Nov 2025 11:42:16 GMT",
2025-11-15T01:25:27,Google News Reuters,COP30 stews over fossil fuels and final deal as Indigenous fight for forest - Reuters,https://news.google.com/rss/articles/CBMiuwFBVV95cUxQX01ZaXlkNFZpbHNSWDJCcVQ4emlEYjVzc0ZzdjRDenE5WVJkS1VTT3NNaldZbTBvbVhsWEhuNzZfOFVyemo3X3p4RnNILWhzS05Cc2JCaTRlOVEtQVNkMDJYYTJjSF9xY2xEdXpGQlpzRmpkcWozUEpMcUdDb0lXYUVPRXhoSlJFNGRDWks2WFNPVnUzSVc0dmxPMDI4WTRGMnpaY21UZHNid1dHRXNuQVhnNUV5Qlk3OUJZ?oc=5,"Fri, 14 Nov 2025 21:42:50 GMT",
2025-11-15T01:25:27,Google News Reuters,Hamas quietly reasserts control in Gaza as post-war talks grind on - Reuters,https://news.google.com/rss/articles/CBMisAFBVV95cUxQZEJVbkVXdkpWZkFuaXNqOHRaUmMtak9XWFUxeVhlZV9PRkVTTE80NXo2Q29NVU1PZmRGMTZ5UGl2UGZCWmE2VWVMVzdzQVRWaVdycXhZa3ktX0ZXc3psYloxSXpVZ0x3ZlJFdFBQR2JwR2NVZXJ3RFYtNnY5bi0wcVp3MUg1MnNrUHZlT001T1U1bUU0RERMWXF2V0NKX1NqeEw2UThOc1M4djBlbnhFNw?oc=5,"Fri, 14 Nov 2025 20:51:32 GMT",
2025-11-15T01:25:27,Google News Reuters,"Iranian forces intercept tanker, divert it towards Iran - Reuters",https://news.google.com/rss/articles/CBMizgFBVV95cUxPTWlGazhtWnpqbktGQWtJWWFkenV3QVY3TENtdUZFRGZtbkt0c2J6V0p3LVgyOXJLQ2FBZHpYeVlPbXRVaGlJU1c5Zml1bmp5YVdjQWVCME5faG9oSEZULXgyck9iNFBOTUdRc3NJV3lwTVFoZUQwX29fM0JnWWpFZEV1VzdrMU1lRHZ5QXZkZ0duTFdaUHlrOTdkUFlPMk50allPZkVJbDRmSF9mbXRERjIxazA0a0xvRENnVE5jTV9mNGZqTlFKSUZ1ZEVoZw?oc=5,"Fri, 14 Nov 2025 18:14:06 GMT",
2025-11-15T01:25:27,Google News Reuters,Dubai Airshow to showcase Western jet orders as China debuts competitor - Reuters,https://news.google.com/rss/articles/CBMixwFBVV95cUxPSEVBbXFMTmdGOUs3OU9neXl1QnBZZ1dwRjRmNng3WTBRaWp5YWMwS1BQZnN6VzVoVWN6cDlkVUQxTU0tUGdqZHNLT0wwWU96bnAxRW03ckt5TDcwNHl6cWl3c0hQVDhqeXUybm9iT2NtR2xHVGxyRFNGWFRvNmp2UjdyYkVqc3ZQX0cxa0ZTc0tRZFJBRW92ZkRMSmNXd1ZkY1p6dmdJZ3l6NWpDT0NYTkhmWXM3RFF1a3BOb2NtZWxNTWhudWhB?oc=5,"Fri, 14 Nov 2025 12:27:19 GMT",
2025-11-15T01:25:27,Google News Reuters,Afghanistan shifts trade to Iran route to avoid Pakistan closures - Reuters,https://news.google.com/rss/articles/CBMitAFBVV95cUxOTWR1eGlKZkR1b2ZzMmdWNmd4dmtjRGtPLU9CV1RVb09PZzlYa08yd3FBMGI2eVQ5MkdmOWd4YU5tbnpjbTJ3cHhjX1FVaWl0S3J6S1Rjc2F6Zjg3Wmc2T3VPb3VESWxrSGZ5UE1CaWp5RC00VVFSNThvdEVrN0d6Mzk5UTJ6cTRpMy1UaWt0SFpZRWthdXBacERjT003S1ZtQWVPNzhyUUNwWDEzc0k2dkhtb3U?oc=5,"Fri, 14 Nov 2025 10:01:58 GMT",
2025-11-15T01:25:27,Google News Reuters,Wall Street digests global selloff over AI worries and US rate cut doubts - as it happened - Reuters,https://news.google.com/rss/articles/CBMitgFBVV95cUxPRU94aEYxeGJsNlh4RFFkcVIxS0E3YURwa3pYRTJIM2pHbTlWM0VHdUx1S0hFNnBIY2pSdEZiMnlnSGR5S0hXS3IzSjdNbTZtdnZUeE9LSjVjVjk0aE5sZGRockp1UEdIQ0tNTVByUzRobzZsQ21INmJWTDl6ODNEUmNLQXVCZll6M1J5U2V2QVA4QWhRcnB1dVNVaFZ5VWotdlRiQkt0VldjeGFINDAxdkZyS3EtUQ?oc=5,"Fri, 14 Nov 2025 16:31:56 GMT",
2025-11-15T01:25:27,Google News Reuters,Novo Nordisk chair touts OTC future for Wegovy as top investor tightens grip - Reuters,https://news.google.com/rss/articles/CBMiwwFBVV95cUxQaXdrLW9yWnNFR0NRQld5WDMyOUJHS0xMY1J1QW5uMzJWeTFxRGRUQVNLTlFmR1psM1FVOHBJY1JadUZ6eFdkZ3RLdE93dVlfMndMa2w0dVI3aWpWLTNoLUU0SnZxSWtrV045MU50NHMxQngtRXdhLVFyZTM5ZkRtUVFQV0FZY01TNTk1MFdhTnQtMXJmaERfcVQwWjRKendvTTNvTlBZUjRrb1NvRVo4UTB3NHhEa2FvYmdlYkhBeVZUbVU?oc=5,"Fri, 14 Nov 2025 21:46:53 GMT",
2025-11-15T01:25:27,Google News Reuters,Exclusive: Teamshares to list in US via $746 million T. Rowe Price-backed SPAC deal - Reuters,https://news.google.com/rss/articles/CBMirgFBVV95cUxPQ1VibVN4X2Q0VG9odDlHNnlJY0ZmMFlVN0MwV0VoVTZWeDN3a2IzdldVdjJXb2hDZFgtbjI4U0JIQnFsd0haWk5fOEFmc1BjUnlaRGJKNWtqU2pGcTBxYVViZkthWlp5ckxCX05nYVhzRXQzT25mYnRKM01kQ2N0cmRhSG91ekVqbDNpYXZYMnZuWFdlbGN4S0k3YmQ5bHNjS2lmZF9DaTRlbEdUVXc?oc=5,"Fri, 14 Nov 2025 15:52:01 GMT",
2025-11-15T01:25:27,Google News Reuters,Russia's Lukoil in talks with potential buyers of its foreign assets - Reuters,https://news.google.com/rss/articles/CBMiswFBVV95cUxNeHI4LWVqbEpxZml4YWxvZWExdG94M01iX01YYVJCTW9VaUplajVRcURiNGpfNlFIdkNuVWNYbjJZUUdGTGtKZ0NUaHhNNkJDLWNBMkdOTjZWeTdkR2NXSS1xc1dEWUwxT2lNQU5aWm9GVGNnRVdnSzlMRVo2MnFueDBRMjhfaEotNEJLU1g2UDhrcFlkM0J1MXFQZUFxUUxVc2dzZHpTaW96ZEZxdzFRWXh0OA?oc=5,"Fri, 14 Nov 2025 15:23:09 GMT",
2025-11-15T01:25:27,Google News Reuters,Apple's China iPhone sales jumped 22% in month after iPhone 17 launch - Reuters,https://news.google.com/rss/articles/CBMisgFBVV95cUxOeWFaWGJSVE5CcURxckpFZC1panJMT2xMVHZrOXExUWVac3lBdmF2VFAyd0R5cUVjcE40VC0zYkx4VnJYaWRRdWxFc2pHMkxuNTIxZi1iSURXd3NrUWVyNHYxc0FnLUlWT3lKV0lodldKNV95UzJRZVBsaERLTHktcWlENmRCb1J0V3FDRDFvVEJwbFg5RU5pNVpjeVRhVjEyNGxXRmFiVkhCV25tbGh6dG1R?oc=5,"Fri, 14 Nov 2025 07:18:00 GMT",
2025-11-15T01:25:27,Google News Reuters,Data 'fog' has some investors feeling for the exits as AI stock valuation fears flare - Reuters,https://news.google.com/rss/articles/CBMie0FVX3lxTE1nTHZOaWU2OWtVYkpwZXdoLUhzOXJRd1h6b29YOTAyQW9PVHlHem8xRTh0Ymw2LXVnV3Nnel9HVGR5RURwcWU5bVA3OUxMdjRkUXAyUm9Bb3dlM010Q0NhVXJGSS10eWpNX1pXUGNlY05odWN1VmpnLWM1UQ?oc=5,"Fri, 14 Nov 2025 21:18:20 GMT",
2025-11-15T01:25:27,Google News Reuters,"BYD shifts away from in-house payment system that strained suppliers, sources say - Reuters",https://news.google.com/rss/articles/CBMi5gFBVV95cUxPUWY2SlBjOFBmam9FSXl3ZTNVQW9tcmE0Z2kzdmlTc0V2N2l5ZE92SzVQNFBuMjNVOFZMaFZGQVlJSGs5aTFjSkhPV2YtRElRSVNfV1lEcC1ZdUtZY1kwc0RuTXdwSDRRV1pEbFNTWmdxanJSZEV4X05UUDVIM2gyeXZWLW5DcDZ1VklPWXhLUGlrMnJ0THpkWDhLQjF3SE9iclkzT0JUZzdCZ1EwRkxDLWNuMWw1WlVpcWZqcXY0TTlyU0xaRmhKUEdnRVQ4VFJCdTFnVjNHTFFlQXhWZ2lmRUVxdmQ0UQ?oc=5,"Fri, 14 Nov 2025 06:31:00 GMT",
2025-11-15T01:25:27,Google News Reuters,"US hires 50,000 federal workers under Trump, boosting immigration roles - Reuters",https://news.google.com/rss/articles/CBMixwFBVV95cUxOZ0ZEZm5MLUo5eThPamdkOVJmX0hZUHd6MDdPd0pZVjd2eEdLRXVOZ3NlTVBvd0lyOFN3M3Q3ektDMHZRSTB4Y1RYX2M3SjdpdThjQklwZEJtVEdvWlI0VERrczRRTjZKcS1RMlo2cDZ0QnMweHJfYlJEMTZTRm5Jd3poSkpqdUJTb2N1SXVQZ19xZ1pXN3RiQkt2TWY1ZU81M0JnY1dlUmU0UW9QekFjRS1QdmVOU2VpU0tWRFR4VW80NXNxUFk0?oc=5,"Fri, 14 Nov 2025 10:43:33 GMT",
2025-11-15T01:25:27,Google News Reuters,"China's economy jolted by weakest factory output, retail sales growth in over a year - Reuters",https://news.google.com/rss/articles/CBMiqAFBVV95cUxPN3BCOEcxdXlsUmx0Yzhja2ZVVkNIVkx4dGhwRXBpMkNqYWJYYkRDQTF5cFl0dmZBc0M3OFpDMWZ4VXQ2SjJLTFEyRnpvcU1FZW5VNnpwUVcwU19nZm9PVTh1TGpTczVXRnBmT3BOVnNSN0cxWmM0dllKZ2taa2RFbVRGa1ByYjViM2JmQjZ0QWtBZFpRM1BPbC04cjNpbFdYVFU1OEJadnY?oc=5,"Fri, 14 Nov 2025 08:28:46 GMT",
2025-11-15T01:25:27,Google News Reuters,Modi’s alliance set to easily win Indian Hindi heartland vote - Reuters,https://news.google.com/rss/articles/CBMiqAFBVV95cUxNdUxxem5RaGlCRkpWenFYZkNIWDVra3lRRmpEb2NXUUFlNjluN1JSNGZOd2t2NmM3bUVCdG4xaTdMLVJzMndMZVpTUWhDTWRaOUZwcE0wN2s0a2JQeXl1dmh4OThyclVGSnVvNHVSc1NhQURhdGVXcEMwUmxUT21iZ3RLY29naHI5Y1pVZ2dNQ2swbDFzdGZyem4tNDVrVzNQdU1aLU5GTGc?oc=5,"Fri, 14 Nov 2025 09:47:09 GMT",
2025-11-15T01:25:27,Google News Reuters,"Ukrainian attack halts oil exports from Russia's Novo, affecting 2% of global supply, sources say - Reuters",https://news.google.com/rss/articles/CBMisAFBVV95cUxPOWNVNFFkYTE1RUxUaUE5dXhlN3l5YmZtdmRfZGNVT2I3RngzWk9vSFdYMDRVVzZ4bVRqRk15UlN2d0w2dTBINm9GdllNN0tjekVNUnRYQkxrZ1VDQVN1SHZUUVpaSmcxUlNkeE5mMTJnWlhDMElvZmt1eGd1MmlncnNOYkFiR2JRWmEwR2VkTFdHNFBTa3oySUoxLS1lMkJzc1ZTb2pQSHp2bEo2SjU5cQ?oc=5,"Fri, 14 Nov 2025 21:32:52 GMT",
2025-11-15T01:25:27,Google News Reuters,China plays up image of reliable partner as foreign monarchs visit - Reuters,https://news.google.com/rss/articles/CBMipwFBVV95cUxOSEdhSjM4RGx3NHVVUjJqY1NIeDlZY2s1RnlCVmZqaTZCcGUzckxGbW1JVW14X0tpaXN5MU50MDJ5NmZ5SUlCeU9hNDc3S1hKNmZUVmFuNWR4UHh3TDhkQzBUOHB1d1Rab2hBYmdWc1ItakUyLTdwczZWUWhIWW11bzlSVGl4UG01SWhrOWZZMXFmeDNCTnk3aFVnNDdqdC04N0pfZHl2MA?oc=5,"Fri, 14 Nov 2025 07:10:13 GMT",
2025-11-15T01:25:27,Google News Reuters,Oil settles up more than 2% as Russian port suspends oil exports after Ukrainian attack - Reuters,https://news.google.com/rss/articles/CBMiwAFBVV95cUxNQ24xOVhtOFFuZ1g0RjEtdTl3d1Q5RUZDSmZ4aGloeE1BN2VhcERVR3BoTER5MEdESmRSZFN2VTZNeW5hTU9EMGRzY09McHR0WVMyS2l2MXdnZ0xaaEwwUElYTWZ6MDlIMGpzci1sNHF1N3dBb1ZlUU5zWnNwaUFVZExVWVhGNzlfaWZGSnpVaWxyV3VwdUgyQzhWdFN0YnFiRUxFRkRmaE9hbmpaUVNRUnp3VXIySW5Ba1I5Wlh4VmY?oc=5,"Fri, 14 Nov 2025 20:04:38 GMT",
2025-11-15T01:25:27,Google News Reuters,Gold slips 3% as hawkish Fed comments spark market sell-off - Reuters,https://news.google.com/rss/articles/CBMilgFBVV95cUxQT2REZl82MEF3bURYZXBLQXNIZkxaMlVacnI5RXpucHR0S2N2S2JJSXNMQXdnVTJhUmJwanhtanR5clZjUlp4NmpTT1F6M2I4RE4xRUpub3ViZ3hoSVRKeUFPbEZIcy1qdzRVZUpDTzZJVjdTWEJQRDdPR3pIeDNDOElGajNDRUlwbjk4ZXJzNVhWbWw2Mmc?oc=5,"Fri, 14 Nov 2025 20:08:29 GMT",
2025-11-15T01:25:27,Google News Reuters,"US, South Korea unveil details on shipbuilding investment and subs in trade deal - Reuters",https://news.google.com/rss/articles/CBMiywFBVV95cUxOQy1QRnpaUlRTYlpfN01vcnMyWWZVZElWWlh5YWl0UTdDX1hvUHBPc1dXN0VkZlEydm5mTXFycXp6T01HcVpnOEJNY3NSbzJCYktuTEZnaDNCUkxfV0c1R0NsUDZGU3RHa3VlNUJHWFVseXkxb2pmTHRnYjNxSTN6SmFUeXRDa1ZFX2pjdmpzQm5XUHFVZjdHX05jdld2TUJNSWl2RVlwQVNiUFpqVWdTb0RmdnFUZ2NBamhla0ZPdEJsU3Q2UG5hSy1MYw?oc=5,"Fri, 14 Nov 2025 08:14:23 GMT",
2025-11-15T01:25:27,Google News Reuters,"China warns Japan of 'crushing' defeat, tells Chinese citizens to shun visits - Reuters",https://news.google.com/rss/articles/CBMixwFBVV95cUxOUmtHc1lJck5aOXEyT2MyZFgzd3lGZHFBcmV2amRSVy1RUFViX1lia3prZGpLZkpkdUZ1aTFCVTRqUEpSWGVGRzAwWFdQVy1OanlnakRHR2hPUmdmYjhvLVNYNFhGZWg2LWdRY1RoR0pnbkhoMldzU3BtMGZ4RXRLai1RZGtoMWxzUjhYa3F0SG1EWWJWX3FiQlFwMkE0R05Yb01keEJoeEN1S2tPRDN1cmc3M2hoeVR2M2lPM1g5cEotbll5Zm9J?oc=5,"Fri, 14 Nov 2025 15:39:21 GMT",
2025-11-15T01:25:27,Google News Reuters,"Greece in talks to buy anti-aircraft, artillery systems from Israel - Reuters",https://news.google.com/rss/articles/CBMiugFBVV95cUxNQ3dDQUp3SzBzVkhHV3QyOFFYMUF0SURySGRYaFozbVFhVDQwQjNRTGJKZTFFMU9lMTFvNGUzcTZjTjNOZUxzQ0twM1o5MU52MFhBYWVIY3lCYTIxRTF2VHVvZnlQc0IxT1hHenI2MEFQRjNoTWZkZDVMRXJET1F3Y05HajZ0aEZIeWtMVEVmM0F6ZWJERUFGanFfY0lWUlNiTUxsMXJNaHh2SGcwMEs2aFQyenRTV1JfU1E?oc=5,"Fri, 14 Nov 2025 11:49:49 GMT",
2025-11-15T01:25:27,Google News Reuters,Applied Materials' shares drop as stringent US export curbs weigh on China business - Reuters,https://news.google.com/rss/articles/CBMiwgFBVV95cUxQS01ZX0s4SHhFRUZoX0dBWkxGREVFQ09NLTVDSkpFaUMtd0xfZ3dNdjZYT3FJWWthMjdROVFjM0JZVXVhYWVjVU9teHpCRkMtcVlEVTNXWVhRTFFXNHFLNDZPUm13NS1lYXotc3doMnhka1M1M1VETWRCelM4ZFVhWEJFUjAzNHRxOFREQnJDSExWaFBZYjRfaXdGWWpsWmdqcmlSelptSXN5d0xlQTFZcEktZllsT2t1aXpieTROck1Xdw?oc=5,"Fri, 14 Nov 2025 14:53:07 GMT",
2025-11-15T01:25:27,Google News Reuters,"Amazon, Microsoft back effort to curb Nvidia's exports to China, WSJ reports - Reuters",https://news.google.com/rss/articles/CBMizAFBVV95cUxQUUNaeGhjcDNNSW5sN2dOQ2EzUXJNd3oyY1pfMGRiaGRLTW5YeXdPeUVUVVNCc3ZlMUpraTQ5aFN2SHhCMm5TWFJRVUxOZ3VpOVFDM3VfX2IwRktNRG94MUdRanlnRm5NMEIxS1hUUEpQRk9lRXBxbTJhQTBMazFOVnk1QWZKODVXaXptd25BX1djMVA0dFFsYUJxbzIyQzlCVzBZRkFQdktJVVJPQV9BcjNVQlJIbE1QNF9udGlmYTZLUTA2UU42R3NPeTM?oc=5,"Fri, 14 Nov 2025 07:11:09 GMT",
2025-11-15T01:25:27,Google News Reuters,Who is Walmart's new top boss? - Reuters,https://news.google.com/rss/articles/CBMipwFBVV95cUxQSndBY3ZLUV84ZDY3VnpYWnJDMkR3dE92VUdYNUxKU3EwTm1FRldIZi1JTV9BMFFmYjFQOUtmOGVGYXExTlZmakZJdENHTnN4RE1ndThqWlZUdUFxVGpzVXhhM2UxdlctM1o4WThGNk5JMnlFWFVKbjNEYm1OQk96MHBBR0pxcWdHc2hKcS1kWW5BT3lRRFBhUlh1ZmhOd0ExX2h3bmlzVQ?oc=5,"Fri, 14 Nov 2025 15:11:15 GMT",
2025-11-15T01:25:27,Google News Reuters,"US approves potential $330 million arms sale to Taiwan, first under Trump - Reuters",https://news.google.com/rss/articles/CBMi0wFBVV95cUxOSWQ0cnZ1NzhpVWtPVVNFcWVKSi1FaXhnNnBldl9PY3lJdjZhMThjc0RaMTByZTQ1eUJXel96TENwNk5CM1F5OXBUeGxqQUZZWmpTX1l5dW5UUHJLZHcxM253TFpXUW5Ic3ZCdHExWjR2TUlXNnFSY3JLMG15bF9YVEtmeG93dW5TdHFEOTZhVVAxeW16THhENWFuZW1CczdUc2pTalRTWHlQdGhlMnp5T1JKR3prMEk3cWhtUXdhaUxNcDREalJkeVRabUVuR0c4bC00?oc=5,"Fri, 14 Nov 2025 13:49:30 GMT",
2025-11-15T01:25:27,Google News Reuters,"Global equities index falls, bond yields rise on fading rate cut hopes - Reuters",https://news.google.com/rss/articles/CBMigwFBVV95cUxPaE5WcjMwOHZzQ1J5V3RMSWFUU19iWWhiMW1XLWFJZW9Ob2VjenBvenVXOEo0MzlEZzhWTVc2Q0dlVE5BY185MlJOWG1jZ19zZlQycW04b011aEUwaHpIbW9BNy16SnVtTXRXTzNWNGFIWlhudFNXVlYydDdHSklEQWsybw?oc=5,"Fri, 14 Nov 2025 22:30:41 GMT",
2025-11-15T01:25:27,Google News Reuters,"South Korea, U.S. agree on trade, security deal, nuclear subs, Lee says - Reuters",https://news.google.com/rss/articles/CBMirwFBVV95cUxORzFCYktPV1QyaERQN0xmRm5xblZBQkJGSm1ROURTdTNBUWFBZ1FtbXJaZTdqakxjSDllNExDejRjM1pvZ2NlUjZRWFJDVTVZN1EzTHZYcXFrU1RvdS1pRE5QTWRZeEo1QmxWYjR5TG5rdTdVRDZ2UC00aERXcjlKRk5TemZnNmRhWm9oRHF1ZzNDQXM1dmw4NVhibUVrT0hTSjE2OGZxd1JadFVWZ3pn?oc=5,"Fri, 14 Nov 2025 01:44:50 GMT",
2025-11-15T01:25:27,Google News Reuters,Morning Bid: Markets tumble as Fed cut hangs in the balance - Reuters,https://news.google.com/rss/articles/CBMif0FVX3lxTE51WXRDVnlYVXlYOTJKdTd0ZW56c0owTUN3eFBUV3RnRnd5NHpmSFE4TnVlRUlUa0FJZUxwR2plRTBKbTRNRFZjR09rZHZlSTVzZ2VtNF9XZUx0WThKNFQ4QURfSFgyX19WcjMyVG1nT3NNVFlVNVp2MWM5X1VsZTg?oc=5,"Fri, 14 Nov 2025 05:32:57 GMT",
2025-11-15T01:25:27,Google News Reuters,US Coast Guard responds to Russian military ship near waters off Oahu - Reuters,https://news.google.com/rss/articles/CBMirAFBVV95cUxPakRyZm5ObEFoLXJibS10ZThuTTlhRVlKYmhFY0tqX3pJc0pZWkpXRVZ3eWVCdmk2UXdLZHV4QkFueHFSZWtZMzBZYUQ1bUM0d1kyY2FFbWxweFRpMnMwd0FWdnVqcTctN1c4c2JZX1FramJpeVlCRy0yeGZJQ1p4NXpRRXV0RkxfX3NLSWtxTXpFYWJtS0Vhb3dPWmtaYWhHWkV0aFVUWm9NUUM1?oc=5,"Fri, 14 Nov 2025 00:58:00 GMT",
2025-11-15T01:25:27,Google News Reuters,"US to remove tariffs on some products from Ecuador, Argentina, Guatemala and El Salvador - Reuters",https://news.google.com/rss/articles/CBMitwFBVV95cUxPWEZvVzRXWVk4aEptMzdVTTc3QWZ3dmJQT1ZlbHN6VDNHUmR4UWhPYmVhYlFLVHpSY015TGI0UE5BQnZSRk1oUUQ1TU5GLUJjVHVBOFhGSlpZdXNpb3B2eUEyb2gtSnBrTjN1SU90TWVHSWRxX0VtUUF4RS1WdHJzemNCSnI1M0lyU3pfZEUtald2Y3d0cWU4eGhHSHY5Nkh4a3NNaWhoM0lyOFR0R2VRQ2FIaXBsdGM?oc=5,"Fri, 14 Nov 2025 05:51:00 GMT",
2025-11-15T01:25:27,Google News Reuters,"Russia pounds Ukraine with drones and missiles, killing eight and hitting energy sites - Reuters",https://news.google.com/rss/articles/CBMiogFBVV95cUxOZXA2cmdZcDZYSjZrYkV2cTdVcmdkVnJlOUYyc25Ha2JZZ09tMy1tZ3dPWU9XTWlGVE1LSGxfZjhXeTJhbXQ5ZkllZkVUdkl4dTZsSV8xeHlKSnNrVGFTZEVaSkNGUllrTGVQeHE4SngzSzBxQ0NzV1FLUW5iYnhxLUJBcFlYUDE2NnlYdWRxLTRGUjNDRzItOHlPd0N4SkxqTlE?oc=5,"Fri, 14 Nov 2025 15:39:33 GMT",
2025-11-15T01:25:27,Google News Reuters,Merck bets on flu prevention with $9.2 billion deal for Cidara Therapeutics - Reuters,https://news.google.com/rss/articles/CBMiwwFBVV95cUxNN0FvY0FNRXV1UkVrVnJubnBjVGw3enNKdnhlTnFydVY0OHVsaUhqVHlYdVRVcWhKNmtXWVpyLUNheV9fVmVUNFdleHlFWl83UVNXMmllUlg0S2NpRWdEb2N1QzZtc1lBV3ZzYkpUaUNBWnBKbXVrejNZcVhoOTgtODZBX3hKVm80aHVSb2pWeXhzTE5ZSUFPYWUtM19SWF9BY3ZWcWJFUkZrd3JhNmY2X1dQQ1kxVUVlbjc4NGUxaXhQZXM?oc=5,"Fri, 14 Nov 2025 15:56:03 GMT",
2025-11-15T01:25:27,Google News Reuters,Dollar rises against euro amid Fed rate cut speculation - Reuters,https://news.google.com/rss/articles/CBMiswFBVV95cUxOZER3MzVQS1VOaDI3cGhsZnBBN21uemNCYnYxbld5X3ZSM3ZwVWN4V0oxeDhYWlMwNmRNZWkxbEJxMldaNGdwSXJHVkhzalc2NzFtdFpCaFp3Zmg1NzFKNnhjbFhqNTh4MElzUjN5cDJMaVJVNzVIWTNtY2xaNnlCc3VOaFV0YzJSYVppcHljX2s2eVplakY5dXl1ckNqcVFCUzJJMnQ4cjFqN18xOVpLRWRlbw?oc=5,"Fri, 14 Nov 2025 20:05:28 GMT",
2025-11-15T01:25:27,Google News Reuters,"Trump's granddaughter makes LPGA debut, post day's highest score - Reuters",https://news.google.com/rss/articles/CBMirgFBVV95cUxPZFIxU2xMYVVrLXYtUXZnUTRZR2VwMEFpY0Q1clBxNGs4ZU1qdTkwdTFFWkhSNE5tQVNBcnh6Rl9aTFE4Tk5nN3dZZk5qUXNqcUN5cWd6c0luZHp1dkFtXy1sZ3FFdnV3VGt2SjRWcTM5WUlPUHJnU292R2VNYnRlSFdqMV9GdXQ1NXd3U0lrUUtQb2ZGaTlrYjVVRF9SUmdxWHlkWk96d1FucVhSOGc?oc=5,"Fri, 14 Nov 2025 01:01:11 GMT",
2025-11-15T01:25:27,Google News Reuters,"Trump will attend Davos forum in 2026, White House official says - Reuters",https://news.google.com/rss/articles/CBMirgFBVV95cUxOS3kzaVV6bzU4ZkFxdDljYlRnX0Y4cy1vZS1XbTdFZl9JS2lWZUxRSU9ndGdPYVMxRHFkNFI4enhMOVctdzhWX2poWVk5Wmo4TlpQUk5IVEs2bXZXXzRMTjc5ZGg5MTZzc001dlN1eVZpZ0JNZEZhWFVKVUNWdHl4aWE3VjlIMS1yeUpsRXVid3lYZndNaTFYcTdGTUh3SWs2bXkyc0dkb0hFb0NKUGc?oc=5,"Thu, 13 Nov 2025 23:31:33 GMT",
2025-11-15T01:25:27,Google News Reuters,"Google offers EU to change adtech policy, no divestment - Reuters",https://news.google.com/rss/articles/CBMixgFBVV95cUxOQS1nMEpwYzhMdlQ1LTA5dFpoekV6UXJXZlI5MGlVd3hib2RKSm40N2tGUE1OUmU2dnpGdzZYUHdJOFpjMHp0R0dwR3JCRUgtVGgxM1ZOVmhyR2VDd2czSVpMRzN3cGFORE9KLWRCb1N0b1IzN3E5aURiVjFtcXNGUEVCV3F1SnlCQWV6TzFRQjVveVRmRTRUekpqb2RGVWM5SmlYd2g2WW1Dc01IWHJXeFFnLTZyTk1Zc25sUHY4WDlkVDR4RHc?oc=5,"Fri, 14 Nov 2025 10:41:43 GMT",
2025-11-15T01:25:27,Google News Reuters,"Blue Origin's New Glenn rocket deploys Mars satellites, sticks booster landing - Reuters",https://news.google.com/rss/articles/CBMiwAFBVV95cUxOOURWWGg0cEd1Z0Q1bWdHQUM5OC1qZmtyaHcxOHpfUzF6R1UzWHJzSEFObGcwTlcxLXhJMHYzV2duUXhSTnpocmo5TmVQNW00NlZQMVA0ZjAzSG41V0xXNUxXNGZkTDBuNDg1TjdzdTBhOW5XanFvTWVzOUpXXzNvZlpXSlBFLVcwcHdNd2xWNFlCcmdFZy1GRVVMWTVpdThXTmk4dFN2QU1RVzZvdkRrVTRqVEtYVkc1d1luWmRFYVI?oc=5,"Fri, 14 Nov 2025 22:03:41 GMT",
2025-11-15T01:25:27,Google News Reuters,China's October new home prices fall at fastest pace in a year - Reuters,https://news.google.com/rss/articles/CBMirAFBVV95cUxOU09GajBEZmluOWJrdzhFRThkMjJ0dkQwNmE5SVVZSWFFWDF5b2w0Qnh6Z0hYa05FM2VXd2NMdXF6SmUwek5RSkkwUmFpRGpyUHgxNUdhYTd5RFBkQnpvOFA4eUxFdlpTVXFxckRyNmNDcTVGbmJMZzBQWTZyMDBORzdpaXNuVlZoczVnUDFnR0dGV0VQR2pWREJIWW5sLXpON1hsSFJBTkxMbzFK?oc=5,"Fri, 14 Nov 2025 03:29:00 GMT",
2025-11-15T01:25:27,Google News Reuters,"Swiss machine maker feels heat from auto sector slowdown, Trump's tariffs - Reuters",https://news.google.com/rss/articles/CBMizAFBVV95cUxPNGw1Y1BXMjRDZnJUUkdYX1BlTHRmSTdJMzJzdlY0UXZCWlQzV09aQTVRSUpuYzdxcXNtSHM1Um1LcUhXeFlBUXptUm1YU2k0UUFkZmM2OERKN3l2MzJfSGxsZ25rMWVSc01BZEI4dFNtSHpUOWhoTkVZRlZiR0FXb3RLWnJHbGI3SEJuV0UxbGxWMjhmZUd0RWlOWkxNeHlTUHYzcE9JYS1KNDRRbk51Qm83VjYtZ3pmbDBuenVBaEZCYUxpNXZUcUpVT1o?oc=5,"Fri, 14 Nov 2025 15:31:05 GMT",
2025-11-15T01:25:27,Google News Reuters,Under Armour parts ways with Steph Curry as restructuring gathers pace - Reuters,https://news.google.com/rss/articles/CBMitwFBVV95cUxNbFVNUmtsUG05cEp0SUY3SWVCWC1kbGYyODM3akxWLTJSb1lQM2ZqUHVJQUg1MjVXc3h5SnVFdjdHRkdmRDhJWE5RYWdaQ2dmRWFZR1VicmlVZzB3RjNSSkdLZVFaZGFaMUJDOTVXU1dIVmZGVDV6SWJuUFpyNGhwR3hkcS1RRU5tdDIxT1RqTXZEM1ppOWFKR3U3ZDB4ZHQxWUlReDhBQncxb292NXdpNXJtUURzRHc?oc=5,"Thu, 13 Nov 2025 23:44:04 GMT",
2025-11-15T01:25:27,Google News Reuters,Deal to end US government shutdown strikes buzzy cannabis drinks industry - Reuters,https://news.google.com/rss/articles/CBMitgFBVV95cUxNRGlJbHNxaWNkS2Z4ZEtnTG41cWwxZWxvbjI3Z2hVaTVPNzZNY0VZaDFxUHdVTjJRVWtsY1h5NmZkeTkzak5XZ0pzVU04bGRETzZtcG1vMmZPajRpM1Z2dmwyZ2NFblpCYUYtczUyX0d3TzVHYVduc2tILTl1NmxHZWZibmdKTUdBUUlhRGF0NWtJVllxQTNoQ1lLRXJtUmxmR2E5WHJ6bEZRQ2Z1NkFWbml2VEs2Zw?oc=5,"Fri, 14 Nov 2025 00:29:43 GMT",
2025-11-15T01:25:27,Google News Reuters,UK stocks fall as gilt yields surge on reports of Reeves' tax plan reversal - Reuters,https://news.google.com/rss/articles/CBMirwFBVV95cUxQSnk0ZFhfdWpkamlXWkZNb0E4T0hDRGRoWGtaOC02bzB3Y0dOSHBBcGpPY0JZUXp0Vi12eGlGNkJTYkw1ZWZ2WWhwZUhYYklBNEI2MVJiWV9MT19IWG9MTC1WdDJocmRWTDdxdlU3c1NHS1pNWWNCWndrX2lHSk9pdVpza0tXamZkQ0d5THNpYmw2RVp1dVQxTTlacHdFclhkMXFsaVZMaFdXYlcyLUJr?oc=5,"Fri, 14 Nov 2025 17:32:57 GMT",
2025-11-15T01:25:27,Google News Reuters,"US designates four groups in Europe as terrorists, calls them 'violent Antifa' - Reuters",https://news.google.com/rss/articles/CBMixgFBVV95cUxON0NrZGVNYVd5ZlVBMWozcVlZNS13MjduYUpyNXNtTGIxSGk5ZW1mMWpLMERJLThnOE81dTRRRGlWSGo4RXdGQ21teUJHSXZWTzJjZmM5dFdNbktrUm44cEJpajJqNFoyc2tCRFNOc1lwS2duWFdGZWxwYVd4NUN6b3pRZ1NnclJmX25DRmNzenJqSlpWZnZtOHJlRlFicTlYLVRwbzJZTzRoNmtyaGRKOGQ5QjA5YUkzbmtxM0pZRE1YbmZfcnc?oc=5,"Thu, 13 Nov 2025 20:54:20 GMT",
2025-11-15T01:25:27,Google News Reuters,"Striking Boeing workers approve labor deal, ending 101-day-long walkout - Reuters",https://news.google.com/rss/articles/CBMizgFBVV95cUxPRExsUkkxZ1Y5M2pvZnNsOXhRMXl3S05EMnd0eElTN0tRaHdDbDVWR05ZbHZkVUlzcTIycHNacFBieFN5NEF5LUpjc0ZWOFF4NklkSjVFMWdHbEo2TFpRb0JRLUh3Y0pCUlphRnc4MFlOTVB3UUxXNFd5cjFoSG12SFdNdGRZc05oSFBxdHJyNzBCdTBZTXRtbU45dEZHejV4aFFfeHdBNnRiUjZsemY3TmJTMHJfaHdjdFBEZDdMSERvVUJSNDdZSmpsRjhvUQ?oc=5,"Thu, 13 Nov 2025 23:01:29 GMT",
2025-11-15T01:25:27,Google News Reuters,"Indonesia says its Gaza peacekeepers would focus on health, infrastructure tasks - Reuters",https://news.google.com/rss/articles/CBMiywFBVV95cUxPY1Y0OW9oWUVGOHZOb2pGVUI3NkJrYk5GYUFXXzlnLVNHWm8xME9UQ3FYQTk4elpRb0wwcEc3d09UTHFQNE9JWGs4OHItazNlQXc5cjdfRHR4WDlQLVlVdi1aRTVqMnJOSjJjdlVWLXF0eU1aLVJvNUdtQTNiM3hVT2FKM3RnR2ZYM3BxRkY4SHhKQXV3VGZpSDJRUGp4NjVUMzJud3JaeXQzS1N4UXpsY0ZLRjZoR1NPYWVfQWNpTjlzUkM2Q0ZtUUhqVQ?oc=5,"Fri, 14 Nov 2025 09:59:35 GMT",
2025-11-15T01:25:27,Google News Reuters,Trump administration sues California over new redistricting maps - Reuters,https://news.google.com/rss/articles/CBMiqgFBVV95cUxPamJlVWl6QmJWQ3NXbHFGY0hsY0xQN0t5ejVjNXE2MGhZSXFsZU1SZlJwNmctTWw2T20taTVTSEpfYUdxWEk2bTFYYVdaWUpYVlJPRC1Zd0ZPbTV1WFZrYlhoeVotWXRfcjNHVUIxWlEzelhuWDY0NndiYndTLTJWWmxsN3lneExZVElDX3NxQ0hMU1hnc2ZqdjB3Q3Jfb2pJZF84VktzdlhDZw?oc=5,"Thu, 13 Nov 2025 20:52:41 GMT",
2025-11-15T01:25:27,Google News Reuters,Germany rethinks China policy as trade squeeze exposes vulnerabilities - Reuters,https://news.google.com/rss/articles/CBMitgFBVV95cUxOb0h0WlBGekFfSzI2eFVwY0FNX2NuOVF2NEV4MHlCT1pyTmpjTFpLOW82Y1ZQZFFOQkdCZ0Ffbmxra0lINUx1Ri01SlktR1JCZ09EZ2UwRVFjaU5ReWV6NlZMYTJZU01Fc2V0U2d3NUZiRnU0cFN6Vnh2RldubWtRQXlIUmJpUkpDcVVjTkxINFVRTnFYQmRMTDR5RlZfSEhEeGFQZDZFM3Z5ejJ6QUxzaThCbGlOdw?oc=5,"Fri, 14 Nov 2025 06:08:00 GMT",
2025-11-15T01:25:27,Google News Reuters,South Korea to boost EV subsidies in 2026 to help auto industry weather US tariffs - Reuters,https://news.google.com/rss/articles/CBMi1gFBVV95cUxOTTAzXzdaZnNrM2JEdW8weGQ1cWVrM3FIVUR0MDNiOUc2RmtxMXEyQTBVNDBsVjVodlZDMzlrX3RRaWlFbWhkZFF0Q18yTlN1LVNmcVA1bkpNS0VCWFZMOGR6VEROSFBMQkhjbU9GNGFlekhEU3NhRnF1X3hqUnFQQlNGcGlNdkxRaTU2YjVoeWZ6OXUzRURUTzFrNGctT245SE1ObVZJUUJxRWRLQVV1SFdLWllEYURHa3lxWUVCTnlQRTlXRmxUbmxRc09TcFR4MkFiUVdR?oc=5,"Fri, 14 Nov 2025 04:43:00 GMT",
2025-11-15T01:25:27,Google News Reuters,Deadly heat worldwide prompts $300 million for climate health research at COP30 - Reuters,https://news.google.com/rss/articles/CBMixwFBVV95cUxNN0RBTjNVNXUzQ24xVWVkdWVoaXFaTndRU1M3eFU2dWFET2hQRVF2SHNOdHBHSzRXLUZKTDB4WEJkclItSXJCdjNlVk5TOENUQjFLcGJTWFNXZjFOSFFrSkQ4eGhoR1hvOWE2N21aMTg0dUprSUVzbXgzTWNNMTdnYUVlMHVDeEppRzZ2b3NLMGFCVnlOc3c2ZUNvUGY5RGswNlZSZGpkZ0NtR3NKVXBfRThlN3NyZFNaZ01BcmRDQmF5ZG44UzQ0?oc=5,"Fri, 14 Nov 2025 17:03:27 GMT",
2025-11-15T01:25:27,Google News Reuters,"US to allow transactions involving Lukoil and Caspian Pipeline Consortium, website shows - Reuters",https://news.google.com/rss/articles/CBMizAFBVV95cUxPdTNmMzktLUJpNExsTldCU0Y5VFZ4UlRsZzFOejdnc0dTRFg0cG5ET3huY3l3T0NNcU5SN2MwR044aE1vdUhISjRRMkttd0hwcWdwOUpPMG95ZlZpYUVpTkV1ME9PcDFNQTN3OEwyOHlsMU9Oc0hNb01rWk9vMmlCMjNnQW1HcXJjaHA0dzkzN21iYWhVa3VBV05RTjdCZXBadml5aHYxUWg3Tk9Cb3dWdXQ5bVNFLW9yNGEyZEJfY1htckJjU0JrVEdpYVA?oc=5,"Fri, 14 Nov 2025 19:41:29 GMT",
2025-11-15T01:25:27,Google News Reuters,"Ubisoft delays half-year results, requests trading suspension - Reuters",https://news.google.com/rss/articles/CBMiqAFBVV95cUxPRDRjTERhOGtmNTlHSGJjLWc1cEl2Qkd0VVJpcmdHWTBjTGdodVV4UlRpejFnYnhuaDhFMm9yU3dkMnR3OUZSMHB4bWh1YmxqaTJManVlMlZPQ2dQLUdKZEcwZ0NFbnpySXVzZTRwUHVRMjNCbmZ3QVp0Y2ZPUDZMWmdGLUhEM2MzbzBFamQxM3lsQkltS3VKajRjdGlWMXZXcmlSbW5VaXo?oc=5,"Thu, 13 Nov 2025 21:19:46 GMT",
2025-11-15T01:25:27,Google News Reuters,Conservative influencers defend Trump as House prepares to vote on releasing Epstein files - Reuters,https://news.google.com/rss/articles/CBMizwFBVV95cUxPUTQ0cFBOV0QyM1U4OHRCcGNZcm5EVDg1clZZZ3psd0NyNTlkQkRwV0s5dGNjQ1ZxQ2VKT0JBUXRhY0lmTko5YUwxc1BOR1dVd2dhbkpIOUxBVjhRZzVrNlpnX1IwRndjWTFzNVdPTDdILS1lTEIzY2VvT2k0Sm8ycHBWTjQ4Q1c2S0lIbVZjam1Ub21yVmM0XzdCdmd0dGEzRjRGRTA0QTl0RFJMNDdYTFB3empoSW1ma2hLMHFuSnozbURqeXlsZmVWcnYwT3c?oc=5,"Thu, 13 Nov 2025 18:23:43 GMT",
2025-11-15T01:25:27,Google News Reuters,Ronaldo sees red as Ireland stun Portugal to keep hopes alive - Reuters,https://news.google.com/rss/articles/CBMiqAFBVV95cUxQcDRHYkt3bF91Qk1NaFRhSWwxbV8xb0UyS1I3cmQxUUU0Y0hiRExwNXpwaXU0T2hpdndMYU1wd0RRRlBER2pHamF0VjYycy1ZMktxV3d1MDJpaXI5TFFfX08yWTZqZmpoYXExeHphak1GeU9JWHU4c0FQVjRRVXo3dm5HRHlxMC1DeUVlT2U0QlRHSjlJVkxQcEtpVDdiOF9iM19VdUljQTE?oc=5,"Thu, 13 Nov 2025 22:17:12 GMT",
2025-11-15T01:25:27,Google News Reuters,"France finds Wish, Temu, AliExpress, eBay, Joom, Amazon broke rules on illicit products - Reuters",https://news.google.com/rss/articles/CBMi1AFBVV95cUxOdUROaThrN1FzXzRfRjQ3cnZlaUk3ay1fV1U3OGp4WXZHYUtIdk9KZ18zd181UElNSVhPd2pBeHgxTlVlbWtSeVBMdlMyeW84WXE5emJKczhWOXN1SmVzdlhxVEEzNktMaFZwaFphY2lyWDBzZzRLbmRXX3dXVzl0N1k3R1B0ZFdud0VnY1NNakRPM1BjREhQU0JISjdMT3YydXBJbWloam5WWTlRLTVhMHdPTDAtSnZqVzFla0ZvUTlBb2p6V01USDNZUlV0V3NkcXdrcg?oc=5,"Fri, 14 Nov 2025 20:53:01 GMT",
2025-11-15T01:25:27,Google News Reuters,"Verizon to cut about 15,000 jobs as new CEO restructures, source says - Reuters",https://news.google.com/rss/articles/CBMijgFBVV95cUxNek9DZkVPcGlrbGlhcklwVDBzN0Vrb2tuVUQ5dExXOW8talNxbkJ6UXZDTWdYbHhhVUxGUTBQWUpBVC14NW1PaGhtQ1RqOWVxN1pKOUJXRU9zVDlBU0diMEJlVU8zMC00SUJROWNzWVdEbHFHVFFJdHFPWFlEdXI0YjN3YVVxRUhDMGZkMVdn?oc=5,"Fri, 14 Nov 2025 00:35:00 GMT",
2025-11-15T01:25:27,Google News Reuters,"Exclusive: Carlyle exploring options to buy Lukoil foreign assets, sources say - Reuters",https://news.google.com/rss/articles/CBMitgFBVV95cUxOc2lCM18xY0kxUlpUcHNsenRlcWFpVkJmc0haMUtHNjRGLUdsQjNmSTNUbXUzSzJJZzJGZGkyWVM1ZWNwTFR3MkNTeUZHd0pGdlNadjhMR1VuREZXcmh6Y2FWY3ZidXBqRS1rVnRBdkU4MlBlUnVkZkdwS3B4a3p4T0pXbUZwamlpWVBsY2NLVmlNNEw4dzV2WlNSNlBYT1FHd0xkd3hCNG8yemxDUi1fV1g3UGFmdw?oc=5,"Thu, 13 Nov 2025 22:23:04 GMT",
2025-11-15T01:25:27,Google News Reuters,Canada spy agency says it foiled potentially 'lethal threats' by Iran - Reuters,https://news.google.com/rss/articles/CBMirgFBVV95cUxOazFVbGlsbFZWbGpYYXlfS2xDczl6NG5PTllNN19pSE9qaUtlV21wMGZmOTRNVlFjZUxrQkFyZjJqNndweDl5OU1lYmRmOW5aVFVYQ3N6MXpwWk5hU2podnliWEJxbWlvaHNfZFlTQzR5eFo4U1NpeENHU0o5N2JiWGdnRzZtd01CTm45V21DZWlEYWpWYVE3TV9WTDNjMl9MTHVHelhaa2dCbWk2cmc?oc=5,"Thu, 13 Nov 2025 21:44:34 GMT",
2025-11-15T01:25:27,Google News Reuters,"Young Ukrainian men needed at home, Germany's Merz tells Zelenskiy - Reuters",https://news.google.com/rss/articles/CBMipgFBVV95cUxOb3ZPTmZJTkFJbXh6ZGg0Y1U0UzJMOWJRWmJVR3gtWndFaVdTc3FQakRCc2dCcTg5dnVjOXdLYWQ1dnhSSHVkZllnWHl5alYyOVNIQnJ4dG1yMklkY090WHVWMXU4SXY0VjZfU3dIS1lhNjIxcmxhSlFQMGdQbUVGQzZDVXFmeGp6U3Y1Y1RRU1dvUTJWNWNXdkhsYTZJeEs0M2tEeDJR?oc=5,"Thu, 13 Nov 2025 16:20:33 GMT",
2025-11-15T01:25:27,Google News Reuters,"As California wildfire rages, Los Angeles threatened with floods, mudslides - Reuters",https://news.google.com/rss/articles/CBMixgFBVV95cUxNUjE1SXlBQk5RbjdKMndieDdSR05KQmt0OG9MSko4eVgtdVBPdGJUOGVnVHhWOVNKVzRjV3pkV195TlJyZUpPaVpLWWdQcndPQkFxdUd3LVdZOXd0VzVjb1Bxcm55SFJyYUtjNUU5aU9SVVVDdG1MbjltT1pFNUtGS3k0NHNuNi1hUXJId1ZxM0VsNS1GdWt1OEc3V1IwMWdQeEExVHYycWxXbWN1MXF4UXZsOFE5SzRRTTRUcXRTLXZ4VTJCTHc?oc=5,"Fri, 14 Nov 2025 20:09:54 GMT",
2025-11-15T01:25:28,Google News WSJ,Berkshire Added $4 Billion Alphabet Stake and Further Pared Apple Stock - The Wall Street Journal,https://news.google.com/rss/articles/CBMipgNBVV95cUxQbENXVmJtTGhpOGhWYThMZmNFN0M4dkwyNnVYaFI4ME4wVS1aNVZ5LWVKMTc4UXczSlRUS3duZkxXTXRZOE1SS2toYzlxVUVfTldzZVNrdTdFMXd0bkNZbF83UUlCTnVNM2pzUmtNUXZna3BiR3ZHd2pyOTV3MVpVWEM3RWp5ZDdENkZlREdHR212WndKc01uZ3Y2VVMzenhmSGIxTTBFY1VfekdwdUlnMGw0LU5EQXB5UXh6MktBYU9XVE00dGdSakRvTUU4NFdOU01rcVNUU3NFV0pjdWhoMklyYUFKeDFrbFd0QXdiOFJ5VFo5LTRNRThFdUpTT2JmeVVpS2Z1U3Job2lYd09FYU5nV1hULXdMS1F1c2xTdHF0a2xTTUUyQmNBSEg0ZmRueDRKdk1ma2VxTWlFTmFaYldzZElYRWJqb2c3b2FVODM3em01T0dRLU4zLTdoOE9GQ3k3SFhiX0U0WElFalgwYkxCLWRZNFFtVGNqQ3BGT1ZUOVQyZ1BBbklkRWhJcGc2c005eGh0UDZfc0VuVy1Jcm9DYVZDdw?oc=5,"Sat, 15 Nov 2025 00:08:00 GMT",
2025-11-15T01:25:28,Google News WSJ,Trump Withdraws His Pick for Top IRS Lawyer - The Wall Street Journal,https://news.google.com/rss/articles/CBMilwNBVV95cUxOU2d4Q2F1YmNMeVJDMEtjTHMwUVctTGdaZmdFV19vT3NPOWthaHFDOEt3V19jdUViTURKTnBReVFRdkhCU1ZhMmVUYURSbjc2SkxYN3VHaHhTUk4zQTYxN2hIWU1hbUhsX2VYQW5QbkhuODA4Qy1JN1ZmY3JhU2ItMEZIeVhPVXJxaUFMeGJfYzNmdGd6QUZLMmExcFEwb0ZxdnhHTGt6Ul81dnVFUHlhQVlUZmNxbmlOUzdGSEZVR0wtT0I3eWJfOVNMRmxLaFUwbElBQ1NITndzclQ3anFDT0ptQXU5a3Vta0YtUnZ4UFk5ZnFad193WXVXLXRFWkJLWFB1aHU0ZGxMbG90a1RiajItMjdFbnVibWk0bHRsXzBtN01CaFg1YjRoTHM0UjRlRUI1UmxaUExYejFqaGRQZUlEZzFjWWphaTQ4T0VSUHhBb29EaktQSVFJRTF1bW9vX0NVSW9VdXBTWkxYVTV4RWMzWGNpM2VqeXQ0MEhyeExDYnRYWnRHbkdPWE4tcHM2MXRadDRMRQ?oc=5,"Fri, 14 Nov 2025 21:07:00 GMT",
2025-11-15T01:25:28,Google News WSJ,"The Epstein Email Cache: 2,300 Messages, Many of Which Mention Trump - The Wall Street Journal",https://news.google.com/rss/articles/CBMitgNBVV95cUxOSDE4NV9PVDdPVGJ4X2tZQzJJVnpMV0dKWklmUjFqQnZtbndmU25XWTBreG5jRE1hSXJ0a01SSWgyd2piSkp1UXRMNlBIZHVUaWRHT0ZESnBwLTdyaUtZSFRBWjlqZENEMlhIVUJzV3VLNjV3cEFDMUhEQ21aWVdGTVdMbks2U2dMUURENWx5ZHByRXY2SnpYRHNHMzE1c0dSQU16VGV5U1ZFR1U1aFpTTktPNVkyVUVkSG5JdFlEQjlnaHFvdHVYMG1WbE1lU0dmdnBwT0NwUE8wNkdGSC1ma2xtaUNkNkJlWVVpd3haTzRGcktjSWFjZlhKQ3lzQmRmLVpEVHJnQl9DeWVYTUg0UzZ4TE1Wdnk2ZjRhY04xRWJmU3JNQ1hHZjc3LThXVWV6LXBRLWxSNVhNUlQxTVc3dFdUai1YXzlXOXBidk4tdmdCWm02SUd2YVRLcVJieHlwZ2N4UXZuOXhwSWtCc1J2WmUwVzMza3JKMGh5VEVXWGJJUDJkVm1OM1NHT18ycnJHSm1oR090b3d5R1cxelo5VTRzMzlFZUJEbTVqVU9FV2VNVTNnaEE?oc=5,"Fri, 14 Nov 2025 16:29:00 GMT",
2025-11-15T01:25:28,Google News WSJ,Trump Calls for Investigation Into Democrats Named in Epstein Emails - The Wall Street Journal,https://news.google.com/rss/articles/CBMiuANBVV95cUxNT2VFNlhIMWpZVk9TOExtWkxNSHNycVBpcTB6NFpibF9uMk1TT2tjRFF2Q2tEelM0U1gzTmxVa1BvTUQ1Zk1WbkRRbkFnS2Y1a2dGd0pPQ2wwbDdpQXF5eVVNb3dOSTFGZjhxWnpGMjFwcDBJVlNSQTdhRGQ5RzNYMDNja1pPV0N1SVRoZXNQVl9HTmV2MjFtMzM2T29xZVZpWWhkMW9BdlNfdi10MkJ4QUVYRXA1NUlyUUVzX0ZOQllJWDBTQUFkUFRKaldpV0pHYmxEYkliSzlFY09nUURqZVI2SS1aMVNUMzZoZlNWaEpZcVVJUktueklPTWI5eWk5YXdybXJTUVoxSXlUdTNqb2dPb1E1b19zR2VUdGpiQmF1Nm1BSUdvZlA5TGN5LV95NENIazZSRlpyNldSZE56UG9lNkJrVDhNem04S0toV0xpNzFJbHBiN0g0cDlIWnVrekFyTGloM1F0aXNLTDZYbFNWT0ZYZEh0bTBVUjBnWmtubW9UVkdzMXBrZFFxeDlra0tOV3luS2NGTEZIRzlGalhXZzlBSms5WkV3dUlyN1dJMGwxSXV1MA?oc=5,"Sat, 15 Nov 2025 00:00:00 GMT",
2025-11-15T01:25:28,Google News WSJ,"Bitcoin Ends Week in a Slump, Price Falls Below $100K - The Wall Street Journal",https://news.google.com/rss/articles/CBMihwNBVV95cUxPUDgtenU4ZHZ0Z241MjRxbDM4Tlp4Z2g3TmhlTGgta01LNk8xaW9HcExZRkx6ajBsSHBmUDRuR0ZjbGJKVWF5SzVINEd4X0EycnByYjYwTHd0anJvSHRHam4teXVkcEJLQVlXZmkzZFdJVHF0TWJURlJFVmg3QkNOdVdGb2dXcGt3YWE3VHhiR21Wem10Q0Vncjd3Sjd2Wmd2V1NnUTU0VktmRHFIVllqdWxyMk40aktxcFI2ckUtMVNhQmdrNktnSy1VQ3JwVHJOZ2VpV0o3N0NSRFV0WEtiWngzSzV4dXpOcEVxdE4wOGdES2JxRjlVQXpYdmlweDN6QW00dTVsZGk5a1ZyYVF0cjlLbEdJam1CQmJ4NWpUTmJCcm8yMlBybzhtMklJYVIzQlFVbERpbEVGWU5CVUN2d0ctQ3B2a3VVejZRMTdDa3U3akVWVHlLOVZabDFWb2xBRVF0Q1ZZTlI3dnV1NG8tUjZmbHpILUZWVkxaaVVBN2R5ZHY5d3Zv?oc=5,"Fri, 14 Nov 2025 21:48:00 GMT",
2025-11-15T01:25:28,Google News WSJ,When AI Hype Meets AI Reality: A Reckoning in 6 Charts - The Wall Street Journal,https://news.google.com/rss/articles/CBMimgNBVV95cUxNUVZJWWhYMUhOS3U3THpnbkFtMlVXTnNOUG1BNnJfdGNnSlFYOXpRdlBqNmNxRkhxczU1c1d2V2pEaVB0TEJDWF9VNmpVTUdBejhTUEtBeXQwQjhNNDlCUkMzQlg1RjRBZWZkRFl6d3paZWU5NVF6dHVyakd1X3lYOHBkc0dlQzBMNS1lVlhTa092NUhSS01SbE5pSFBhZWhGenotcjY3REYybjJiQ0N1VjhzYXYtTEJfNnpGSTdaU3JFWElUMlJYZ2hsTHAwc2VRanB2aWJON21MWFRFMXdBT2VKZWNmcldNRE5XbzhHdjZZdlloU2JoVVh3M2xwRlN1SG5DTXZiV1EzcGVxSkhiQ3hjc3NWakVLYmE3MEkwZjkxSmFOdlNiRGtIMWx4VVV3Q0RYZTNnMFFlblVWWVp4SnZGeFRUTEYtb09XSzJEMnpQaU1JdHdyc0RpbkF4TmJ5T0xOTk5yUVNZeVp3azZnSENUV0hydFU0djFPZmt6bHgxeGY1QkhBVk5KMGRKSEVkYmNBM2NWc0t0QQ?oc=5,"Fri, 14 Nov 2025 10:30:00 GMT",
2025-11-15T01:25:28,Google News WSJ,China-U.S. Robotaxi Race Kicks off in U.K. - The Wall Street Journal,https://news.google.com/rss/articles/CBMiggNBVV95cUxOTUpRWTBTLVhldVRJUVJCUkJ2VVlGVnZXNWJZM3Y5V1BXRmt2d0U0SjNLbmlzNGZNMEh6UGNjb3NfcVpiU3E4RVNnN0VnMllzdGxTcFh3NFI1cTdHV0tjWFRGQUxLOFVuak5RazR6SXU5UGNoOGVVMGhVUzBWUGFnWExxWUg1bUVlNUZ5UGZpYlRfbVo4Z0NCbThsdWZPVzlreWZZcExHSzdGc3FSTVdFSVpvUGJteEdaNzVYM0lxemVFN1ZuQl8yQ1NjdDd6RHJQVEJhOE1Pc3hoczZaZVhGckRtRld2OGVQeEQ1S1h5dnNLSDhfUjM2WVN6TTc0RXNrMV9STEpCUDFCdG05SzdUZG9LcE9ueGUwYm9RS0UwbmNEQXA2djE2WDRiWEZqVG5IWmhoRE9EWFNPbVY1OVZUeWE1ZWtrOHNHYWZsOVF3VUFmUFFKbnBTbUxfZjVkZFdWYmhHXzBHaWwxOC1OWkZDdDIyc2dQa19oODE1cTFvRDBHdw?oc=5,"Fri, 14 Nov 2025 11:02:00 GMT",
2025-11-15T01:25:28,Google News WSJ,Merck to Buy Cidara Therapeutics in $9.2 Billion Deal - The Wall Street Journal,https://news.google.com/rss/articles/CBMioANBVV95cUxPRlozQzFMVjJrQXI1STljanZDc0RwZDQzcWxRTWVBenEwLTQ5YnF4ZDNJMGt6TV83bnhlS2NKbGVONXB2R1FaZlJvbkNlQlE1SmltYi1lQUc4WUVPQlZXVFpfMk9pWFA0YnFpbTUybFZBMWYxSTNvN2ZlTkZPVzdVSGhleXlVc2FTeXlQMUpZemREc180dllZc2p3UWxKb3BZam1xUHk2UjVCekVwMFVyLUxPSXlncEt0c29ZeVF1NEVqMDhNUDZWeWJTTUdKU1VyVS1rZFVqX3AydHdmMEtUaUQzWXVXaXhOTE1wMGZpZExpTEVMUkZ4Umttb1Rrb0hsb1RRUEJXX2VzeHprQVFLR1VtTWwtdVpDLXNNN1dzbzRrdDB1TlBWWF9MeFM0eFhaVGpQNlh0YXV5OS1KcTZfa0N1dVhUTDZpVV8ydU1jcUc3YktldmNTRGFCc0Q3SllFTnpBWXIxMmdpcXpBcEZHUzFOYlpadFdTbG02TFJjdU5RaU1sRWdld1ZKN0FSVTVLU3VlNHl3dTlJQU1NcElqTw?oc=5,"Fri, 14 Nov 2025 12:19:00 GMT",
2025-11-15T01:25:28,Google News WSJ,"Fitch Upgrades Greece on Declining Debt Ratio, Budget Performance - The Wall Street Journal",https://news.google.com/rss/articles/CBMiqANBVV95cUxObmJZbmpFVzNEb29lRWhOV1E3cjFYcnUwT0JlYmhzMkgzSkE5a0Z6TDNPeHdfcmhKRXh1U084VkFQWVlsd2I4T3A4RzZlTDZWV0NBWG9pNVJPamRtTkdrNEo0MlJna0t1S1dzNGt6M2tPWnczVVlvZnpzMU1RVEMyeGd3YVRablMycXhYWGZCVEVPTHljX0tuTDZ3WFhfMndFN01UOTMxbGpTTXptc1c3MjdUYU5nQmgxQ3ZHMjFfTjI3Z3lZODZLbnVycF82Y2NCbnhGZkMxYVgtdWNTODZvaXdmTVVRM243VnpyTVhWV0JKRjA5YmJVaFpjM2tHS3Q3bVJLdklrMU14c2VQTjB3ME03ZzJIc3JzaGJRWHdCX3hpMGVKRmNnQlMzU1pHVGx5bFFkWnN3TG12emlRVGNqcVMxTHI1NkFiWmc5bW1DNjRxbW1JelM0VDk2TlBuZ2oyeExvTzJQUGVUdFB0OFlQdTlCU0Y3SHZhWnBoTFdPczY1bHRKMGFrWC1pdFJsTlRWWktmNUpGdDBfRDRIbFZfaHVhb1lnM3BW?oc=5,"Fri, 14 Nov 2025 22:57:00 GMT",
2025-11-15T01:25:28,Google News WSJ,Who Is John Furner? Meet the Walmart Insider Named New CEO - The Wall Street Journal,https://news.google.com/rss/articles/CBMihwNBVV95cUxOck5DeUNXbjQyRWd3MmdTa0lsb3NWMWFpSnFRUzZ6Sl9iRUUteHZzRFZ3bDYySzFsVl81R3NtTGVvVDZTTW1YUzdFdW9DX2Q4dFVhdll3SXpLblRjUDRxMWZGY0pOdkFMQjZtc1hQazFZcTI0N0RoR1F4UjlSZnd1VDRtQ3lfMDEtMXRCcGdvcHhxOTFqbTRIc2ZlOUxNRWxGb0U1UXdrb1VsemwybkpUaVF0aXZqaVlNc3ZXV1JzQXdPdEdGZHJjWGQwTWVhbkhoYW1VVVZETE5vdklESHExTHNZdGFPWXI3VmJZMU5rZnp6Z29mdEFRaDRvdS0wTmRyelFEcjlOeHYzN1lnWVVWU2dhVlA2ZC0tYmJFSWQySlplMm83bkdCUU4wS2szSVB5cWJ1U05DWU52TlhCSFhpeE5MRHZ2NFprcnAtUjEyaVRHOEJvSkp2Z1VvMk5BRHlxWS1iUTBTSlBOYnpySm5aLVRjMW9IdHFPSTR2dEZWQ2Jway1MUDB3?oc=5,"Fri, 14 Nov 2025 15:36:00 GMT",
2025-11-15T01:25:28,Google News WSJ,Exclusive | Silicon Valley Estate Sells for $56 Million - The Wall Street Journal,https://news.google.com/rss/articles/CBMiogNBVV95cUxNejZDcTFUempqWFhTYjhLSnBwcFhPUUhvM2VBVjRiVlZMaUoyRldWMlc1djY0SVBMVDdnVHBCbmJwc3dRcDh5dkpnRU9JUHhpVE1WM1FSQ04yNzktaGZnREF3Z0E4TElyUlR3S2Q0Y0Y5cXZkbGxYakIwUXRyUGNYcFhtUk9LQkxxNktPYjlBV05POEwzWGdQUlZSWlo1c29DSjlCbkU5RTUxTHc3WWM4YVRSelB0QVJuQjZtVGFNVklwOC0wNHlGcDN3c0dQXzlOVWdYdFpFa3pmd1pwOElTd0NaSERMQzBxUV81OHByVU43MGVXRVdaNzY4NzA0NlZxZEszUmRKYnBZQk9NZ29XZEZ2WUFuczRKUFJLSk1vZ1FTZXU3YWpVZXI0RDV1dWZ4MFpQa2I3OFZ1XzB0Rk9iU2swYmlfMTZuZWJkZHJFTUNkeGNYaTZFSmdLbS1PMnJZTWJkd2lFVXg5NnRZX19BUXJxNGxqbkl4MGpJaWJGdlo5Sm92bXk5bkhiODVkTGJiamlTZWcydHpaLW5ITXBXMjNn?oc=5,"Fri, 14 Nov 2025 21:28:00 GMT",
2025-11-15T01:25:28,Google News WSJ,New Prosecutor Named to Oversee Georgia Criminal Case Against Trump - The Wall Street Journal,https://news.google.com/rss/articles/CBMisgNBVV95cUxPR3E1MUhLMXhsUDZiVDZZZlI5c3NsNDhBTjczb0JpR21MZVdybTlEQVdXZ3BhamJwc3BXSHlRQ29jd2FnTFlBZVF2UU55ODE3cjlmM01KVWRNUmFiS0MxV2VWQ0s3ci1aYnN2ektVZU9jdFFSNHdBMmNkMUYzUDYyel9SMEh5ZTlYWVVBODlOUWNKUVk1THBwQ1p5ZTduaHFDYXljQ1VicDhFSWJyTXU5Z1VieDBPR0ttM1JhblhtNVVVY0hKeU9UUGRMb2JmcFplbmE3TG51bWRIOHlIQ0VlLWVtWnVBWEJRVFdWeC1tOG1yXzI3SkVZOGRzOGhzd0VESTZyOS1ucmZoaUh2bHNoU1ZkaTdEXzcwREhlM01vU3pEQm5oakVacmgycl9xbGdMS3RVR2NxTG5ZX1dqVVM4ejRLcExKYkdBU0VfbTF3c1hTYWg1Vm00VWFpRzdhQlpzbXVoWFBsRDRhRFNFT0c1b0RRdzB1b3B4ZFZnVjVTUkpqenF5SHU3STBkUEJKSVNpbi1PUGNSS210RmdvVWRTMXJjZ0p2NjRBM0lGUlAzSDFlUQ?oc=5,"Fri, 14 Nov 2025 16:56:00 GMT",
2025-11-15T01:25:28,Google News WSJ,‘Buy the Dip’ Investors Save Stocks From a Brutal Week - The Wall Street Journal,https://news.google.com/rss/articles/CBMiogNBVV95cUxOdFIyZ0ptZkFIOEp1QjJFTVdXNnRlR0piTUxXM1NhTVNWLVJ3MHB5MmZTNWktRktESWhsd0FHM2J4dzc5aV9nT2VWSTJZWGh4SDlEbG5wbUxNXzkzR1JUTjRlT0x0WW1ld1ZBLVl1WDN2SVZtMXc4Qm1rZW83TkdjTFZIbXdad1Z0VVNMT1RDV2J2TVp3aURjM0ZlWWFJQWpnSGlya0NzT2RfSFpmT09pV21wZ050N042UHBaZ1d6SUthS2IwWmM2bzdFbXJqMFJMOHhjQ0xNTXZCdWUyM0lZZHBSa1EtVDNMM2otRFZpdXI3alRaU1R2UUFPaHJzdER4ejEtQmdTUHZoMTBtS0ZwWExjM25UQktYaDl5cTZ3b01KbzdhTkMxQ3l5ZVUyM2diYjVxNUk3XzFjYWZTN0FvelJsM3RON0hEWXkyUzVxMFR0NGxaOHBQX3pxR01oSmZxWU91X0R1OWpWaFFjNTllWDhWS191cnFGc0dsYzlEa2tBdGprMDJCd2lCZkVHSUVXVlNqOXZCZExyTUxiVVJ0NzJn?oc=5,"Fri, 14 Nov 2025 22:05:00 GMT",
2025-11-15T01:25:28,Google News WSJ,China Registers Worst Investment Decline in Years as Slowdown Continues - The Wall Street Journal,https://news.google.com/rss/articles/CBMimgNBVV95cUxPZkFnX1kyRGZfR1ZFR0RDbEllRVlGZi1QZkM5NFNHR1ZNSFg1RkVyRHJ5NTV6ZzBWWnd3X3AyMUVjcFJiYXhTdFoxZk96cC1zeTk2QUlkRXhhXzhUZ2tzeEFFbTJWLXl3S3RZOVpNQldwSTRQUk9GNjVRNjNBOWxscGJOUjJ3OWhBbWo3czA3V1hWZTlleHhoeW40UEJOM1lScTBkOUFEWWtjZzdQYXlKaHlOQlNrOVQxdzJzZVlBSGxDN3dmZldIU1MxRk5KdTFXb3ZWbThfTl84aGtoLS1RcFNqWmcyOXFTQno3c2lFel92WHd0RDlncFZqU3F3aXlzcVN6UllvZG5UMldzaU1jUEVUcjVBOW1PNTIwNTBCa0tyWHpGT3R0MkRCOTVmZVJIZFN2eVE5Vm1wNXR0cUJHRUtSNS1kaG9ZWnMzLVB3OERqMmEtWmdaZk9jQVRPVm83RUp5eE9oQXg3UzNndmkwR1lEWVZmWE5pdWpmY0RaSlBZeXNZRWVKT0VZbW1tTXUyWUVpOUo0dVZsdw?oc=5,"Fri, 14 Nov 2025 05:37:00 GMT",
2025-11-15T01:25:28,Google News WSJ,AIG Hit by More Executive Churn as Incoming President Will No Longer Join - The Wall Street Journal,https://news.google.com/rss/articles/CBMitgNBVV95cUxQSDVFdUlWWEY2d1ZIX2ZCY3liZEJBdnFiUHNISS0wOGVXUm9MME13N0xSQUE3TDhSdXdEZTJ0ZDJKNlR5MFIxSkt4UkRiT09uT0lHODdnMHpSeTE1eVZfclF0OUxwWnVLQzdQMUNwR3FQTkNSOTJ0RjZaMlllcVhVMFBiZ2czQVlEMk9ZaENBZzVGbFU2bEFoNjYtblpFaFROZV9RVEdGLU4xYVZIaVRReWNjRkhCMXg0VFNrT1JIaWNuZW45NDZ1dG4zbGVKbGdLcXNkSjA1ZjhvN2tlLWdsNm9XVVlqMzBLTHlMUklBVGNrSzhvRFNRaFA5UTZPczEtR0dPR1Vpc3VaSUpVY2hCa3QxTjlWM1RiMWpzSHpsQ21UZnpZMktRTjAzUlVUcFloUHpHeTdWLV91RGZfc2kwdnRlZzZfV0RUZWI3M0o1MUZBNGJFSFlHRXhkWEttbHZWakhRb2tXZ3ZYOTBIS3BhQ2Z4LUhOQ3NyNFpoQTItSngtMi03NEtEUUFhSjRpd05mamxraDlES2JkcFozclBUUnQ0VWtqU3JkTlpSdThRYlR3b2VqMXc?oc=5,"Fri, 14 Nov 2025 19:04:00 GMT",
2025-11-15T01:25:28,Google News WSJ,Print Edition | Wall Street Journal - The Wall Street Journal,https://news.google.com/rss/articles/CBMi5wJBVV95cUxQLXFuMWRaWlB3bW5VOGljNkppYng4M0loYk94NktTa2dFejBEeUxkLUhlSlFMNk53aWFRWGVCQnU1ZERCVkpxNi1sVEZNUFF3ZmRQUUVZellGeVZVd3NLdmtZajhhb2JYVHBLSW9zQjV1WDFqZ096djNhVFV3ZmkxM3hDRGlhTXhQdmVoZWlySmxXM3NtOUFoczNqMER4OVpOZGxhRGlxNnF5ODZXOFhlc01EZVJnNW5jSm54R1RrNFRDaFMtR1BBZzRhcXdsSWhNTHBjS0ZOYlRPOTVqVExMQWZXbzhzRENlRmh3WlgzekhCd2J2Z1JVdl90Q3ppUlFPaHJLeVhERXh5Yy1DdjZDb0tqQzRRQlBaWE9MOXlWcTZXOFMzUGlhdVN1N05WZEpPRHFyMXlMVmM2bnJWaVc3aUdtSVlyRm9Ick12MnFVVFFDYld5MDB3UjVnaUxwYWlHTk9lXzZwOA?oc=5,"Fri, 14 Nov 2025 17:46:18 GMT",
2025-11-15T01:25:28,Google News WSJ,Opinion | Old Age Will Be Different in the Robotic Age - The Wall Street Journal,https://news.google.com/rss/articles/CBMijgNBVV95cUxQa1djM1E5dVpieUgwZWxaZDZvSnFkNlI4eVFPTnlhRy1ZakcwakFHanB4Nkdrd3UzNkhTT0dtRXhWTC1tTUFXLVRRY2hVYkJMSUF6amg5MElMT2xEc0docXdxZzJwQ3ctVVNVNGtoUGMtRTNPTUZES3pIN0daU1RlSjFNUV9HUHRyN3RWeXVEdWN4bTE1cF8yUXlqS3h4alpkcXZ6WkhNdExhWkJNMjdRVEhZT2c3bjdzRHRJYmhpSkFwUHZtemVQUFhJRnhQV3VqRlZOZWMyT0VacHVTYTkyTUszNDZzY0NFcjBkQy1QbDBjRTlQVnVLRWljeklnMVpQVTUxM25SOHhaX1l6X0lUeV9vdDd2SThGdFlKLXJqMVBFb3kzZ0pFT0Z3cm1fVUN3NVNLTjFTVE15eWdKeDB0czNlXzdrXzRUUE90Zjl4T05LYUtiSGxsejJaTUhMcUNsX2RUTEJJeDJGZWFubTlvTjJzclQ2ejlaa09uNnBfMUwzRGlxY056cW5qTUdTUQ?oc=5,"Fri, 14 Nov 2025 22:15:00 GMT",
2025-11-15T01:25:28,Google News WSJ,Opinion | Democrats Get the Epstein Wars Wrong - The Wall Street Journal,https://news.google.com/rss/articles/CBMigwNBVV95cUxNMjE1TTlGNnY1SmdVSFVmdmQtcnhJU0VldGE3SlRQWWtjVEJSb1FjeEczSGlReW9OeGZEaTJJTzlZZTEzZnRpRmgxWVV5UlF5ZkNrT2JJc0FFeGF0TGZVcENkT3hPSGZTMmpnU0VaR1doWG1lWnVXOUpQblJKU1gtTlBLV2g3eHZSTFBNdE5XOUdkX2lJVVBfbWFSSC1yYjFpWWczVzhqMGVld2x5dWFEQzhPdjMtNFBCMUVaVVhBX043RmRaSFhZcHRjLU1WUFRBOUxoaV9nakhLNEl1MldTekhWbmtsRzd2ZVYxUXpnOTFtSlI1Q2NPZDJJTFJtMVJiOXJQU2YzNkE5UWQ5UHpwamFicjVramZCeF9LZkxxTC1sVUNOMkdKUGVJS04xZ1BnVXY0c3ZGaDdici11VzJXX1NOZW1xQ21kb0pYODZfZDZXd1VDU1pad1d3R0RnLWZ3S09WYXljb19LOVlpNVJOUHdfbzlPbFpoc0xCbXdvUThjdUk?oc=5,"Fri, 14 Nov 2025 22:14:00 GMT",
2025-11-15T01:25:28,Google News WSJ,"Stock Market Today: Dow Slips, Nasdaq, S&P 500 Turn Higher; Bitcoin Falls— Live Updates - The Wall Street Journal",https://news.google.com/rss/articles/CBMijANBVV95cUxNRS1fdWVDX3NDZVphSndOYUFMVXdhNV9hQllxWllLeHB5Q1Q3WjRkRjJDLU0wemh1bVpaX19hRjlFdHhCX25MU0h3Sy1kVW9JRkJMRS14QUp5am5yUmk1Zkd0TnZXNVowcVJGaVNyTGlHT3M3c2pUeW53cTFKX3lQbVBoNEcxUGFKdGlJaGFLNW52N294cG1xd1kwX3Vad3F1NGwtUlk1N2lFOTMtQnhfME5DLTJTQXlHazlxaDdVRTVYb1NKRm1fbFhNbzAxQW1lXzZXbjR3dExiRzNnR2w0UV9vN3AwYjhqRTFJTnRScVY1UWZ0OGlCMy1yTWJlZXFkS3dZT2VoQ01PcUhCd1hiVm1TNWl6M0JRV1gtNDVjQ1JDSFBIdTJJNkIyME5MU3J5NXhXNDB3dnNweDF3emxrOUxQYjVHdERNWjUyLV9PcHQ4cDR5NWRXNzVyclVacHRkQ2FERGkwZFpEcUppTklzbFl2cUo0X2JZQVpxTjloQ0ZocjBxcHpfaWdpSFQ?oc=5,"Fri, 14 Nov 2025 23:30:00 GMT",
2025-11-15T01:25:28,Google News WSJ,Capital One Debit-Card Users Aren’t All Happy After the Switch to Discover - The Wall Street Journal,https://news.google.com/rss/articles/CBMilANBVV95cUxOM0RNMHc4RHptTjRiYlRkT3lQQWt6UGZtcVI1UFpqV2xlNmVKTm5ZUDBJZlAyS1BCNkdVUGlMbUlmMXdNUEV5RDRLaHN1UEtSV1RleUdNeTlQdGhCa19reC03bld1U2dmUXhiV2ZXN1E1UTVDSzJTaktPbEhPenVqbnhUejY3REVLWWhYUngtejVjbWNuZXBWaTdzelJtZU9UVW1fLWVEOThnUzlYT2VlVFEzOGM5NU9DYjE4SFpVNmhCMkRPZmx1NUt1NVc3U3JwNlVwd21FRmk3eXlsNGF6cWlub0Nxb1J1YTd5Y2VCSDJPVGdpY05LYm5abUY0MXlVaU1Yb181eUVvZGR3RzVCdmw3ZGEwNFdacmlrSDdaZ19JRVVCRnVLRDZUR1o1UzlRZUkxNEh4Ul9iSHFiQkU1LVdkM0dCS0lGcV9tZjBrN0N0SDFhSlZoVWtldk1xUi1Rd0d5NjJxczRadnhUdkRsODM3c29Vd1dRZUtVM21yMEdzTHZUX19UTnRxVXdoRWRFaTZGWg?oc=5,"Fri, 14 Nov 2025 03:00:00 GMT",
2025-11-15T01:25:28,Google News WSJ,‘The Killing Age’ Review: Born in Bullets - The Wall Street Journal,https://news.google.com/rss/articles/CBMilANBVV95cUxPMDFDWEJDMDlaNWlWbFRoSWxBMXB1QS1nd2FKZWlEQzQ4dnNuV0o2RjVsZmZkRm1uUU1ieXo2WFhxM080T2wxSGR6STZ0SGMyVjBpcTVzdUNpUE9VRmUtTi1tYlJlSlR0X1BFeGc4Zi1Ecl9iZ0Z2WDlYeXlsN0tCWVMyNXl1aG44V0tSdE5TdnRuS1JUOVJZS3lLdmROSXZKSEFzNWxJR3hlTm5QcjhxMmk4UlZjbGFEbGE4eE8teTNLWk0wREM1RE0ycG0zclpHRjVRcmJ4TC1pNXNPcnNDQmhFS1lEWjMySDdOWkNWSy1oVjZBU3J1bDV5eXB5ZTlxblEyR0hjclZFTGFOR0NjaVFGTlNWaE45TmprUmxBb29NOUExNmZLOVNiVnU4RkdDV2owcFJQQlFfWXZRYUpKS25XMERaVzZHU1VVSlJtdVVjZ0hEMDVXWVlsM0JSczVwR3UyUjBHWDE3Zm1sSEhwaUV3cURHSDlZV212NlJXejVhTnlOekVHc0hLOV9wLTVwcVJFNA?oc=5,"Fri, 14 Nov 2025 17:15:00 GMT",
2025-11-15T01:25:28,Google News WSJ,Putin Is Turning Eighth-Grade Classrooms Into Army Training Grounds - The Wall Street Journal,https://news.google.com/rss/articles/CBMiswNBVV95cUxOOHNwWXpGWk5SODF5SEo3Z2tEdnF0enJjeXFPUDd1ekFpalR2NGJsUE81YlFPTDlhcmZjV3V3clE5Zk5aZTF1b0g3UEFlMEQtbjh0QXlQeDNRVXcwMUQ4UmE3OERvSUFRclJ3TlZqUURRQWlxYVE3cmhJa1JiWWpOT3dBVktXVlVMU3pqYl9vNW1MeE1aUlJodm1aUE5jY1RSRGx4MkJ3U2I2YVFTcWdJMEE5Y3BBVmpmMjJLS1FVM1hvbXdYMVJYVGpzYWJKV1NVZW9BWGVyb2VqVFRfMk51bk9PWm9BcXBsdEtoWDFfd25VQ0U1ZGZCVjhQVDRmVHNodWV4Smx3ZDdLbGoxRnJueGo2RzlnZ2xyVEpPbC03dTNJQmFvMXEydE40eHBmdnBQNlJ3WGhURVAwdWY4eE54aTNBYWJ0Mm9OSWE3MEV6TjZ2OUN4TE55cUlmd3ZPMUxWM2RsQ3dIbUlyRkxDdjRYOENrMXBlYWtDTnVKQTlWU0VEMGpYVnFpbmEtOUFlSFRuVEExRHVqQVljTWJERWNaX2NiMUVNb0lDRHdBRXBXM1pqbUE?oc=5,"Fri, 14 Nov 2025 04:00:00 GMT",
2025-11-15T01:25:28,Google News WSJ,Israeli Settlers Burn Mosque as West Bank Violence Escalates - The Wall Street Journal,https://news.google.com/rss/articles/CBMisANBVV95cUxOQlJ2S2VrdTBsWUZITnFlcnZBZnRPM2VyMXJfNWNxVDBBZE9QVHF5eU9PTHNwcHo1OGR6b0UwZHppTVNPYm0xSlhRRFZhbzhObmR5TGhSMUJ3bjlsdEtvcDg5OFI5ckJwUFVfVEoyRG56RmlHSFlXZ2dlNElMQUdMUGxJcDI5OXJMNUYxVDVtVVBvNS1iVUg5U2hKVVZLUndpRXV3TUhKVGRNS1dXQUdQTDdHTUZ1WXlSZ1l4dWxBZl8zWVVQYTBsSk5IU1ZhZHFUeVRMSVNnTS1oeHNRcXltSWFkVDJJekZUVERFZ011dXZhUkpjTlY3UFBDMDRaQkxSTkhzRGFMQ2JVTFVDZlpYZHIxZHJtVkdWeVdfZHRnWC1LNjBJLXMzMi1tMGxiSWpwczBCVXlZMEJFdlZZWHhaakw5ZXByUmFHeHZLRGc1dWl6a0NIaEEtM1RvYW1xWW1YT0E5LU5DSkZ0THd4djFxR1RNT2tDcUhVNlh0Vmh3akwyaXpUeUdaN0hUSUdycWFWMzhGZjNYZmhFYnNCeFRXaWU0bVk2aUx0azhQa0tCVWo?oc=5,"Fri, 14 Nov 2025 14:46:00 GMT",
2025-11-15T01:25:28,Google News WSJ,"Bitcoin Price Drops Further Below $100,000 - The Wall Street Journal",https://news.google.com/rss/articles/CBMijwRBVV95cUxOZVRrcWlDNXFqdmtxRkFTc2YxSG9uUjlFYzQzX250X2dSTHFOVzJoaTlGaEUxU19DS2hab1ZJbGxsdFNvMThySzlLUGdPY0JvNE5OSTdXLWxyNWtwc2VqaXl1TUpZY1ZDNmxkdm01eGdHQ1NoMUt1WmNjWG83TXJ1aHdOUkFCZmlJRkhOTG1EODBvMVNLaklLbTJnYjUtS3hJTDRoa2lTaGRhMFdQSWdDLU5aeUxJQnFsRVBXLXRIYzNCR3plQ0ZJMzl6WW16WDBhdWt1ZnhBeTdMQnNkdVlyc1BXRHg0ZTBiUDM2MUUwcGxYczBRYzVUb0tBS1JaT0RiclViQ3NfcVBMRVhHbzR4QVlDSy04d3ZaUzJRRnlOZFhleFJSQlNfb2otalZtYUFndEVDa0QzRWNTT0lRZVRlVXVrQm9IenUtei10eFIzZENJY1c5ODFUSUs3dnZLcnd1RDVzdGY1ejV1dFhBQ0lpd0VidnNoVkxkTzRYbjBiRnVRdjZsMlNHRUdtRXo3T0cyVWxkTU9yajRJRWNxcUxDQzF2UDJXcWVKd3JKLVhDclVWNl8yZXROWXVPMUtEWkl3dDFtdVZGY3ZHODB5LURNQ0VMSlBDeW8xamRyV1dKOU9uamFiaDZSRDhjdWQ5Z2Q2RTJucnE2ZTV2MFFMckpNTHJCUG5ZVVYxVFlGTkc0WQ?oc=5,"Fri, 14 Nov 2025 08:53:00 GMT",
2025-11-15T01:25:28,Google News WSJ,Exclusive | Inside the Frantic Push to Reverse Verizon’s Decline - The Wall Street Journal,https://news.google.com/rss/articles/CBMiowNBVV95cUxQQWg0dnAwVzZyenVWdmVDRGxVNnFKWWxyakhjVXpYeXJrbU1nb3FxVHViWkFBNzU3dllxYlVnNE5nNldhRXBZWjRxdDd0V2ZmaTkxdjJVaHpKa0F2YnF2c0RNeWlSVU5LUUQ5bjhGZ25aWUZ3bU5DMDAzSUtKLUN4QlExb0phWmxhX0l5Z2JfYUt5S3VIdTNvdmpfajJFdzdkVXlpeWJBM0JNSngtZnBieG9fMEh6OGJKRlgtMGw5Y2VZM1RucDQ0X3ZFdDVRRllBaHQ4R0Jmb0M4NXk1T0dFLVkzSU9ycDMtcWtLVmZJTFh1Tnhrc2UxcV84azBmVTBKRmJUOE1hQkR1aUF1bWpBdEpyTk9yRGdsNElFZDdBZUk0bjcwS2xJdVNFMWtvTndLYzl3VnY1NW1wWWVVV3hDMUhTODBqSDdaakFmVjl3VWFqczlZUGhKd3FzbHE2SHlObGF1cG5xTEVrOEJBc1h1N0NXeFNqaDY3TWExZ1NFdEp4Q0lIalNqZzVpNndpUzhnVjdzdHVHNXBXWnNreXVXUGJZZw?oc=5,"Fri, 14 Nov 2025 02:00:00 GMT",
2025-11-15T01:25:28,Google News WSJ,‘When Caesar Was King’ Review: Live From New York - The Wall Street Journal,https://news.google.com/rss/articles/CBMinwNBVV95cUxNbGJnam14Y1dPbEp5Q01RMUVoeDZFSGdEUk82bGFGZ0tyblM1d0Zpb0JDemRoRW9qb0YzdFY4RlNpMkJnVHE2OVZUTGMtNUdTXzNRNUtSbnZLeUtsRFRkTFJJYjlSa0RwajZNYXlPUjVGVGU3OWMxTVdmOTk2cHQxdDZyQWxiQ2RSNWZLcDNBSklkRE1jUkJtbHl1MTZ3UmhiRm9HWjZBX1ZwOFU5VC1kQ3ZBQjN1aUFSdmhUc1FtMFNyd1JnZW5TQ29rZ0RVb3VNaHVIbHNpbzVTZzBFQjU3bnpjSE44Q3g3RlM2YWYyUkVLdHRneWtaVkxsT3E4MDJxM2ljQ09kOVVIeG44RnRBcjhCbmM4NzN1M3NEdG5xb2U1bU93OXlfUFZ2ekpwQ0tkWUtRZ1hoQTZHVUdJZTlQUVg4ZTZaZG1vNjN2VnIxWTF0RHRPd2VDWmJjM0RLdkhWejIteWpyMHotcktvbEpHR2NGNGx3ZHZaRno2bVYySHNTX1NTZ0RPYW5LNHdqSDF5T213M1p6RklHMG1DdUNJ?oc=5,"Fri, 14 Nov 2025 18:09:00 GMT",
2025-11-15T01:25:28,Google News WSJ,Google Offers Remedies to EU After $3.4 Billion Ad Tech Fine - The Wall Street Journal,https://news.google.com/rss/articles/CBMingNBVV95cUxNVmo3bGdFTkgxVjBqRzVKQTVUenVqeWhmQVF2WS14cVNYNzkzb3c3bWkxUVUzZTRZZzlBckppSXYtV2JFZVhkSlJ6ckhnT3FrcTlVUGNyRGZBbW5hajJYS2xoaVR0Uldpc1NoT3NYazNWZDFRWi1UMkJ1R29NUm03TlluODF5Yzc5NmxTdm5MbDUwZTVtbm1JazVSU3BHM201RGV0OGtaRlRfVk9wQnExSmNDcm9qVC1qZXFwdFE1TmZHWWppX2c5ZVpJcU41bWFQRVN0bjBwMkpGSGt3Q3ZpZXpQdGN2WUU0dUREUXVoc3lDU0x2dldodXdZdmI5NnBVUm9OTS1ROENoZ3VxeTBWTWtWNlVwT0ZaMEhGMkVvYlU4NVIyRWJXNlhROGxqOXBFNjBWblZjMnNUTEhybjNZdHExT3JOTTY4QXNkbkJmRTExUzRCY0NzT0RFV2ZMY2xjV0p6QjFTNnIyMEh3ZEJ5Y09kSW0wc0JITWN4VkVKN1lDbUZ5TF90WUdrX2VqWlJsbGpRYnBEWHdzRC1HblE?oc=5,"Fri, 14 Nov 2025 06:12:00 GMT",
2025-11-15T01:25:28,Google News WSJ,"JBS Boosts Ground Beef, Wagyu Steak Production to Stem Beef Losses - The Wall Street Journal",https://news.google.com/rss/articles/CBMiqwNBVV95cUxNNXZEU0d6eUJ1a05wMzZ4VlNYcnR5Z2c0MzRqY0dFM0xoMGpRRHl2cjE1TVp0LWo4YUhVaW15N2lIVlJNckVVZ0ctaU5KUG9wNkI1SW9xZjkwUkJSQ1NrdWd6eUlnQ0FRVlc0N1owT2xGMkgwQmRjZ2pJUmRxOFd6Ul9oTFh2Q0gxa3VkR0NWOU9nWmsyUDlEOHoyVXk3QUd1a3d5VzhySGJEdHNyeVlvZDE2VzJwYmRlX0hodFhyWmVKckRrNkxhM1hTRHhENml2bzFVTmhZTWd0d25PY2hMUlVISGxOXzNvOFZ1MkFmMUFTZnRuYlVlQnlsZjFrc2JqbnloekpvWmFxNTdXWjd2ZTdXdGVaaTZlVnFfVy1Ob1k0dU0zMzZnQ0tZb1pzVE1RYTRGUi1mc09rdVpZMmMtM1JMNFpzTGROTGhMcWRZMmxRUWFhcWxyUFlDcFNfRzZreWR5SklkenBaalptbEZSdjB2RUxDVzFfZllybFFobmcwYmhuNjBvSGROdlZVUC1IUlYybVlxb1RGUEFSWFVjeDJ0VTM4SzM3MXZR?oc=5,"Fri, 14 Nov 2025 15:19:00 GMT",
2025-11-15T01:25:28,Google News WSJ,"U.S. to Cut Tariffs on Bananas, Coffee and Other Goods From Four Countries - The Wall Street Journal",https://news.google.com/rss/articles/CBMiuwNBVV95cUxQUFFGRTZSTTFGZmdUV09Qb1RaZi03aTRqX25IdlhrOE5WbXZacm9CdDVReXJHQnB2d19iQmpFX3BPUkdQREFvSVdNWWZIZ2tUTG1WZnpWakQ4R3VZbTdEREpQOUMtcUIxOWZwNGRCU3dIbS0wdG9Nd21renhjNzZmRXFCMFNXMTA3ZEszaXMtck9fQVpNMVN0ZG1YdlVudEZIYjNqQ3RlSnl4SVlmNlN3U0tFWGJCQjhYRENuSVI1UkdRVVE4ZnlPZlljWHdod1hjdG1tbjg4Tks0elQtZ2w1SEt0c0Z5c3c0b2ZidXlHNE55UjA4QkYtcFhBOEphVXB2RGw1RFpSc0g1aDl4RHQ3cWVVQW1sM19WWDZuS3hDaWtqclhkU0NLTUlBUTI5LVVEX3FTRkR3RlNZNFFXbkU4enZDRG5hdmZHdE1sbFNmTGdBNHlkOUNtbGVZYUtDSkY0NUMwbGtMSXc5d09pbXhUeHRLSzFQNENKZnZVanh1LXE2M0Via2VXYUY0OVZqY1dmNlJPLUNKUm1FNXhtWWZSRXduemtmQVVWRktyRVJmVTd6TENLel9la0NITQ?oc=5,"Fri, 14 Nov 2025 04:05:00 GMT",
2025-11-15T01:25:28,Google News WSJ,Opinion | New York Is Making a Hash of Its Legal Marijuana Industry - The Wall Street Journal,https://news.google.com/rss/articles/CBMinwNBVV95cUxQYmF1S3JjdlBuaE5WcXdhak53YVJrR1FsckkySkdCTHd1YXVQbnhvaWRILTFTYTZ3U0gzX2tRLXZhMENIYUpseE9zQklpMTFyMVozc1YxcE5vd19TcUNLVW8yQUUtOWVNbHJvaktZUkFQRHdXWGIxcll1XzR2Z3pTTzc5NkpnZXlQU2xMQVhHTGVqeDNpNjlPbTlYU1d2S2pnYmQya3UtY003V0hhU0FyVEQyTFE3RmliMHBaTWk1XzJ5cWZVTGFoQ0Vxd1YyNW96OGVoTzJEZjZ1T2lDb042THlLMVZKaGhfM3RMVTVyX2pxQjF3ZUNyVUVoaTlqX3BLdjkwMU8zbW5JdWJJNFJMNE5GcXRrc1dWS29hTW5mNE1oY29FMUNzbkoxVnlEamh0elotbnBSeE1mNzJReDFWVmFYS2VqbzNhTm9QeENMNGZoSWhTeV9ocFBpcWNuRTZIQktra1ZWQWdZOUI0Rk41ZmtzaURBQzNxM1JMNWZmcUlTeFN4SmJfQ2tGRnZieDZ4V1pNaTY3ODJIcEVfSjhz?oc=5,"Fri, 14 Nov 2025 18:41:00 GMT",
2025-11-15T01:25:28,Google News WSJ,Mysteries: ‘The Black Wolf’ by Louise Penny - The Wall Street Journal,https://news.google.com/rss/articles/CBMilwNBVV95cUxPQUZmR0hhemhsaFlrM0xxNzVvQnZPbEV0Qml2UWNDWUtDV2FRNUZQcXl2R0tpVkZBNmFjUTk2Q3BuRHN6d05DM0R2ZEZ2T0ZFejBiRUItMnlTU1JXeFVDTnkxbGpPTTdUYlZCZGNnanpoQ2p2dlM1eVRkYmhXcXpPRVREM0ozUVV1TlNJaHFEWWwwc2VGOEs1dlpCQzl1OU1tSk1wWXFLWVVodmtYWEFtSGctQ3JkNlNFSV9JOWtJcEt1TnlreHB5SVN6TEx1NFd1eEY2QjIyQ2FFUmowX1FCRllhejljSVVkSnFta1pCam9Wc1laNXRxY0V4dGo1cjJzN0lkNHNnbWRpU1h6R2Q3clJLd1cta3VVQktVbUZlc2wtMjZwdXdRZW5RSmZMYU5CaDlWN1Z2ZW5ucjhxNG1sSWR5OF9IZWFWbmRUdEY1YnFqYUpHdUtpb2VXX1VJTmM1M3N5dGtGblY2OU4tc2FFRXl2YzJUQS1wNzVCSkdCWk12LWU5TjlCaUVkbXpMMDg1NjUzc09fRQ?oc=5,"Fri, 14 Nov 2025 16:09:00 GMT",
2025-11-15T01:25:28,Google News WSJ,Literature the Hard Way: Three Books on Modernism - The Wall Street Journal,https://news.google.com/rss/articles/CBMiogNBVV95cUxQcHlUSTNpcXljNEo2M0dDdVRkVW1rQzdHUEtuUkh2MEFJbExrMy1veElwSVB3NzhwVkkxV1B5WC1vd2RFcTZqay1VOWxmT3JscVJZX25qdnFfbngxd1lscHNOemJGMks1VnpENkdVcGlmTVBLRE9zMFg4NHNfWWlDRGdZYWFZTWF0VG4xU2libFNSR3BPTkp2Mnd3VGhacXNGM2RGMXJRM2gzRGlLN0pHV1pFaXd0MnZZUHo3VjVZMWRGNnQxZERuQXFkSUxsTF9rVVR4bEctQTJXRUFCUThHbGRULWNHMFZqTEZ6TFNnTGdRcFhmdGZyLWpMMHpRdk9mamtPd1pUWC1TRkFWc29lbW1tVGx2bW5ibnFoSEJ6TUNvamVXUzZRRDBmZUJiN2VpRng5dGNkUUZ1Wk9rb05YdGpyZmY1V05JaUpjT2sySm5ydDJZY3RZRVI2bWNBWWI4WFBIeVY1SWhGcmRJRXZIOTU5Qk5iRDZhdFVJUUVlM0lhWThBRUVleUppQk5kTXFSbkxNLUtlZElUdHRoQXZGSGlR?oc=5,"Fri, 14 Nov 2025 16:29:00 GMT",
2025-11-15T01:25:28,Google News WSJ,Bad Bunny Wins Album of the Year at the Latin Grammys - The Wall Street Journal,https://news.google.com/rss/articles/CBMinwNBVV95cUxPTGg5aGJ6dmJ2SkxSbU5GRWlPNUg4NVdyY1F4UnNrM1loOU9fLUVuc2ZHU0FReGZQZlFvaWpJdVJZaklOdHhwa3NwaGpGRkZsWGw5T3V5Q3E3VFZ1d0JCa0ljZkZDeHB5a2tfczBZdTBKSUk2MGgyR0hiUTBua0tlNVM2RzZhQzZ6Z2gzN1JqSzBhRUtKMzNaM2NKUFRoNnNGUENDV2hXckxWaS1iTEhlY2cwZ3F0b0N0Y1dSVXZrS2tEZFpfZUdvbDFadzQwU2ZfY2d0R1FWUE5abV96R0VJcFBxcEJxWXc2S1luOVB3YnpMMWZUb19KUFZTbHRtVldLUFRENjcwMFBhaTJRVHgxY0RxVDRMbWdZTm1ZcURQV25yWmFxZkVOZ1YyM2Z4TENtMU5jSkc4NWlLZkpjNmNyOUN1VVBYejctNVVUWXNYQzlHVmJaQk5SNzNHQ2U4amtnMVhZWHdfOEM0ODhCOWpzelpxbjV3RWRmN3h5bjN1WWEzS3BuaDZrdmFBX004Ylo2amhLU1VxRV9lTkVReUZn?oc=5,"Fri, 14 Nov 2025 17:08:00 GMT",
2025-11-15T01:25:28,Google News WSJ,Opinion | Maduro Caused the Disaster - The Wall Street Journal,https://news.google.com/rss/articles/CBMipwNBVV95cUxNZWtPbFBVTF9BU1hZVkdTYkw3U3M1Q0Z5WTB2WnlfOFYwYmdCWC1vaVBSWkpMZ2lzR20zNE10a2JfTUdRcDdHMnNNUGRrbnRJV2FPV2ZzQVluOVpUWkNFVTJoTm9sZlpVZWtSazhvZ2dlNEd3dEhINll4aDI2TDV3UFdzRnppLUlBZHVRaTJQM3l4dVliMVlqTkY2SnZEVkFnci1NTFJBYkNzcElVNXUwcVJGSWhLa0xfQWR6TkVjbi04UVozVzFWQU9jYk5OVWs2NnpTeHVEeHA5dlhpZjFHUV8ya3pJZjl5TE9BZkFMdzNaQmY3NTMxT2R6RllLWGZqcU9zWjZ4cFBTT0o0S29SQjVmcU9TbjFBU1BFQnVDOUd3eFRkdVVRY3hzR2VUY0V1MGZ1OFdMYUUzSW5tWGVYUjE3czcxenU3TDVHSk5wLURGTTdESllmbFZWeWR1Vkx1OWJCSWdLektLSDljNC1obHQtRFJjQnZfVXhLYV83NDFOOEt2Ymo4M24xUWhiQXpmd2FFOER3YlJ6NDlrNGNmQUdwUTFkVE0?oc=5,"Fri, 14 Nov 2025 22:33:04 GMT",
2025-11-15T01:25:28,Google News WSJ,USDA Still Sees Record U.S. Crop Output This Year - The Wall Street Journal,https://news.google.com/rss/articles/CBMirgNBVV95cUxOOURfZ3VaYnBsLXM0UXFmTlZXOVNaTWg5X0hERWJjSlhaRkxycmFlYm1ZdVFRWmZyMV9LUW5McWNDNkdiMTFmcjhDVVE1cFlWQndyVUo3b2Jha3FTRm1VUUpvMjMxdkIxal9KZGRMTFVRTVN6eFNNQTI4UGJLWEpNSDdNbHNvYkt4Mlk2UHZWdUh5bjY4Q3RfMkZZUGlvN1J5MklFSWVLWkxjbkFfc0sxaHc3anQ0c3RlS3NGYmdHLUNtQUlEYTBhZU40bW1UQlJYS3lSeHg1bXRXTWxKd2tSTS1VVXZoVkpYYVc1cEpXZzdReVhxdnJreWlQeHFyaUs0bExRTGd5R3NBM3VrQThTcHBveEdJV05sWlZMSUJGTTJWRDBJSGJoV3lIaFlnOXlSQjF6MU4yTk9lSlNXZ3hqVHlwdEt3MlpJeGJ3dlV6Y0RlalQ4TU5xSlBQQ2F1UUxnODJLS3VQN1g5M0ctdHpNVEFqT1FJd3lGaVZyOE50a296TXpJZzZXbHdUSHpZVFZwN0RQX2Q2ZklhSm9OY0lMbWpBSVZoclZLWllzenNn?oc=5,"Fri, 14 Nov 2025 19:27:00 GMT",
2025-11-15T01:25:28,Google News WSJ,Opinion | What Does ‘White Guilt’ Mean in 2025? - The Wall Street Journal,https://news.google.com/rss/articles/CBMigANBVV95cUxPajFTQ3kzdFpRdkltZnQ3eFpwbW1SOThGN0U2TUxYbFV1MF9VUm5waDFJY0xzd2J1MkZudk5JdlU3ZGlNRVBLaGFjQlQ5VDZUV2tiX0JXQlprTGJrcDBabFg5STdVaEtKUjVaaC04amJERWVfRHNsaDQ2U2Q5ZW9yaVpoYzNRdmZ3SHhxaDZlWktYeXZoa19qM2tvb3l4U1kzd3pDRVhaemJmRV9TTDZyMWJIQWhHalMzcTIxOThzNDExbUdiaUhxaHdNR1JMaURRN2FBQmxfaTBrRW5xOUxFamJEdVVLbjRZaDAtS0ZhR2NaX2g0UmMzQTZtbURyVU1UaXNhNDF6TWN5bHQ3N3lKOUU4bjJrM0lXTDc3SzQtMXFpQnlwS2lWZGRWRFhIOEktMXNOVE0yb0o3em1IZmlnakJQTy1KUTcxeE4tSWdCWHFzX2wwRi12MElpS1g4OHhJUTFHa3FXYnZTeDJmVHRJc0ZsNS1wZlFCc2o0Z200aFc?oc=5,"Fri, 14 Nov 2025 18:42:00 GMT",
2025-11-15T01:25:28,Google News WSJ,Oil Futures Rise After Ukraine Strikes Russian Port - The Wall Street Journal,https://news.google.com/rss/articles/CBMiqANBVV95cUxQM0R1ZnVKa0R2MEJ4VzZSS3dZVll3MVFRZGNNVUx6SERjTnh5eHV4cUpaRnNLMkU5MmdGZ0RxUlYwZ1ktZ2xXVWdzQlAzZkxTa05DZnJJWlBpTzRVZWlkTGxVRmJTM2I1OFdKYk9kLXBNbjVmSERqTTVnd21zNEZWUlNaOFA1NllmREtST0hZZ2c1RVdSckFQaThmN2NmRGdwSWttRDhwS2swOTBLX21wMVVUbnJ0ajlLVWZweFBSS282YUFraDZPVm5rU0FyU09BTVA0R0tjbjdTZzRxZ040UU5HbWVVR19PNlE5NzBIQXJ6ZnpGaTdWUEtaaXdtWlUtS1BEdGJEc0ZsOVhJbTdEUUxNdjRyQWJyLURwRTNVXzZVeEc2eHozak5ZNVpyMmR0Y3Zremx1ZkE2cms5T2I4cGtsX1g3d2FxbEU1cmhPTkJVU2Y1cG1IblFieXd3cDBjVUl3WmF0M04xM2dUWWUyOUlDeFlwWXpNMmRlNUh1eGttd0RlVmVXcGppUnJtVUUyUUJjdGhtRUtMNUVXNjNSYmlyMHlEeVhZ?oc=5,"Fri, 14 Nov 2025 20:37:00 GMT",
2025-11-15T01:25:28,Google News WSJ,"‘Mexico’ Review: Empire, Colony, Republic - The Wall Street Journal",https://news.google.com/rss/articles/CBMikgNBVV95cUxNSUtOTnJEUmJnU0tfYkpaYXVlSmh0SERtYU15MG5hY3RSNnIzYXNJUnIzV1J1Q1VxSUwxcHY5U3RJcWR0X2FCTV8xNXlXYUFWMlY1TFU2QVJRZnphVVN2bHdWbks3RWtEU0t1ZGNEMWJFaGRpeW0tMGR4RGtqYldIb1NFT3VFV3ZCRV8wMTJpbU9NNldEWGVaWDlvby1UOXB6OWRCdmNmdFo2NUlkOXp4VDNhdDVVWlRqX0VkUnNSX1I1azNFbUtMZWlkaThVdFUyblhoOVgwa21lUkpma0xuYlJWZkVpS2QwTHJpempLdG5xeWdzTHBqRUktUWpwbHk5V0tXaWFHVC1IMm9qeEVoQWZMTUZEcTdKM2FKbWczSDFMZms1cVAwenl6Q0NIZnRzLXFEYi01ZHZvb3J1LUY5b1BGTDU1aVByNjVubDFscjdScnJiVlJzNTItcWNVNHNVb0xGbWpNMXpkQ0doVGszTkFZaWg3VU1OLXpTU2FHcTZMNjdlcVZqZjlQQzd3RUtvMnc?oc=5,"Fri, 14 Nov 2025 16:10:00 GMT",
2025-11-15T01:25:28,Google News WSJ,"Exclusive | Paramount, Comcast, Netflix Prepare Bids for Warner as Deadline Approaches - The Wall Street Journal",https://news.google.com/rss/articles/CBMivANBVV95cUxPbjVKckZaWEx4Ml9DaTNiUHdKY09KR2JzUV9RMkxPR0RTVVRhZ2JiTTFhQkRBQVNDTkFtY2lwQTVIYzNXaS1GYVJ6QktUU2YxZmpOQ3NZSkJaemhvODZMWW1KQk1TMWwzMHZiSHlkcERWbjRxU0VLSW1tMFFEbGo4Y3Y0M19pNkl4VEY1bjR4azB5SlRyTXVCRjVOUUJVTWMzdHl3T3g0cnpUaEF2ajVzalhyWEEwc3BPOVRtaW5OVmtuYVc2Rm1VUHdrN0szN0hvV2tsZ0ZLMzktZ1p0UlBWb0FGX2VXQWRVZ052VWN6azZYOEphbDdvY3ZXWnJIQlpxaE5zM05QM2VxTWgya3JoRlJqQnR2enl1cW5ZYjR3WU1nZ2FTWEh6dkk5VmYwMVRjczJoRDVLc0VMNFRBQVpkbG9HSFZvcS1weUNOS3c0SmVwdW9xM0pJN3BWVkN1UXVidmx0U3JHeEtPbWYtbm82bGZac19EdUNnWHhTRUdSWV83VFUwb3VSTEp0Q1VvSTZvbmhTUTUxOHlvVm5MMXdNS0pYOFJhN04zUFRHX1RVdHVoSnczbVlPbFFSanA?oc=5,"Thu, 13 Nov 2025 23:42:00 GMT",
2025-11-15T01:25:28,Google News WSJ,Comex Gold Ends the Week 2.21% Higher at $4087.60 - The Wall Street Journal,https://news.google.com/rss/articles/CBMiowNBVV95cUxNWnA5a1dPeHhvRVhmVzA4eEVrVWNRd1RscDVLS1NTNDVoc04zdUhTZWpmaTk5VURibzdBQ2MxVGpJNW5vUDFDcl9XdThnYTFaUkVtTEJmcktqVk1nQ1p2OThvMTJlTTNDUkx5WjJpNWZQYkRkNExfaUk3MjJiMktSM2U1b201Wjk5c2dLZG8yNEJyUW1LdFI0TDZtOThGMXg4cnNYSmY1cVRLYVBYdWY3YVlQOC16SHplVURmcHhCdGlKdG5IU0xrWkI2V3VyVkZ1Rk1KcFpacnFTTXY3YVM0LTlnT3RPaENxcjVFdmNyUHl4UU10VVR3cm9aM3ptUWxITVlnSDlwYUE4ZldreC1zS0xadC1yYlBhcG9WQTdYRFA1WnpNRHJjdDA1NncxLXVUb05xdXE0QWVVeTEzTnprZTM4TWF2NE10bVFsYUZQZFotNUljaWNjQzhueWtKTi1WT2xEeGI0UEludFlRU1ByejA4VnlRZG1yWVpzY3JtZkc0V056VS00dUMwb3BDRmhUQkdoRnY2bWdFTklMdDNVeldnaw?oc=5,"Fri, 14 Nov 2025 18:50:00 GMT",
2025-11-15T01:25:28,Google News WSJ,Investors Dump Tech Shares as Shutdown Relief Evaporates - The Wall Street Journal,https://news.google.com/rss/articles/CBMipwNBVV95cUxOZW1YcG9HYV9oXzhhMkM4eHY4em5mSy10Nm12RlpaZDFBRWxfSkNzNjN4ZE9feHhUMVVaYkJYdktJNHdnZjFfTTBTTzF2alhsbzVjRVl5d0lVVjNIa1Z1bk9aSFp3dkRDU3FyUUI0WnJEZWgyTVJhb1dqQ0xCREUwTndqU0JCSkNyTmlJMktGcW5qVURUR1BVczhlbjBrbG5mVVhjckR0ZFo3akdKOXVqS1ZFMkstb0pTeDN4YkZSS3hpaFJCellFbzZ0OVJUX3NSalhzd3owdmNVLUl3YUxfcExJTHcxaldLRVR1U09aZlFIcUc1bGlJY0lOU1A1aGp1c1dzYllzbWctS056bzlkWW80bXl4ZkNyNE1VY1FQVW1vWHdWOVFoRG1kNEZMWWh6WFZZY2RkRFFLRm0zdUpUOXJkZmxmb1FRUS10TEFmRlByVGVPLWZiSTVRSlZ0RzVlVGFSYnU0cjg3MVFBRHJuVFNCMElmYXNQcERhYXNLNkdWX2hHZFUydlR6UTFfZXhBUzJiNjlDS2hrN05Cc0Y2eWlvQkVOVnM?oc=5,"Thu, 13 Nov 2025 22:04:00 GMT",
2025-11-15T01:25:28,Google News WSJ,Natural-Gas Prices Hit Highest Level Since Invasion of Ukraine - The Wall Street Journal,https://news.google.com/rss/articles/CBMiwANBVV95cUxNVUwxRjN0cnlaR0RNR0JjY0haalROdmliRWZlSEF1TTcwcnpTaTdLQ20tMDFnUlZ3UlRETmo0bDRpQjRkSkFLcUREZnZralU2c0JhcjN0VlZOdXhuYTgyaG9uMzBWTk9nYzd4R1NDdHZUYTZOSy1jTlllUVBlemRzVm05Q2NhRl9QZEMtTHczUVVCTjFJZml2aHpBRFRHLUpKcXNkWFYtLWRDaHJfa0ZDRlFSdGtuRTVBa0dTMmZkckM1Q25JQk9qb201TWhDeFZLenotX0FocHE5NkxvREp4RU56ZDI0TlFxNjlhcG9oVzFFZzZ5ek5SVUdpSUFGRGNmN1hkeDNqMWgwR293QjBKX1o5QVJSdnpKZHdZejdXaTdmQ01ZX3pWaFAwUGhjb1N6S0l2WWNmU240RUpYTlRmV0lnX2FJVXFNdmNfNXVXTFlaXzI2WWk4d3JOSmdhRlVKMDE1TzJzbjJrb05SRGk5ZUdSQjdzczB3YkxWcERwdTR1RWtPa0d0WTd3akJWaWVPVzNpQS0yYUJJUGQ1TzA2RWwzNnltY2tSaUFQS0cxY09Ec2hQcUg3d2VFeWdHLWZY?oc=5,"Thu, 13 Nov 2025 22:52:00 GMT",
2025-11-15T01:25:28,Google News WSJ,Under Armour Ditches Curry Brand Amid Restructuring Effort - The Wall Street Journal,https://news.google.com/rss/articles/CBMirANBVV95cUxNc1U1TTQ0aVR3QUdYcGdZTWdiU0ZnSHppcmpzR2hEN1gxSXRkNE91OVRTZGFmTVptSWcya0NpNDE1dTBRU1hPNEhkdEVRck9iWng0d2dVRkxXWDFHY3pNeHBmbVVYQ2ktdmZyVjF0U2RoY0dzeXFQNk9ZYlFCZm9MeG1BeWV4V2pJTkpMNU1oMHJhcWFTLXRWTXlXa21LR1ROdlkxSDBoaXVhNTQ0MVhpQ2lUcHhabXpiOHJ5V05hNzhwbE9FS1ZUemZTb0JOYmtHQTQ3WHBZOUJ0U2Y2YWNfRFNKVjk3ZGw1SS1rLTY5alhpQW8tZzZSTGVqcjRtRkhGaVJWOS1fUl9qaU9yUmxRMHNHcDF5cTA3NmZDSkVLUGxjazdyd1d6NXBLLUdFZm16ODJiYkhWaGxNNkh3Ri1hY3VGNzluNHdFV3g4OHZEZTI3WC1MX2hCd2d4Q1pEcm9uYlhPRlAtTS04aWtEekNPdnBxaGhzdmhOOXZ3OFFoT0pyTjQ1RmVHQ2gxVm1KMG13NWN2eFRDZmdjWDVJVEZJOFAwUWZ3aWZReEJLZg?oc=5,"Thu, 13 Nov 2025 23:37:00 GMT",
2025-11-15T01:25:28,Google News WSJ,‘The American Revolution’ Review: Ken Burns’s Static Story - The Wall Street Journal,https://news.google.com/rss/articles/CBMisANBVV95cUxPUG1Tb1BOcTQ2NVk4UlJURFhWc2gtWjAyOEpwM2xpY2xrWXpoNXVrY1ZNUC1RLTBsUWNqZk9QdkhkaTBWRTJ0bGpJTERLcG94Q0RJRmZ6SHFfTnF2MmZaVm5UN0FTYTNOSkIzVVVhUXJZRkR6M2xHSVJkZWRnZGVkanF1NjBuZndKQTR1RVdZZ082NjFSbUJfRS1Rb1dBUkpwbmZiakZoRlRjMThsUFJBamNLQ05tSFBTSFByQXRsU3hMcVJCbGxJRk16azNOZEk4OTZPWkM5X01FQUp2aVlWSXpBdVBmNVAxSk8yODBsVWN2X1BpY054NzNKelI2TlZfZTU2VFZ1YUdpWVhzd1JqZW53VXZubGpuTnpUcVhXb3EyUUUxb3VUMnhtNXZVcFo2ajI1R0ZOV3BRREZIbkxhQ1JVaGtvbFhSOHpFZE43TnJ6Y3prYjBMN2dyWEtiQ1VwVW1TeFBEYnV5NW4tOUlEcGVZUkpvNGJOUlNWdUJQNy03TmxySHBaV0RhR0RBaXdXNzRlV0RiU1NlSW95TWdtaXFJVWhRYnNFN2VSQVlQM18?oc=5,"Thu, 13 Nov 2025 21:58:00 GMT",
2025-11-15T01:25:28,Google News WSJ,Boeing Defense Workers Approve New Five-Year Contract - The Wall Street Journal,https://news.google.com/rss/articles/CBMimwNBVV95cUxNY3dMTGRLVTlnOXZlZzNPX2RHWEtjX2QtcU1oRmZYX2o1SW10aGlXOWlMMUJsUmRRZUZCSldZNnJzUDUwZWJzckpTdzJkRllxNzZzYmRSdEQ2WU9GZFNJa251NHJIUXhYczA3RVVDNjhxVWI1WVl1WXhaWWpKM2hPUUtIRkNMaHFsdlNQcGF1TG9xcWhHeEY4QlZDckstb0tTTGh5QmVfbXpBamY5a3RsMDM5clVMbWJIY2lMaldSeTVVQ0dzUDM3UHh6ekZiMEJ2d2g3S3ZnN3dZQ09KQmVoQ3lkRmFPS3lRc2h4SmdiOWN5Z1NhVGtOcFNIdnFuWlAycUFOUnN2R29DOUxtLV9OSGl1M1hBVHhhTnVQMnVNcmYyZmtKSEJkRnQ5b1o5U3lnV0dLdFJ0NW4wU21CT0lyQVp0aFVVdklhaFNtUW1QNmRpRDZvTVpLVEQwblpMX0djZUZjOWZacTdrdXRxcHNDS3puNERRMk5XTW9OcGYzVDdkUkEtVkVUUTZUbktwd1o0b2tNUDZXR2JRVjg?oc=5,"Thu, 13 Nov 2025 23:34:00 GMT",
2025-11-15T01:25:28,Google News WSJ,Exclusive | Chinese Hackers Used Anthropic’s AI to Automate Cyberattacks - The Wall Street Journal,https://news.google.com/rss/articles/CBMihwNBVV95cUxOUGF4MUlqTUpVQ1FxSlJDVW9aMW1kMXVGSFV6Y1dVcmV0cEtpLUwxeU1YNXdPTGdXM2RmYW9hTHhrM2ZiLVdfTWIxclFxaGdtcHVrMXlBcHg2LWJTZHhIS0JFU1R3WVFydWZEQUpOQXlCVWJBVXVYbElVOERLcm9qeHY5cG1PTDczZ0NNWXk3bFlkdy1vNk16R1lwWWpBbDdocXVITHktZFlZTVB5cHpKTzhPakxRdFJYLWtEMmh1S0dfdVdLeW5ESXpJNktUUE9lNmlpamJyYTJUbUZvSURaa09SLXdkNFY1WUp2Slk5amxydk9qUEExbnNDcWc4Q3daSmxNUHRzS3NoVm54TV9VdGJweUZQb2lBckVPZ3c5U0ZRM3Iyb18wcnVybk55aEJxZzFSNTlBSlR1aDVGT3owV3BQQ05xbFh1Mm94THNFWjNGTDk1NEFvTXlVRHNPMU1VaGRZaWE4VzFUNmMxT1VPSVpwUDZJUXFOYzNNVHVqQ3Z5a19iTUh3?oc=5,"Fri, 14 Nov 2025 04:42:00 GMT",
2025-11-15T01:25:28,Google News WSJ,The California Campaign to Introduce a First-of-Its-Kind Billionaire’s Tax - The Wall Street Journal,https://news.google.com/rss/articles/CBMigANBVV95cUxNNlFDdDgyX3JrMTNWLWFKSkNRNFZnMjFqOG9majNtNm9kYnVQTDJPNzg4NlJQUUFvRUFlOVJBMXAxNGFyUzN4RjVxOXVyc1FtNWFKdkMtYllWLUR5ZGxUem5PdHNLSGhjbGtBWWpEZTA5REM2R21BZFBZRXN1RFNYMkpsdkUxS2tsZHg0a210RURUdUI5ZEdhb2haalk2Z1RlY0xyTGliazNpVllSZkFMcXRzRXVMNmtuTUJwY0VrcnB5U183cU91a21qa2dSbFZNY1BqV3l0Z21oby1wckoyWFpqeG9HaUVOUktVaVZZMVQzRmlKZmYxTlJSSjFBallyc21oZ3lld1hDdTNLZlZ6V3phTmE2Q3Q3bm9yb0xhQV8tbjlCLWNSV191bklUdGpPcDVpNzI2R0o0UlRCSjlFeTRJdlZvVy1GbHN4Y0czMEdrRHE3OTY4M2NwU1g0T1FsQ0pqbkNld2NGTXYybVI1ZVkyc1lqMmtpNjQzaTFUN3Q?oc=5,"Thu, 13 Nov 2025 17:28:00 GMT",
2025-11-15T01:25:28,Google News WSJ,"Exclusive | Verizon to Cut About 15,000 Jobs, Mostly Through Layoffs - The Wall Street Journal",https://news.google.com/rss/articles/CBMiigNBVV95cUxOUm5OMDJrSkp0WEVfeHQwemlINTRlRTRua3B6a1QxR0pGTDV3VDFlY2czVnNjdldzZkJhZTI2VjJ1a0Q1UW1tNVFwdXVzN1hMZ2NtVUllRW5UcFo0YUxQajZLYnNIMWVTamlNVXdPeTE4VGN1V1I0eThRZkhjSl83cUhDRnlROHY3N1ppT2pRejlGdVdzazcwdDFLemhldlhERHRMX0lpdFM4UFdPcFQtU2EtejkxVkkwVndKVjZRSVNqQzNiRENZUGh0WURXT2QwdWlGY0JOQTI4NFQxNmQ2bTEwUXN3QjFLVW9OY3k1MktyUkNDbzZ6bEg2cml4QnJkT0JPalFvbTlMb2xyYkVHd2laT0dzb3dSdzdzR2VtNnlseTlhWjFXOFZQT0gtelhnUGUyQnlvc0N6WTdJRzgtVWJ1U09MOFlPMFBFVGtIR2hNV09qUUpKTVgwSUt3dHU2MXNhR0ZweWZKUEVXbEcxTWZuaUxVLUxENlBscmRtelhWTk1ndEFya2tn?oc=5,"Thu, 13 Nov 2025 17:37:00 GMT",
2025-11-15T01:25:28,Google News WSJ,‘Oedipus’ Review: Brilliantly Reimagining Sophocles on Broadway - The Wall Street Journal,https://news.google.com/rss/articles/CBMipANBVV95cUxPSG41VE84cUItSlItbVFmaU1jV1p6bTM2a0lRbWUxQ0UzLWZZMTJQRGdaODVTRVRkWnZhcGNsVE1kQ3FNNXJWc2ppMDV1c1hpZ2VEbjVMVkRFTHh2cXlNRmsxZFVOTTkyLTRIQ1U0bXgyaHJvdUVteUpOMjEtd1Nhd3VRdmFtUjViNFcyN0V0d2c3bklQamlMTWdreGU2WDVBSFVjVHJLV1VmMUxSNXRKM1lmQ1VMRlA3ZlNFeDB5U1hUeWJBaHdwWnE4Nkl3c2NWV21xYnpRc2pjRW5lOFBZX2RDX29xbmZYOVRHdGFhbC1WVzRvQ1BaeVhBam1YQm5rRHk0Ync3eGdtYl81VkowWjBfdUx2WWg3WTdZRVMtQW44ai1VaW1UTFFrOTh6OHdCYU9qREtJMGdZS25jN195LTZOT09jTGpVM3N4Uy1MWmtPRVZZVTJTSmpzMW05akdTS1JyU3pwTGM3bnh2Y0ZCel9qTTNYT3U4T0hsRFFkSnpjNEo3Qlh3ZzNJY2FRSGRQZENpbEgzdWNTZVdVdXNudEt1MkY?oc=5,"Fri, 14 Nov 2025 04:59:00 GMT",
2025-11-15T01:25:28,Google News WSJ,EU Exports to U.S. Jump After Trade Deal - The Wall Street Journal,https://news.google.com/rss/articles/CBMijwNBVV95cUxOa0I4VXNhNW5MY0ZjTTVIa1BHdHV6SWJNT2hrTHN6MGhKSHA3MFlGUWpGaFFHQUN0bGE4YUtqckpBblVudVd5WDVpMWtzTEhQdmhYd0xJUmwzZFkybFBJbFpheE5yZ0NoODdiOXo5REJDMjNnR0FUUzRjblM2dmRnNE5LdXdQZ0hGYlBGS21pZ0lsN211cVA5WWVmNlZtVE9ka0h0WWVmTjVtUXBvSWkyV0d0R1NPVWIwRDJZNTlMQ2JPc05waWlHMVpkby1PY0N5OXk1RzFub203eEx1ZTluQVptdU9kcmJhT3Z1MnVfQ0hOMVMtd3JQeFNMX1dLSGdacUF4TnZoaHBpTmtUTEprY3kxR2tiSExnM1o2aUZPUUEtcnFRZVN5LWRMdzVfLXFsYWNNSFVYYjVpRnN3dWFSVHUwQkk2U0NqNm04X2lmbU1xX0RvTU01UE1NZE1TVFpua0xoS3hUcVVhSi0tOU5weXdnREZZSnpYamlFbVB4ZkhiVUVCM0M2dHN3ZXJMSzA?oc=5,"Fri, 14 Nov 2025 10:49:00 GMT",
2025-11-15T01:25:28,Google News WSJ,Hims & Hers Bets on Lab Testing to Boost Growth - The Wall Street Journal,https://news.google.com/rss/articles/CBMinANBVV95cUxNNS11a2I3QWNVV1RqczByQjRCRjV1d19maHRQeWdsYllHcTktV2xmTnJaYXRxenEwcm1BVHhzZ0JDMV91YnFxUXM1N0hrTnhPWGdmYXhRZVFtOXdwMFk2WllQOUtxYU95UHd1T0V5UzNCb1BRRXBjQ1ZVQXFJdFJtX3NWQjdTRDc3bEpqcXlISW0xSHhRVVhKbWNfMjBKY1VzMnIxakVURkpLY1JGY1VpYjZvdGRzUHNOVVZCRU9VRHlaXzBKT21lN0lTNDVhTGE4R2ZxdVEyb29Cdm5VN0dHNzBVajd6Z2tEVU5NQUkydk9hR3hSWlB2QlYtR01zX2hYWGlXQXNTbmY0aDM2MG5ZVkZJdjdxNUY5RWxydkMwUDIyUDJyYmcxNXV6dHVzRFJUOVRzNU1nSk05X3FJOTBDUnVldTdMZTdWVTltQWNJWVJnVkEzVi13dWd3VDlCVFhyc2pIanFzeENmeW1aWTV3dVRxd0JlUjBVejhCN0tXZEcxdUtqbjlfMkpfUkJEVFBvaTJWZTVZTU11ZDJG?oc=5,"Thu, 13 Nov 2025 22:57:00 GMT",
2025-11-15T01:25:28,Google News WSJ,"BHP Liable for Deadly Brazilian Dam Disaster, Court Rules - The Wall Street Journal",https://news.google.com/rss/articles/CBMipgNBVV95cUxNZTNDZUZPNlVHUWI0UnZPbkJCdlpJUjJQaXVJMDZFLURfN3BzRTZ1cE12cW5mUEhmRFg1c01lU0JpV2tMV0NUWXYwTnl0Q1d1TmhZVXg2MlBuSmQzcmNzeXViX0J2dGFhUGVCRm9CeHBYNW1MZm1RQ1RMZ3NQLUdfZFBvM3U2RnFrMGxoUkUxelJNcUNRaVhqMXhDYU0teHlRcURnMk1VM1BFbklCaFczdlB4ZnYta0lhVUsyRFlkam5hN0gzTHVPc25Ra0JuRW1ORTg0MEhBdFdTbVZ1TkZiR3FROTloYUt4aWJ5eXl5NjhMaGdzN0QzUUxTYXNEM2s4a243M09mVU5Sam9aaWY3X2pPMFEwTjRQU3ZlaUM4eFR0ZzMwOGxpd2N4YVM4WHVScGlXWEM5amd0eHI5Y1FqbU5Ud3gyQjNsa2R2bDMtbEFxNGowZEplNUpiTHFJeDQyc1FEMEhBbW1jMENFdnhNeHU5dzhvVVNsVWk0bkIzanNMbXBjdC1ROTF0U0VfWjBFN3BycW1jSGdPdVBpMlBIcGhlV2dKdw?oc=5,"Fri, 14 Nov 2025 13:38:00 GMT",
2025-11-15T01:25:28,Google News WSJ,Ripple-Linked XRP Token Falls After ETF Launch - The Wall Street Journal,https://news.google.com/rss/articles/CBMi6gNBVV95cUxOWFpZeUVlYVVpZ2tIOTRaeEU2YWxjcEthNlIzeWVVRkVUMnMyY2xyQTVsWjM0TGRlbFJleVFybkR4MTdjOTZpdXRETVdNc29vdDcwM1o0d0xRQmdPa1VGc3pUTVBJbjFDd3VWa3ZNempSTm45LXhRYWYzZ2xSV1BjRklyajlPY05QRDlqZ05hY2N3WXpNbEh5Rk9tbTY4OE5BSmY0U1RCNlZGMFVZbTdjR2pRMk0wam5rdjV0Mk8zSF9kdHpCMXZES0JBRzZDZzh3a3l5QjFWcFhTNS1kUFZQU29IVnJEQ2pvMlJQSXg1S0VkeDJ3amJBM0NMZ000cFcxc0FMN3NrTkhDZ3B1THpIbGZORGQ2ZHZsczBUSVQwLTJxVzJnVURKNS12MnVBdFhFamlxUHM2UDJaT2lydGpZNU9IdmhGUl96TUVldnNGWXM0VGtCamNSUVF1SzdUNEEzNlNJVXlJVFRFYkJpUDd0cHFMc19MZDZnVWg2Skt5dW5EZE10VmUyd0JpbjJfODZwOUNrQkR4ejlDdEJreC0tcWwtWjE0Vmt2dEhfWTVScC1LakVMQVdZYW9KYXpzekRZQWZYck5ENGQ1dGEybWNrNTBCRUZXUHIwS2dheWNQSkFOczM0R1lTQW1n?oc=5,"Fri, 14 Nov 2025 01:23:00 GMT",
2025-11-15T01:25:28,Google News WSJ,Opinion | The Tragedy of Chuck Schumer - The Wall Street Journal,https://news.google.com/rss/articles/CBMi-AJBVV95cUxPZ3lIMGxONF91VnZNekJuQXFvRVViRGVBT3RwR1pGV0lJOHVxU29WaWNJU3ZlTE5fa0VGUVRmTlZ0UE1NamhFYUZUOFJHMUk2VnJVTjF5MUtCSHE2UlkzblRPWmxvNlBNdDZKV1V1bnFIak5Sc0phdFF6SnhEYkNtX3NhVFJZd0tvYTU4LVVWTEZsakQzSVhKdUZ1Q0tpdUFERVVWZVdtY2tKODhKUnhrVVp0NEpEZ2RiNkhjQmZMRjdoVjhPNk9FaHoyenlKWlo3VVdwdDUyOWh4dkFHNUlMWTFPb0F6NXJLSlpuSFYyNVdaN1JaNDlmUnhZYUZMX3ZyRFN0S0U1SlhsTkdNZFRwVG45SWE1UzFGTDVPdHVtUlJiMjY2ekZUWWUwN21zMXlLNHpWS3NmWGFHRUdqNEQtOWtSanNQTjZ0OW9jUFdnWm1hZmFZNFhETHAyV1NtY3F5ZlA0NXZIeXN6VC1jZHZJY3k0SURXbHNa?oc=5,"Thu, 13 Nov 2025 17:01:00 GMT",
2025-11-15T01:25:28,Google News WSJ,Exclusive | The AI Coding Startup Favored by Tech CEOs Is Now Worth $29.3 Billion - The Wall Street Journal,https://news.google.com/rss/articles/CBMirgNBVV95cUxQdjd1STloaVZ1dlVqMVBhZk1id241WUVudjFJWUFyNU1GRUJtWFdjOFJQZVc4QmVxYVFfMU82VEctSEU1dXZUSWRObE9nSWlaYTVCeHF5QV9xckh6VF9JeXNna1dIRHlNMW9GRS1QMDJtYjRBM0h3aDE1YXppLXJPc2pVWU5zNzlVQUF2Y0dJR3IyVW1za292U0tlbTBacUgwVlB4QmtORU5jajRjTGJqX1p0NUtkbi1Bd0hpcFEzY09YbENheDk3OHJMeU5YU1ZZa3VVRm1aTm1uNnhqMWdPSjZ4b2FBRi1xS1FVODVJTzUwbmc4MHliM0xPWGRtSkN1S3ZzRFp2VHJtVFB1SG13aDBxTGpPRGVwN3M4VEJBcDJKdWVpTXBFNThRWlJxamREQnRVVUtRQ0ZFeGVWelNwWkNweHFrX0dEWVdOUFRiOVowZlVGU2RTaHY3RVo1eWRRako0eVZfUWJud2JsTGVmelRVaUF4bTJDQTVwblNQMG1nZWQtYTFDYlpLTW1UQjJoUjZxdHhtQWVlMlRDUExaSHpiNVVDX2tqc2VrU2Vn?oc=5,"Thu, 13 Nov 2025 12:00:00 GMT",
2025-11-15T01:25:28,Google News WSJ,"Exclusive | Robinhood Offers to Bring Cash to Your Doorstep, for a Fee - The Wall Street Journal",https://news.google.com/rss/articles/CBMirANBVV95cUxNRzZFamV1Q1U3X1d5WnJhYWxHcm1zLUllUUlyYkNZTGhaYW90Wnl3TllILUk4WTZ5dmxsdEljY3dLVl9VeVJXQ1p3ZFEtSXJaN3N6M0h3ZkVKb3RBRWFfSlN3b2ZwSlI2YkRQWDJPMmdCSnpodWw4N1hJY2RxY0p0QlBHcjBmLUM3blQ2NnhpTi1uMDZ2a200dFV0WExlOUxwVDZCQW82LUt6SVNMbkExZ0Z1UjRmLUpsRzBLdnJqeWhrTmlIWUoxNVp2WDhKUXBieUwxU0RnM1VsR1d1bktCTWpwT1hHa2dJOUJUU3dfS2JzNTFiQVBkMUx3SVdUMjZvVDhFbTN1TWVKWEhrbzVwRjk4eUZiT0FXZmM0anBBV1Uta2o3cEdFeGZLeFJjLThTMmxuV0pIRi1XMGprSmlIbHYxb3JTMUR3a1RrdjMzeUEzU05mVXowOVNUQ2ZHUFVWUnpXMUNtRkQ2eUsyeWxkM0RHTGdhdUFNLU43dmoyRFRuY1FEZjdTaFVWOUs1YzktdmpRb2loNTVIWHdZbVBuSHNPcDlnUzdJOU1Wdg?oc=5,"Thu, 13 Nov 2025 15:27:00 GMT",
2025-11-15T01:25:28,Google News WSJ,The Skinny Font Taking Over Tech Companies and the White House - The Wall Street Journal,https://news.google.com/rss/articles/CBMi-wJBVV95cUxObkYyX3FKVWhUMFdEbExoSE1QdU01aGJfcEpLZFNSOEFwX2ZReV9pbEZKNmhzRDZ2QW1Hendjb2ptSUNmSGFuMkl1Y0JZUHVtbU9KSGE3RUZhZ3dBQlRyV19qQ1BGY19FQkhha2dCa0VURkt0OVlhNGJhRTVpNm5kVUIyWkJVWTIyT0FWY2c5cEJJeW9PWno2TXFWTzF6ejViVE95Rkx1VzMyRXl3WU9YbEFQb1ZQQ05XYTc5eWZocHJxaUU4SEdVVGJqVlhzbExHSmR0WWF2Q19pRzNaaExwNm1lUEVKT194VFlLcG9fUERoWVF3MzJ2dGdmY3RYM1M1SzdKWkxxZXRSUmswTHFkMmJGRVRIUlk4ZXJSTElHQWNzZGVxOEVHU0pXZWZfc0lvTE5qQjNzcnhTVF95WXAtM21OVHV5MXNvZkMxc25jNjJldDZpWUVZTDRQR0wtaVJQOEludzNKNlVRczc1MndsSFF6N0otRDQxZENR?oc=5,"Thu, 13 Nov 2025 10:30:00 GMT",
2025-11-15T01:25:28,Google News WSJ,Exclusive | Accenture and Jeffrey Katzenberg’s WndrCo Invest in AI Marketing Startup - The Wall Street Journal,https://news.google.com/rss/articles/CBMiswNBVV95cUxQLWY4R3JvblJUTE1oQklZbDd0T2VPalhBcnlUNU1kcnFhc0dsRkpGS3pZRHQxZlVaS1oyeFE1aHBrUEJVR2Q0dFREZ3dXVWx6TGFqVHJSdlp5TVJVcG5fWVRZR1FCQjJucUlHa2IxT2RGMVJCdlo1a0lkV2I1ZlBBS0JNWmVSd1ZMZXRSRWx2TlVnNTBwN0tEZWtmb2IwR19WOFQ4N1RMc29KZEpTZWZ0TkNLV3o2UmZnY2VDX284bXBuSzdSejhXd2FOM0dJN0RqcW11SVJzaG1jdUdGd2lYT21nNnVtanJpcXgyb09EV0pyeHNsSTN1RTRwRWRPNlFaelg2UV9SWTBNa0M2ZW1sQmNCRTNNZ3BEVHNGS0xEZVpnNjFRTkRSeG9oOWpQT0pDUzE3WnNvelRIeHNkbVljbTNMRS1CTXlYVDlIR1cyQnBjRTd0bkRGSm1uWFpSWjdkMDBCc2hhSW5BdVhfLVpHWmdpTzhqLXdEbktJOXRjVFJjVjZiMHA0eUI5MHB2U3hEUzE3UGhyTDI0QUhfU0I2Y2dBaXU5QUVqSVY4aWNwSXBNdGM?oc=5,"Thu, 13 Nov 2025 11:00:00 GMT",
2025-11-15T01:25:28,Google News WSJ,Opinion | Climate Reality Hits Nantucket - The Wall Street Journal,https://news.google.com/rss/articles/CBMilgNBVV95cUxQOW94dkczT3ZMSG9HQjROenc2QXpDekxXa0VfZVlCODZUVlBqZ2E3cFRtV3R0blpPVlNkNGtkeVZzQmR6dFJBc0NZSkZscVRXS2xzZFRNMDV1TzJ3b0haMjJQNS1EUDc3SW1IMFUzWkRFRWw3RHVDOUxvTmprZGlDQUx2OWt5RTg0Uk1tb1UxV2g4RkxlaU5WZmp0QWZWaGxDZGt2WVgzTUdUQ0RUMFhPYnlLNXUxeFpxNndic212Wnp0TERocy0yZ2Q2bWpfbUFLZVkwTXA1b2dHMDJZUlVrUTE2QXZ2bWl3Yk5wN1VqdmM0MW5CYVpvRXdRSE4zc3hQVnpqbExvYTc5NkRnTzdRZ3JrX215QVFOd0tRcmJmTFY2aFJma1p2eXFVQ0JBaldiSGVlMFpva1Vvdi1iVlhOZ0VaQWJRbW42WVZKbW12LS1ILVAzR042RWJxMFB2ZnRGTDQ1WXJmZHpQNXkyN09NcGNUMTFpODN5SzZxNnZGNzB4MlJmc0NFT29xUFdLMUNvVHVTamR3?oc=5,"Thu, 13 Nov 2025 22:54:00 GMT",
2025-11-15T01:25:28,Google News WSJ,RedBird Drops $660 Million Bid for Britain’s Telegraph Newspaper - The Wall Street Journal,https://news.google.com/rss/articles/CBMirwNBVV95cUxQSUh5c3pOWEYyUkpPeUxXYndMWFR3SUt2Q0huNUlIV2h4TnRXVUM1SXB0eFFnRExDN1ozdlA5cUZqV25xa2ZYVjE4c2lsamEtNjgzSnJHQWtqZHc2NnZnWldoWjhrX1ZWNTVrVHVIQzItVWxsbXpjOHdKbXU0WGVLcUNXcTBtZ2o0VGFRVEhVNWhtdk8xNVNzMG1fTzdhdUpJdF81c2FzYV9XV1lESGtlblI0TGRuX21SY0gzQ0VBTno0ZVBTTTkwNGtZZ1M0X3c1WllXOUZPTDRsVVN2cVVRLThUeGVjWFc0THRaSTlkbU5WU29zbnNIalNIbW1jaS1jaU91MHZhRGQxdy15NXp1RE5xdmhyZzYwZW9nSU5pZURwRTdfTmE1UTFhWXMwei1OS04tamV1emQ5R1BTNmRDZzJfSEdJY1FWa0dadGhnVFN2QXdBbXZLczMzYVFoSEluMFVFUU5QaHJEbnRaZGZycW0zZHBVbnFJS2xKNkZZUjMySG5RQjdFbS1lQkctMDFqYWNzdld1eXJHRmlwY054UkVFWm92bnZNb0hDOW95Zw?oc=5,"Fri, 14 Nov 2025 16:14:00 GMT",
2025-11-15T01:25:28,Google News WSJ,What to Know as the Government Reopens - The Wall Street Journal,https://news.google.com/rss/articles/CBMinwNBVV95cUxQNTZhTW1sOW5EeGtweHpfQmdycFhmZlNMMVVuZGN4aWpsR295bWZtc3dHbjZudk1PUWZ0M3lFTzItX0VVZUI0Vkt2bWdGaHppLUd2WlQ2YXRFMVZHeEt5RmQyUXdubFBDUUJWenlMcWw5djNOMXJRcTRSblV3QVI1VFA2S2YxVGpwSWotUXVSQTl4S3JMYjVjWjlFYkNsbGk2VVNCU3ZvSFNEb255TUFOam1waDVCdVhIRy1URG1wLU5zWGYwZGVscEI3dGVuMmZKME9oU0N1WVhrN2tRVnBSbGFBOHlad05vV01fZ0hUbDZnZmcyN2pGVXVTd0FzTXUzbTdMSDViMzV3dTN2MEJIc2NnT3FpdmhUOGZHNnE1VG00RWg0cFlJOFFJZ1YxQmFnUi1aZzZ1RzdzNWFaMk01and5MlBFTkZQQ0dtbjlCMUdBUHB5UUtfRGVyUXAyZ09lTzZ3YTg3anNsMDh4bVRSR3FQeGN0ZDBSRExEbUczblRKSmVnUy1fVUxkeHhvdE5xbFlvb0JXN3MwdFhRTmVr?oc=5,"Thu, 13 Nov 2025 22:40:00 GMT",
2025-11-15T01:25:28,Google News WSJ,Opinion | A Senators-Only Right to Sue in Shutdown Deal - The Wall Street Journal,https://news.google.com/rss/articles/CBMijwNBVV95cUxQVlc1b2JoNlplam5kV3ZXTGtOZFA0TEkweE5NamZhNDlvbzhYUEpvLWpvZHNfTlhwbUFQQTdaTERiZXhQdkRjUFU2eDdwMkozVlMxUVJ0c2lfZ1dJQ0NzRl8wNXQzTW95M2hfbE0wUnd6bEtJUnpGOTh6WU1wMVltSV9BdU9RSTNYdVBrMmo2VVI4OFB6YjNKWUVRR1ZhTHNBb3JSN0ZrVDJXRjhlZ0dLMno0MFktME84cUhuaU82ckZ3cHdpS3N6di1Oem5nRzd0enBLX3M3eWhRLTRFOUhMbTY5MGtENTdLV0gyVFhneVozUWVxZzM0czZSd1hGTnFjbFlVUk40bC1ybWtibVh0QTQ0U3NKZTR6X3c5NWJsYUdOdkZxWlZTc1RsSlFPdWV6dGg5UEJzdTRsak14ai1rZ2JHc01GNDZDaktXb3ZST0VVenhoYnpWUkQ3b3FoaUpKajJOQjBDY0IxaHRLWVNRV1RGUE52b21XdVROQktWMTRwaEpBOVJqSVo2d3l2VGs?oc=5,"Thu, 13 Nov 2025 23:00:00 GMT",
2025-11-15T01:25:28,Google News WSJ,JD.com Profit Slumps as Heavy Food-Delivery Spending Bites - The Wall Street Journal,https://news.google.com/rss/articles/CBMiqANBVV95cUxPM0FDUVJ1akpGTWkwaXZlQ040eTlXZnpLMEtZbVB3RDc0VnM1WTdBNFEzX1Q5cl9sMlpFZmpFTml6bG1aRnQ4UGNyUC12X3kxeTUtVmF1MUFzTmR1QVZiUkJRQ200dk1OZ1lRaW4tR0xmcmpiYUg0V19vWElxTXBTZ0tJOF81a256cFpHMlhndFR1YkJZNnc5QkZZUUlnalB3cWhKMkpHRlppR0pRa0FSVGw5Smh4amtfYUNac2ZrVWRxeVFRY25ObncteEpUdUt3c1hlUC03b2VyU1UzcGVycGROcEIxYUpDRE5UeVo0RTE3N0hJY1pXaEplWW03N01LSkcyZ3FGaUtTTzRxSllsQmctWGdsV3k3Z3N4NWY4bkJxNVc4a3ZDdjFXYXJHZXpoQUVfM3F3aFVpWVV4X29vaG1XbEwyNkpQVkNGeEIzVzZiLTVRUDZLZGg2ZEZwbWl2ZnA0QVNqTlVHdGI3REgwSnoxZXl4anpsbUtKWjNrTTRvbTg1UUx5T3Fwd0hMN0tXWjFkallPeFZKaF83S0NoRUx0ZThGZ3Rj?oc=5,"Fri, 14 Nov 2025 16:47:14 GMT",
2025-11-15T01:25:28,Google News WSJ,H. Lundbeck Launches Bid for Avadel in Move to Scuttle Alkermes Deal - The Wall Street Journal,https://news.google.com/rss/articles/CBMitgNBVV95cUxNSmY0T3RPVkgzZnU0eWo2cnJRdS01cElMMWdyTEFtTHpuNnRrWnhmS3o0UmJINXdzUlRPVS1JblJMWXozTk45c1NTN0VZNUVKUEptWGJXbnM1N2U4dTJCNURlSU96UHpFMGRRMjRKMUk4Z2dZNlBudnE4QldmOEhBYjdZREg0UEVMdFh2NFJPQTlxZGVxMUxGMlJPQ0dQcGJJVHVOMzg1RUwyN1VoV0ZQblBFQVQ5OE1uT0hheU1BcXdoWmt0YVVMOWw3U1lDb2V3MnQyQ3JULUY5MzFoNEFPc01sMzNaOFBrM1ItQjUxbkV4MWI0ZnVibko3ME1xV2NFejh1NGRQcDl4WjREdk8teTRISjNNY2V1Y0l4bnlYMEdYRkdIaEhUTTgyaWxkWENpdm1GdWotUTNxNmxwMWR3RUJDUzBjUE5pb1o0RWlFbWNHX2hrdlRnREVOcGhwWXcyYnRWa21TbE9wSTBISHJvWkl5d3BlVWlCQXlKUmdwSnN0NWpyYXlOeDRmSG4xNUNfbzBDY042bklJLVJMdmRYbDlaa0JkRVlOaDRFeVFaVlFUTF81Rmc?oc=5,"Fri, 14 Nov 2025 16:03:00 GMT",
2025-11-15T01:25:28,Google News WSJ,China ‘Singles’ Day’ Sales Show Modest Growth - The Wall Street Journal,https://news.google.com/rss/articles/CBMiuANBVV95cUxPaXdqVkVDR09xNGNrVHpNeWp4WkplSEFFNW44Z3FsZ0hFNmU5eW5Tb1dDVVVxOGlZd3JBX2lYVFhhVkhDR3BaazJjckkxcFFPekZGSFZkbmlCOEpDMjdsSEpDa3lYalk1endiNldfVHlWUlZmaWwxTnhSZG9hbXNObmlWMHZnSXRUZldCSXl6b1p2ZDJXejNldkdwVFFJdDZDdXdOb0lMVVBhV1AxT3N5dVd2djBuRFg5bW1sTU9mRWVZeWNEbzBOazZyaHVrcEhGZFpQak1mTnViazIzLU01dUZ1aFVNNmQwVDF6RlNyY2JHbFI1aGZ5c214YXhwakRZS2JJYkdySjJ4UHJ5dWFhTWh3ZVJaakN6bi1LY1J1YWpyMk9BeThxOXB1bHI0QTF6WjRiMDFBNDJoVEg3eUw5bURoREV5b1k1T25TX181ZTJsalR1SzMybEVfdTQwdzZrVG16RWhKSFdXX0YwR2gwWnhWM1g5LWltcjdtbEZodlBLYTdqQ24xRWV3MzBMZnNpNldaNkJVRXk3Z0NfaXFiZy1TTGpDNUJPTnN4elphS0NNRElEek1Neg?oc=5,"Thu, 13 Nov 2025 06:04:00 GMT",
2025-11-15T01:25:28,Google News WSJ,Exclusive | Amazon and Microsoft Back Effort That Would Restrict Nvidia’s Exports to China - The Wall Street Journal,https://news.google.com/rss/articles/CBMitgNBVV95cUxPdmxoaU5uTkI5TGNZU0JDRDBsUVJwN0tuS3dNSjFDaXduZm9zX3ZMd1lwQ0gwYzVLUXpfVllnODZIdDhFaXZsTXkxOVBZQU8xbzF4bWRXRmF5UnIyUkFmbzZmQlN1U2Z0YWMwSzhtdk1vY2R3cEdTX3h3TVQzWTNnNVlJa01EekxLb1hGcm9Wc1J5blZLUHk2SXRUSmhKZ3FUdl9iRzBYekcxQm5yUHpvYmhlcjdlbVdUQkRhalZEcHotRUVNUk5neTNLMDFlQ3dLZHItalFHaExIbkxlUkdoeTYtTnNiamdPd1FLbGwyWWZCem9MX1lmakNPelBiQnB4MzNiYjlkdnhnLXFLNDc1QTRPODFUbHdDUjFKOFd6MXNuLU9vNmc5R2JDenAzMUZTakYwcVhlUmJKWHBYUGV5WFdUT292NzZqMmJLOEJ2S1g1N0FGd216RFp4a25jaUc3dVJ6MEF1a1NkNmZoMzEwMUdPNTNOaTc5UDZjczlpRUF5MUJPd05aV0lTMUdpZElBaS1YeFo0b0hhdmg4ME1iMWRYTjUxR0g5OTBGZ1Raa1Z5OGdVckE?oc=5,"Fri, 14 Nov 2025 02:00:00 GMT",
2025-11-15T01:25:28,Google News WSJ,‘The Beast in Me’ Review: Claire Danes’s Neighbor on Netflix - The Wall Street Journal,https://news.google.com/rss/articles/CBMiuANBVV95cUxNSnFJX01tMW1jVEQ1OVVjVmNSSWVFcms0X2kzQVVuMThvUUtXdmFyV3o1d3drZ0lnVUR2Nzdpb2Q1R2FlR0tMc2tpLTI4Mk5zcFZxWmhQc2p2RnVsVmNnUDZaTHV6VDdWWGl4UzV1M2tCZ1hxWHVoVGdXRW5sOVZMTVBuZDVmYTB6MG5Kd2RNWjRGY0lNN0k5WFh2OV9VazJQREE1NlBRZTNsMTZKTEU0N2tMYlg2MEFHeG8zQlBtRUFjNVI5Q1BXaTlfdFJkNUgwakJHV1lidHhXTW05XzdHaWhRMEEzT2JNbERUY2tHS0pUai1hNFdOODFpLWlmenczWkdDcEkyM0Z1QXZaNjVZd3RVcFlzZjR2ejJFNzB3djZFdWtqeV9iWXo3XzVhZkRpR3pHRDBXdEdHek1qYjNzOVJ4ZDNxX0Z1NDZ5RVIySlJINW16cEJqdjJnR0wxSHVUSXRuLU9OTzdHOVpuS1dqYi1UVG80NWhVSFV1ZFFnZUx3dEhvLWdnbXdJY05qOUhhVzY4d3QzcExCb3BwSXRtbFVFUUI5MlN6LTlabTZHUmN0eUJWWUNyNQ?oc=5,"Thu, 13 Nov 2025 08:00:00 GMT",
2025-11-15T01:25:28,Google News WSJ,‘Craftland’ Review: A World Once Made by Hand - The Wall Street Journal,https://news.google.com/rss/articles/CBMimgNBVV95cUxQYmJzX2JNVTN5MnA2MjQtczYwZEhIR2F5NHJqU3dNVmVYOHM4WDVGYzFvUXpwVmVRMnpUalZkS2ZQSnd0Y19SdkM0SGlQcUFzbXR6T2VOa2pmRnVVWGRINnRHbi1veDRicE10SFJiNUhENnczb1A1dXRaUHg2aFJ6akhwdmd1M21kcWtTVDduRkhUNWFoTjlMRTNaRXdJU0ZwNXVaZHhkR3hPX09nUERJVUZrN2YtOVJIUW5aUlFFWkZfaU5VeHRYbUNEZzhKZjBGeHJGbVBKSWdtVENscWhyUUhEU1l5Y1BrRDlaWTU2aW0xRjY5aC02bnVlbWVJZzY2RnM2LWJ0SUt5Z2JIVlNnN1czdHN2M1RNd3JXcHN3UEh6VDNYZXRBZEVqcFlOQThxcGY3YzFicGVxZXByRE1DcDlZeFRfR3YybHBVdE5Bd0pFQ2QyTkRSTkNlV2Q4cU5RNy1RQ0FKeFBoclhWMFJLNVdjZzZnZjgyWlFlVEs1aFlQMzBQaFZHbC1JZ2pZZlVMN3V0MTdFZmlYdw?oc=5,"Fri, 14 Nov 2025 16:27:00 GMT",
2025-11-15T01:25:28,Google News WSJ,The Secret Meeting That Ended the Shutdown - The Wall Street Journal,https://news.google.com/rss/articles/CBMikgNBVV95cUxPc3V0RDFERTRJS245QlczZ3BFNVhnX1h4Y1p3aG5Fd0Iza013RnFIS0JIQm91S1pudEZjX2VvLXVaekUxS251VzVHX1lPdFZMYlRaUUJ1YTBDWjNUS2xOeS04a0d6NkdmS2kyZllsRlRVNk9aamVPOGJ5OFRGRHctYk5GSm5jSmtGa1lXU0V5S0p3YlB4b3YxRVNOczlzTUxqd2t2RVhvZkQwMER3VjBManZXcGJEVms1R205UDBacmVPZFkyN0oyelcyMVBxd0ptS2p2MTBjMHBHTDkyZGlEbEJQa2paamRkTmlHTFdOMVAxYkpaOHo4cmtHYnp2bUQ4RWNQOFhfNjJoYVMtRXUxRFNwRmY0QWVTRTJoXzd6WHR0dS1sYzV2ZUJIUXhrSVBIQzVxRUJXU1ZURXQxMjZMMU1Wa25lUndTcW9VMFpnTU9TbVZhbXF3cENxOUtLN1RMSW9wN2djTlJjcE4zRE55ZGhzRGZWdmRJd19WQWRJQ0VJUEdJZlRSZHUtVHpQVXVrOVE?oc=5,"Thu, 13 Nov 2025 01:42:00 GMT",
2025-11-15T01:25:28,Google News WSJ,Exclusive | How a Chinese AI Company Worked Around U.S. Rules to Access Nvidia’s Top Chips - The Wall Street Journal,https://news.google.com/rss/articles/CBMi9wJBVV95cUxNT2Z4ZU50ajlPMjc4ajRFc1NCc0tKMjlpZ2RNWDl4Yk1YMUZTcWRtOUpyM045Tm9wTVktbVVLNHZtaUYzbTZxVzZQTVoxSEV4dEFlRWNCTnBzYmh6Um1LZXpoNlNoMEJ0SVVEbUZuWWZtOTZYdTJ0SkloanRIQkk1bFlXQmVpUnV4RGlXTDhOam1ZYWFwY3pZOTVwMHRLUE45X2EtSy1jR1UzOEVMRlpnRmVPY1ktNTE4c3A0aEZJZFlxU1Z4cmRYVnNJSE54UzNXSWpsejZyVWJJT3EtTDFSSHZEc0hwNWQ0S05xNVRDaWFxQWRpTUNvWnlxQnU5aF9YMnJDam5DTkFrWVdIeDBVMzR0MkQxVGU2eWJuX1ZITWJTUk83VmF6QWhGNFhqX3JpMkJwNUFNT3FJUDJUNEMzWnBpOG5IZVZ1SnhrS1VUOUFOSWRQSmJYa0Q3LW8tNGp2d0R2WXVmdHJTSjYyMWN4VnpIMXM0Qm8?oc=5,"Thu, 13 Nov 2025 02:00:00 GMT",
2025-11-15T01:25:28,Google News WSJ,Siemens Expects Currency Headwinds to Weigh on Results - The Wall Street Journal,https://news.google.com/rss/articles/CBMimANBVV95cUxQYXI5OFFpem5PWTU3cmlpZkRhbXk2Y3c1ekJHcDBQNHkxam9zWmR6NGhkUkp1Ty1ZZ0xuQzhrVHRjTi1SSm5qWVZYTkdUZ0VlcFpNaTFJVnI4TkhkY3M4SkE4SE11MkdINU5yUDZvUndtTWkxRmVfd3JXZFBySmlFakZuaGtab3lGWnRlT05ubFk4SHFPeEhTU1ZIc0p3QTh4VGQ5RGFsTkxuM1dQb2RQV1Njbk82QVdNelhtUzR2ZldFRTJodjJUUTdiVzE3RUh0dENSa0ZGZVpYQmxrZXRuSUxEU29Ed0NIV1RNdkR2NmNMXzU0bUFURkt2c3NTcjhQRER4RXVxcTZKMVhwX05RN1czSjJiME9SbG9qNG9VcHFwTHo0MGJ4ZEdwUUh1OTU1SjNDTW9UVUdBQUgwN1ItbkdIVWlLMGRtdV95NXUwYVdOZnZXRVNhWHlnNEt1U0hQRE9tRlpYelNObWNzSXhrb291V0UzZWR3a2VQX0dYYTFaeE5BSlotdDN4TTRPd2g3eWpiSFM0OXk?oc=5,"Thu, 13 Nov 2025 12:31:00 GMT",
2025-11-15T01:25:28,Google News WSJ,"Tencent Posts Strong Profit, Revenue Growth on Game Demand, AI Push - The Wall Street Journal",https://news.google.com/rss/articles/CBMilwNBVV95cUxQc3h4ZGZQLXhPSTZ0ZGxXM3hVVjNvUXFKVlV6dVlCTDdQZ2V4aS1GeEVHN0lfbzN3ME5kRUFCTkNTZkJhaVNTZ0pUakFDRXhLRGEwQzVlbjFQM3ZoRUNpQVVvaWNSaHF6MFVEUlVNM05tY1VNTFA0bDNTbVYtbUFRTGV6eXJrOFB2VnRBazc4RzV2STY5MEprNE54eW0wTEJfWGh1dzJ2bVVIc3NmUENlajVCY2c5OThfOTBsOTk0clRXLTZhbVBFZDFKUUw5Wm84bHA5QzRwbGZqWW1IZWtJVUVaQkRCR2x2bHlqcl9SNzVqSFdNRkkwS2JaVjQzVGFTaGkxekh1cXk4VkIwbzN5QTg5SkpRUHB6QkxiOFN0bGFrNTZzYnF1NHB5TDlUdy00OXNIWHV2dl9xS3dVclh1NVBhVU9sMUxjbTVyT0NSRUdZMWYyeGNib1AtNmY1alhmRjJKbjZZZVc0dndnYVZnVDJ6dWZCaW93MG1GaGc2UzFEMVFsaVhBZDRPNDRvV25rc2dMdmlMNA?oc=5,"Thu, 13 Nov 2025 12:24:00 GMT",
2025-11-15T01:25:28,Google News WSJ,Opinion | Is ‘Trump Derangement Syndrome’ Real? - The Wall Street Journal,https://news.google.com/rss/articles/CBMigANBVV95cUxQSW10eWlmcTNsZXBPbXJXWmdlaWhVWG1zaHpyVHZZT0k3YjFLeEdiWUZrdWltQ3BtVk5qWHdqTGd3Q3RzMWh5c3BDdzBYMC0zaldzRzBPN3VXbk14Z1YzaHFob3l1S3ExSWhKNTkwdGE5YkN0dG9adjZ4WEZfS3RwMGZpdVdkOHlBRDdIVjh3M1hMNFk1b3pnMVNLU21pVHNVaVMxT3A3eWNITUZGREdxQjdELXRnZVdsZXhnNHczN1U0MU1FUGxjSGxyN3B6eFNEcTBrejdLWUZBbE1PWVhPT3AtYmhPc2lmQWxQaXM0dFo0S3lQSmloWFZSTGFVNk1MMGw3dVZwWWUtTUVkVDZ5c2pWWHl3QVBCSXJ5bzVEYU1ZbHByWVBTeHpMY2tQb3JWdFVyRVVILXMzVFNGYm9FdUhlc05EZldMU0ZrZVAweVprOTZyMlJUZHpHbktPcW9xVzAtWFpJdENKWlZINjkwejhMLVpDV2VuV2dUNWV3Z1Y?oc=5,"Wed, 12 Nov 2025 21:47:50 GMT",
2025-11-15T01:25:28,Google News WSJ,Opinion | You May Already Be Bailing Out the AI Business - The Wall Street Journal,https://news.google.com/rss/articles/CBMikANBVV95cUxQZkEwLXNVSmkxeWFrVWQzZ2N6OXdPZDlTNDVZbm1NX250WklSazc5aVVLVUYzamNvSVF6VjVxYlF4RzNGdThYQVZjUjMwOXVwQVloVnNaZ1V0WENXZHZmVTBXMUo5UE5Id1pycDZqSEJMT2Y2UklCN1c4MS1oMS04Vzdlb18yVUwwZHV6dllIYWt0RDZKT0dEYVdFaGYteDNtNVRkY21odGdzQmxWTlBSZzZQd0JOZjJsTzlqYmxvZ3ptQzFvckdhYXZNTE03Mnl1bkZ1N0N2YjY3WlpDcDlTMjBQNm9EdDlfZ1dOZFdUd2xXSi1KMHNJenNIVTFEd1Rqb0Z0OWYxREVWUktOOHc0OWtTb3VGNDFlbmZCM2dxSTZOZUlVMmlyWnliQWVOQnFWdnZNenlNb3NEZXFNRjZUblFsUGZkTEJhVmlhdGdBUG1OanoyZWhaTjE1VTVaaUw2UjBtSGV6ZjRPVzdKeWsyVzlVWVY2WTFRWEg2MzhWT2ttQ1dLQVJvaFlyRmFEMF8w?oc=5,"Wed, 12 Nov 2025 21:45:00 GMT",
2025-11-15T01:25:28,Google News WSJ,Singapore Airlines Profit Plunges on Air India Losses - The Wall Street Journal,https://news.google.com/rss/articles/CBMipwNBVV95cUxNNnllUzZkQV9vNVhrNEZFVkNQdXBOU3BIRzh5Z2xjVnNRSFFxcEVuc0tnX0wyVXJYcGxRazFEWVFaUUFsemN3UGxmdkpBM2dqMWRwWjNMN1NQcFNJQzZ6M2k0VXhXR2hJamJmOTlpTktDQmhjN3Z6dFRaZ3QzYkZibURLM25sN0UxRGYyeV9NSm9BVkt0U0pIdmNudmdycVBLSTN1REtYNVVwekxkbHUyWHA3Z0lmMF9vNEhoTTY2ZzhYT0E5TWxiQWVuVXlSaHd3c1JGdDFyMlphNFBUQk5oc2M4WHBXbzl5a0M2bTYtR2FaRFY0QWtxZ3Y2VUFNWG5MWmVPWGxUWUhFYW83ZnJpRnVvZ2FWRWkxMS1ITkpvZk8tckI0WVFpZFlhLXpJV1FlQkhETHNLWmQ2UDFUaVFPSUozVm01dVY0dnFLTWVFZ1EtN3BhUWhXTU4zWVRoSkR4MjVhbXpzckwyT2FOV2swU3hYX1J6d1N6dFZyXzE4NjNRemZfVnV2Zzd1dUNHUFduTlBjandHenlVZXZKMHNXa3B4dkc1M2c?oc=5,"Thu, 13 Nov 2025 11:01:00 GMT",
2025-11-15T01:25:28,Google News WSJ,Opinion | Stupidity Never Shuts Down - The Wall Street Journal,https://news.google.com/rss/articles/CBMi9gJBVV95cUxNcUk0WmZfVGJnRTdRbWRTR1V2R0F3djVEelJzUlZIdUthNUpxd2VnRm1yVGJ3YVV6TVZiNWtoRWdQdE9xNFg4LVg2M0EtS2lKaG13b0luZnJjMGRpVi1nZEt3WXozZFBHN1o3bERTNzVJMkJfenRRNllkaFh0RFNYWmJldzJUVzhzNklDdm9uSHdTdGdpMTE2T1dJRWRSTjJmNGRqUVV1Wl95djU0LV93UnBSSVJkamFsa3ZTekpZaGFNVXVET2JzS2NMSzJMNmZvNU9KeVIzaGl4UzJzaVFDN1JRU2xCanBXd29ZUjhEZy1EWWdPcDZ4VDBpMkE4Y2RqN0NfYTE2UlJ1N2pkdnlHSy1HTktpUzlSQ1JCa0JEb25RQkdRUG5Kb1ZRQTBVOFQ1T1pOX1dUM1hUMldlOHF0T2daaXlxQTJjeE45cUpQcmNnUGVFYllVM3JGU0c3bUhiWTQyUm9XTk9HXzRsV1hrd01QUGZOZw?oc=5,"Wed, 12 Nov 2025 21:33:00 GMT",
2025-11-15T01:25:28,Google News WSJ,Read Jeffrey Epstein Emails Released on Wednesday - The Wall Street Journal,https://news.google.com/rss/articles/CBMilANBVV95cUxNTlN1TFBPNDhVV3dDaEthOUhiR2hNR3Z0RWVwRDhCYVd2Y2Y0U0FPS0JGemJrVGJ0dGg2S0FGcU9ZVnRhazRuVHhPVGMtVzlBU25SNFc5R1RhNkpNQkswUWdpc1FtNS1VT1dlcjFhZE5jcmc0azNRT09hRWZpekdiTnliMUNxZWRJRGl0b3hYdUpTY2l0d2I2U240SWM3WlZmRFFiNk5WakRHUGJWQWZzUkRESTFINGR1cng1Q0lTdmwxai1fbkhWaEN5OGtpeXROX194ZW9EcndyaDI3MkpEUC1UU0VDTm9iVHhDbnpnakFzM1E3cG95TWhPYXZPN3dSSmFEaUlCQ1ppSTY4a2l3Sm9zQVV5dXZsZUlnNmpzX1hwcE5hTVEzVTY4X0JwYzdTa05DWF9yUmFmZ1oxUGtaLWhKbjBNLXc0cVdMZy1MVzNFSDZJUkFFMk94QU5TZzBJeHM2dEY1SWc5VFBPNmR6Qkw1N0dnSnU4a3FQSGJwR0ZMWUNITFlWS0pBdkRDMDlNZEZnRA?oc=5,"Wed, 12 Nov 2025 19:58:00 GMT",
2025-11-15T01:25:28,Google News WSJ,Opinion | Why Schumer Had to Do It - The Wall Street Journal,https://news.google.com/rss/articles/CBMi8wJBVV95cUxNa1V0aV9mWTJvTzRnRTJFaUdtYU1WQ1laX19iV095ZUNSaU5UMVQ0amVZM0YtX3oyYWNTWVA0YzhORUQ4empaRW05YXNKODJIU0xqMFV5SF80blp6aEFtVDBsQW1QREgwRHV6SC1uY1dTaTFMQ3NOOXllVXJjSFpWMHNLd3pqQzNha2Jhakx3Vmw0TE9FbjlOU2lDZDBETFJQNHBfU1poMENEdEp1N1J1NEZrU19SR0FWdFU2LW12SkRlMDNkRVNJTHJ6WjFqMDJYWWZPdUVVVEdjejdPVUJDTDhvSk1qWEtUeFNGMmNpTmVzb3VLYWtuek52RVZnakF1OU8zdTFCTVVxZklLa1lMUUh1NWF3cU9adi1mczZnaDdNcVhqZ2prUUxqRm4yWDZDaGlEa0p1NUxrcUVQV2NydnQ3bVoxcGF0STljMk1jYUpyOWtDdkJBZk40VjlsVkpES2N1bFJHLUw3WFNoMlVISEtWRQ?oc=5,"Wed, 12 Nov 2025 21:21:00 GMT",
2025-11-15T01:25:28,Google News WSJ,"Rolls-Royce Backs Outlook on Strong Demand for Engines, Power Generation - The Wall Street Journal",https://news.google.com/rss/articles/CBMivwNBVV95cUxOYm9ZZWI2WHpZTzdxSlRtb2xjNUprb1NUQjdickN1WE1OX18tUDlIN3J0TlZzdUdHd3VsRGswN0xfT1hMTGluMXJDRG95WDhsMDVJZi1tV0t5QWVqVlY0RDd0UUpjaHpQbXpkNGxCTjZQX1VKUE80RkFrSWd1OUlZOHZ4SHpWaXFyVlZkU0xvSUh4QlYza3l0YlFfVEltWXJFbmg2RllkOEFOU2FVZjEwUVRBS1ZaWGRGWlpwaERrRVRSRVdJNzNCLVNwcllyN1B0VnEtSDNaVUdxMWI4bjZoY1NHZGdwdFJEV0ZlZFNpbkxoa3lhYjdUV0ZLWFNVU0FrMXFkV0JlSTE2Mi1UUTdqcElPbEVGSHQwdW84d21vMWdmcjNfTEhIRXYxWC01eU5oYzNtNjd6b2dfSnVwSmhqMUJrckdjZzFRelNwMGktLTJsSkQtcEpCSjVGakQ2Qy1OMk1VdnVtdlBmdlJ2VzE4ZUx4YjJUN1BGMzlCcm90RDI0aHVBZWVGZl9xVHpmQlY5TW9hSk9sOGR1dm94QU9HSHZacDhWUER1c3hFWXk3cjdkb21Fa0w5U2xUTFRGbW8?oc=5,"Thu, 13 Nov 2025 07:50:00 GMT",
2025-11-15T01:25:28,Google News WSJ,"Trump Signs Spending Bill, Ending Longest Shutdown in U.S. History - The Wall Street Journal",https://news.google.com/rss/articles/CBMikgNBVV95cUxQTGRyY2E3VnFGZFN6ckZaUUJPX3JpQmVlV3R0c0xTQ3N2UnhLQ0FlbGhUMGNYT21XWDN5MGt0Q0tQem1heUZRMWUwUXZVUkVyNmVuRWx5WFVGSngxeGlKNWEzMlM0SWVhWG9GVDlQazBNYkdNcGVza253YVdLYktQajdES213TFJkaUhFZEY4UllXa1dBNnhzRzVYbjJ1cXd2LVpMNnlOYXcweEVXU2dOaWJpWVRtbV8tOTJBejZmU0pFYjNlbWJPYUV2S2hFVWpkYm4yakpKNnNkeDM2UFRwTHFLMUc4ZE1EVnplTkxoRDlEU0dMUU9uOGNTS3E0ZmVfbGlfLV9CM29pNEtCd0EwZWJWbFlaYmFzNVFLamdjdkRubVg0VHd6c3dzcndQeGp6ZVk0cXFoemJiTGlJQ3YyeHZ3cDZlYTJBVlpfSEhxU0F6WDZDaE1hSTFkVlA2S3BhWHQ3Mm83MlF3d2tpZ2o4N3VmSlNSLTMzRzd0TjNYcUxWbEw1OExOeGJfR1BZbU5SVmc?oc=5,"Thu, 13 Nov 2025 06:05:00 GMT",
2025-11-15T01:25:28,Google News WSJ,‘Making Mary Poppins’ Review: Tunesmiths in Glad Company - The Wall Street Journal,https://news.google.com/rss/articles/CBMimgNBVV95cUxQdUd4ZndPZG1pY01UVF9YM3g3THFiSzctOFBzZWxxeDVKSGhucUlXMlctcm9sX1pVbEx4UVRmbHFlZllrWmlCeVk0QlVuQjdIdUt5XzVUN2ZaSDFobHY5YWNUVlRxWmFsVEx3dE9XdHFNR2hCRzVpd1VGVWFuZnRycTNtWUxrNnFGZGI0SHdFSVlaWG1QZ2ZfR2F5UnhPVHN2MGY5U1V0bDhaX004R3RQc3FJR2FuY2hoMWZBQlR0cGN1X0hsNmRmamh5Uzk4NlJJclNxQ0ZyeFlWYmRwR0pKQTJnNFAxbEdNVXBseGlDRFN5bm1tS2hoSVpUZnVkQnNhWHdyNkFWVUtwdlVaZGhoVnlMY01NMUx1TUFrRnYwVDhkbU9mUmFDcC02cUZsZTRNUUxJX1ZKaV9ZRTRGN3BEd2FhUGVXNFUzbWFrS2VIZXQyZFpJV1l4TG9kOG9iN1VoVmtjWGxuQm13emRJbUo1VUdBaVU1UEo4ZllmZk1Tc21RQWgwTjBOTHR0REhtXzdqeHRWZzYtbFQzZw?oc=5,"Fri, 14 Nov 2025 16:16:00 GMT",
2025-11-15T01:25:28,Google News WSJ,Streaming Prices Are Soaring—and Consumers Are Still Paying - The Wall Street Journal,https://news.google.com/rss/articles/CBMiqgNBVV95cUxQTFM3d0RyUlFwWG9jVno0dVBva1VxdEFMYjVXSkVtRC12Q2otOWhaaG16cDZHNnBpUS1KbDE4RTZRdXlKdGR0N0dJWnE0WVlFa29TcjBXVVlCZHdZSU83MGpPOGprTXQwTUR2LWZSVHB0dk9scDJrYXBLWXoydHNtM2lhaGE4el9WMnFvRHdQWGxiSDNoclNvcW1KNlBQdnp3eW1lSjgydHlIa0U1UTNVcEwxOGlGZkM3R0JiQUhuV2I2ZW9EWTB3ZFBuUzJPenpEQXZ1SjZVeHI3Wm95aTl2NGVycHRfODVTbFBHTlpMZmRrTVV2Um90aU9Yb01tZnpMY3IzSWExWUVzal9sYmRwd1BKNThrTUc2RDYxRjFGdGFHaS03MlVrUUxES3JUYU1RQ3NwZk84Y3oyOTZVTWRXYnZZUWxrVU9xZnlEbW9UUkFsR2JSVXdGUmUxWF9xekY0LXNibHl6SXRYNVRHTDBDa0RIblNXT1ZnLWhSdW1LVTdxNDFoLUZGUnloemk4UFFTV1QwZzlfWGlyRWxIRTdaZy1wRlJhN2RxdVE?oc=5,"Wed, 12 Nov 2025 17:45:00 GMT",
2025-11-15T01:25:28,Google News WSJ,Big Tech’s Soaring Profits Have an Ugly Underside: OpenAI’s Losses - The Wall Street Journal,https://news.google.com/rss/articles/CBMipwNBVV95cUxQODBuWjlFVTBUV1RwbC11cXltNEVTMy0zWlpUNkxiOTctcTV4RFdMWlF2bFdCaHN3OURPZ1lQb2tiaGlLYnRhcmY3a0tMNVVJYlA5SlVUT1ctRnBkUW9BR19meTZXVmVEc1UwRjNNb1NTbVJySVZtaG9Mb2tMd19kRU9UVnFnMUx6RjZycnhZTEJSbFZxVTliUHE0Wk5IR2lyWlo0UHNGUUhkQy1LLU5TQ3FGcXEzV0llZzVnb0tuN2RhRVpCTlh0a1V1MVl2TnE4XzlSVmZEMmFiNUVRU2VuSkFWX3QtWGhTbjUwQjQyRm9ZVDEwY29MVFRGY0o5aXNYRDlydU9UWXJMdEpScFI1UUdLZVFpaEdGa21TUzNsMDFFOFhJY3pOM1hPR0NpTHVMUTd3SEk0d3ZCaGNRaGJtZlprcnhlcW1oNmxoNmpRSkduODVKcjhQNG9yTGZwVkF5X1VhLTZfdjB6dUxGdXh6OGY4TlV5bmRTbTNYSmdOeTRiQl9xODNzNmlsTmpkVWRZUzgzQ0NLd2ozTERlRm1Cdi1XaFNtalk?oc=5,"Thu, 13 Nov 2025 12:25:00 GMT",
2025-11-15T01:25:28,Google News WSJ,Silver Prices Notch a Fresh Record - The Wall Street Journal,https://news.google.com/rss/articles/CBMi4ANBVV95cUxOb2N3RzAzZ25HMlZkNEs2SEJmMVh5bEh3aERyVUdEcnVFWWY0ZVZlc0dCM1B0RXBLc212RURzeDAzU1hwNFNKRG1GSFY1UjZpVHEzYnNYV2pRVTV1YkJXUnQ4VlR5TjQyTHJsZ3luR1RSN1BtMjdCcnZPUkNHU2ZVbXFmTW0yNUpSZzRicVpGSUNJeXlUZDl6clJTMmppZjlaVGx6SUFydFp2ZWN4UEItejZHa2RCSzJiYm5NaThfYTRCY2k0S1c4TUVxWER2RVpiZ0ZsaGRHLXo1OFVNaVN6SV9mcjQtSURINlUwRGVPalhsYXhDRVlIWFhHYlotRU5CYl9qRXhOZGQ2LVVqSDBBUEQ2MlVQLVNDbjNPT25qOGFBanQ5dUZ4dEJ3czExRFJBZnJFQTZsZFRFNEpjM1J2SDhBVTMzVFZNdzlKNDIxQUNrRWgxemxjLXlHa09vRW52OXMtYXVzcDJTZEVKTk5fOFByd1JEd0Z1bS11bjlpS2JScU1XeWRoSkpQNTk4NTNLeUxvNmRoUWJXUDRsSUhHMWN6OS1TOFBFZzA3bTBsWG83U29ON3JSaGt0ZTc1SlRzWmZDV0NFNFVodVN0TkJmUkdrb0tvZGt2T2MzdnBKVDk?oc=5,"Wed, 12 Nov 2025 08:46:00 GMT",
2025-11-15T01:25:28,Google News WSJ,Opinion | Republicans Already Have an ObamaCare Alternative - The Wall Street Journal,https://news.google.com/rss/articles/CBMilANBVV95cUxNbnc2SEhzTlVvdFBPQmE4ZWJrTzRGMURBZHB2RjUzQy10Q2hoems2SkROd1NCbVJXTFBHM2k4ZGQ4aFVWamdYR2FpUGo2TGtxWVljRmNNT2x6dUtYSm9JQl82TmFWbkhSV1pKRnpfQ282XzBQYWw3cl9Td0FhR2RpTUJuSnA4cWt0czE3eUI4bUF4emhIbkxfYnlFbktMVV8xQW8wZ2E2b2dhb1NySjZwS3lScFpZbXhqVmFoamI2cjhzMkdZOUR5dmowclNuVmNaSi1lVTQ0YmtBRllBNUVyNE5DMWtQZF9Ub3ppRlZ6UG9jbjR2NVV6T0tnLXlBdG9KUFMwUm05Zk51cUp1cXNaMHJiSkpKRzFGUFdHQWFkUDlSTUJxNXlmZHdHQ2Q4MXljLVBoUzFicmNEcW9TM1FfSkE4VVFBVU9jcFhpOTBBWmtJQ1lrYWduSTIxMEdDT2NRMUlUdy10b1pwQ3VCUFBNamJseE1BWjE0N0hBSVhMQlhMbWNoYUNqMi1fZm9YVThCbHJkNQ?oc=5,"Wed, 12 Nov 2025 22:36:00 GMT",
2025-11-15T01:25:28,Google News WSJ,"Eric Trump Shrugs Off Crypto Rout, Eyes Real-Estate Tokenization - The Wall Street Journal",https://news.google.com/rss/articles/CBMihARBVV95cUxQN2JrVlgzY3NkT1luTDdHQ3ZBb2tkajVZc0kxdjIwbXljYmphOHY4Q1A1eURqaHQyN1dDZ2plTFVJbHlBOU01cHJjTzA3TDQzQnVqZ2JIMXRlVTlCZk1DZ1UxRXBJSEg4OFV1R1UtRDA0dXJ2bnBfYkZfWnQwTDdRSWRsQXBwWTFISm5EX1JqQ25lSEs1b2NhelBLLWpteWV2ZFR1cGJ0Q3VkSWc4aTUyaFZjUVcybTNlRlNkejQtc0JYXzdscHNZZ3p2dTU5ZGZKVURDMjY0Wl82YkZreWczYXVpMXZrTnV0WVliTzNxdXVxa3pUdFA5aHJFUFQ0LWQ2Y0VUSWlPSlk2TTljRlhYX1llQlJOcDhPbDBNeHpMSncwcDhDdktLMzhuLWlmclp6cEU5cVdPZzdDMFFVbnphNFpjRlBuMFRlNk9GcHhSVWFCRWpNOVh4QWs4enEyQ0pDWDhMd1pNNXFkN3RYRHotalhqdWVWODQ4MXBWVEZfVEE5V3NvdjRJUWNhU0FmQ3pTRmZsY2JvQmZaenJFeWNDV09LaFdBQllteTZGSElzRDdsZWVLeXZSd2ZnWEstMzB1bTFiYk5kTV91UzFudjA0bnoxR096VjZ5d3dmZW9zN2thSC10c1RiLWsyUng1YThpUFFXMkNIcVVlQl9VR1Z4VFgyOE4?oc=5,"Fri, 14 Nov 2025 08:53:00 GMT",
2025-11-15T01:25:28,Google News WSJ,Cisco Systems Boosts Outlook on AI-Driven Demand - The Wall Street Journal,https://news.google.com/rss/articles/CBMipANBVV95cUxQeVNER2NKbWU2bTE2WUtza2lrX0xfVEpVaDZWdHR0S3dDUjcwYjBQbk95bWtwcVhVLWJnV2FaVUpXZThlb0RGbXNRQndZcldFSTNMTTU2OUVGTGMybnlJZG5RLWZmQThPNTRyWXdWZG8xYzVFd3BMY0pnMjdtSDRzZ0hRX2JjVjVKUVZPRF9OZVE3Qkc3Rnltbi12cHlRYVZFVVdrbWtXc1NzWC1NamdPeWZWRFRGc2QzUGY2MFprclVmc2l1dXFvaUlFbURpbEN0ZUpUMjJ6NGlaZWJ5RVFyY3hRd2t4Vm1sVFh1b1VQaXk1QzVfYm9rREw4dTI5RjVoX2pqekxRcUhuUFp4dGJfeDBfTDZrQ3RhZ1FBLUNOYlZkcUdFdnlwVmlwWHhjcGVIR1B1c1B4V2R2aDJSeVpyMGxwYjRRc0tUYXl4V2V3RG5HVHkzR0NPaUxVX3l0MXRJRmlRcnRjUDhMckpYYVNrSjlVM2ZvODk2SFVXMlNENEw3c3RfUGFvektkVjNrOXdUa3F4aW1zc3RibW5JQm1Bb0dfN2M?oc=5,"Wed, 12 Nov 2025 22:18:00 GMT",
2025-11-15T01:25:28,Google News WSJ,Democrats Release New Epstein Emails Referring to Trump - The Wall Street Journal,https://news.google.com/rss/articles/CBMipwNBVV95cUxON3RaRHVnbkM1ZDZvV0VLT1VvSDZkNThhbTl5a1gwUWh1REhqUXhNLW5ZTkw5YTNDcGI3VzczWHM2ZEJsLWZpRFc4RGgwS05RNW9JRVRaaFBzOGdZeTg1UnNKaUtYQmpySEdJQ0QwRnVWWU9rQUVOVGVUU2Yyak5ubjRFUzNKZWt3X2F5R3ZzaDFienZEUjh0REl3N285MkZ1UTd0ajdnTjJoaEJHTWhLQS05dzNUci1FT0FNb3RCQ0ZPZUMyaHpvcmoxRS05T182VkNiMFZYUzFZQ2RFcjFqNG90SmtlOGtGWk9tZmlnb3RfOEZGclpEOUFtSldGSUVtWFNPYnQ4TFA5UE1YbFlEb3NESWNHQm1FWHFKNDFBN1VlOXpsRUpHbXlFa1F6NS1xb0JCT3VvcFJxNWxpNldUMnZ1RXVEU3dCeVh2R29lam5NaDkwdlJhMVQwbGVkOG9QaUQzZ0pDQmtVcW9zTzhjcnlOTUNMeHhlV0tOZVl4NmFpQXVSd3pySkVBaUVjRXpEbVh2Z3lfbkNLX1JBMmxTRzB4cnpHM00?oc=5,"Thu, 13 Nov 2025 01:03:00 GMT",
2025-11-15T01:25:28,Google News WSJ,"Exclusive | U.S. Insurers Are Binging on Private Credit, Moody’s Says - The Wall Street Journal",https://news.google.com/rss/articles/CBMiqANBVV95cUxNaElHZmtfN1FsaGFvV3hvWVJZMy1qWXA3dmRjaEVpTHFwRDIwV1lvTXZsUldfRXF1UEhLT2xRMDkyYm82ZVdVSHBjUVNObXk5ZGY0YVl5dVRKd01NbTNHbDR0MkNuYTNmM2VGNFpwWC05d0JHMmtiXzlORVhnbno2TVpRY3dCZjZGQmtteUlQRHdPeThidlJFZnktMF9KV0xJSVhhamFiUUh2eE0wQlFDZk9WMThOQVJ0QXVyTkdEbVRIMXVKT1NZVEVXTG5Na21VNXlCV2NxU0UzOU9pb3hvdndySDRjZDloZWNMT21rVjdVNll2czd4RG40blBiek5KRXpRb0tDYU02UDlMX09WNm9WQmEwTTFaSURlQnh0cGRjUVJjTDNQRnJtLWpPVnE4cmFjYkZ3M1ZydjhoRWtUVjRKSndzaldiZ1IxbFNkMlhyTUxlQU5UdTZEVG53Q054RU5ybzNVVTgyV3BGaHZZNHJRbUdKM0Q1REpLVkRkaWxtVUNJa1lGR1REUU84RU02UVNSR0ZDX3p3Y0JYVnpuOHhnNHYyempV?oc=5,"Wed, 12 Nov 2025 16:00:00 GMT",
2025-11-15T01:25:28,Google News WSJ,Opinion | Why Coinbase Is Leaving Delaware for Texas - The Wall Street Journal,https://news.google.com/rss/articles/CBMiiwNBVV95cUxPQUFOOXRUeVF3REk1WnhtVV9QUlRocjRmeHpWeWdiZmpvSGwxM3dpbHV5UDZMY21ES2Nwa0V6NUZNRkl1ZHdmcUVnQWdiSnFGcTR1dWlodFpzaHlmSE5LM2ZTRU54THZUM2JIODF3dVRuWDZwbDN0Ymd3TDhSZkt0ZFBvRU5NRnZtSkhuRWV2Wmc1ZGxmTzdCZEZCQUNqUFhQWWUtUEJnVkh3cks5S1hBV2FIZ2dCdjJvTXZhTThFR1Q3OE5QTjVkQTBubG9LNU9uZjFhTWRXZUZOY2lnTEVRVGwtS2M5VHFkMWllcEVyRXlxZU1US2hGektBOUI5dDdlS3QwTGt6aFFwcDlhbWR2UkRETHhKVERtMDkybzBiaG1XQkhTNUlrVjR2bU0wNkFzamdaTFoyZm9oNXRVN1BrYndQakwyd1VpRGZseUpxVlp1MlFGSk9qb3lHUnctN0xJZnp5ZldCbTItSk5US0FHdlllbUlkT2JlcDlESlZzZmR3LUNDVDljUDZGcw?oc=5,"Wed, 12 Nov 2025 13:23:00 GMT",
2025-11-15T01:25:28,Google News WSJ,"The VIX, Wall Street's Fear Gauge, Climbs - The Wall Street Journal",https://news.google.com/rss/articles/CBMi5ANBVV95cUxOZEJTRUVjRjZqc2ZJYzlxMkhQalF2SFI4dVIzR0hsUFViUEQ4TEROb1J0RHFDbXczckVxR29NNEltbE9TRm1WbGpHOFUwQ1EteEJzUGJqd1c2d2NhNVpIM1ZYV2ZiSjk2anBTRGxoOXpmcEVUall2b0RLVjdvckF1bjU0TUIxN2tJYUdOSUxJbkdWWmEwcVlEYWdMWlB3QVA0cGd0Y1JWUDhPVEdSbVpScFdNQUVBazUwb0ZlTnBOVFFPNExZZ1JnNWxrc01SWjVGWkI2LTFFdk1ZbHk0YWRvZ05JdHZvb1VTaEdrUjJyOFVJQm1YSXB5bTc0RzdRNXczbUxGWkNuYXdUeWV4Y3lhcEdQZC16VGY1UmRLQ3RuS09VaVo2ZXVEMFUyNjdjVEtGQWNVb21uWWJsOFJTby1PTHlzREI2RzRzWHlweHhuNHJWbldzTmVzUC04VGtWcGJvNkI0d1R0N3duVTR6UTJEb0Jxc0VJU2RsWHpzbjVDdVUyM2pQa19GODAyUjRrdFpGN1JfUjBvc0hXMkJKVXJwUkEtWVlZUmROeUJ2dU1QVG9DWHgtak5LWkpPVkxKa1NXeDNqdVpSSG9wb0pWNm1CY1h3b0JqWmliQzVoMUhhby1HZ0E3?oc=5,"Fri, 14 Nov 2025 08:53:00 GMT",
2025-11-15T01:25:28,Google News WSJ,"Synopsys to Cut 10% of Workforce, Close Sites in Restructuring - The Wall Street Journal",https://news.google.com/rss/articles/CBMipANBVV95cUxQWDlmUDVtUUZ5cmVYaXRYVk1Ydi1fWFg1akJPTHNHRmRlT3dkMnB5eFlsRWJHaTFDZlhFLW9QclFrM3V1aTU5QktPR3BTNnpfQm5BME95T2VJcEpGSDB6WnJ2RHpLZDFzMnhxNTZlNERxYzRJMVkxWmRHdk51bWFUMy14bGxvNnVEclZsNGtnSXZYYzRvWEZQaWlSVHBwTy1OVTVQNV96UXRHWlpiTVUyWTdoLXNqOUlTZ0ZNeEgzUnFhd3hTd1JUQzNuT2xJcUMtZWhoSDY3aGZyOXhNajQ2RWMzdWk4OE5pRGlHOGpxMmZwR0RuNUgxdXU2bWtCOFZKZzlYMVRUbzY2dkk4cVVpb0JFc3gtclZiQWJOa2hQXzlEY2xUd2hhTEZHb0V6Nnh2dlNPbTlnVkdFYVlFWWZBWUpIelFFeERpZ0dKemt4bWdHNGZ4aGhUWmt1N09qT0t5SHpwazNoMkdoV0kxMFFYc0psQTI1bVlPUEtmUFVWak9aNHFUZnFBeG1mMlNQMENIR1J0MDd2eWlDRzFyeUV4ZDc0TjI?oc=5,"Wed, 12 Nov 2025 17:14:00 GMT",
2025-11-15T01:25:28,Google News WSJ,"The Chicago Students Learning How to Get Very, Very Rich - The Wall Street Journal",https://news.google.com/rss/articles/CBMiqgNBVV95cUxQTmtpY00tdjJPaHc3eHFQeTY1OE8wMGNYT2NuLUdPRmJoeTBTR3pCTlNyYlU4VkpZSGk3emFPMk53V19uVDlCNllORzV1U3dWNEhETlhJaVE0SUU0a3ZlQjViRGVtSzlUYmtrSXBUSlRfSVVXd2IzOXNsVHZKNG5CVXprZGpaNWZFRUw5YVAwSkExcjdXZm9IVURKTHdZZjhYOFBEMlJqalZHQ0Z2WUpzWTRaNVVuRkNoZ3FZLVVNQUJZb1NrckVBX0ozU2xkSUE2RFBhejA1eEM1UGZGeWtIdnRULVZqY0tyM3hMa1otLWF6Uk8wZ1ZZem43WjJpeC1SeWNSRDdMTElvSHFZRnlsYWhDZlFSaXZuN2RhT2pQd01hVEhOMTZJMi1aWVVsdVBvWURnN1F1TjllS0wxTk9WMlI1WWc5MUNMZFVZeE5oUm1wM3JlR1dEMW1KUmhuRUJOSmRaVG16Q2Zwak83Q050QWZtbUZXNnJGSnlMSmhsby1GaDNFX1dtbkJoaFlKWUYxRGFReTBmMlVTVHpydmNZeFFQd0I4NHJuM3c?oc=5,"Wed, 12 Nov 2025 17:00:00 GMT",
2025-11-15T01:25:28,Google News WSJ,Companies Begin to See a Return on AI Agents - The Wall Street Journal,https://news.google.com/rss/articles/CBMijwNBVV95cUxQOHMxR2VKWFg4RHM0SUVWQkxYbERnTUFIcGlZdmt6XzBDQXBYTzVvZU5KNEdvUE1lbVQtTTlsUnpWdl9USWwyU1h4MW9sbDN2d0VvRHZwek9MclpzTXN5TXlzRjVXUDhjR1llVm11SzluS1RGcnVRNkJlSzZBaHFMNEtCSGRhd1M0UHlqSzAtQzdFRnlneUxYOFpySlI2VUUzaUh0alBuNklDTFp5QkxkN0Q4YktoTnN5dnpSTUd0VG1EV1RuSzRaZURHODZnTkJ4VHgxQW1iRnZRZ1JKLVJpRmRfUWJsN0NfTTEwSEg5a04zVndrQldUUGhCRTJ1UnI1WFplVHhhQ3plbXFPVzBJVDk4SmNtQjlQdjlqWDdNTEI0dnRxb2FFRFNfT1QwTS1QSWpXMU50MmdBLUdtSEREMmJMdllNQ0wwM0ZvMV9jeEdwRS1qdW9kYWZYYUZXUDMxcnQ0SW95Vm5QTzJncEFTTDZvZ0t6dlpoNUhYWUtIY0ZlOHh4MjZCRVV1SGFZMXM?oc=5,"Wed, 12 Nov 2025 12:00:00 GMT",
2025-11-15T01:25:28,Google News WSJ,The AI Boom Is Looking More and More Fragile - The Wall Street Journal,https://news.google.com/rss/articles/CBMijgNBVV95cUxONkx5Rkc1M0FxRk9aWVFmcG40V0dWUUhmclVXbkpRbTc0V2k1SjFqOTZtSFA3QWcxUFFaSDFIbDFEd2hwZTZTMFFOSHg4QkctNkM0Uy1mT2dwbkpoeV9yRTctN2hHVHl5MzFSMXBtOFBRRkJVR1ZvUG53SzRyVVJxQ3dxU1pOR0RUNzJPMHlJZGZIYU9YaHFXWGRES2I0M1k5WGNNcl9wamsyeHVtWEdMSXF1NjlJNWhTYTN2S01QbTVwWDhzTW9iT01NRDhZX2NsOUtUbkVlc21DbHQ0ZE8xbWdyU2VDa0d2SnFORUt0ekNYU3NvZU1PRHZ0dGVrbTBidUNCeUVDVFZTR0xob1A0OWFDdDBEZ0hXWnlaUEpEUVFsdVhoMnNvRGkxZDFwWWFGYW9GYUpZNTNPemxhWFBtbFk1blNleVh5WmJ6STNDeENTUzJLa0x0OUI5SVlLWm5ndzcxc2R3ZWFQNWkyZjE0NUJxeDBlRFQ4cG5hZTZBLWxjR2ZFWnNWZmphWmJ5dw?oc=5,"Wed, 12 Nov 2025 10:30:00 GMT",
2025-11-15T01:25:28,Google News WSJ,EU Investigates Alphabet’s Google over Publishers’ Ranking Policy - The Wall Street Journal,https://news.google.com/rss/articles/CBMiqgNBVV95cUxPNmlRSTFvcm1ubXpYelhnZHRvZ1M3X2p4Njhwc2toYXptOERyb0c2bnc5Vzkya3NZbV9qN25GT1prSG5fU21PXzMwaFVZUi1XWUlkaC14OE03aGtjRnM3andZRlNobVppamNPQkVERk9nbmppd29hVWFrUl85UjZxeWJhMF9aVUtZOU5lSnBJcnJPejE3ZVo1NTJHN0RsLV9vV0JXOUM0ZjNMMkZ5ZVFmVnk3WkRLV3pUOHQ0U0xqeTYycS1fOEMycFZoRkJwNlRnV3BUeEpodXV2Y0xFN3dwWWRibldKdkFHUlhEbnFnZGoxMFgtLWEzMldoUmtjcHNfbHhDc0lydC1hdTFIZXFIOEF4TzM5cDQ5S2RNaURoLUxsZFJSMWM1ZzMxV2JaajlsQWxRVTVReXo5d1gzQVJuZUtaS1NLWlp0T0R6OTIwQWM2bzlZU2VjVnROVGo5ZzNSMG9MRmI5M2VqYkJOTWxJVXg4SC1ETF85dVlXODhYRU5QRHdTamRDYUlHeDVMR0w1OFJPeFZ1WmZuOGNhZXJKN1dSdFRZZnBjTmc?oc=5,"Thu, 13 Nov 2025 12:21:00 GMT",
2025-11-15T01:25:28,Google News WSJ,"Eurozone Industry Ekes Out Growth, Dragged by Ireland - The Wall Street Journal",https://news.google.com/rss/articles/CBMimANBVV95cUxQUnc0aFBvS01jMVliZWF5am5iYVE1LUZkUzc2MzVMWjNvTnpLdWR0Mk02dmVVNDRRVG0zcE5weGUxWUlSbHI1Nm5DMmprajdhMjNNWFI2NUwtaEtwSXA2S29lVlR4Z2cxaXRvVTE0TWNuOXRTT1ZHdFJHa2tTRlVMVTF4Q19NNklQemNnclNXbkk5X2ZPZnBCeHV4TkoxVHdrazJtajEzRkNPaFR6alhHNENmTnNyOWdhVXFwTEhfZmJqaGZ2UVhTYlJONEJBOThqLXktRkNNTkxJTWtKRFgzLXVoNi00UGVtYS13TDk2N0FZLWM1aVJJTkdzWDR5aUZkQ1FPME9SOUl6cGlzUjVEdUs0ZGhKZmUycl9HMC12cEg5dVNDa1kycTl5YlZzZGgwTnVpY1B6UHdmZG1uWE0tNWRRUTZ0UkxtLWZPVTZZV3BIaUNWU096RWNLMzJLVVZrbkQ1ekdRdGNsSHktdkl2RGx4WWtQYlNnNWR3R3RiYk94cm1tdEpmTXNtallhWkZqTVozeWVfbW8?oc=5,"Thu, 13 Nov 2025 11:26:00 GMT",
2025-11-15T01:25:28,Google News WSJ,"The Score: Tyson, Robinhood, Walmart, Paramount Skydance and More Stocks That Defined the Week - The Wall Street Journal",https://news.google.com/rss/articles/CBMi1ANBVV95cUxQZThJaElULXBMcEIxaF90amYxbkRpZGotVUI3VHZQbzM1NE5JZUdQT0pSZXFhQ2NkcFE4dW9RQ2s0RWN6Wk5sNklZajhXOGI1OHJTaXFaUjg4NWplRW5hOFdSZEZfREoyWGdHV3gtanR2ZzlWLXJBX2s0MTJMVURpb19ia285dlRxTWhfdm5NcVFGVzBIYndJdjJZdU52VkUzd1pXaWItV2EzSGVKUlNQVDhtWXpUWkNBTjdxWEY4TXVtOF9iODRlUGlNMzdndVZtVnFJOGNQemV3SFdiS1A5NUhKMlRZV2Z3NE5zV05sdHlOTnhJNm5KYXhfc01aVkxRNWpSVXJ0YnBEaXh2dUU3c1dLQy13OFptWkFHUXhqazN2cFBUU2xEbjVURlZzbnhXNFVYdDMxTmRhTTVPdkdtNEQ3TXJRVXhDU09YdmtjQTZIaG5IdFZ2MENaLWRBTENMS0UwTEFvZ1M1MDhzajRzMldyMVJJeHFuelYzbEJKWkwwVGxhcVAycDJncEd3RFZLMTJDUDg0VWoyUk55cGJkcU16OXlTbkY4ZVBXYlJuNkJRaklDeEJGSGFfU09DUEtUNEcxUnVtemU3Tmx0MG05LV9kTXA?oc=5,"Fri, 14 Nov 2025 22:35:00 GMT",
2025-11-15T01:25:28,Google News WSJ,"Opinion | AI Is a Tool, Not a Soul - The Wall Street Journal",https://news.google.com/rss/articles/CBMi8gJBVV95cUxOVzU5TGl1ZWlHeVVnWGJkUE5na1JmY0ozdGFfSTByY08zbnFKLXp6Z3F4ZlRJaUxkOFhzXzZUUGdyWE12ZmQ2YWpNZEdHck1JZ054QTliaFI4eHE2MWZfYlkyZGlWbzB2QTFoZjlYVGotLVk4bnlSTWdPRmpYYnM0cEJ6d0hYRmQ1WTUxRF9qMU50VGR5ZDFhcVRPMklIYmh5YkJyU3pkT2o1OG42Nm15QldETGJ5Wi04S3gzY3dqdzQyR1B3aEEtb05oX2dzYlVBa0JsOGtjbUxTcTBjS2hwTzRFUkFZc05sOFVyejJKOWRXZ25ZaGpkMERReWVFUnFNZGdEWWI4Z09wTjNTaHN5UnB1UXZkUjRZS3hMYmF5VkhFRzg2ZE5IRThKaUNZeWV3SXd3Tnk3bDBMcTNaTnU1S2RPRVBPSVVmMHFuQ1YybjhyZndrV2lkdWZhbHl2ZkNtdzFSZnBhT0otUmJ2cTJDdmNB?oc=5,"Thu, 13 Nov 2025 22:26:00 GMT",
2025-11-15T01:25:28,Google News WSJ,Opinion | How to Beat the High Cost of Weight-Loss Drugs - The Wall Street Journal,https://news.google.com/rss/articles/CBMikANBVV95cUxNd09hWkZyNVZuRDVTZ0RxUGJJMTV4NlRza1pfZEdmbmNQX0NWNVUxb2d5d2hxSHYwMFhPM0F5WU1VT2dBdVhEYUVpbzdWZFFkNzFXMHhrRjVyREk2Vk5lUGJpUzJtajBscGNlVURJNzBwaVlINnQyYjZNaFhFOTJOQ1otRXBNNUxvRFE5OGszVnJwVEgyS1hPMF85TTJiQ2R6QjBPVF9KZ2I0WU9hcDN0aElLMnZ6ZFgwVUhXNFhrWERvakg2U2ZBUzFRZHR5QkUwTUtVd3lCVmNidHRnbVQzMkpCdGdOQW1MUHJZSW9YUXJEby1xcEljVkNJXy1SZndhbk1lS2tnQjdYUVJLUDRYVWFDVUxVeW5Wc1lubkluN2R3aWxtNWlEX0RELW43WmlqTDdkTXBlYm9jU1JpaVFQS2N5WGpSNWM2U2tKX2xJRnNzWVhWMFNqR2ZGYWNPaWZjTVIzV0djN0pxa0hSWEZEZjd3X1VMUGRXMnYtOEV2TV84N0xha29kLXN0MU9zWEQy?oc=5,"Thu, 13 Nov 2025 22:34:00 GMT",
2025-11-15T01:25:29,Google News FT,US Department of Justice to probe Bill Clinton and JPMorgan ties to Epstein - Financial Times,https://news.google.com/rss/articles/CBMicEFVX3lxTFB2LW9VcDF3dW11YnVyMGRTUXJmckxpN2JYTWZMZWY3dW1HVEhydjdzR0pKRHhWa1hQb0ZFZE82aEd6UUt0M3VjdUVLT3F0dDhaYUV2REZLQllWeE1mOXBTc2NPR1VkbktqY1FEcVFRdXE?oc=5,"Fri, 14 Nov 2025 18:02:22 GMT",
2025-11-15T01:25:29,Google News FT,White House memo claims Alibaba is helping Chinese military target US - Financial Times,https://news.google.com/rss/articles/CBMicEFVX3lxTE5VaHFwTnBMTnQxc21XWV93OGNDVWl3V002c0NjOU1WMGF4V0NZbVowTWJ5eWZlc3BuZ2pDMDhpSm40VXlzS3VfVlNDMkdjVUxNRlhIY2xRMTZUNm9XWHhhOGluSGg3LVNaanFQWmlINEk?oc=5,"Fri, 14 Nov 2025 18:00:02 GMT",
2025-11-15T01:25:29,Google News FT,Tether eyes €1bn funding deal with AI robotics start-up Neura - Financial Times,https://news.google.com/rss/articles/CBMicEFVX3lxTFBhd2pST2RzWkhPZjdwRnF3b2JsZXlXNmhiaVRJSkVJNjJNQkhoQnQtZzg4TkxseXh6Z0dtSzBwTWhHakpLa2NJb29neWlHaFg0MTd1QmZLQlBuMkU0QTQ0UHd1NVgwRUNDLS1vbDNiUXI?oc=5,"Fri, 14 Nov 2025 18:14:00 GMT",
2025-11-15T01:25:29,Google News FT,Gunvor’s $22bn gamble: how Torbjörn Törnqvist’s Russia deal collapsed - Financial Times,https://news.google.com/rss/articles/CBMicEFVX3lxTE5USFNHcjNOaUE2R0FYVl9tLTRBSktBUl9yelNRdFJ1SjFINkRXSkNOcHhKRTY2RU1yTDljZXl0R09sWXJyQXRpRWhFTXplM2lhUFI3RkpUYVZFZlY5T0s2NHllbDQzLWd5OFY2Y2laQUQ?oc=5,"Fri, 14 Nov 2025 16:59:49 GMT",
2025-11-15T01:25:29,Google News FT,Meloni’s government eyes Italian family gold in hunt for budget funds - Financial Times,https://news.google.com/rss/articles/CBMicEFVX3lxTE02NHhCc250U1ZfOFNscTB6a0pkNGQ0eUtPMW4xMnBWRkVHWXJWTzJmb1F4NXFWekdkMTk5dTJfemlINjFuUUx6ZkNYbVItRzhSQm5WaktrUVFWTjRSWHRfTWJuOVExMFhEcUdRSmplaFc?oc=5,"Fri, 14 Nov 2025 14:13:47 GMT",
2025-11-15T01:25:29,Google News FT,Telegraph sale to RedBird collapses after newsroom opposition - Financial Times,https://news.google.com/rss/articles/CBMicEFVX3lxTE1FRGZfVEhld2hJMml5Um9zU00wRzZScHo5ZV96cTVRMy1lWTBFbmJDdmp6R2VRVnhJWldQcGdXNndEY0xQd1BleVNoSWZrSEpBUVlTY0VnOXN0cEtzWnVzZ2RiQ1pCa3F2YXpQdVdGOVI?oc=5,"Fri, 14 Nov 2025 12:30:24 GMT",
2025-11-15T01:25:29,Google News FT,"Michael Burry, the short seller who bet against AI - Financial Times",https://news.google.com/rss/articles/CBMicEFVX3lxTFByTnBQdUlzRnRjV0VPMWVSQzRZV2tVOXczckRwTkc0eEs2bkd5LThSc0JCanJsSUl3aUVibjBybVZ2TTBUVHpZRGNwWklYdVB1LVFUUDlpSXdrYW9iTE9ISExHRkVZWVRaY1dsdTZJWEE?oc=5,"Fri, 14 Nov 2025 16:00:01 GMT",
2025-11-15T01:25:29,Google News FT,Canada to reroute lumber exports as Trump’s tariffs bite - Financial Times,https://news.google.com/rss/articles/CBMicEFVX3lxTE15eldDaEZiaHl2WjZvVmVFdGxIZThDU0xLeVh0dEk0RUhMXzNGRGJ6dndRQ3lxNlMyMkxCdVY2Z0RPZ0F6WGdGT3QwYnhKTFNjLUFHUmc4ZkVWUjVnc2JHSzNzeDVFbXgwOE1CNWVEbFE?oc=5,"Fri, 14 Nov 2025 05:00:19 GMT",
2025-11-15T01:25:29,Google News FT,Oracle hit hard in Wall Street’s tech sell-off over its huge AI bet - Financial Times,https://news.google.com/rss/articles/CBMicEFVX3lxTE45bVdtRDdjWTVkTXhaTGp4Vk5sMElQcFFEaWU1UGtteEFfWDBUTGc2NzhRLW90aW5yS2hIZEFwV0FCUUhUYl9jUDhBX21jbl8wY2p5cHpsYU1fV2U1MmZ2X292X0V6YWJHdFhCR2xKSUk?oc=5,"Fri, 14 Nov 2025 05:00:38 GMT",
2025-11-15T01:25:29,Google News FT,US stocks steady after global tech rout - Financial Times,https://news.google.com/rss/articles/CBMicEFVX3lxTE9FTzZKUHVuSi1pZGRVSWlJeHpaWVBkM29XRUJueXY3TjVLX3ZfNEZ6dF9sbnVyUDFTS2tkM1hzZVB4cEVpUEVab0VPVHlzaUdFZjNWSVNKRFQ0a2ZMTnVXc090RXp0X1UzbHNxTEVCSWk?oc=5,"Fri, 14 Nov 2025 04:30:40 GMT",
2025-11-15T01:25:29,Google News FT,China’s secretive gold purchases help fuel record rally - Financial Times,https://news.google.com/rss/articles/CBMicEFVX3lxTFBmeWZoNDRweFRLMWFsZjJ0RGg2MlRNYTNQZWd5SjRfTzJQek12eTBrU2xhV2lubmR3T0lMeGJGUGE0Xy1RVTVGVzBGdnVpOTVlY3d6dndBS3dUa0tjS2dZUnpra3hYMkJaVEF1R2o5anQ?oc=5,"Fri, 14 Nov 2025 05:00:11 GMT",
2025-11-15T01:25:29,Google News FT,Young adults are growing increasingly economically dislocated - Financial Times,https://news.google.com/rss/articles/CBMicEFVX3lxTE9INXlkNDhNdVlxTl84Q1lfUnZvQ285SWJ4d21FeUxubEppZWxCUmsxTFhmeDdOWVJpVkl0em5YQ1hvM0E4R3plWDJGVEtGcnN5Rms2OGxqc0hXOXBHcHhYcHVlUVRTcDd6Zjc2NjlpdlQ?oc=5,"Fri, 14 Nov 2025 05:00:30 GMT",
2025-11-15T01:25:29,Google News FT,BHP found liable over Mariana dam disaster - Financial Times,https://news.google.com/rss/articles/CBMicEFVX3lxTE0yQmlEb0RNLVlnM2V5QWJyOVEwM1U4YUhTM05ZM1c5RjJqbjl6MHk2QTNIVE1EN1NkVDVzdEZZc0taNkQyS3JuZFFvTDRMcG83MWdkdFZHa0dxVW9SdUtTUVU2TGFCWnZVSHZtRThVa3k?oc=5,"Fri, 14 Nov 2025 09:41:48 GMT",
2025-11-15T01:25:29,Google News FT,Xi Jinping’s purge of military officers raises doubts about China’s readiness for war - Financial Times,https://news.google.com/rss/articles/CBMicEFVX3lxTE9WeTFqd0hJcG1MbHlscWhxbUl4cGxDcHU2dFBicXNCdEZVMVB2UUtsaUMxalJWeklrQ3BidDdjUnZ1WktZbmw0aVdnWGs5SENkLTRJWENCVW00NmxNOFQyYk9lX2hlNFlMejROd0dfLVg?oc=5,"Fri, 14 Nov 2025 02:22:26 GMT",
2025-11-15T01:25:29,Google News FT,The bond market crashes the AI party - Financial Times,https://news.google.com/rss/articles/CBMicEFVX3lxTE5yQk5NMUE0cTBYNU1Qd2RkSzNaMllwcnJnNmpIN0d0Z1FUaVBKcWU1OUFqbGh4NFdLdjkxZ0ZsdWpiQ2NWdXVZOXZuMGhhUmxDTFlQS3lOZ1VkSzlFUWpMLWFRNzJEdi1IUDQ0V2g4S3g?oc=5,"Fri, 14 Nov 2025 06:30:09 GMT",
2025-11-15T01:25:29,Google News FT,BlackRock moves to take on hedge fund giants - Financial Times,https://news.google.com/rss/articles/CBMicEFVX3lxTE1hNmNfTHNLRWNOLXUyV0pCX2pvSm5SLTBMdlI5WngwYUhRRzlhTmVyYXhPZVRieWt0OFg2Y3p3TkRWalN6NG15OUR2SmRaMlVQSGd2S0hOeEZ2RGlMVVBPQWR0Y095bFFmT1ZzSWI0Zmw?oc=5,"Fri, 14 Nov 2025 05:00:11 GMT",
2025-11-15T01:25:29,Google News FT,BBC apologises to Donald Trump for edit of speech but refuses to pay compensation - Financial Times,https://news.google.com/rss/articles/CBMicEFVX3lxTE9nb1MtckIwcW44WnNmVlpobEFQVk1sMTJzSVZLdE5uY2VneWsxQnN2MnJmenlBQW4xM1ltOFpuR2VLdXNMOW1HXy1LXzZndmgxdWpMbHQ1NGVWckszc2Z2MG5sQWstZmxUcGdVRTF6U1I?oc=5,"Thu, 13 Nov 2025 21:20:31 GMT",
2025-11-15T01:25:29,Google News FT,Jeff Bezos’s Blue Origin pulls off first landing of its largest reusable rocket - Financial Times,https://news.google.com/rss/articles/CBMicEFVX3lxTFBaYUx4T2N3QWNlRHRsd19HS0hQSzY3bDFNZGdwVkJLMmY0RkVTdVBfYjRNZ3lMbmJnZ3dadFkyLWk3dzFrb0kyV29tYVh1ZUxPMEl0TUc3X2MwWlRvdm5tSTNZVllhVGxLaW5aeWZUWmw?oc=5,"Thu, 13 Nov 2025 21:21:51 GMT",
2025-11-15T01:25:29,Google News FT,UK politics as it happened — Gilts sell off on tax plan U-turn - Financial Times,https://news.google.com/rss/articles/CBMicEFVX3lxTE5WRUgzQURkQWZYQ2NKLTB1RElqeXV1WUp0UUNpeE0yLTJfZ2gwaHMyeW90VER3R2l3aEpDSkEzYlpSbS03dUlBVWM5X01OOVhWZ2NuM2V5MlE4VmpHYlFkVmk3YnR1NFg5TGtFTkxqcTM?oc=5,"Fri, 14 Nov 2025 17:25:51 GMT",
2025-11-15T01:25:29,Google News FT,Merck agrees $9.2bn deal for flu-prevention biotech Cidara - Financial Times,https://news.google.com/rss/articles/CBMicEFVX3lxTE5rNmtsbFgxSkdvZXQ0VjVrUkRhNi1DcjhkZ05pR2s1MFJOZnJxRmJWTl9JX3NrSERSUDBxZUpLbldiUlpxT3B6ajl2S21xaGhWaTVqcmdzMGpDa20yTThyV240clEzMHozZjRMa09PR1Q?oc=5,"Fri, 14 Nov 2025 14:37:24 GMT",
2025-11-15T01:25:29,Google News FT,"How Apollo, Soros and others spotted red flags at First Brands - Financial Times",https://news.google.com/rss/articles/CBMicEFVX3lxTFAzRElEX0NiVlRHZERtbTJrNURucDZLbm1RY2UxR21yMmR5TzlUZXhHMWZ0eDdOTWx6SWFOcVNSMHllYlNhMXotVzl6OHlkVmowOEFwdUM3ZHVLNk5KMlVQUFJGTk1YMTI5VC1WVGFmNWQ?oc=5,"Fri, 14 Nov 2025 05:00:19 GMT",
2025-11-15T01:25:29,Google News FT,US announces new trade deals in attempt to cut costs for consumers - Financial Times,https://news.google.com/rss/articles/CBMicEFVX3lxTE5qSGthOUF1N0RDNTFkSWZkZEVBRFJnOU5wNUxhN0RFUm1HSE0tT1FaVXIzUVdlUVRVSVNiZzlYTWVoUWdtcXhzY1NCd01EUk05cXJXZ3pCUXdYd3JzMXRFaHpSSElOcnBQUEFvaXItVWY?oc=5,"Thu, 13 Nov 2025 23:17:45 GMT",
2025-11-15T01:25:29,Google News FT,Domino’s turns to fried chicken as chief says Britain nearing peak pizza - Financial Times,https://news.google.com/rss/articles/CBMicEFVX3lxTE1vVERQQWZDdUpEX2EyNncyeHFTWHZIZlY5WWpMOWc5RFhtMmlma3lDQWF6bGVRNndfS01mWThGMXR3LUFPb2V6OFFlUnNRVVdRSTlVTURYeFQzaXNYR0JrMVlVN0JHdElMc2hpS29LS28?oc=5,"Fri, 14 Nov 2025 05:00:30 GMT",
2025-11-15T01:25:29,Google News FT,Who’s funding Silicon Valley’s data-centre dream? It might be you. - Financial Times,https://news.google.com/rss/articles/CBMicEFVX3lxTE14MExFSEVtb0dXMlJBQXpJZXR0OVpSUU13cWdiVXFic2lzTW9vZ0pKX1k2alF0NmNNLVRJSGVENzJtaFpSWnJHSkFKWjRYRWNpN1AtRnduR2x4MExWaXhLTVlSUTNIUFUxNk5Cbkh0UmM?oc=5,"Fri, 14 Nov 2025 18:15:18 GMT",
2025-11-15T01:25:29,Google News FT,AI bubble trouble talk is overblown - Financial Times,https://news.google.com/rss/articles/CBMicEFVX3lxTE5DSHBvLXVfOUlkODBlYzhmc09RZjFCNEJiQ0pRUEh1aldLemYzand6Q2hLT29Gd2c2LWU5ZG1rcHk4MHNGd3l3SU1IMEFJZEZtVF9qSFlTd1QteEJJVXdlODBhNkY5dmpxYTV6b3lhcEI?oc=5,"Thu, 13 Nov 2025 18:04:50 GMT",
2025-11-15T01:25:29,Google News FT,China investment falls by most since the pandemic - Financial Times,https://news.google.com/rss/articles/CBMicEFVX3lxTE9ZeFAxU3huc052Zm1JZjZFbGg4T3ZXYmlqRE50UTRiWGtobk9BREQweVduSHlqU2VkbXVFaDlrWlZaSWR5a1dtRXlBbzNRaVV2bmtabE5JN3lnU3A5STRDLVpfR2EyWGh6d0pBNmpIYmk?oc=5,"Fri, 14 Nov 2025 03:31:23 GMT",
2025-11-15T01:25:29,Google News FT,The curious rise of Pakistan’s military strongman - Financial Times,https://news.google.com/rss/articles/CBMicEFVX3lxTE9oUFNvd0pZbUlqQTk0OG9pclRyMTloVHlydUhaWWxqMW5Oem03alY0NjNCQVZXaHFVYW5KakM4X2RsbmV2c1JoUi11Qmg3QVc5cXFpRXRCRjhQcWhUcjh2Qnk0NU5ZYXJuX1NHV2tGVkM?oc=5,"Thu, 13 Nov 2025 18:30:02 GMT",
2025-11-15T01:25:29,Google News FT,‘Big Short’ investor Michael Burry to close hedge fund as he warns on valuations - Financial Times,https://news.google.com/rss/articles/CBMicEFVX3lxTE9vcXlIcW0yTS1reXdtejJjck10WXcwbG9kWktabXZody04QjA4UF9PZWFLbEtObmM3M3N3OXU3Sjg4OWhtR05ORVBjaTVLazB1bGZEb0VWb1J0Q0pkZE1jZEU4MGMtWTlKaEZkQW1faFI?oc=5,"Thu, 13 Nov 2025 15:51:35 GMT",
2025-11-15T01:25:29,Google News FT,Rachel Reeves scraps Budget tax raid on partnerships - Financial Times,https://news.google.com/rss/articles/CBMicEFVX3lxTE9Ja18teXBwMVpYd1A5TnR3LUNTWW9vZFZ6UHRrSC1nbUxveDRPYS1jbWNkZDNDd2x5Q0ZkaVVfZTB1bTEyQ0JMY0IyZzB0b3pPOGNNdUlhNy1DSGxxUE1wV3ktUXVWR3d0STZLZHhnNU0?oc=5,"Fri, 14 Nov 2025 10:37:21 GMT",
2025-11-15T01:25:29,Google News FT,‘Big Short’ star Michael Burry names FT Alphaville charts quiz winner as successor - Financial Times,https://news.google.com/rss/articles/CBMicEFVX3lxTE1feW5iWlBCQ29jUUhtZHFSZTFtQi1hOEpGcXNiYlhJYTdKZGZrRWVKSHBZX0FmY3F3dTNkY0JnbXdYcU8tT0ZkUjJ3aTlWekVDY3pJdkNfYkJrdUtHdlhYQjZhQlktTE1SUTlQLW5VWTY?oc=5,"Thu, 13 Nov 2025 16:07:52 GMT",
2025-11-15T01:25:29,Google News FT,Jeffrey Epstein’s network: ‘Life among the lucrative and louche’ - Financial Times,https://news.google.com/rss/articles/CBMicEFVX3lxTFBYWndiT25ocS1nQlhzTHFuYjd1X25GOEpvbjdGbXlVLUxBYnMtUmd3WjFaekQwRUQ0QXo1TnhBN19vVDZhcU1TTW5LNmEycUdYNGo1MjFxRHRBU093dE9HbE1LV1dCYzhOcTNBaEpZYXY?oc=5,"Thu, 13 Nov 2025 15:47:21 GMT",
2025-11-15T01:25:29,Google News FT,Former MI6 chief Richard Moore: Britain must regain the ‘power of example’ - Financial Times,https://news.google.com/rss/articles/CBMicEFVX3lxTE5rRkZqenVnR2lPTU1RZnZEcVVoa3lFc2YwQk1qdC16QUhBV2dpNjBpaGlGVFVoYTV6Wm8zeGtTOURGVzBya21CQndlZnQzcjgtbXgtZDIzOW5yTjAtZ0lVWExrSXdTNWRFQmR4bzVacVQ?oc=5,"Thu, 13 Nov 2025 13:04:39 GMT",
2025-11-15T01:25:29,Google News FT,The elite Russian unit hunting Ukraine’s drone warriors - Financial Times,https://news.google.com/rss/articles/CBMicEFVX3lxTFBnZUxOZEdDWVk5QkEyaUNQbk54SV9FdS11RkQxWVh6cTJCTE5MTGdQa2VvSjl2UW55Rnh1VzZUZFFOTkt1UnlEeXFqY3kwM3FrbS0yZ0Fhbk1WT1M1OGIwcVNrU2xMVGdYdUV3MnhsVWk?oc=5,"Thu, 13 Nov 2025 05:00:38 GMT",
2025-11-15T01:25:29,Google News FT,Aston Martin chair explored buyout of carmaker with Saudi fund - Financial Times,https://news.google.com/rss/articles/CBMicEFVX3lxTFBwQzJzVWNsM01RNzQ0WlNVaEMzZkFvMEs0TUVwTFlHdmg1Z2VMa1RDVlNubVdwMHpZU0REYkZuV1RmUWpIbVE4VzRIMlhVTDkzRWE5V3R5TG5hakR6V1hmNkJvS1FRNmpkM1hHYy1DcGU?oc=5,"Thu, 13 Nov 2025 18:30:05 GMT",
2025-11-15T01:25:29,Google News FT,Germany finalises plans for military service and larger army - Financial Times,https://news.google.com/rss/articles/CBMicEFVX3lxTFBVTHZHbkxmVkhCZnl1cDVMUW9WbnJOYXFrbVZ4TlpMdE5IYmJRSDBpblMwOWtPZm5Iam92anllS1RaRy0welFYRWt0akJXck9LX0k3aFdpem1NRHN6S1RheFhPQ3prTTczVk1YWUo5NWg?oc=5,"Thu, 13 Nov 2025 10:26:55 GMT",
2025-11-15T01:25:29,Google News FT,Why Trump’s team is betting on stablecoins - Financial Times,https://news.google.com/rss/articles/CBMicEFVX3lxTFBZRDFZUVF4UHdLNGE3ZVN4aHAtSkg4a3JSbGdDQkhCVThSWFM3b0NhZjc0a2lRLUJtOGFTYl9PZnREZjhCMGctMzlIUUVidklyTlhwSmJ1Y0NPQXBKQ1lWNjlFMF9lUXlDdGs4THI1d28?oc=5,"Fri, 14 Nov 2025 05:00:19 GMT",
2025-11-15T01:25:29,Google News FT,‘Phantom’ data centres muddy forecasts for US power needs - Financial Times,https://news.google.com/rss/articles/CBMicEFVX3lxTE5CQzh3RTBsZ3UzZm0zNGxlcWhDd3RESC1WT1dVQ25RNGhQRWpPbnRBV2xIWTJqTVc0TVpaYnVnZzluSkRVNFFDQ1FNOTZhR2d1WnlPUlIweDVhZndRT09NRlpiclc2a2tFWk1GSmRSelg?oc=5,"Thu, 13 Nov 2025 05:00:29 GMT",
2025-11-15T01:25:29,Google News FT,Carlyle considers bid for foreign assets of Russia’s Lukoil - Financial Times,https://news.google.com/rss/articles/CBMicEFVX3lxTE1GczR5N284SVZhZVFDWWVScW02RFVkdUc5MzBYcGFCM2xlZFRIWHN6cmtYREZrb0F3TFE5d0xBbG90ejFrcjZYU3hrMFpHV21qQTM0NTcwamoyWVdwb1lueUxsMktTM1RXY1BOQzdxbTU?oc=5,"Thu, 13 Nov 2025 19:23:46 GMT",
2025-11-15T01:25:29,Google News FT,Starmer and Reeves drop proposal to increase income tax rates in Budget - Financial Times,https://news.google.com/rss/articles/CBMicEFVX3lxTE1rUkh1SGRMYkpydFhLR2czaDNHOGwxalMxUXNpTkhlSHJwTWpabmU5ekNJWU4tb3RZLWQzaF8zSHFJUzEzcl9wNnltbG9hSGJIenNSYi1rcDRjR1k3TUVlTzRNTWdwWlFpTmU3ZW1tUWc?oc=5,"Fri, 14 Nov 2025 14:26:57 GMT",
2025-11-15T01:25:29,Google News FT,Wall Street chiefs flock to White House dinner with Donald Trump - Financial Times,https://news.google.com/rss/articles/CBMicEFVX3lxTFBaWm9YQ3pDb19rR2tjbUpUN3Bhdm9qNS1tdmhZdFBJdmhQeFdGdkhZTnlDTFZoOTRFYTJaaGN4UWlhdUctQXNxVFgxeURsMDZuMXZScFlwdTF3S0xnQ2hoeUMxSEpGbjd6a1pIOVdYYnc?oc=5,"Wed, 12 Nov 2025 19:49:23 GMT",
2025-11-15T01:25:29,Google News FT,How high are OpenAI’s compute costs? Possibly a lot higher than we thought - Financial Times,https://news.google.com/rss/articles/CBMicEFVX3lxTE5IWVlYX0NnQWw0OExGSUR0Qjg2d0NYcWx2YlZnWVNTQXZ6aWhWOThvTmZodEV1ZlBJN0wyUnNMLUxZRWdhcEhPN2h5M2tPZXBPVHIzRGhjM3hJdndTVF9HYy1LbjljZ0VWRU04aFY1a2o?oc=5,"Wed, 12 Nov 2025 17:40:09 GMT",
2025-11-15T01:25:29,Google News FT,"One in four to pay UK higher rate of tax if thresholds stay frozen, research shows - Financial Times",https://news.google.com/rss/articles/CBMicEFVX3lxTE90LTBqOVdWZFpCNDFTaGh4SFZxWk5NSzZRNWNfcnZSUzJUMXBLQzFlQzgyNzI1b3ZlQnJxMC0wOWxVT3o2VWZLRDYyRkxiLVA4V0REQVhzSnBwNkc5WGxabllFajFTUEU3cWVGb1VnSGk?oc=5,"Fri, 14 Nov 2025 10:12:17 GMT",
2025-11-15T01:25:29,Google News FT,TotalEnergies chief backs outlook of extended life for oil and gas use as ‘reality’ - Financial Times,https://news.google.com/rss/articles/CBMicEFVX3lxTFBEUlJ1QWJjT1hydnd0R0sxcVNYNGxzSGh5cWQ0SElDejk1cDJieTN0NWxNdGZKTkVTZUNLM3RQbE13YkMwRmJMaTFjQmRvYzJodkxRY2o1cjAycE5QWUxZbFhEdDBIR01MOElVZlJIUWg?oc=5,"Fri, 14 Nov 2025 05:00:30 GMT",
2025-11-15T01:25:29,Google News FT,‘Squid Game market’: how Asian retail traders are driving US meme stocks - Financial Times,https://news.google.com/rss/articles/CBMicEFVX3lxTE9Pa3ppNW9rWUpmRkRzQW02QjQya2V6ZWRLdGtBb3Zqcl9RNEVQVmFoUkRMX2Mxb3o4Uk5kbHR1akh3ZmJ5bS1BQUZsNXAtQlFyUHVoZzVmMUNlN2dLWFg0NnNyazh0SUxEenFyVEZ6bFE?oc=5,"Wed, 12 Nov 2025 05:00:35 GMT",
2025-11-15T01:25:29,Google News FT,Can anything halt the decline of German industry? - Financial Times,https://news.google.com/rss/articles/CBMicEFVX3lxTE12VkR1RC1YYmMyOXIxb0FCdk1HTWRkVjk4T0FyQnVyMUNUdE9LVnhwVW9QUVYwbFN6VDV3VXdYWF9FY29LaDNsd3RWUkpVLXVQdVB0QS0wbU5VeDhxYWJING9wdlo3aE9FR0RyTlVqMmw?oc=5,"Wed, 12 Nov 2025 05:00:41 GMT",
2025-11-15T01:25:29,Google News FT,Fanatics explores launch of prediction market with Crypto.com - Financial Times,https://news.google.com/rss/articles/CBMicEFVX3lxTFBEV3QwNDRic0ZRNHJjUkR2MFhDMGhXX0lmc0JoOU16TmhZbTYtc21ZUmZEc096eWFQVlM0UlBGSkRLdWtVY09vZm9EcElqa3ZtRzZqSU5yaC1DNDlTck1FUXplRlktYXByZ1F1bVN4a1c?oc=5,"Fri, 14 Nov 2025 05:00:30 GMT",
2025-11-15T01:25:29,Google News FT,UK’s Jonathan Powell contacted Moscow in bid to build back channel to Vladimir Putin - Financial Times,https://news.google.com/rss/articles/CBMicEFVX3lxTE5xNzZOVlJnTUtWMDNycGFzd3dSMnVDbWtZN0xnVmxLOHVZSzhlOTZyYW9peHhMU0E3ZVE0amZaY0JXRnp3NG1SeTRtWUE4S2Z0Y0M3RHJYMEtESG42UmVxQnEzSlNHR1AwNmxsdDFUUGQ?oc=5,"Wed, 12 Nov 2025 10:29:25 GMT",
2025-11-15T01:25:29,Google News FT,Donald Trump pardons former Tottenham Hotspur owner Joe Lewis - Financial Times,https://news.google.com/rss/articles/CBMicEFVX3lxTE5Hd01JN19pOWlndG0xdFdPN0tRTTZVX1BMa3JBWndjaHJ4MFpNTW4zMlFGbkdHUVl2ZnY0S0tpV2RYRmtGVlJTWE9ob0ZGX0sxT3VCcnBnOU53SVRHeEtqYUFUS1BSOVd3ZHRidHM0U00?oc=5,"Thu, 13 Nov 2025 19:02:21 GMT",
2025-11-15T01:25:29,Google News FT,Brain-dead Labour retreats to its comfort zone: campaigning - Financial Times,https://news.google.com/rss/articles/CBMicEFVX3lxTFBiUUcxaFMwSkcyeHJuTjFaNjNrYkJKdjlSZXlmTTRvWnpMM1c1aW1Cd0R3anEyX0hLOVpCcFZ6dGhOVDJHQ0puX2FXOXJyRXVyeTVzMXk0MnBpSFkzNmI1alI3bElQVG43YVB3NHB6QnY?oc=5,"Thu, 13 Nov 2025 22:35:06 GMT",
2025-11-15T01:25:29,Google News FT,Cartier owner predicts US will soon lower punitive Swiss tariffs - Financial Times,https://news.google.com/rss/articles/CBMicEFVX3lxTE9uUm5iUWFHVTMyWUV6V1FEX0JfaEp4M1R1THVNT0h4ZGlmNE9va1JqUVdfRnhheVdfTGxFb2xNZU1uSGtlT0RpbERuMVNhTHJsX1FfUFk5NVNnNVdiYUFmUzlUQVVUN3AxOWJpLWpBMmo?oc=5,"Fri, 14 Nov 2025 08:13:43 GMT",
2025-11-15T01:25:29,Google News FT,Wall Street stocks slide as tech jitters return - Financial Times,https://news.google.com/rss/articles/CBMicEFVX3lxTE5OUU1HWjM0SmVCdGhFMm5DOXVmVXZHUFhUcnRhczFXYkl0UmNOOFVVaGEzZklSSk9ORV9hbE9UNWRJclA4Z3R1MDBuUTVHdnRPSW52eW5IaEdVUEFaNW01eHdMMzd3NFZHN3NQWEZfLTI?oc=5,"Thu, 13 Nov 2025 16:29:46 GMT",
2025-11-15T01:25:29,Google News FT,FirstFT: Blue Origin makes progress in quest to rival SpaceX - Financial Times,https://news.google.com/rss/articles/CBMicEFVX3lxTE1HT0pmenpHNUJjNmotRm04bU4yQW1QMVkzZmtVTnVVNmQ0QmM5RUsybVVSM0tPbTRSa19kTWZITWtpQ1ZZRlM5RkwwN25qcGFWcEFERlp4Z29IZ0g4S1hNdldNQ2kxYXd4OTBLaEsyVHE?oc=5,"Fri, 14 Nov 2025 11:10:03 GMT",
2025-11-15T01:25:29,Google News FT,US military to ‘intensify exercises’ in Trinidad and Tobago - Financial Times,https://news.google.com/rss/articles/CBMicEFVX3lxTFBqby1ybkE3ZkZOX3VqbXg5YUEyNHFhQ2dqSTgwdU8yenc1MkhXaDNqal9sNjg3dXVMdUVjZk5wRXNrSHJ2cGNxWkx0QlpWQVh4RjE5OFV0TWNVZUJHYmVqaWNUb2lSQ0Z2V3ViQjllQ2k?oc=5,"Thu, 13 Nov 2025 21:00:59 GMT",
2025-11-15T01:25:29,Google News FT,US drew $900mn from IMF account as Argentina debt payment loomed - Financial Times,https://news.google.com/rss/articles/CBMicEFVX3lxTE96TVRuMFNEa3p1MFZlYkkwMHJNaTlraXBqNFVoaWZyT25zNXB1QnY5LWtLWEQ5TkRTQUFNTDRfMDd4N0hfWFh3aW53cW5VaU85T3NaVEtSQmo3d3pwelN4WHhWYnBhMGtic1RDRUhGTk4?oc=5,"Thu, 13 Nov 2025 05:00:44 GMT",
2025-11-15T01:25:29,Google News FT,Rachel Reeves to curb high-end bike purchases in Cycle to Work scheme - Financial Times,https://news.google.com/rss/articles/CBMicEFVX3lxTFBIUEcwR0pRN2JhcWVFWGR6UDJGdnhVdm9HNXdQdldCQ3RBdlNaZlA3M1BqR3hLN09sZklOTnd1SlhFbzg2NnAybTNJQkFINmctZ29fOF9lS1VKLU9hLXFlaHlVdWRUZXltR1VTVnFPb2w?oc=5,"Wed, 12 Nov 2025 21:00:06 GMT",
2025-11-15T01:25:29,Google News FT,Meta chief AI scientist Yann LeCun plans to exit and launch own start-up - Financial Times,https://news.google.com/rss/articles/CBMicEFVX3lxTE9XdF9tZVVXZUlYRzcyQ2laRzI4Y04yc2xSUEdVcW02cGZsUUhLWDhVWml0dG45TEY5ZlBjYlhPMWF6ZjZiTkFRd1l5TUJDUHNLcUl0a1VlX3ExTDFVVkpTZHNld3V4amFRLVgtaVFhSFA?oc=5,"Tue, 11 Nov 2025 11:32:35 GMT",
2025-11-15T01:25:29,Google News FT,Toto Wolff in talks to sell Mercedes F1 stake to CrowdStrike chief - Financial Times,https://news.google.com/rss/articles/CBMicEFVX3lxTE1lT2RJOHlRdk1FTkJrck1VU3VDclVnSUJkRWV4YjRQdFY2TFU2NVlJZzNpcFFneTI5WE55akVyenN3RWlsTlRhSlRSdXZ3ZDhZTm9xSTFmYmRTZzJmS0M1Tkt3ZFJqQ3Z1dmw0amxrSHI?oc=5,"Tue, 11 Nov 2025 18:05:31 GMT",
2025-11-15T01:25:29,Google News FT,"The law firm, the hedge fund and the fights behind a £36bn lawsuit - Financial Times",https://news.google.com/rss/articles/CBMicEFVX3lxTE1fR3FsWGVHVkN5ZURLVENFSzAzOHhGcmUxVk5DeGJ5LXAyeU9fcEFSSGRBUlMxXzZ4QTZVSExxSVVfTG1tVFJlSFFEdFIxVkNPc2t3Wi1wUlJ6MEhQZDZkcnoxNEFrUHJQN05OWE1CWkQ?oc=5,"Fri, 14 Nov 2025 05:00:11 GMT",
2025-11-15T01:25:29,Google News FT,Coalition rallies for COP30 ‘road map’ on how to cut oil and gas - Financial Times,https://news.google.com/rss/articles/CBMicEFVX3lxTFBxSUpIRUtzZHg0SVJuQ2dRcWl4ZmVjVkwzM2VPUmQ2dVNwQmxpaXpSVlFLSFBhS2hVYVhlTTVreG9TYzR4eGN1aWlQR0tObGtBVmNrYS0tY1Y1ekY4MGRsczQ2aGl0YkR2eVYydEJYcFI?oc=5,"Thu, 13 Nov 2025 14:54:25 GMT",
2025-11-15T01:25:29,Google News FT,EU to set up new intelligence unit under Ursula von der Leyen - Financial Times,https://news.google.com/rss/articles/CBMicEFVX3lxTFBCekFqUERKYkNQLWVJNjR6eFpTTTVfWm44MWhBdVlHNkQ1LUY4aWhyZWEtZFNiZXp4QjRKZWo5eTFnX28xTEtINGRPTnByRzBfTk1RVC1BNFdIVzY2T3VOTW5NQW1QaDJOd3Y0bDE3aTE?oc=5,"Tue, 11 Nov 2025 05:00:56 GMT",
2025-11-15T01:25:29,Google News FT,Zohran Mamdani’s NY mayoral victory marks shift in US voter support for Israel - Financial Times,https://news.google.com/rss/articles/CBMicEFVX3lxTE41cUg3MnJmNlJyR19qRWdMelRiZHdIb19lWi1CUy1hY1ZDUFFTLUlPc3A1SFRpcmFwSnIwemRkTXlWcG1tY0xpU0xTeUhNYkdNNEJmOGtmNmlBRGZTMTVnLWZzczlJbWFMakJOZVBRSHQ?oc=5,"Wed, 12 Nov 2025 05:01:23 GMT",
2025-11-15T01:25:29,Google News FT,New York Fed convened meeting with Wall Street firms over key lending facility - Financial Times,https://news.google.com/rss/articles/CBMicEFVX3lxTFBDN0NmN093Ri1YTnhwWmc4Qi1WWkUxUGk2anN6QkxTVG9fUThQWm1EcXlCemU2OEZ1dEgxdmNXY1I3ekNLWC1MTGZYd2VGQ2EyaG5WeXR6cF9kX2lzc3pmZG4wZkJLdDYzajFXT1hiMWk?oc=5,"Fri, 14 Nov 2025 23:51:25 GMT",
2025-11-15T01:25:29,Google News FT,Robinhood wants to allow amateur traders to invest in AI start-ups - Financial Times,https://news.google.com/rss/articles/CBMicEFVX3lxTE4xWmNHeXZlMjhwM2FUUE1TNmJFMnljbVMzUG9RbV9BVXFlRGJFTGRUc1VpaDd3SnJVQUFvS3hwZDNIUzZBS1hld3BzN1FOTm5yLXpYb1RMVzRDakoxZkh0dnlhZ0pQUE13Vl9OTVFjM1M?oc=5,"Mon, 10 Nov 2025 05:02:27 GMT",
2025-11-15T01:25:29,Google News FT,How Reeves can deliver a Budget for business and workers - Financial Times,https://news.google.com/rss/articles/CBMicEFVX3lxTFBBd3BXYnlzcFZIb3YxcldMX0FhTzlmSXBPN0FYZE1LRzI1UzdacllZLTZzZHhnV3BrQVZvWC1MX05KM2pBbXdTaGVmS2hjUFVvTHMyOHZhdWtaQnlNNW1OVmtNcFJZT3BmbEpwbzVuZFQ?oc=5,"Thu, 13 Nov 2025 15:28:25 GMT",
2025-11-15T01:25:29,Google News FT,The $590bn Californian investor betting big on private equity - Financial Times,https://news.google.com/rss/articles/CBMicEFVX3lxTE1yOWkwOW1zckM0cGl3Qm90cF9URlJzX3Zma1pxckg4ME9sTW9uOVlGYWs2cHVwb0NkVjJIMVp6V2d3cjBDRmYzVE56Q01OYWVnNWJjaExfRVVxR0RfTGhVVlY2b3E5dlJwM0tadTJSSFA?oc=5,"Thu, 13 Nov 2025 11:00:03 GMT",
2025-11-15T01:25:29,Google News FT,EU invests more in ‘traditional’ weapons development than drones and AI - Financial Times,https://news.google.com/rss/articles/CBMicEFVX3lxTE1QVGhJRFFYcnVTbnlGT2wxemFZVHlESnJKMVdQNFhSYnhqeVZjN2RMbnRpek93Q2gzOTNHb2w2dGpJb2ZITU43NExKcTczNUhHNWNEVnJKdENjcDVnZkxtbS1YOEdueHg1MkttSFpmWFc?oc=5,"Fri, 14 Nov 2025 06:00:09 GMT",
2025-11-15T01:25:29,Google News FT,Walt Disney shares slump as sales at film and TV units slide - Financial Times,https://news.google.com/rss/articles/CBMicEFVX3lxTFBOUThadVlhQzBUOWd6Q21Kdmo4M3hRcURMT3puZS02dlIzS0FwYUx1MWQtdmNVRjA1QUpTVGJHVjJPWmFxNUR3WDd6RnZJdlRxODExWHZwYjRDS0IwbFdyb3dVclRCa3ZyNk1Bd2tOVG0?oc=5,"Thu, 13 Nov 2025 12:39:31 GMT",
2025-11-15T01:25:29,Google News FT,The golden age of US credit card rewards may be at an end - Financial Times,https://news.google.com/rss/articles/CBMicEFVX3lxTE1aRngybUwzSkhEd0RpVVh3OTlEWEtPMUYtdUVieFI0WlF3ZEVDeFllR2djNGs4WjUtTjNiaFdGa2M3czUya2lvZVBTdlkwc1pZN2JhZWRDYWtMTzNiUi1EMWFtRGk1VVpoTkNCQUt4MVc?oc=5,"Thu, 13 Nov 2025 17:41:33 GMT",
2025-11-15T01:25:29,Google News FT,How this 31-year-old made $250mn in 30 months - Financial Times,https://news.google.com/rss/articles/CBMicEFVX3lxTE9kNWpoYjFTNkoyZlI5b1Q5c1VIRlZiWHZBeDhMOTlNU1VLZ29lM3dQajZONG9tVC1wOVlCcUgyQlVvWFY1SlRhT3JKbUdodnlheFF1b3FuSHF5NzFyWG53NnNHRERrWVRPcloyNHk3N04?oc=5,"Sat, 08 Nov 2025 05:00:37 GMT",
2025-11-15T01:25:29,Google News FT,"US has reached a trade deal with Switzerland, say officials - Financial Times",https://news.google.com/rss/articles/CBMicEFVX3lxTE54STJ1ck9jWDl0a2FFa0l3UmtROU45MHRIV3lBSldDcVhqWDY1RGM2RVFqX2ZPTngtVWlPSFNaXzNQellXejdtblVMSzhuaml3M3FDdi1RWm5IYXl0Z0VfY2JoVVhINlFzVXk3SWY5aks?oc=5,"Fri, 14 Nov 2025 14:54:34 GMT",
2025-11-15T01:25:29,Google News FT,Celebrated or penalised? Employers confuse staff over AI rules - Financial Times,https://news.google.com/rss/articles/CBMicEFVX3lxTE1qNG9QcXdxMDVoUlNLZ2xYZU1nbk9qYjJaQ01ZMnZ4NU9BSk80VmpOV3ZuanYxSjZjcVNoZXlPb3M0M1prODZhSUxiM3oyV0xCYUh0aGxoNE9UOVhIS29ZaUdudzNmTTZZZld4ZVNMVEM?oc=5,"Fri, 14 Nov 2025 11:54:57 GMT",
2025-11-15T01:25:29,Google News FT,IDF soldiers provide shocking testimony in Breaking Ranks: Inside Israel’s War — TV review - Financial Times,https://news.google.com/rss/articles/CBMicEFVX3lxTE1MaEh2cG54MkFGakhCdGVja2o5YVdTTWpweEhFUjdoZWN3ZW1JQ3lGV09xY0pWN2Y3V05ZVDRSZWtJMkRNWHZzcG9YOVVUd2M2QV9wLVFTSk9qY1V5Yi02NVFWVHY4UnFWUWZYOTJQSjg?oc=5,"Thu, 13 Nov 2025 16:39:29 GMT",
2025-11-15T01:25:29,Google News FT,Tech stocks suffer worst week since April after $800bn AI sell-off - Financial Times,https://news.google.com/rss/articles/CBMicEFVX3lxTE1ublNwaU55bTBrZVpwbDd6Sy1lX21rNVdGbDdFMF8wbGtZeTkwTEVIdy1JYzN4eFBxRTE1TFVYOU8yM1BFQTFnZnd5SU11WlNXbWNiT3ppLUZnQTVQRExma29fbUdTbk5aX0JodWdMSmM?oc=5,"Fri, 07 Nov 2025 14:41:39 GMT",
2025-11-15T01:25:29,Google News FT,End of The Line: how Saudi Arabia’s Neom dream unravelled - Financial Times,https://news.google.com/rss/articles/CBMiSEFVX3lxTFBmQmhnbHQ1MHAtTTF2UFZ2TlJ1UXJIeFN1U0tLRXZoN1I2aXdUNXBiV3hQaXotN290R25ZMFJzbW5WaDZ1V0pQcA?oc=5,"Wed, 05 Nov 2025 08:00:00 GMT",
2025-11-15T01:25:29,Google News FT,AI pioneers claim human-level general intelligence is already here - Financial Times,https://news.google.com/rss/articles/CBMicEFVX3lxTFA4SzRsTkxza0p1dkRtUkhYbTJmRDVhV2gxOW4yTFR0akhvcW9JUkdPV085b3ExY1lBd1BLdTBVU21jcC1PaHB0UFhaU0I2djBTak5zTU5LaDFwNEJfS3NLWEZTcHR1ZVE3OTBQSUZuNFc?oc=5,"Thu, 06 Nov 2025 08:00:00 GMT",
2025-11-15T01:25:29,Google News FT,Nvidia’s Jensen Huang says China ‘will win’ AI race with US - Financial Times,https://news.google.com/rss/articles/CBMicEFVX3lxTE1EM3lXSkFqMUcxcEpVMTQ2NXByY0Fzd1dXMXB5SjBzSF9HdnF2STA3bjRUT25vVDU4ckFPbS1LcmlZVktvUGh6dzJpcEY1MWlGRXFwa0N1YUxsREJoNE9meEhfRkhFWnZoQ0tTNGZmR0M?oc=5,"Wed, 05 Nov 2025 08:00:00 GMT",
2025-11-15T01:25:29,Google News FT,Gas deflates momentum of European heat pump rollout - Financial Times,https://news.google.com/rss/articles/CBMicEFVX3lxTE9Wa1BkTEVhQ1pPa1ZQMDh0NXNGamVldWdQUmZJNHdIRTUzZ2hQY1NLNk55dk5RSTNWbC1TTXF4bWVYZURYeXVpVjVwcXNVamp6QVl3T0c4ZkZZRVAwM0NmZ0pEcFBWWDlLY3JPODZrY28?oc=5,"Fri, 14 Nov 2025 05:00:11 GMT",
2025-11-15T01:25:29,Google News FT,Donald Trump signs spending bill to end longest-ever US shutdown - Financial Times,https://news.google.com/rss/articles/CBMicEFVX3lxTFBSZ2RPRngyY3RQWFE1MlhzdzUtZk9XOEJ2MkFxNjBzSHdSbWVMZ21yRGc0WEYyTkVITGEwM3RYcWZDbGFLTGlhTjBtbUJIYk8tVnFJNVdaR1BERlU1S2FkZ1lvZk9RaW13X3pTR1dqc1E?oc=5,"Wed, 12 Nov 2025 21:54:29 GMT",
2025-11-15T01:25:29,Google News FT,Brussels aims to speed up crackdown on cheap Chinese parcels - Financial Times,https://news.google.com/rss/articles/CBMicEFVX3lxTFBtaHMwb2Q4ejVXdG1RTnVuaHpWSjJrMHdzOEdzRGlhd1dCdUIwZHVUY1JuLWYyM1FmaDM1QUpqX1FwMXI3NFE4ejhTckZ3NDJkODlmTEhGOXUwbjR1R1FYbUxIdDRhejhlUEJTWkQzaXY?oc=5,"Wed, 12 Nov 2025 22:26:12 GMT",
2025-11-15T01:25:29,Google News FT,Anthropic to invest $50bn in new US data centres - Financial Times,https://news.google.com/rss/articles/CBMicEFVX3lxTFBhRzdvSzBOMVVWQmFwbGxaT2YzYXgzdFZRSllwb2hYSG1Gb0VTOVIyZUVsRElMR2sycG44VFdIUWw4eG5VTUZKbTZOaTZOZzFmTHZnbktQNERuS1ZCYkljemt6SVlVYWxkWF9EQjZOOTA?oc=5,"Wed, 12 Nov 2025 15:00:04 GMT",
2025-11-15T01:25:29,Google News FT,US mints last penny after Donald Trump killed the coin - Financial Times,https://news.google.com/rss/articles/CBMicEFVX3lxTE5RQU9SVXE4OTRBai1QdTl6clZOaTBjcnA1dXRjYkRvWTVZeHVyRzFfYUpPemlXbmFkUzFvMWZnS1Z5Mmo5R2ljeU5vbVZrQVV0R05JUC1EeXl0cjRvcWRDYVk2ZXpCSkozdjBOZ1RoemI?oc=5,"Wed, 12 Nov 2025 21:21:45 GMT",
2025-11-15T01:25:29,Google News FT,Lukoil in crisis after US blocks deal with ‘Kremlin’s puppet’ - Financial Times,https://news.google.com/rss/articles/CBMicEFVX3lxTE53MEtGSk95MGlVTmNEaEdIM2drbkdVZEFMOGYydS10cnV6eEpSN3J6RWdzbDdacDdvTjJ3OUt0aE9yWXViRG9NUVdZX3ZBM3VjZVZDcTktSW1KWjR2eTl2MjB2MlBZWEowOVl1aV9hWkM?oc=5,"Wed, 12 Nov 2025 05:00:41 GMT",
2025-11-15T01:25:29,Google News FT,Private equity group Vista to cut staff in favour of AI - Financial Times,https://news.google.com/rss/articles/CBMicEFVX3lxTE9jWTE3ckctV2p1eVdIMzVBMEVzT0d1VWY4eWhXd2hlTnkwc1ZKNmNBbUJlaVIyRjZKemxMNEJSWm9BaUNkS2NqOVpfa2E5TUtvbkQzajZVLUpmSkVSZEo0OXVldVlHQnhyUGdzSlh2MVE?oc=5,"Wed, 12 Nov 2025 05:00:25 GMT",
2025-11-15T01:25:29,Google News FT,EU readies new investigation into Google over news publisher rankings - Financial Times,https://news.google.com/rss/articles/CBMicEFVX3lxTE1pZElwQWFydm9ZMGJDN1R3cm5WQVR2ZGEyVWJnbkFhWmEwTW1zaG9jbUQ0S1cwQm04aEYxb0lZZUlOeXMwa19lVTRGWDJKNjdtTkZFRF9lRHB3dGQyNW43SmlYSUJCZVVlZ1NBNjhqRjU?oc=5,"Wed, 12 Nov 2025 16:52:32 GMT",
2025-11-15T01:25:29,Google News FT,Should we just give up now it’s winter? - Financial Times,https://news.google.com/rss/articles/CBMicEFVX3lxTE1walhjRGdaWkVPNkl1bU02WjVCTHVCQXJJbGoyQXJkNF9jSkh0amliRnBwU0VQS0dHTkRManpFN1VxTFpwQnNrRS1LU24tNmdLcHp2RmxGSFE3RUY0V2VTNVFVQ29kOFZrVGdVdUN1NHk?oc=5,"Fri, 14 Nov 2025 11:00:10 GMT",
2025-11-15T01:25:29,Google News FT,Deutsche Bank explores hedges for data centre exposure as AI lending booms - Financial Times,https://news.google.com/rss/articles/CBMicEFVX3lxTFBRVWJZU2lhaG8wOERXQkNidnNKenNIWVMtQU9EN3p3cF9Jd1dHUjNnNVIyYmxSckhIOU1xMVpYeEhYVG5nMi04OUhQWUdwVDFtcG1zOExPVzdTYVpnWm94RUYzdko3MVEtN0U1LWJxd1Y?oc=5,"Tue, 04 Nov 2025 08:00:00 GMT",
2025-11-15T01:25:29,Google News FT,Donald Trump-Vladimir Putin Budapest summit axed following Moscow memo - Financial Times,https://news.google.com/rss/articles/CBMicEFVX3lxTE5lMWN6WnV3YVNXZ2NXSFdycFhUNHlWaFZwYnRBdFR3WVRYc1g3VndNVHU1Rmc3bDlwMVFJN25ld1hlcVlvTmFndDJQYjdBMzlWVHBiX3ZBWjc1YXM4aHZObTRjeEkwN3kxaktwT21lSGo?oc=5,"Thu, 30 Oct 2025 07:00:00 GMT",
2025-11-15T01:25:29,Google News FT,Google sues Chinese group selling software behind text message scams - Financial Times,https://news.google.com/rss/articles/CBMicEFVX3lxTE9peHB5cHRxYVJQUVNjVlNiUG42V2NrY05WVVV4RTNBTnlWMmlpVWtNQ3p0aG1KMGZhRjZKQWUyR3c5RFFBclp6WXJUQmdPLXhsU1c2ZWktOEVDX2xpVVdFODZiUVJSNHhyNi1xeGY0MmI?oc=5,"Wed, 12 Nov 2025 10:00:08 GMT",
2025-11-15T01:25:29,Google News FT,Europe is falling short in its quest for global economic clout - Financial Times,https://news.google.com/rss/articles/CBMicEFVX3lxTE5xYWdFb2NDUTd2SkF1R1ZXLWdCQ3ZncTBvdmNVeVJmVmNKdHRjNFhNRVBlSDNrN19LZGJVZDVNNHpHWHRDMlhJd1hvYW9Td2d3M3NxV0RNRi15ckNzTHo0MmNaN24wQndzME5uVndBMk4?oc=5,"Thu, 13 Nov 2025 05:00:44 GMT",
2025-11-15T01:25:29,Google News FT,Football investors face gruelling second half - Financial Times,https://news.google.com/rss/articles/CBMicEFVX3lxTE9zQmt0YmdFOWJnMGdwYWNKdXRGNENOeGxOR1Zodmpma2VhX042eWMzcnR3VzRsbzduMEl4SjMxNlhFZ1ZaZk9TbUozOHpwMV9Gb3c3UWx5RGZsa0ZiaERZVzBYazhxX0ZWZEJsclpGVDQ?oc=5,"Fri, 14 Nov 2025 05:01:44 GMT",
2025-11-15T01:25:29,Google News FT,FT-Statista 2026 Diversity Leaders ranking and methodology - Financial Times,https://news.google.com/rss/articles/CBMicEFVX3lxTFBGSk41ZTRsRFVIVzFQZENEblFUUzdpZEMydVlIRnRvTkZqVWIyQ2x6N1JxWGZhY2dhUFhKc2hnbTFtWHdmNXA3VHJnMkoyV3l6N3BLYmlFVzJrTDBPOVJIRTVWY25vVTdsbFp5WTdUU3U?oc=5,"Tue, 21 Oct 2025 07:00:00 GMT",
2025-11-15T01:25:29,Google News FT,Donald Trump urged Volodymyr Zelenskyy to accept Putin’s terms or be ‘destroyed’ by Russia - Financial Times,https://news.google.com/rss/articles/CBMicEFVX3lxTE5PclJYbk1Bd3NXTDA1aDlWVW82Z1BMeERPZTVqMmxKOFpUYW1iem0zUGYwdktCUTlTNlFFVk1xdk85eVJnVEIyZ3QtQThEZ3pyenhNZlVwTC14Z3lGMVVBMXBlYjlYdEVzLURKUmJUSkE?oc=5,"Mon, 20 Oct 2025 07:00:00 GMT",
2025-11-15T01:25:29,Google News FT,Investor angst over Big Tech’s AI spending spills into bond market - Financial Times,https://news.google.com/rss/articles/CBMicEFVX3lxTE9GdFdncWNRaU03MTVQQ3AyVWZSQS1DcEtWZXU2YUYyREpQN0RyTVdkY0FyQ0dqUDh2YlBmdzZRSF9zZTJIRnpxcllSMWdGLUwzOXZMNmI5d2NXOHo4TEs0UUpaOHBVel9yM0ViM1NyY1Y?oc=5,"Tue, 11 Nov 2025 16:05:26 GMT",
2025-11-15T01:25:29,Google News FT,AI concentration does not breed strength - Financial Times,https://news.google.com/rss/articles/CBMicEFVX3lxTFBrVU9vU0VYaW5VbWNzZTNtQ3ppbjV5R3RnT1AzNTRHV2Mwc01pZzNaT2FTMTFLRjk0X3h3RHZLQjZrVy0zTDJNUGc5NmI3MzdiMU95YkUxTTduM045UjV2c2MzamtPSkM2UHRrVXhtU3g?oc=5,"Thu, 13 Nov 2025 17:10:45 GMT",
2025-11-15T01:25:29,Google News FT,Manpower shortage leaves Ukrainian city on the brink - Financial Times,https://news.google.com/rss/articles/CBMicEFVX3lxTE9LanZ0QnNBeUZERWZVazZDMFpxUlM3N3R0VHJscE8zVXhnbENydmJDNEJ3ZWpVZmRHZ25qVGx0aHdfQVdIaUtRVXlSTFpKeTYyZnhWQy1BODlId3g2aG5VVFNKTFRqR042dUZtODJVOUY?oc=5,"Tue, 11 Nov 2025 05:00:45 GMT",
2025-11-15T01:25:29,Google News FT,Walmart chief Doug McMillon ends reign at world’s largest retailer - Financial Times,https://news.google.com/rss/articles/CBMicEFVX3lxTE1ub1NIdTZJdGd0MGx4dzNrUlBpbmp3ZXE4X24xRUtyWklKM1RXemFGNEJSaTVVSmlaU2FLenE4QkhLMl9pdUdVdU5ZWF9TYkRTYmZGeVJhN1V5TE9Md3hiTEVFMDh0Ymdsa0V6aGhpUjg?oc=5,"Fri, 14 Nov 2025 13:31:20 GMT",
2025-11-15T01:25:29,Google News FT,Siemens Energy lifts profit outlook on data centre and gas turbine demand - Financial Times,https://news.google.com/rss/articles/CBMicEFVX3lxTFBxVjRSRU54Z0dkLXFtLS0xOFk2R29GTVlwQnJYanBITVMyYzBxcWs0YWQ3NjVxbFRiRVlTM0hiRnRjd0xnZ0NHMldKVmJhbXVfLVdmLWNyanVYbnVGbDI1RVFyUk5QQnNtOEZpTzhVc3A?oc=5,"Fri, 14 Nov 2025 10:21:08 GMT",
2025-11-15T01:25:29,Google News FT,Russian drones and missiles strike Kyiv in big air attack on Ukraine - Financial Times,https://news.google.com/rss/articles/CBMicEFVX3lxTE5xbEQ4TEpKLTBsRTBUTzJHX25UeC1DYm55QTRUandmTUlTa1VYNXY3dlBoX0VQN3FtWlUxNEJKZm8zVURjOVdmM2ZkeWdLbUFjanlkeEJKWG9EVzRYcGNJNXJ6ZElnLVRLaUJkaG4wZ28?oc=5,"Fri, 14 Nov 2025 10:59:13 GMT",
2025-11-15T01:25:29,Google News FT,That’s annoying — Japan is no longer cheap - Financial Times,https://news.google.com/rss/articles/CBMicEFVX3lxTE5DbEwwNDVIMTJkY3lMNkJ2WnVNQjNTSVVBMmxMb205ZmtXMFFXTTZhVlo1Vkw1RzVpY0R6YXNfS29UYVo2WmlWMlE3OVR6ZFN6M0NYUl9EQ3BWU2RxVi1yMlNvZDNka3lTVzV4bU9Yblk?oc=5,"Fri, 14 Nov 2025 05:00:19 GMT",
2025-11-15T01:25:29,Google News FT,"Of Tether, Cantor, and Satoshi statue soft-power diplomacy . . . - Financial Times",https://news.google.com/rss/articles/CBMicEFVX3lxTE9sSXhhc0hmSGdteGpuenZlWWN0dW5DTDdOOGVINkIzSmlHLTBSSE8xVGZ2MTFiTk0tM2lQMG8tX01iM1lpaExnbEpid2ZkelpGdWhmbURFQmJqUlJOcVZTdWNNNXczYVhPYUFkQl9VMEE?oc=5,"Fri, 14 Nov 2025 13:58:29 GMT",
